Num_Acc,jour,mois,an,hrmn,lum,dep,com,agg,int,atm,col,adr,lat,long,gps,com_insee_temp,com_insee,departmentName,regionCode,regionName,vma,catr,circ,nbv,surf,Code,Region,Departement,Arrondissement,Code_Canton,Nom_Commune,Population_municipaLe,Population_comptee_a_part,Population_Totale,senc,catv,occutc,obs,obsm,choc,manv,num_veh
202300003502,23,9,2023,22:40,4,76.0,76540,2,2,1.0,6.0,Rue de la Republique,"49,44003000","1,09732000",,76.076540,76540,Seine-Maritime,28.0,Normandie,50.0,4.0,1.0,1,1.0,28,Normandie,76,3,97,Rouen,114083,1556,115639.0,3.0,7,,0.0,1.0,1.0,2.0,A01
202300003503,23,9,2023,09:10,1,76.0,76486,1,1,2.0,7.0,Rue de la Gare,"49,31975597","0,98916113",,76.076486,76486,Seine-Maritime,28.0,Normandie,80.0,7.0,-1.0,2,2.0,28,Normandie,76,3,9,Orival,860,5,865.0,3.0,7,,12.0,0.0,2.0,1.0,A01
202300003615,24,9,2023,05:11,3,76.0,76196,1,1,1.0,6.0,Route de Cuverville,"49,64885100","0,26244300",,76.076196,76196,Seine-Maritime,28.0,Normandie,80.0,3.0,2.0,2,1.0,28,Normandie,76,2,26,Criquetot-l'Esneval,2567,82,2649.0,2.0,7,,13.0,0.0,1.0,1.0,A01
202300003773,24,10,2023,18:50,2,76.0,76313,1,4,2.0,3.0,Route de Paris,"49,34952400","1,14551800",,76.076313,76313,Seine-Maritime,28.0,Normandie,80.0,7.0,2.0,2,2.0,28,Normandie,76,3,6,Gouy,895,15,910.0,2.0,15,,0.0,2.0,2.0,1.0,B01
202300003773,24,10,2023,18:50,2,76.0,76313,1,4,2.0,3.0,Route de Paris,"49,34952400","1,14551800",,76.076313,76313,Seine-Maritime,28.0,Normandie,80.0,7.0,2.0,2,2.0,28,Normandie,76,3,6,Gouy,895,15,910.0,2.0,7,,0.0,2.0,3.0,9.0,A01
202300003817,22,9,2023,00:20,5,76.0,76451,2,1,1.0,7.0,Avenue du Général Galliéni,"49,45807000","1,08437000",,76.076451,76451,Seine-Maritime,28.0,Normandie,50.0,7.0,2.0,2,2.0,28,Normandie,76,3,22,Mont-Saint-Aignan,20066,415,20481.0,0.0,7,,0.0,9.0,2.0,23.0,B01
202300003817,22,9,2023,00:20,5,76.0,76451,2,1,1.0,7.0,Avenue du Général Galliéni,"49,45807000","1,08437000",,76.076451,76451,Seine-Maritime,28.0,Normandie,50.0,7.0,2.0,2,2.0,28,Normandie,76,3,22,Mont-Saint-Aignan,20066,415,20481.0,0.0,7,,0.0,9.0,2.0,13.0,A01
202300003820,22,9,2023,08:55,1,76.0,76341,2,2,2.0,6.0,JEHAN DE GROUCHY,"49,50484986","0,19989932",,76.076341,76341,Seine-Maritime,28.0,Normandie,-1.0,4.0,1.0, -1,2.0,28,Normandie,76,2,15,Harfleur,8315,53,8368.0,0.0,7,,0.0,1.0,1.0,1.0,A01
202300003991,13,2,2023,13:30,1,76.0,76164,1,1,1.0,7.0,Route du Quesnay,"49,50227700","0,63514700",,76.076164,76164,Seine-Maritime,28.0,Normandie,80.0,4.0,2.0,2,1.0,28,Normandie,76,3,25,Rives-en-Seine,4078,66,4144.0,3.0,31,,0.0,0.0,7.0,1.0,A01
202300004094,4,5,2023,00:10,5,76.0,76157,2,3,1.0,1.0,Avenue du President Allende,"49,45000000","1,03512000",,76.076157,76157,Seine-Maritime,28.0,Normandie,50.0,7.0,2.0,2,1.0,28,Normandie,76,3,4,Canteleu,13966,360,14326.0,1.0,10,,0.0,2.0,1.0,15.0,B01
202300004094,4,5,2023,00:10,5,76.0,76157,2,3,1.0,1.0,Avenue du President Allende,"49,45000000","1,03512000",,76.076157,76157,Seine-Maritime,28.0,Normandie,50.0,7.0,2.0,2,1.0,28,Normandie,76,3,4,Canteleu,13966,360,14326.0,1.0,30,,0.0,2.0,0.0,17.0,A01
202300004096,3,5,2023,19:50,1,76.0,76319,1,1,7.0,7.0,D132,"49,34672000","1,00151000",,76.076319,76319,Seine-Maritime,28.0,Normandie,80.0,7.0,2.0,2,1.0,28,Normandie,76,3,9,Grand-Couronne,9726,177,9903.0,1.0,7,,15.0,0.0,0.0,1.0,A01
202300004099,3,5,2023,15:00,1,76.0,76540,2,2,1.0,6.0,Rue Victor Hugo,"49,44029000","1,10084000",,76.076540,76540,Seine-Maritime,28.0,Normandie,30.0,4.0,1.0,1,1.0,28,Normandie,76,3,97,Rouen,114083,1556,115639.0,1.0,7,,0.0,1.0,1.0,1.0,A01
202300004100,2,5,2023,09:10,1,76.0,76391,2,1,1.0,6.0,Rue Frété,"49,30636700","0,95716800",,76.076391,76391,Seine-Maritime,28.0,Normandie,50.0,4.0,2.0,2,1.0,28,Normandie,76,3,9,La Londe,2362,71,2433.0,3.0,7,,8.0,0.0,2.0,1.0,A01
202300004103,30,4,2023,22:50,3,76.0,76447,1,1,1.0,2.0,RD 489,"49,54054000","0,21188000",,76.076447,76447,Seine-Maritime,28.0,Normandie,90.0,3.0,3.0,0,1.0,28,Normandie,76,2,15,Montivilliers,15457,203,15660.0,2.0,7,,0.0,2.0,1.0,2.0,A01
202300004103,30,4,2023,22:50,3,76.0,76447,1,1,1.0,2.0,RD 489,"49,54054000","0,21188000",,76.076447,76447,Seine-Maritime,28.0,Normandie,90.0,3.0,3.0,0,1.0,28,Normandie,76,2,15,Montivilliers,15457,203,15660.0,1.0,7,,0.0,2.0,4.0,2.0,B01
202300004188,9,2,2023,10:15,1,76.0,76540,2,1,1.0,6.0,Boulevard de la Marne,"49,44649600","1,08993800",,76.076540,76540,Seine-Maritime,28.0,Normandie,30.0,7.0,2.0,2,1.0,28,Normandie,76,3,97,Rouen,114083,1556,115639.0,3.0,50,,0.0,1.0,1.0,1.0,A01
202300004230,10,2,2023,20:20,5,76.0,76322,2,1,1.0,6.0,Boulevard Maurice Ravel,"49,41200000","1,04750000",,76.076322,76322,Seine-Maritime,28.0,Normandie,50.0,4.0,2.0,2,1.0,28,Normandie,76,3,13,LeGrand-Quevilly,25975,225,26200.0,3.0,7,,8.0,0.0,1.0,1.0,A01
202300004248,26,11,2023,18:35,5,76.0,76540,2,2,1.0,3.0,Rue du Renard,"49,45193000","1,06902000",,76.076540,76540,Seine-Maritime,28.0,Normandie,30.0,4.0,2.0,2,1.0,28,Normandie,76,3,97,Rouen,114083,1556,115639.0,2.0,7,,0.0,2.0,6.0,1.0,B01
202300004248,26,11,2023,18:35,5,76.0,76540,2,2,1.0,3.0,Rue du Renard,"49,45193000","1,06902000",,76.076540,76540,Seine-Maritime,28.0,Normandie,30.0,4.0,2.0,2,1.0,28,Normandie,76,3,97,Rouen,114083,1556,115639.0,0.0,1,,0.0,2.0,1.0,1.0,A01
202300004253,25,11,2023,16:12,1,76.0,76575,1,1,1.0,3.0,Boulevard Lénine,"49,39560000","1,11170000",,76.076575,76575,Seine-Maritime,28.0,Normandie,90.0,7.0,3.0,4,1.0,28,Normandie,76,3,98,Saint-Étienne-du-Rouvray,28508,225,28733.0,3.0,7,,4.0,0.0,1.0,2.0,A01
202300004253,25,11,2023,16:12,1,76.0,76575,1,1,1.0,3.0,Boulevard Lénine,"49,39560000","1,11170000",,76.076575,76575,Seine-Maritime,28.0,Normandie,90.0,7.0,3.0,4,1.0,28,Normandie,76,3,98,Saint-Étienne-du-Rouvray,28508,225,28733.0,3.0,7,,4.0,0.0,9.0,2.0,B01
202300004374,24,3,2023,13:30,1,76.0,76540,2,4,1.0,3.0,Route de Bonsecours,"49,43327000","1,10766000",,76.076540,76540,Seine-Maritime,28.0,Normandie,50.0,7.0,2.0,3,9.0,28,Normandie,76,3,97,Rouen,114083,1556,115639.0,1.0,7,,8.0,2.0,2.0,5.0,B01
202300004374,24,3,2023,13:30,1,76.0,76540,2,4,1.0,3.0,Route de Bonsecours,"49,43327000","1,10766000",,76.076540,76540,Seine-Maritime,28.0,Normandie,50.0,7.0,2.0,3,9.0,28,Normandie,76,3,97,Rouen,114083,1556,115639.0,1.0,37,6.0,0.0,2.0,1.0,10.0,A01
202300004457,27,11,2023,07:57,2,76.0,76070,1,1,2.0,3.0,Route d’Ardouval,"49,72905700","1,24484500",,76.076070,76070,Seine-Maritime,28.0,Normandie,80.0,3.0,2.0,2,2.0,28,Normandie,76,1,23,Bellencombre,588,11,599.0,2.0,7,,0.0,2.0,7.0,13.0,B01
202300004457,27,11,2023,07:57,2,76.0,76070,1,1,2.0,3.0,Route d’Ardouval,"49,72905700","1,24484500",,76.076070,76070,Seine-Maritime,28.0,Normandie,80.0,3.0,2.0,2,2.0,28,Normandie,76,1,23,Bellencombre,588,11,599.0,1.0,7,,0.0,2.0,1.0,1.0,A01
202300004830,12,7,2023,17:50,1,76.0,76322,2,1,1.0,3.0,Rue Edwin Aldrin,"49,41311762","1,04867908",,76.076322,76322,Seine-Maritime,28.0,Normandie,50.0,4.0,2.0,2,1.0,28,Normandie,76,3,13,LeGrand-Quevilly,25975,225,26200.0,3.0,7,,0.0,9.0,5.0,16.0,B01
202300004830,12,7,2023,17:50,1,76.0,76322,2,1,1.0,3.0,Rue Edwin Aldrin,"49,41311762","1,04867908",,76.076322,76322,Seine-Maritime,28.0,Normandie,50.0,4.0,2.0,2,1.0,28,Normandie,76,3,13,LeGrand-Quevilly,25975,225,26200.0,3.0,50,,0.0,2.0,2.0,2.0,A01
202300004833,12,7,2023,18:50,1,76.0,76540,2,1,1.0,2.0,Boulevard Ferdinand de Lesseps,"49,44502000","1,06535000",,76.076540,76540,Seine-Maritime,28.0,Normandie,50.0,7.0,2.0,3,1.0,28,Normandie,76,3,97,Rouen,114083,1556,115639.0,0.0,33,,0.0,2.0,2.0,3.0,A01
202300004833,12,7,2023,18:50,1,76.0,76540,2,1,1.0,2.0,Boulevard Ferdinand de Lesseps,"49,44502000","1,06535000",,76.076540,76540,Seine-Maritime,28.0,Normandie,50.0,7.0,2.0,3,1.0,28,Normandie,76,3,97,Rouen,114083,1556,115639.0,0.0,10,,0.0,2.0,5.0,2.0,B01
202300004838,12,7,2023,11:00,1,76.0,76498,2,6,1.0,3.0,Place des bruyères,"49,41220000","1,07170000",,76.076498,76498,Seine-Maritime,28.0,Normandie,50.0,7.0,2.0,2,1.0,28,Normandie,76,3,27,LePetit-Quevilly,21782,274,22056.0,1.0,7,,0.0,0.0,1.0,26.0,A01
202300004838,12,7,2023,11:00,1,76.0,76498,2,6,1.0,3.0,Place des bruyères,"49,41220000","1,07170000",,76.076498,76498,Seine-Maritime,28.0,Normandie,50.0,7.0,2.0,2,1.0,28,Normandie,76,3,27,LePetit-Quevilly,21782,274,22056.0,1.0,80,,9.0,2.0,7.0,19.0,B01
202300004843,11,7,2023,16:25,1,76.0,76351,2,2,1.0,3.0,GRAVILLE (BD DE),"49,49623400","0,14676900",,76.076351,76351,Seine-Maritime,28.0,Normandie,50.0,4.0,3.0,5,1.0,28,Normandie,76,2,96,LeHavre,166058,1780,167838.0,0.0,7,,0.0,2.0,5.0,15.0,A01
202300004843,11,7,2023,16:25,1,76.0,76351,2,2,1.0,3.0,GRAVILLE (BD DE),"49,49623400","0,14676900",,76.076351,76351,Seine-Maritime,28.0,Normandie,50.0,4.0,3.0,5,1.0,28,Normandie,76,2,96,LeHavre,166058,1780,167838.0,0.0,33,,0.0,2.0,1.0,1.0,B01
202300004846,8,7,2023,20:45,1,76.0,76351,2,2,1.0,3.0,PIERRE LOTI,"49,50578000","0,14843000",,76.076351,76351,Seine-Maritime,28.0,Normandie,50.0,4.0,2.0,2,1.0,28,Normandie,76,2,96,LeHavre,166058,1780,167838.0,0.0,7,,0.0,2.0,1.0,1.0,B01
202300004846,8,7,2023,20:45,1,76.0,76351,2,2,1.0,3.0,PIERRE LOTI,"49,50578000","0,14843000",,76.076351,76351,Seine-Maritime,28.0,Normandie,50.0,4.0,2.0,2,1.0,28,Normandie,76,2,96,LeHavre,166058,1780,167838.0,0.0,30,,0.0,2.0,3.0,1.0,A01
202300004851,24,3,2023,23:30,3,76.0,76151,1,1,6.0,2.0,Route Departementale 20,"49,84405100","0,72729700",,76.076151,76151,Seine-Maritime,28.0,Normandie,80.0,3.0,2.0,2,1.0,28,Normandie,76,1,33,CaillevilLe252,7,259,,1.0,7,,0.0,2.0,4.0,2.0,B01
202300004851,24,3,2023,23:30,3,76.0,76151,1,1,6.0,2.0,Route Departementale 20,"49,84405100","0,72729700",,76.076151,76151,Seine-Maritime,28.0,Normandie,80.0,3.0,2.0,2,1.0,28,Normandie,76,1,33,CaillevilLe252,7,259,,1.0,7,,1.0,0.0,1.0,2.0,A01
202300004890,7,6,2023,17:15,1,76.0,76281,1,2,1.0,3.0,D484,"49,52480400","0,58180300",,76.076281,76281,Seine-Maritime,28.0,Normandie,80.0,3.0,2.0,0,1.0,28,Normandie,76,2,25,La Frénaye,2081,44,2125.0,2.0,7,,0.0,2.0,2.0,1.0,B01
202300004890,7,6,2023,17:15,1,76.0,76281,1,2,1.0,3.0,D484,"49,52480400","0,58180300",,76.076281,76281,Seine-Maritime,28.0,Normandie,80.0,3.0,2.0,0,1.0,28,Normandie,76,2,25,La Frénaye,2081,44,2125.0,1.0,7,,0.0,2.0,3.0,19.0,A01
202300005329,17,8,2023,14:00,1,76.0,76231,1,1,1.0,7.0,Rue de la Forêt d'Elbeuf,"49,25863000","1,01032000",,76.076231,76231,Seine-Maritime,28.0,Normandie,80.0,4.0,2.0,2,1.0,28,Normandie,76,3,9,Elbeuf,15951,138,16089.0,3.0,33,,0.0,0.0,1.0,26.0,A01
202300005330,16,8,2023,16:00,1,76.0,76108,2,3,1.0,2.0,Route de Neufchâtel,"49,45595000","1,10710000",,76.076108,76108,Seine-Maritime,28.0,Normandie,50.0,7.0,2.0,2,1.0,28,Normandie,76,3,2,Bois-Guillaume,14262,361,14623.0,0.0,7,,0.0,2.0,1.0,2.0,A01
202300005330,16,8,2023,16:00,1,76.0,76108,2,3,1.0,2.0,Route de Neufchâtel,"49,45595000","1,10710000",,76.076108,76108,Seine-Maritime,28.0,Normandie,50.0,7.0,2.0,2,1.0,28,Normandie,76,3,2,Bois-Guillaume,14262,361,14623.0,0.0,7,,0.0,2.0,4.0,2.0,B01
202300005331,18,8,2023,21:00,5,76.0,76447,1,1,1.0,7.0,LA LEZARDE (CENTRE COMMERCIAL),"49,52640000","0,18986000",,76.076447,76447,Seine-Maritime,28.0,Normandie,-1.0,6.0,4.0,2,1.0,28,Normandie,76,2,15,Montivilliers,15457,203,15660.0,0.0,33,,0.0,0.0,0.0,1.0,A01
202300005332,16,8,2023,23:00,5,76.0,76447,2,1,1.0,2.0,PIERRE MENDES FRANCE,"49,53016000","0,18137000",,76.076447,76447,Seine-Maritime,28.0,Normandie,50.0,3.0,2.0,2,1.0,28,Normandie,76,2,15,Montivilliers,15457,203,15660.0,1.0,10,,0.0,2.0,6.0,9.0,A01
202300005332,16,8,2023,23:00,5,76.0,76447,2,1,1.0,2.0,PIERRE MENDES FRANCE,"49,53016000","0,18137000",,76.076447,76447,Seine-Maritime,28.0,Normandie,50.0,3.0,2.0,2,1.0,28,Normandie,76,2,15,Montivilliers,15457,203,15660.0,1.0,33,,0.0,2.0,1.0,1.0,B01
202300005333,15,8,2023,00:45,5,76.0,76351,2,1,1.0,6.0,REPUBLIQUE (COURS DE LA),"49,49278400","0,12428100",,76.076351,76351,Seine-Maritime,28.0,Normandie,50.0,4.0,2.0,4,1.0,28,Normandie,76,2,96,LeHavre,166058,1780,167838.0,0.0,50,,0.0,1.0,1.0,1.0,A01
202300005334,18,8,2023,13:10,1,76.0,76545,2,6,8.0,3.0,BOURBON (COURS),"49,91525000","1,09436000",,76.076545,76545,Seine-Maritime,28.0,Normandie,50.0,4.0,3.0,1,2.0,28,Normandie,76,1,7,Rouxmesnil-BouteilLes1814,33,1847,,3.0,7,,0.0,2.0,0.0,0.0,A01
202300005334,18,8,2023,13:10,1,76.0,76545,2,6,8.0,3.0,BOURBON (COURS),"49,91525000","1,09436000",,76.076545,76545,Seine-Maritime,28.0,Normandie,50.0,4.0,3.0,1,2.0,28,Normandie,76,1,7,Rouxmesnil-BouteilLes1814,33,1847,,3.0,1,,0.0,2.0,4.0,15.0,B01
202300005335,17,8,2023,19:45,1,76.0,76114,2,1,1.0,6.0,SOREUIL CHARLES (RUE),"49,57892000","0,47841000",,76.076114,76114,Seine-Maritime,28.0,Normandie,30.0,4.0,1.0,1,9.0,28,Normandie,76,2,3,Bolbec,11635,147,11782.0,1.0,30,,14.0,0.0,1.0,5.0,A01
202300005579,23,10,2023,21:00,3,76.0,76157,1,1,2.0,1.0,Route de Sahurs,"49,42908000","1,01053000",,76.076157,76157,Seine-Maritime,28.0,Normandie,70.0,7.0,2.0,2,2.0,28,Normandie,76,3,4,Canteleu,13966,360,14326.0,0.0,7,,0.0,2.0,1.0,1.0,B01
202300005579,23,10,2023,21:00,3,76.0,76157,1,1,2.0,1.0,Route de Sahurs,"49,42908000","1,01053000",,76.076157,76157,Seine-Maritime,28.0,Normandie,70.0,7.0,2.0,2,2.0,28,Normandie,76,3,4,Canteleu,13966,360,14326.0,0.0,7,,0.0,2.0,1.0,13.0,A01
202300005582,23,10,2023,15:30,1,76.0,76540,2,2,2.0,6.0,Rue François Arago,"49,43455000","1,08776000",,76.076540,76540,Seine-Maritime,28.0,Normandie,30.0,4.0,2.0,2,2.0,28,Normandie,76,3,97,Rouen,114083,1556,115639.0,1.0,7,,0.0,1.0,1.0,1.0,A01
202300005585,21,10,2023,12:20,1,76.0,76447,1,1,2.0,7.0,OCTEVILLE (ROUTE D'),"49,54799696","0,16417980",,76.076447,76447,Seine-Maritime,28.0,Normandie,70.0,3.0,2.0,2,2.0,28,Normandie,76,2,15,Montivilliers,15457,203,15660.0,2.0,7,,0.0,2.0,0.0,1.0,A01
202300005589,22,10,2023,18:20,1,76.0,76351,2,3,1.0,3.0,ACACIAS (DES),"49,50810000","0,13840000",,76.076351,76351,Seine-Maritime,28.0,Normandie,50.0,4.0,2.0,2,1.0,28,Normandie,76,2,96,LeHavre,166058,1780,167838.0,1.0,1,,0.0,2.0,8.0,1.0,B01
202300005589,22,10,2023,18:20,1,76.0,76351,2,3,1.0,3.0,ACACIAS (DES),"49,50810000","0,13840000",,76.076351,76351,Seine-Maritime,28.0,Normandie,50.0,4.0,2.0,2,1.0,28,Normandie,76,2,96,LeHavre,166058,1780,167838.0,2.0,7,,0.0,2.0,1.0,15.0,A01
202300005592,15,10,2023,12:00,1,76.0,76217,2,2,1.0,6.0,BLD DU MARECHAL JOFFRE,"49,92201000","1,07685000",,76.076217,76217,Seine-Maritime,28.0,Normandie,-1.0,4.0,-1.0, -1,1.0,28,Normandie,76,1,95,Dieppe,28358,455,28813.0,3.0,7,,0.0,1.0,0.0,0.0,A01
202300005628,16,6,2023,07:10,2,76.0,76540,2,3,1.0,3.0,Quai de Boisguilbert,"49,44410107","1,07201242",,76.076540,76540,Seine-Maritime,28.0,Normandie,50.0,7.0,2.0,2,1.0,28,Normandie,76,3,97,Rouen,114083,1556,115639.0,0.0,7,,0.0,2.0,1.0,1.0,B01
202300005628,16,6,2023,07:10,2,76.0,76540,2,3,1.0,3.0,Quai de Boisguilbert,"49,44410107","1,07201242",,76.076540,76540,Seine-Maritime,28.0,Normandie,50.0,7.0,2.0,2,1.0,28,Normandie,76,3,97,Rouen,114083,1556,115639.0,0.0,7,,0.0,2.0,3.0,1.0,A01
202300005696,24,10,2023,15:45,1,76.0,76168,1,1,1.0,2.0,D100 - route de la voie romaine,"49,77066700","1,14759400",,76.076168,76168,Seine-Maritime,28.0,Normandie,80.0,3.0,2.0,2,1.0,28,Normandie,76,1,20,Les Cent-Acres,66,1,67.0,1.0,2,,0.0,2.0,1.0,2.0,A01
202300005696,24,10,2023,15:45,1,76.0,76168,1,1,1.0,2.0,D100 - route de la voie romaine,"49,77066700","1,14759400",,76.076168,76168,Seine-Maritime,28.0,Normandie,80.0,3.0,2.0,2,1.0,28,Normandie,76,1,20,Les Cent-Acres,66,1,67.0,1.0,2,,0.0,0.0,4.0,2.0,B01
202300005716,24,10,2023,05:40,5,76.0,76489,1,1,1.0,2.0,"RN 1029, PK 004.800, Viaduc du grand canal","49,45551600","0,27195500",,76.076489,76489,Seine-Maritime,28.0,Normandie,90.0,2.0,3.0,2,1.0,28,Normandie,76,2,32,OudalLe479,12,491,,1.0,43,,3.0,2.0,1.0,1.0,A01
202300005716,24,10,2023,05:40,5,76.0,76489,1,1,1.0,2.0,"RN 1029, PK 004.800, Viaduc du grand canal","49,45551600","0,27195500",,76.076489,76489,Seine-Maritime,28.0,Normandie,90.0,2.0,3.0,2,1.0,28,Normandie,76,2,32,OudalLe479,12,491,,1.0,15,,0.0,2.0,6.0,1.0,B01
202300005768,22,10,2023,19:20,4,76.0,76599,2,6,1.0,1.0,Route de Lyons,"49,43524000","1,14633000",,76.076599,76599,Seine-Maritime,28.0,Normandie,50.0,7.0,2.0,2,1.0,28,Normandie,76,3,6,Saint-Léger-du-Bourg-Denis,3641,42,3683.0,0.0,7,,0.0,2.0,1.0,1.0,A01
202300005768,22,10,2023,19:20,4,76.0,76599,2,6,1.0,1.0,Route de Lyons,"49,43524000","1,14633000",,76.076599,76599,Seine-Maritime,28.0,Normandie,50.0,7.0,2.0,2,1.0,28,Normandie,76,3,6,Saint-Léger-du-Bourg-Denis,3641,42,3683.0,1.0,7,,0.0,2.0,1.0,1.0,B01
202300005815,9,2,2023,19:40,5,76.0,76498,2,1,1.0,6.0,Avenue Jean Jaurès,"49,42716000","1,06461000",,76.076498,76498,Seine-Maritime,28.0,Normandie,50.0,7.0,2.0,2,1.0,28,Normandie,76,3,27,LePetit-Quevilly,21782,274,22056.0,1.0,7,,1.0,0.0,2.0,1.0,A01
202300005848,4,5,2023,15:45,1,76.0,76075,2,1,1.0,2.0,Route de Criquetot,"49,76921200","1,05284200",,76.076075,76075,Seine-Maritime,28.0,Normandie,50.0,3.0,2.0,2,1.0,28,Normandie,76,1,20,Belmesnil,451,3,454.0,0.0,7,,0.0,2.0,3.0,1.0,A01
202300005848,4,5,2023,15:45,1,76.0,76075,2,1,1.0,2.0,Route de Criquetot,"49,76921200","1,05284200",,76.076075,76075,Seine-Maritime,28.0,Normandie,50.0,3.0,2.0,2,1.0,28,Normandie,76,1,20,Belmesnil,451,3,454.0,0.0,1,,0.0,2.0,4.0,9.0,B01
202300005892,3,5,2023,08:45,1,76.0,76391,1,1,1.0,2.0,A13,"49,34065400","0,93886400",,76.076391,76391,Seine-Maritime,28.0,Normandie,130.0,1.0,3.0,7,1.0,28,Normandie,76,3,9,La Londe,2362,71,2433.0,1.0,7,,0.0,2.0,2.0,14.0,B01
202300005892,3,5,2023,08:45,1,76.0,76391,1,1,1.0,2.0,A13,"49,34065400","0,93886400",,76.076391,76391,Seine-Maritime,28.0,Normandie,130.0,1.0,3.0,7,1.0,28,Normandie,76,3,9,La Londe,2362,71,2433.0,1.0,15,,0.0,0.0,6.0,2.0,A01
202300005996,29,4,2023,22:00,2,76.0,76351,2,2,1.0,3.0,CONCORDE (DE LA),"49,50792100","0,15896300",,76.076351,76351,Seine-Maritime,28.0,Normandie,50.0,4.0,2.0,2,1.0,28,Normandie,76,2,96,LeHavre,166058,1780,167838.0,2.0,7,,0.0,2.0,1.0,1.0,A01
202300005996,29,4,2023,22:00,2,76.0,76351,2,2,1.0,3.0,CONCORDE (DE LA),"49,50792100","0,15896300",,76.076351,76351,Seine-Maritime,28.0,Normandie,50.0,4.0,2.0,2,1.0,28,Normandie,76,2,96,LeHavre,166058,1780,167838.0,1.0,7,,0.0,2.0,3.0,0.0,B01
202300005998,1,5,2023,00:50,3,76.0,76351,1,1,1.0,6.0,RD 6382,"49,50162000","0,19341300",,76.076351,76351,Seine-Maritime,28.0,Normandie,70.0,3.0,1.0,1,1.0,28,Normandie,76,2,96,LeHavre,166058,1780,167838.0,0.0,7,,4.0,0.0,3.0,1.0,A01
202300006000,2,5,2023,09:00,1,76.0,76114,2,1,1.0,4.0,PASSAS JULES (BOULEVARD),"49,56877000","0,47510000",,76.076114,76114,Seine-Maritime,28.0,Normandie,50.0,4.0,2.0,2,1.0,28,Normandie,76,2,3,Bolbec,11635,147,11782.0,2.0,7,,0.0,2.0,1.0,1.0,A01
202300006000,2,5,2023,09:00,1,76.0,76114,2,1,1.0,4.0,PASSAS JULES (BOULEVARD),"49,56877000","0,47510000",,76.076114,76114,Seine-Maritime,28.0,Normandie,50.0,4.0,2.0,2,1.0,28,Normandie,76,2,3,Bolbec,11635,147,11782.0,2.0,7,,0.0,2.0,4.0,2.0,B01
202300006000,2,5,2023,09:00,1,76.0,76114,2,1,1.0,4.0,PASSAS JULES (BOULEVARD),"49,56877000","0,47510000",,76.076114,76114,Seine-Maritime,28.0,Normandie,50.0,4.0,2.0,2,1.0,28,Normandie,76,2,3,Bolbec,11635,147,11782.0,2.0,7,,0.0,2.0,4.0,1.0,C01
202300006151,2,5,2023,21:00,2,76.0,76315,1,6,1.0,6.0,D50,"49,76213800","0,62100900",,76.076315,76315,Seine-Maritime,28.0,Normandie,80.0,3.0,2.0,2,1.0,28,Normandie,76,1,33,Grainville-la-Teinturière,1072,18,1090.0,2.0,2,,12.0,0.0,1.0,1.0,A01
202300006176,12,7,2023,17:00,1,76.0,76610,2,1,1.0,1.0,Rue Jean Mermoz,"49,62804500","0,76242300",,76.076610,76610,Seine-Maritime,28.0,Normandie,50.0,3.0,2.0,2,1.0,28,Normandie,76,3,35,Sainte-Marie-des-Champs,1579,13,1592.0,2.0,2,,0.0,2.0,1.0,1.0,A01
202300006176,12,7,2023,17:00,1,76.0,76610,2,1,1.0,1.0,Rue Jean Mermoz,"49,62804500","0,76242300",,76.076610,76610,Seine-Maritime,28.0,Normandie,50.0,3.0,2.0,2,1.0,28,Normandie,76,3,35,Sainte-Marie-des-Champs,1579,13,1592.0,1.0,7,,0.0,2.0,3.0,15.0,B01
202300006325,11,7,2023,19:30,1,76.0,76484,2,3,1.0,6.0,Rue Emile Zola,"49,34660700","1,09600000",,76.076484,76484,Seine-Maritime,28.0,Normandie,30.0,7.0,2.0,2,1.0,28,Normandie,76,3,31,Oissel,12367,83,12450.0,3.0,0,,0.0,1.0,0.0,0.0,A01
202300006347,6,6,2023,23:02,5,76.0,76540,2,2,1.0,1.0,Rue Henri Dunant,"49,46076000","1,13549000",,76.076540,76540,Seine-Maritime,28.0,Normandie,50.0,4.0,2.0,2,-1.0,28,Normandie,76,3,97,Rouen,114083,1556,115639.0,3.0,7,,0.0,2.0,1.0,13.0,A01
202300006347,6,6,2023,23:02,5,76.0,76540,2,2,1.0,1.0,Rue Henri Dunant,"49,46076000","1,13549000",,76.076540,76540,Seine-Maritime,28.0,Normandie,50.0,4.0,2.0,2,-1.0,28,Normandie,76,3,97,Rouen,114083,1556,115639.0,0.0,7,,0.0,2.0,1.0,1.0,B01
202300006352,4,6,2023,11:45,1,76.0,76540,2,1,1.0,2.0,Route de Neufchâtel,"49,45260000","1,09977000",,76.076540,76540,Seine-Maritime,28.0,Normandie,50.0,7.0,2.0,2,1.0,28,Normandie,76,3,97,Rouen,114083,1556,115639.0,3.0,7,,0.0,2.0,4.0,2.0,B01