Num_Acc,jour,mois,an,hrmn,lum,dep,com,agg,int,atm,col,adr,lat,long,gps,com_insee_temp,com_insee,departmentName,regionCode,regionName,vma,catr,circ,nbv,surf,Code,Region,Departement,Arrondissement,Code_Canton,Nom_Commune,Population_municipaLe,Population_comptee_a_part,Population_Totale,senc,catv,occutc,obs,obsm,choc,manv,num_veh
202300006352,4,6,2023,11:45,1,76.0,76540,2,1,1.0,2.0,Route de Neufchâtel,"49,45260000","1,09977000",,76.076540,76540,Seine-Maritime,28.0,Normandie,50.0,7.0,2.0,2,1.0,28,Normandie,76,3,97,Rouen,114083,1556,115639.0,3.0,7,,0.0,2.0,1.0,2.0,A01
202300006357,5,6,2023,18:05,1,76.0,76351,2,4,1.0,2.0,AUGUSTE BLANQUI (PONT),"49,50047000","0,16248000",,76.076351,76351,Seine-Maritime,28.0,Normandie,50.0,4.0,2.0,2,1.0,28,Normandie,76,2,96,LeHavre,166058,1780,167838.0,0.0,7,,0.0,2.0,1.0,2.0,A01
202300006357,5,6,2023,18:05,1,76.0,76351,2,4,1.0,2.0,AUGUSTE BLANQUI (PONT),"49,50047000","0,16248000",,76.076351,76351,Seine-Maritime,28.0,Normandie,50.0,4.0,2.0,2,1.0,28,Normandie,76,2,96,LeHavre,166058,1780,167838.0,0.0,32,,0.0,2.0,4.0,23.0,B01
202300006362,5,6,2023,18:30,1,76.0,76351,2,3,1.0,6.0,PIERRE FARCIS,"49,51712000","0,09783000",,76.076351,76351,Seine-Maritime,28.0,Normandie,50.0,4.0,2.0,2,1.0,28,Normandie,76,2,96,LeHavre,166058,1780,167838.0,2.0,1,,0.0,0.0,1.0,5.0,B01
202300006362,5,6,2023,18:30,1,76.0,76351,2,3,1.0,6.0,PIERRE FARCIS,"49,51712000","0,09783000",,76.076351,76351,Seine-Maritime,28.0,Normandie,50.0,4.0,2.0,2,1.0,28,Normandie,76,2,96,LeHavre,166058,1780,167838.0,1.0,0,,0.0,9.0,0.0,1.0,A01
202300006367,3,6,2023,02:50,5,76.0,76351,2,1,1.0,2.0,REPUBLIQUE (COURS DE LA),"49,49123000","0,12111000",,76.076351,76351,Seine-Maritime,28.0,Normandie,50.0,4.0,2.0,4,1.0,28,Normandie,76,2,96,LeHavre,166058,1780,167838.0,0.0,7,,0.0,2.0,1.0,1.0,A01
202300006367,3,6,2023,02:50,5,76.0,76351,2,1,1.0,2.0,REPUBLIQUE (COURS DE LA),"49,49123000","0,12111000",,76.076351,76351,Seine-Maritime,28.0,Normandie,50.0,4.0,2.0,4,1.0,28,Normandie,76,2,96,LeHavre,166058,1780,167838.0,0.0,7,,0.0,2.0,4.0,23.0,B01
202300006370,2,6,2023,15:35,1,76.0,76351,2,1,1.0,7.0,JULES LECESNE (RUE),"49,49265133","0,11739492",,76.076351,76351,Seine-Maritime,28.0,Normandie,50.0,4.0,2.0,2,1.0,28,Normandie,76,2,96,LeHavre,166058,1780,167838.0,2.0,50,,0.0,0.0,0.0,1.0,A01
202300006376,2,6,2023,20:20,2,76.0,76351,2,2,1.0,4.0,LENINGRAD (BD DE),"49,49707000","0,15077000",,76.076351,76351,Seine-Maritime,28.0,Normandie,50.0,4.0,2.0,2,1.0,28,Normandie,76,2,96,LeHavre,166058,1780,167838.0,1.0,7,,0.0,2.0,4.0,23.0,C01
202300006376,2,6,2023,20:20,2,76.0,76351,2,2,1.0,4.0,LENINGRAD (BD DE),"49,49707000","0,15077000",,76.076351,76351,Seine-Maritime,28.0,Normandie,50.0,4.0,2.0,2,1.0,28,Normandie,76,2,96,LeHavre,166058,1780,167838.0,1.0,7,,0.0,2.0,4.0,23.0,B01
202300006376,2,6,2023,20:20,2,76.0,76351,2,2,1.0,4.0,LENINGRAD (BD DE),"49,49707000","0,15077000",,76.076351,76351,Seine-Maritime,28.0,Normandie,50.0,4.0,2.0,2,1.0,28,Normandie,76,2,96,LeHavre,166058,1780,167838.0,1.0,7,,0.0,2.0,1.0,1.0,A01
202300006383,3,6,2023,23:30,5,76.0,76447,2,1,1.0,2.0,MARECHAL FOCH,"49,53270000","0,18912000",,76.076447,76447,Seine-Maritime,28.0,Normandie,50.0,3.0,2.0,3,1.0,28,Normandie,76,2,15,Montivilliers,15457,203,15660.0,2.0,7,,1.0,2.0,1.0,1.0,A01
202300006383,3,6,2023,23:30,5,76.0,76447,2,1,1.0,2.0,MARECHAL FOCH,"49,53270000","0,18912000",,76.076447,76447,Seine-Maritime,28.0,Normandie,50.0,3.0,2.0,3,1.0,28,Normandie,76,2,15,Montivilliers,15457,203,15660.0,2.0,7,,0.0,2.0,4.0,23.0,B01
202300006388,30,5,2023,14:30,1,76.0,76351,2,2,1.0,6.0,GUSTAVE BRINDEAU (RUE),"49,49354000","0,13901000",,76.076351,76351,Seine-Maritime,28.0,Normandie,50.0,4.0,2.0,2,1.0,28,Normandie,76,2,96,LeHavre,166058,1780,167838.0,2.0,7,,0.0,2.0,8.0,20.0,A01
202300006388,30,5,2023,14:30,1,76.0,76351,2,2,1.0,6.0,GUSTAVE BRINDEAU (RUE),"49,49354000","0,13901000",,76.076351,76351,Seine-Maritime,28.0,Normandie,50.0,4.0,2.0,2,1.0,28,Normandie,76,2,96,LeHavre,166058,1780,167838.0,2.0,2,,0.0,2.0,1.0,1.0,B01
202300006391,3,6,2023,20:30,1,76.0,76351,2,9,1.0,3.0,VERDUN (RUE DE),"49,50223000","0,15802000",,76.076351,76351,Seine-Maritime,28.0,Normandie,50.0,3.0,2.0,2,1.0,28,Normandie,76,2,96,LeHavre,166058,1780,167838.0,3.0,7,,0.0,2.0,1.0,15.0,A01
202300006391,3,6,2023,20:30,1,76.0,76351,2,9,1.0,3.0,VERDUN (RUE DE),"49,50223000","0,15802000",,76.076351,76351,Seine-Maritime,28.0,Normandie,50.0,3.0,2.0,2,1.0,28,Normandie,76,2,96,LeHavre,166058,1780,167838.0,2.0,33,,0.0,2.0,1.0,17.0,B01
202300006453,28,2,2023,08:27,1,76.0,76484,1,1,1.0,2.0,A13,"49,34123700","1,06598500",,76.076484,76484,Seine-Maritime,28.0,Normandie,110.0,1.0,3.0,7,1.0,28,Normandie,76,3,31,Oissel,12367,83,12450.0,1.0,17,,0.0,2.0,6.0,13.0,D01
202300006453,28,2,2023,08:27,1,76.0,76484,1,1,1.0,2.0,A13,"49,34123700","1,06598500",,76.076484,76484,Seine-Maritime,28.0,Normandie,110.0,1.0,3.0,7,1.0,28,Normandie,76,3,31,Oissel,12367,83,12450.0,1.0,7,,0.0,2.0,6.0,2.0,B01
202300006991,24,11,2023,17:45,5,76.0,76366,2,2,1.0,6.0,Rue du Général de Gaulle,"49,50857000","1,03934000",,76.076366,76366,Seine-Maritime,28.0,Normandie,50.0,7.0,2.0,2,1.0,28,Normandie,76,3,24,LeHoulme,4133,32,4165.0,0.0,7,,0.0,1.0,1.0,16.0,A01
202300007238,19,8,2023,05:45,3,76.0,76049,1,1,1.0,6.0,D1314,"49,91077700","1,42429600",,76.076049,76049,Seine-Maritime,28.0,Normandie,80.0,3.0,2.0,2,1.0,28,Normandie,76,1,23,Avesnes-en-Val,269,8,277.0,1.0,10,,13.0,0.0,2.0,1.0,A01
202300007292,19,8,2023,12:45,1,76.0,76260,2,3,1.0,3.0,Promenade En Pays de Bray,"49,47866500","1,74017400",,76.076260,76260,Seine-Maritime,28.0,Normandie,-1.0,2.0,2.0, -1,1.0,28,Normandie,76,1,12,Ferrières-en-Bray,1675,15,1690.0,1.0,2,,0.0,0.0,8.0,1.0,B01
202300007292,19,8,2023,12:45,1,76.0,76260,2,3,1.0,3.0,Promenade En Pays de Bray,"49,47866500","1,74017400",,76.076260,76260,Seine-Maritime,28.0,Normandie,-1.0,2.0,2.0, -1,1.0,28,Normandie,76,1,12,Ferrières-en-Bray,1675,15,1690.0,2.0,7,,0.0,0.0,1.0,6.0,A01
202300007293,17,8,2023,22:16,3,76.0,76146,1,1,1.0,6.0,D919,"49,58806900","1,38768900",,76.076146,76146,Seine-Maritime,28.0,Normandie,80.0,3.0,-1.0,2,1.0,28,Normandie,76,3,21,Buchy,2805,108,2913.0,1.0,15,,0.0,1.0,3.0,1.0,A01
202300007294,18,8,2023,02:00,3,76.0,76123,2,3,1.0,3.0,D47,"49,54306300","1,11027600",,76.076123,76123,Seine-Maritime,28.0,Normandie,-1.0,3.0,2.0, -1,1.0,28,Normandie,76,3,2,Bosc-Guérard-Saint-Adrien,1070,30,1100.0,1.0,7,,0.0,2.0,8.0,19.0,A01
202300007294,18,8,2023,02:00,3,76.0,76123,2,3,1.0,3.0,D47,"49,54306300","1,11027600",,76.076123,76123,Seine-Maritime,28.0,Normandie,-1.0,3.0,2.0, -1,1.0,28,Normandie,76,3,2,Bosc-Guérard-Saint-Adrien,1070,30,1100.0,2.0,43,,0.0,2.0,1.0,1.0,B01
202300007495,20,9,2023,20:40,3,76.0,76540,2,3,1.0,3.0,Avenue de la Libération,"49,42573000","1,06861000",,76.076540,76540,Seine-Maritime,28.0,Normandie,50.0,7.0,2.0,2,1.0,28,Normandie,76,3,97,Rouen,114083,1556,115639.0,0.0,7,,0.0,2.0,2.0,16.0,A01
202300007495,20,9,2023,20:40,3,76.0,76540,2,3,1.0,3.0,Avenue de la Libération,"49,42573000","1,06861000",,76.076540,76540,Seine-Maritime,28.0,Normandie,50.0,7.0,2.0,2,1.0,28,Normandie,76,3,97,Rouen,114083,1556,115639.0,0.0,32,,0.0,2.0,8.0,7.0,B01
202300007496,20,9,2023,18:00,1,76.0,76497,1,1,1.0,2.0,D418 (Bretelle),"49,38409000","1,04945000",,76.076497,76497,Seine-Maritime,28.0,Normandie,90.0,7.0,1.0,2,1.0,28,Normandie,76,3,13,Petit-Couronne,8688,175,8863.0,2.0,7,,0.0,2.0,4.0,1.0,B01
202300007496,20,9,2023,18:00,1,76.0,76497,1,1,1.0,2.0,D418 (Bretelle),"49,38409000","1,04945000",,76.076497,76497,Seine-Maritime,28.0,Normandie,90.0,7.0,1.0,2,1.0,28,Normandie,76,3,13,Petit-Couronne,8688,175,8863.0,2.0,7,,0.0,2.0,1.0,1.0,A01
202300007636,21,10,2023,06:00,5,76.0,76498,2,2,2.0,3.0,Rue Leon Maletra,"49,42987400","1,06759400",,76.076498,76498,Seine-Maritime,28.0,Normandie,50.0,4.0,2.0,2,2.0,28,Normandie,76,3,27,LePetit-Quevilly,21782,274,22056.0,3.0,7,,0.0,2.0,2.0,1.0,B01
202300007636,21,10,2023,06:00,5,76.0,76498,2,2,2.0,3.0,Rue Leon Maletra,"49,42987400","1,06759400",,76.076498,76498,Seine-Maritime,28.0,Normandie,50.0,4.0,2.0,2,2.0,28,Normandie,76,3,27,LePetit-Quevilly,21782,274,22056.0,3.0,7,,1.0,2.0,3.0,26.0,A01
202300007637,21,10,2023,06:10,3,76.0,76565,1,1,8.0,6.0,ROUEN (ROUTE DE),"49,88230000","1,06783000",,76.076565,76565,Seine-Maritime,28.0,Normandie,80.0,2.0,2.0,3,2.0,28,Normandie,76,1,7,Saint-Aubin-sur-Scie,1202,101,1303.0,1.0,7,,0.0,1.0,2.0,1.0,A01
202300007775,8,2,2023,09:30,1,76.0,76108,2,6,7.0,6.0,Chemin de la Breteque,"49,47877000","1,11294000",,76.076108,76108,Seine-Maritime,28.0,Normandie,30.0,4.0,2.0,2,1.0,28,Normandie,76,3,2,Bois-Guillaume,14262,361,14623.0,3.0,7,,0.0,1.0,2.0,16.0,A01
202300007776,7,2,2023,13:25,1,76.0,76351,2,1,1.0,6.0,VERDUN (RUE DE),"49,50254000","0,17239000",,76.076351,76351,Seine-Maritime,28.0,Normandie,50.0,4.0,2.0,2,1.0,28,Normandie,76,2,96,LeHavre,166058,1780,167838.0,0.0,7,,0.0,1.0,0.0,1.0,A01
202300007777,8,2,2023,09:50,1,76.0,76026,2,7,1.0,6.0,LEON BAUDELOT (PLACE),"49,88000000","1,12000000",,76.076026,76026,Seine-Maritime,28.0,Normandie,30.0,4.0,1.0,1,1.0,28,Normandie,76,1,8,Arques-la-BatailLe2480,44,2524,,3.0,7,,9.0,0.0,3.0,5.0,A01
202300007854,9,2,2023,17:54,2,76.0,76136,2,1,1.0,6.0,route de la mer,"49,81467800","0,95076400",,76.076136,76136,Seine-Maritime,28.0,Normandie,50.0,3.0,2.0,2,1.0,28,Normandie,76,1,20,Brachy,687,12,699.0,0.0,10,,15.0,0.0,1.0,0.0,A01
202300008011,30,4,2023,17:10,1,76.0,76001,2,1,1.0,6.0,9 Rue du Docteur Patenotre,"49,59630600","0,67633500",,76.076001,76001,Seine-Maritime,28.0,Normandie,50.0,3.0,2.0,2,1.0,28,Normandie,76,3,35,Allouville-Bellefosse,1150,19,1169.0,1.0,7,,1.0,1.0,2.0,1.0,A01
202300008149,4,6,2023,19:00,1,76.0,76610,1,6,1.0,4.0,D131e,"49,62521438","0,78907907",,76.076610,76610,Seine-Maritime,28.0,Normandie,80.0,3.0,2.0,3,1.0,28,Normandie,76,3,35,Sainte-Marie-des-Champs,1579,13,1592.0,2.0,7,,0.0,0.0,4.0,23.0,A01
202300008149,4,6,2023,19:00,1,76.0,76610,1,6,1.0,4.0,D131e,"49,62521438","0,78907907",,76.076610,76610,Seine-Maritime,28.0,Normandie,80.0,3.0,2.0,3,1.0,28,Normandie,76,3,35,Sainte-Marie-des-Champs,1579,13,1592.0,2.0,7,,0.0,2.0,1.0,2.0,C01
202300008149,4,6,2023,19:00,1,76.0,76610,1,6,1.0,4.0,D131e,"49,62521438","0,78907907",,76.076610,76610,Seine-Maritime,28.0,Normandie,80.0,3.0,2.0,3,1.0,28,Normandie,76,3,35,Sainte-Marie-des-Champs,1579,13,1592.0,2.0,7,,0.0,2.0,4.0,23.0,B01
202300008357,25,11,2023,15:30,1,76.0,76304,2,1,1.0,7.0,Route de Goderville,"49,65206600","0,43263200",,76.076304,76304,Seine-Maritime,28.0,Normandie,30.0,3.0,2.0,2,1.0,28,Normandie,76,2,32,Gonfreville-Caillot,390,6,396.0,1.0,2,,0.0,0.0,8.0,1.0,A01
202300008620,30,12,2023,17:30,5,76.0,76351,2,6,3.0,7.0,MICHEL FERE (QUAI),"49,48928000","0,11114000",,76.076351,76351,Seine-Maritime,28.0,Normandie,50.0,4.0,2.0,1,2.0,28,Normandie,76,2,96,LeHavre,166058,1780,167838.0,2.0,50,,0.0,0.0,0.0,1.0,A01
202300008626,31,12,2023,06:43,5,76.0,76341,2,6,3.0,7.0,BELLEVUE,"49,51192000","0,19938000",,76.076341,76341,Seine-Maritime,28.0,Normandie,50.0,3.0,2.0,2,2.0,28,Normandie,76,2,15,Harfleur,8315,53,8368.0,3.0,1,,0.0,0.0,7.0,1.0,A01
202300008634,30,12,2023,08:00,2,76.0,76447,2,6,1.0,3.0,RD 31,"49,54715000","0,18896000",,76.076447,76447,Seine-Maritime,28.0,Normandie,50.0,3.0,-1.0,2,1.0,28,Normandie,76,2,15,Montivilliers,15457,203,15660.0,0.0,7,,0.0,2.0,1.0,16.0,A01
202300008634,30,12,2023,08:00,2,76.0,76447,2,6,1.0,3.0,RD 31,"49,54715000","0,18896000",,76.076447,76447,Seine-Maritime,28.0,Normandie,50.0,3.0,-1.0,2,1.0,28,Normandie,76,2,15,Montivilliers,15457,203,15660.0,0.0,1,,0.0,2.0,7.0,2.0,B01
202300008641,30,12,2023,17:30,5,76.0,76351,2,3,1.0,6.0,VOLTAIRE,"49,48999000","0,10355000",,76.076351,76351,Seine-Maritime,28.0,Normandie,50.0,4.0,2.0,1,1.0,28,Normandie,76,2,96,LeHavre,166058,1780,167838.0,2.0,7,,0.0,1.0,3.0,1.0,A01
202300008653,11,7,2023,02:45,3,76.0,76360,1,1,1.0,6.0,Rue du Pont Rouge,"49,75136000","1,09905000",,76.076360,76360,Seine-Maritime,28.0,Normandie,80.0,3.0,2.0,2,1.0,28,Normandie,76,1,20,Heugleville-sur-Scie,648,9,657.0,2.0,7,,0.0,0.0,2.0,1.0,A01
202300008735,21,11,2023,11:30,1,76.0,76447,2,2,2.0,3.0,FAUBOURG ASSIQUET,"49,54702900","0,19570500",,76.076447,76447,Seine-Maritime,28.0,Normandie,-1.0,3.0,1.0, -1,2.0,28,Normandie,76,2,15,Montivilliers,15457,203,15660.0,1.0,7,,0.0,2.0,1.0,1.0,B01
202300008735,21,11,2023,11:30,1,76.0,76447,2,2,2.0,3.0,FAUBOURG ASSIQUET,"49,54702900","0,19570500",,76.076447,76447,Seine-Maritime,28.0,Normandie,-1.0,3.0,1.0, -1,2.0,28,Normandie,76,2,15,Montivilliers,15457,203,15660.0,1.0,10,,0.0,2.0,7.0,1.0,A01
202300009032,30,12,2023,20:15,5,76.0,76259,2,3,1.0,1.0,LEBORGNE ( RUE CHARLES),"49,75600000","0,37600000",,76.076259,76259,Seine-Maritime,28.0,Normandie,30.0,4.0,2.0,2,1.0,28,Normandie,76,2,11,Fécamp,18016,269,18285.0,2.0,7,,0.0,2.0,1.0,15.0,A01
202300009032,30,12,2023,20:15,5,76.0,76259,2,3,1.0,1.0,LEBORGNE ( RUE CHARLES),"49,75600000","0,37600000",,76.076259,76259,Seine-Maritime,28.0,Normandie,30.0,4.0,2.0,2,1.0,28,Normandie,76,2,11,Fécamp,18016,269,18285.0,1.0,30,,0.0,2.0,1.0,1.0,B01
202300009051,22,3,2023,13:00,1,76.0,76315,1,2,2.0,3.0,Départementale 71,"49,73882259","0,68840504",,76.076315,76315,Seine-Maritime,28.0,Normandie,80.0,3.0,2.0,2,2.0,28,Normandie,76,1,33,Grainville-la-Teinturière,1072,18,1090.0,1.0,2,,0.0,2.0,2.0,2.0,A01
202300009051,22,3,2023,13:00,1,76.0,76315,1,2,2.0,3.0,Départementale 71,"49,73882259","0,68840504",,76.076315,76315,Seine-Maritime,28.0,Normandie,80.0,3.0,2.0,2,2.0,28,Normandie,76,1,33,Grainville-la-Teinturière,1072,18,1090.0,1.0,7,,0.0,2.0,3.0,1.0,B01
202300009232,18,3,2023,07:40,2,76.0,76351,2,1,2.0,6.0,HUIT MAI 1945 (AVENUE DU),"49,51576000","0,17093000",,76.076351,76351,Seine-Maritime,28.0,Normandie,50.0,4.0,1.0,1,2.0,28,Normandie,76,2,96,LeHavre,166058,1780,167838.0,1.0,7,,0.0,1.0,2.0,1.0,A01
202300009337,14,9,2023,17:05,1,76.0,76034,1,3,1.0,1.0,Rue de Chamacourt,"49,72307500","1,15038900",,76.076034,76034,Seine-Maritime,28.0,Normandie,-1.0,3.0,2.0, -1,1.0,28,Normandie,76,1,20,Val-de-Scie,2526,25,2551.0,0.0,7,,0.0,2.0,1.0,5.0,A01
202300009337,14,9,2023,17:05,1,76.0,76034,1,3,1.0,1.0,Rue de Chamacourt,"49,72307500","1,15038900",,76.076034,76034,Seine-Maritime,28.0,Normandie,-1.0,3.0,2.0, -1,1.0,28,Normandie,76,1,20,Val-de-Scie,2526,25,2551.0,0.0,7,,0.0,0.0,2.0,1.0,B01
202300009404,18,9,2023,14:00,1,76.0,76329,1,1,2.0,1.0,RD 487,"49,54495000","0,49486000",,76.076329,76329,Seine-Maritime,28.0,Normandie,80.0,3.0,2.0,2,2.0,28,Normandie,76,2,3,Gruchet-le-Valasse,3074,39,3113.0,0.0,10,,0.0,2.0,3.0,13.0,A01
202300009404,18,9,2023,14:00,1,76.0,76329,1,1,2.0,1.0,RD 487,"49,54495000","0,49486000",,76.076329,76329,Seine-Maritime,28.0,Normandie,80.0,3.0,2.0,2,2.0,28,Normandie,76,2,3,Gruchet-le-Valasse,3074,39,3113.0,0.0,15,,0.0,2.0,8.0,1.0,B01
202300009511,19,10,2023,14:00,1,76.0,76351,2,2,1.0,6.0,INGOUVILLE (RUE),"49,49742000","0,10949000",,76.076351,76351,Seine-Maritime,28.0,Normandie,50.0,4.0,2.0,4,1.0,28,Normandie,76,2,96,LeHavre,166058,1780,167838.0,2.0,7,,0.0,1.0,1.0,15.0,A01
202300009589,7,2,2023,05:50,5,76.0,76540,2,2,1.0,3.0,Route de Neufchâtel,"49,45110300","1,09845800",,76.076540,76540,Seine-Maritime,28.0,Normandie,30.0,7.0,2.0,2,1.0,28,Normandie,76,3,97,Rouen,114083,1556,115639.0,2.0,50,,0.0,2.0,1.0,1.0,B01
202300009589,7,2,2023,05:50,5,76.0,76540,2,2,1.0,3.0,Route de Neufchâtel,"49,45110300","1,09845800",,76.076540,76540,Seine-Maritime,28.0,Normandie,30.0,7.0,2.0,2,1.0,28,Normandie,76,3,97,Rouen,114083,1556,115639.0,1.0,7,,0.0,2.0,2.0,15.0,A01
202300009742,3,2,2023,14:00,1,76.0,76351,2,2,1.0,3.0,MONT GAILLARD (AVENUE DU),"49,52558000","0,11537000",,76.076351,76351,Seine-Maritime,28.0,Normandie,30.0,4.0,2.0,2,1.0,28,Normandie,76,2,96,LeHavre,166058,1780,167838.0,1.0,7,,0.0,2.0,3.0,1.0,B01
202300009742,3,2,2023,14:00,1,76.0,76351,2,2,1.0,3.0,MONT GAILLARD (AVENUE DU),"49,52558000","0,11537000",,76.076351,76351,Seine-Maritime,28.0,Normandie,30.0,4.0,2.0,2,1.0,28,Normandie,76,2,96,LeHavre,166058,1780,167838.0,1.0,2,,0.0,2.0,1.0,1.0,A01
202300009744,6,2,2023,11:50,1,76.0,76114,2,1,1.0,2.0,GAMBETTA LEON (RUE),"49,57081000","0,47046000",,76.076114,76114,Seine-Maritime,28.0,Normandie,50.0,3.0,1.0,1,1.0,28,Normandie,76,2,3,Bolbec,11635,147,11782.0,1.0,10,,0.0,2.0,4.0,23.0,A01
202300009744,6,2,2023,11:50,1,76.0,76114,2,1,1.0,2.0,GAMBETTA LEON (RUE),"49,57081000","0,47046000",,76.076114,76114,Seine-Maritime,28.0,Normandie,50.0,3.0,1.0,1,1.0,28,Normandie,76,2,3,Bolbec,11635,147,11782.0,1.0,1,,0.0,2.0,0.0,0.0,B01
202300009851,29,4,2023,23:45,4,76.0,76108,2,3,1.0,1.0,Route de Neufchâtel,"49,46410000","1,11404000",,76.076108,76108,Seine-Maritime,28.0,Normandie,50.0,7.0,1.0,1,1.0,28,Normandie,76,3,2,Bois-Guillaume,14262,361,14623.0,1.0,7,,0.0,2.0,3.0,15.0,A01
202300009851,29,4,2023,23:45,4,76.0,76108,2,3,1.0,1.0,Route de Neufchâtel,"49,46410000","1,11404000",,76.076108,76108,Seine-Maritime,28.0,Normandie,50.0,7.0,1.0,1,1.0,28,Normandie,76,3,2,Bois-Guillaume,14262,361,14623.0,0.0,33,,0.0,2.0,3.0,1.0,B01
202300009852,29,4,2023,19:00,1,76.0,76540,2,1,1.0,4.0,Quai du Havre,"49,44030000","1,08408000",,76.076540,76540,Seine-Maritime,28.0,Normandie,50.0,7.0,2.0,4,1.0,28,Normandie,76,3,97,Rouen,114083,1556,115639.0,3.0,7,,0.0,2.0,1.0,26.0,D01
202300009852,29,4,2023,19:00,1,76.0,76540,2,1,1.0,4.0,Quai du Havre,"49,44030000","1,08408000",,76.076540,76540,Seine-Maritime,28.0,Normandie,50.0,7.0,2.0,4,1.0,28,Normandie,76,3,97,Rouen,114083,1556,115639.0,3.0,7,,0.0,2.0,4.0,23.0,A01
202300009852,29,4,2023,19:00,1,76.0,76540,2,1,1.0,4.0,Quai du Havre,"49,44030000","1,08408000",,76.076540,76540,Seine-Maritime,28.0,Normandie,50.0,7.0,2.0,4,1.0,28,Normandie,76,3,97,Rouen,114083,1556,115639.0,3.0,7,,0.0,2.0,4.0,26.0,B01
202300009852,29,4,2023,19:00,1,76.0,76540,2,1,1.0,4.0,Quai du Havre,"49,44030000","1,08408000",,76.076540,76540,Seine-Maritime,28.0,Normandie,50.0,7.0,2.0,4,1.0,28,Normandie,76,3,97,Rouen,114083,1556,115639.0,3.0,7,,0.0,2.0,4.0,26.0,C01
202300009852,29,4,2023,19:00,1,76.0,76540,2,1,1.0,4.0,Quai du Havre,"49,44030000","1,08408000",,76.076540,76540,Seine-Maritime,28.0,Normandie,50.0,7.0,2.0,4,1.0,28,Normandie,76,3,97,Rouen,114083,1556,115639.0,3.0,7,,0.0,2.0,0.0,10.0,E01
202300009853,29,4,2023,18:15,1,76.0,76540,2,1,1.0,3.0,Rue des Faulx,"49,44173000","1,10095000",,76.076540,76540,Seine-Maritime,28.0,Normandie,50.0,4.0,2.0,2,1.0,28,Normandie,76,3,97,Rouen,114083,1556,115639.0,1.0,1,,0.0,2.0,2.0,1.0,B01
202300009853,29,4,2023,18:15,1,76.0,76540,2,1,1.0,3.0,Rue des Faulx,"49,44173000","1,10095000",,76.076540,76540,Seine-Maritime,28.0,Normandie,50.0,4.0,2.0,2,1.0,28,Normandie,76,3,97,Rouen,114083,1556,115639.0,1.0,7,,0.0,2.0,6.0,24.0,A01
202300009854,29,4,2023,10:40,1,76.0,76540,2,1,1.0,3.0,Quai de Boisguilbert,"49,44315400","1,07487800",,76.076540,76540,Seine-Maritime,28.0,Normandie,50.0,7.0,2.0,5,1.0,28,Normandie,76,3,97,Rouen,114083,1556,115639.0,0.0,2,,0.0,2.0,1.0,2.0,B01
202300009854,29,4,2023,10:40,1,76.0,76540,2,1,1.0,3.0,Quai de Boisguilbert,"49,44315400","1,07487800",,76.076540,76540,Seine-Maritime,28.0,Normandie,50.0,7.0,2.0,5,1.0,28,Normandie,76,3,97,Rouen,114083,1556,115639.0,3.0,7,,0.0,2.0,8.0,10.0,A01
202300009908,29,4,2023,11:30,1,76.0,76208,1,1,1.0,3.0,Route du Mont Louvet,"49,50661000","1,66868800",,76.076208,76208,Seine-Maritime,28.0,Normandie,80.0,3.0,2.0,2,1.0,28,Normandie,76,1,12,Cuy-Saint-Fiacre,642,9,651.0,1.0,7,,0.0,2.0,3.0,1.0,A01
202300009908,29,4,2023,11:30,1,76.0,76208,1,1,1.0,3.0,Route du Mont Louvet,"49,50661000","1,66868800",,76.076208,76208,Seine-Maritime,28.0,Normandie,80.0,3.0,2.0,2,1.0,28,Normandie,76,1,12,Cuy-Saint-Fiacre,642,9,651.0,2.0,7,,0.0,2.0,3.0,1.0,B01
202300009909,30,4,2023,05:30,3,76.0,76067,2,1,1.0,7.0,Route du Camp Caillot,"49,48484100","1,61715700",,76.076067,76067,Seine-Maritime,28.0,Normandie,80.0,3.0,2.0,2,1.0,28,Normandie,76,1,12,Beauvoir-en-Lyons,598,15,613.0,2.0,7,,0.0,0.0,1.0,1.0,A01
202300009941,30,4,2023,23:45,5,76.0,76533,1,9,1.0,7.0,parc logistique du pont de normandie,"49,47605800","0,26036700",,76.076533,76533,Seine-Maritime,28.0,Normandie,70.0,4.0,3.0,2,1.0,28,Normandie,76,2,16,RogervilLe1706,19,1725,,3.0,33,,3.0,0.0,2.0,2.0,A01
202300010174,23,11,2023,16:45,1,76.0,76673,1,1,8.0,5.0,RN31,"49,46134368","1,27359366",,76.076673,76673,Seine-Maritime,28.0,Normandie,80.0,2.0,2.0,2,1.0,28,Normandie,76,3,21,Servaville-SalmonvilLe1125,14,1139,,2.0,7,,0.0,2.0,1.0,1.0,C01
202300010174,23,11,2023,16:45,1,76.0,76673,1,1,8.0,5.0,RN31,"49,46134368","1,27359366",,76.076673,76673,Seine-Maritime,28.0,Normandie,80.0,2.0,2.0,2,1.0,28,Normandie,76,3,21,Servaville-SalmonvilLe1125,14,1139,,1.0,7,,0.0,2.0,3.0,13.0,A01
202300010174,23,11,2023,16:45,1,76.0,76673,1,1,8.0,5.0,RN31,"49,46134368","1,27359366",,76.076673,76673,Seine-Maritime,28.0,Normandie,80.0,2.0,2.0,2,1.0,28,Normandie,76,3,21,Servaville-SalmonvilLe1125,14,1139,,2.0,7,,0.0,2.0,1.0,1.0,B01