Num_Acc,jour,mois,an,hrmn,lum,dep,com,agg,int,atm,col,adr,lat,long,gps,com_insee_temp,com_insee,departmentName,regionCode,regionName,vma,catr,circ,nbv,surf,Code,Region,Departement,Arrondissement,Code_Canton,Nom_Commune,Population_municipaLe,Population_comptee_a_part,Population_Totale,senc,catv,occutc,obs,obsm,choc,manv,num_veh
202300010215,14,11,2023,09:30,1,76.0,76312,2,1,2.0,1.0,Route de Dieppe,"49,49216600","1,68909400",,76.076312,76312,Seine-Maritime,28.0,Normandie,50.0,3.0,2.0,2,2.0,28,Normandie,76,1,12,Gournay-en-Bray,5944,85,6029.0,0.0,7,,0.0,2.0,3.0,1.0,A01
202300010215,14,11,2023,09:30,1,76.0,76312,2,1,2.0,1.0,Route de Dieppe,"49,49216600","1,68909400",,76.076312,76312,Seine-Maritime,28.0,Normandie,50.0,3.0,2.0,2,2.0,28,Normandie,76,1,12,Gournay-en-Bray,5944,85,6029.0,0.0,15,,0.0,2.0,3.0,1.0,B01
202300010241,4,6,2023,12:30,1,76.0,76560,1,1,1.0,7.0,D7,"49,41238000","1,17345600",,76.076560,76560,Seine-Maritime,28.0,Normandie,80.0,7.0,2.0,2,1.0,28,Normandie,76,3,6,Saint-Aubin-Épinay,1019,18,1037.0,1.0,32,,0.0,0.0,8.0,1.0,A01
202300010242,4,6,2023,16:15,1,76.0,76367,1,1,1.0,6.0,D90,"49,50846230","1,04616612",,76.076367,76367,Seine-Maritime,28.0,Normandie,80.0,7.0,2.0,2,1.0,28,Normandie,76,3,24,HouppevilLe2884,51,2935,,2.0,7,,0.0,1.0,7.0,2.0,A01
202300010246,3,6,2023,19:10,1,76.0,76377,2,1,1.0,3.0,509 Route de Neufchatel,"49,49086300","1,14319000",,76.076377,76377,Seine-Maritime,28.0,Normandie,50.0,7.0,2.0,2,1.0,28,Normandie,76,3,2,IsneauvilLe3657,64,3721,,1.0,33,,0.0,2.0,1.0,7.0,A01
202300010246,3,6,2023,19:10,1,76.0,76377,2,1,1.0,3.0,509 Route de Neufchatel,"49,49086300","1,14319000",,76.076377,76377,Seine-Maritime,28.0,Normandie,50.0,7.0,2.0,2,1.0,28,Normandie,76,3,2,IsneauvilLe3657,64,3721,,1.0,7,,0.0,2.0,7.0,16.0,B01
202300010328,16,8,2023,21:45,5,76.0,76057,2,2,1.0,1.0,4 Rue Jules Ferry,"49,55060000","0,95775800",,76.076057,76057,Seine-Maritime,28.0,Normandie,-1.0,4.0,2.0, -1,1.0,28,Normandie,76,3,1,Barentin,12154,238,12392.0,1.0,7,,0.0,2.0,1.0,1.0,A01
202300010328,16,8,2023,21:45,5,76.0,76057,2,2,1.0,1.0,4 Rue Jules Ferry,"49,55060000","0,95775800",,76.076057,76057,Seine-Maritime,28.0,Normandie,-1.0,4.0,2.0, -1,1.0,28,Normandie,76,3,1,Barentin,12154,238,12392.0,0.0,1,,0.0,2.0,3.0,9.0,B01
202300010334,18,8,2023,20:15,1,76.0,76758,2,2,1.0,1.0,Rue du Colonel Trupel,"49,61953100","0,75911900",,76.076758,76758,Seine-Maritime,28.0,Normandie,-1.0,3.0,1.0, -1,1.0,28,Normandie,76,3,35,Yvetot,11385,208,11593.0,3.0,7,,0.0,2.0,7.0,1.0,A01
202300010334,18,8,2023,20:15,1,76.0,76758,2,2,1.0,1.0,Rue du Colonel Trupel,"49,61953100","0,75911900",,76.076758,76758,Seine-Maritime,28.0,Normandie,-1.0,3.0,1.0, -1,1.0,28,Normandie,76,3,35,Yvetot,11385,208,11593.0,3.0,30,,0.0,2.0,1.0,5.0,B01
202300010338,21,8,2023,07:05,2,76.0,76448,2,6,5.0,3.0,Rue de Bois l’Eveque,"49,40343400","1,24879900",,76.076448,76448,Seine-Maritime,28.0,Normandie,50.0,7.0,2.0,2,1.0,28,Normandie,76,3,21,Montmain,1448,36,1484.0,2.0,2,,0.0,2.0,1.0,1.0,A01
202300010338,21,8,2023,07:05,2,76.0,76448,2,6,5.0,3.0,Rue de Bois l’Eveque,"49,40343400","1,24879900",,76.076448,76448,Seine-Maritime,28.0,Normandie,50.0,7.0,2.0,2,1.0,28,Normandie,76,3,21,Montmain,1448,36,1484.0,3.0,7,,0.0,2.0,5.0,1.0,B01
202300010485,9,7,2023,06:30,2,76.0,76240,2,1,1.0,7.0,16 Route du Havre,"49,70714000","0,36475600",,76.076240,76240,Seine-Maritime,28.0,Normandie,50.0,3.0,2.0,2,1.0,28,Normandie,76,2,11,ÉprevilLe1052,28,1080,,1.0,2,,15.0,0.0,8.0,26.0,A01
202300010537,7,7,2023,05:00,2,76.0,76252,1,1,1.0,7.0,D22,"50,02269200","1,38496400",,76.076252,76252,Seine-Maritime,28.0,Normandie,80.0,3.0,2.0,2,1.0,28,Normandie,76,1,10,Étalondes,1059,30,1089.0,1.0,7,,13.0,0.0,9.0,0.0,A01
202300011002,13,8,2023,23:50,5,76.0,76351,2,2,1.0,7.0,WINSTON CHURCHILL,"49,49401000","0,13839000",,76.076351,76351,Seine-Maritime,28.0,Normandie,50.0,4.0,3.0,7,1.0,28,Normandie,76,2,96,LeHavre,166058,1780,167838.0,2.0,33,,7.0,0.0,1.0,1.0,A01
202300011014,19,3,2023,21:40,5,76.0,76366,2,3,1.0,6.0,Rue du Général de Gaulle,"49,50500000","1,04105000",,76.076366,76366,Seine-Maritime,28.0,Normandie,50.0,7.0,2.0,2,1.0,28,Normandie,76,3,24,LeHoulme,4133,32,4165.0,0.0,7,,5.0,1.0,1.0,1.0,A01
202300011030,8,7,2023,20:00,1,76.0,76498,2,6,1.0,2.0,Rue Pablo Neruda,"49,42590000","1,05900000",,76.076498,76498,Seine-Maritime,28.0,Normandie,50.0,4.0,2.0,2,2.0,28,Normandie,76,3,27,LePetit-Quevilly,21782,274,22056.0,0.0,10,,0.0,2.0,1.0,16.0,A01
202300011030,8,7,2023,20:00,1,76.0,76498,2,6,1.0,2.0,Rue Pablo Neruda,"49,42590000","1,05900000",,76.076498,76498,Seine-Maritime,28.0,Normandie,50.0,4.0,2.0,2,2.0,28,Normandie,76,3,27,LePetit-Quevilly,21782,274,22056.0,3.0,7,,0.0,1.0,1.0,2.0,B01
202300011068,27,12,2023,15:50,1,76.0,76351,2,3,1.0,6.0,ROMAIN ROLLAND (RUE),"49,50647000","0,11165000",,76.076351,76351,Seine-Maritime,28.0,Normandie,50.0,4.0,1.0,1,1.0,28,Normandie,76,2,96,LeHavre,166058,1780,167838.0,0.0,7,,12.0,0.0,2.0,14.0,A01
202300011346,17,9,2023,11:35,1,76.0,76351,2,3,1.0,7.0,FRISSARD (QUAI),"49,48967000","0,12468000",,76.076351,76351,Seine-Maritime,28.0,Normandie,50.0,4.0,2.0,2,2.0,28,Normandie,76,2,96,LeHavre,166058,1780,167838.0,0.0,2,,0.0,0.0,8.0,15.0,A01
202300011347,15,9,2023,17:40,1,76.0,76447,2,1,1.0,6.0,ANCIENNE HUILERIE (PLACE),"49,54451200","0,18786100",,76.076447,76447,Seine-Maritime,28.0,Normandie,-1.0,4.0,1.0,0,1.0,28,Normandie,76,2,15,Montivilliers,15457,203,15660.0,0.0,7,,0.0,1.0,1.0,16.0,A01
202300011348,15,9,2023,16:45,1,76.0,76447,1,1,1.0,2.0,RD 489,"49,53966202","0,20851065",,76.076447,76447,Seine-Maritime,28.0,Normandie,90.0,3.0,3.0,4,1.0,28,Normandie,76,2,15,Montivilliers,15457,203,15660.0,0.0,7,,0.0,0.0,0.0,0.0,B01
202300011348,15,9,2023,16:45,1,76.0,76447,1,1,1.0,2.0,RD 489,"49,53966202","0,20851065",,76.076447,76447,Seine-Maritime,28.0,Normandie,90.0,3.0,3.0,4,1.0,28,Normandie,76,2,15,Montivilliers,15457,203,15660.0,0.0,33,,0.0,0.0,1.0,1.0,A01
202300011560,18,10,2023,14:50,1,76.0,76351,2,3,2.0,6.0,FRERE CONSTANCE,"49,49022105","0,10063836",,76.076351,76351,Seine-Maritime,28.0,Normandie,-1.0,4.0,3.0, -1,2.0,28,Normandie,76,2,96,LeHavre,166058,1780,167838.0,0.0,7,,0.0,1.0,1.0,1.0,A01
202300011645,5,2,2023,04:20,5,76.0,76484,1,6,1.0,6.0,D18 E,"49,34553641","1,07718945",,76.076484,76484,Seine-Maritime,28.0,Normandie,70.0,7.0,3.0,4,1.0,28,Normandie,76,3,31,Oissel,12367,83,12450.0,1.0,7,,4.0,0.0,1.0,9.0,A01
202300011647,5,2,2023,02:15,5,76.0,76540,2,2,1.0,3.0,Avenue de Bretagne,"49,43329000","1,08529000",,76.076540,76540,Seine-Maritime,28.0,Normandie,30.0,7.0,2.0,2,1.0,28,Normandie,76,3,97,Rouen,114083,1556,115639.0,3.0,7,,0.0,2.0,8.0,15.0,B01
202300011647,5,2,2023,02:15,5,76.0,76540,2,2,1.0,3.0,Avenue de Bretagne,"49,43329000","1,08529000",,76.076540,76540,Seine-Maritime,28.0,Normandie,30.0,7.0,2.0,2,1.0,28,Normandie,76,3,97,Rouen,114083,1556,115639.0,3.0,7,,0.0,2.0,1.0,1.0,A01
202300011853,25,4,2023,23:10,5,76.0,76351,2,1,1.0,7.0,CLAUDE MONET,"49,50140000","0,08878000",,76.076351,76351,Seine-Maritime,28.0,Normandie,50.0,4.0,2.0,2,1.0,28,Normandie,76,2,96,LeHavre,166058,1780,167838.0,0.0,50,,0.0,0.0,0.0,14.0,A01
202300011854,27,4,2023,15:40,1,76.0,76349,1,3,1.0,3.0,OUVILLE (ROUTE D'),"49,89246200","1,03999000",,76.076349,76349,Seine-Maritime,28.0,Normandie,80.0,3.0,2.0,2,1.0,28,Normandie,76,1,7,Hautot-sur-Mer,1887,46,1933.0,1.0,7,,0.0,2.0,2.0,1.0,B01
202300011854,27,4,2023,15:40,1,76.0,76349,1,3,1.0,3.0,OUVILLE (ROUTE D'),"49,89246200","1,03999000",,76.076349,76349,Seine-Maritime,28.0,Normandie,80.0,3.0,2.0,2,1.0,28,Normandie,76,1,7,Hautot-sur-Mer,1887,46,1933.0,1.0,7,,0.0,9.0,3.0,16.0,A01
202300011855,25,3,2023,17:15,1,76.0,76114,2,1,1.0,6.0,PASSAS JULES (BOULEVARD),"49,56755000","0,47260000",,76.076114,76114,Seine-Maritime,28.0,Normandie,50.0,4.0,-1.0,2,1.0,28,Normandie,76,2,3,Bolbec,11635,147,11782.0,3.0,7,,1.0,0.0,2.0,0.0,A01
202300011985,22,11,2023,19:40,5,76.0,76655,2,7,1.0,3.0,Place de l'Hotel de Ville,"49,86887900","0,71316700",,76.076655,76655,Seine-Maritime,28.0,Normandie,50.0,6.0,-1.0, -1,1.0,28,Normandie,76,1,33,Saint-Valery-en-Caux,3915,162,4077.0,3.0,50,,0.0,2.0,1.0,5.0,A01
202300011985,22,11,2023,19:40,5,76.0,76655,2,7,1.0,3.0,Place de l'Hotel de Ville,"49,86887900","0,71316700",,76.076655,76655,Seine-Maritime,28.0,Normandie,50.0,6.0,-1.0, -1,1.0,28,Normandie,76,1,33,Saint-Valery-en-Caux,3915,162,4077.0,0.0,7,,0.0,0.0,3.0,1.0,B01
202300012124,3,6,2023,23:00,5,76.0,76681,2,3,1.0,1.0,Rue Pierre Corneille,"49,42334100","1,08977900",,76.076681,76681,Seine-Maritime,28.0,Normandie,30.0,7.0,2.0,2,1.0,28,Normandie,76,3,99,Sotteville-lès-Rouen,28965,475,29440.0,0.0,7,,0.0,2.0,1.0,3.0,A01
202300012124,3,6,2023,23:00,5,76.0,76681,2,3,1.0,1.0,Rue Pierre Corneille,"49,42334100","1,08977900",,76.076681,76681,Seine-Maritime,28.0,Normandie,30.0,7.0,2.0,2,1.0,28,Normandie,76,3,99,Sotteville-lès-Rouen,28965,475,29440.0,0.0,7,,0.0,2.0,1.0,3.0,B01
202300012214,12,8,2023,18:47,1,76.0,76114,2,1,1.0,6.0,MARTYRS DE LA RESISTANCE (RUE DES),"49,57349000","0,47737000",,76.076114,76114,Seine-Maritime,28.0,Normandie,30.0,3.0,2.0,2,1.0,28,Normandie,76,2,3,Bolbec,11635,147,11782.0,1.0,7,,0.0,1.0,3.0,1.0,A01
202300012321,20,11,2023,12:00,1,76.0,76351,2,6,2.0,6.0,LOUIS BLANC,"49,50710100","0,12848300",,76.076351,76351,Seine-Maritime,28.0,Normandie,50.0,4.0,1.0,2,2.0,28,Normandie,76,2,96,LeHavre,166058,1780,167838.0,1.0,7,,0.0,1.0,1.0,16.0,A01
202300012327,21,11,2023,08:35,4,76.0,76217,2,9,3.0,6.0,BERIGNY (BOULEVARD),"49,92000000","1,08000000",,76.076217,76217,Seine-Maritime,28.0,Normandie,50.0,6.0,-1.0, -1,2.0,28,Normandie,76,1,95,Dieppe,28358,455,28813.0,2.0,7,,0.0,1.0,3.0,1.0,A01
202300012408,6,7,2023,11:50,1,76.0,76540,2,2,1.0,6.0,Rue de la Roche,"49,44514000","1,10337000",,76.076540,76540,Seine-Maritime,28.0,Normandie,30.0,4.0,1.0,1,1.0,28,Normandie,76,3,97,Rouen,114083,1556,115639.0,0.0,7,,14.0,0.0,2.0,1.0,A01
202300012543,7,7,2023,21:45,2,76.0,76484,1,1,1.0,6.0,Route des Essarts,"49,34318313","1,07347369",,76.076484,76484,Seine-Maritime,28.0,Normandie,80.0,7.0,2.0,2,1.0,28,Normandie,76,3,31,Oissel,12367,83,12450.0,0.0,31,,0.0,5.0,1.0,1.0,A01
202300012548,7,7,2023,03:36,5,76.0,76540,2,2,1.0,3.0,Boulevard de l'Europe,"49,43456065","1,07646865",,76.076540,76540,Seine-Maritime,28.0,Normandie,50.0,7.0,2.0,4,1.0,28,Normandie,76,3,97,Rouen,114083,1556,115639.0,3.0,20,,0.0,2.0,2.0,1.0,A01
202300012548,7,7,2023,03:36,5,76.0,76540,2,2,1.0,3.0,Boulevard de l'Europe,"49,43456065","1,07646865",,76.076540,76540,Seine-Maritime,28.0,Normandie,50.0,7.0,2.0,4,1.0,28,Normandie,76,3,97,Rouen,114083,1556,115639.0,0.0,80,,0.0,2.0,0.0,1.0,B01
202300012560,26,12,2023,21:30,5,76.0,76351,2,3,1.0,3.0,ANDREI SAKHAROV (RUE),"49,50484000","0,17179000",,76.076351,76351,Seine-Maritime,28.0,Normandie,50.0,4.0,2.0,2,1.0,28,Normandie,76,2,96,LeHavre,166058,1780,167838.0,0.0,7,,0.0,2.0,2.0,1.0,A01
202300012560,26,12,2023,21:30,5,76.0,76351,2,3,1.0,3.0,ANDREI SAKHAROV (RUE),"49,50484000","0,17179000",,76.076351,76351,Seine-Maritime,28.0,Normandie,50.0,4.0,2.0,2,1.0,28,Normandie,76,2,96,LeHavre,166058,1780,167838.0,0.0,7,,0.0,2.0,3.0,16.0,B01
202300012635,14,8,2023,18:45,1,76.0,76057,2,1,1.0,3.0,avenue du président kennedy,"49,54959700","0,94240300",,76.076057,76057,Seine-Maritime,28.0,Normandie,50.0,3.0,2.0,1,1.0,28,Normandie,76,3,1,Barentin,12154,238,12392.0,0.0,7,,0.0,2.0,3.0,13.0,A01
202300012635,14,8,2023,18:45,1,76.0,76057,2,1,1.0,3.0,avenue du président kennedy,"49,54959700","0,94240300",,76.076057,76057,Seine-Maritime,28.0,Normandie,50.0,3.0,2.0,1,1.0,28,Normandie,76,3,1,Barentin,12154,238,12392.0,0.0,7,,0.0,2.0,2.0,1.0,B01
202300012701,2,6,2023,13:20,1,76.0,76540,2,3,1.0,3.0,Boulevard de l'Yser,"49,44769000","1,10206000",,76.076540,76540,Seine-Maritime,28.0,Normandie,50.0,7.0,2.0,2,1.0,28,Normandie,76,3,97,Rouen,114083,1556,115639.0,0.0,37,1.0,0.0,0.0,8.0,15.0,B01
202300012701,2,6,2023,13:20,1,76.0,76540,2,3,1.0,3.0,Boulevard de l'Yser,"49,44769000","1,10206000",,76.076540,76540,Seine-Maritime,28.0,Normandie,50.0,7.0,2.0,2,1.0,28,Normandie,76,3,97,Rouen,114083,1556,115639.0,2.0,33,,0.0,2.0,1.0,7.0,A01
202300012706,1,6,2023,12:50,1,76.0,76351,2,3,1.0,2.0,Rue Socrate,"49,51656100","0,15603400",,76.076351,76351,Seine-Maritime,28.0,Normandie,50.0,4.0,2.0,2,1.0,28,Normandie,76,2,96,LeHavre,166058,1780,167838.0,2.0,7,,0.0,2.0,4.0,23.0,B01
202300012706,1,6,2023,12:50,1,76.0,76351,2,3,1.0,2.0,Rue Socrate,"49,51656100","0,15603400",,76.076351,76351,Seine-Maritime,28.0,Normandie,50.0,4.0,2.0,2,1.0,28,Normandie,76,2,96,LeHavre,166058,1780,167838.0,2.0,7,,0.0,2.0,1.0,1.0,A01
202300012729,13,8,2023,01:40,5,76.0,76540,2,1,1.0,6.0,Avenue de Bretagne,"49,43383200","1,08548300",,76.076540,76540,Seine-Maritime,28.0,Normandie,50.0,7.0,2.0,3,1.0,28,Normandie,76,3,97,Rouen,114083,1556,115639.0,1.0,7,,0.0,1.0,0.0,0.0,A01
202300012734,12,8,2023,13:30,1,76.0,76410,1,1,1.0,7.0,A150,"49,46838669","1,03542253",,76.076410,76410,Seine-Maritime,28.0,Normandie,110.0,1.0,3.0,4,1.0,28,Normandie,76,3,4,Maromme,11024,122,11146.0,2.0,7,,4.0,0.0,9.0,1.0,A01
202300012764,27,12,2023,23:50,3,76.0,76584,1,1,1.0,7.0,A28,"49,74734800","1,47802600",,76.076584,76584,Seine-Maritime,28.0,Normandie,130.0,1.0,3.0,2,1.0,28,Normandie,76,1,23,Saint-Germain-sur-Eaulne,222,4,226.0,2.0,7,,16.0,0.0,8.0,0.0,A01
202300012819,18,3,2023,17:55,1,76.0,76540,2,3,2.0,3.0,Quai Cavelier de la Salle,"49,43804000","1,08293000",,76.076540,76540,Seine-Maritime,28.0,Normandie,50.0,4.0,2.0,2,2.0,28,Normandie,76,3,97,Rouen,114083,1556,115639.0,3.0,50,,0.0,2.0,0.0,0.0,B01
202300012819,18,3,2023,17:55,1,76.0,76540,2,3,2.0,3.0,Quai Cavelier de la Salle,"49,43804000","1,08293000",,76.076540,76540,Seine-Maritime,28.0,Normandie,50.0,4.0,2.0,2,2.0,28,Normandie,76,3,97,Rouen,114083,1556,115639.0,3.0,7,,0.0,2.0,1.0,1.0,A01
202300012978,18,3,2023,16:20,1,76.0,76302,2,1,1.0,1.0,Rue de la Voie Romaine,"49,64440200","0,37391100",,76.076302,76302,Seine-Maritime,28.0,Normandie,50.0,6.0,2.0,2,1.0,28,Normandie,76,2,32,GodervilLe2839,39,2878,,3.0,1,,0.0,0.0,8.0,26.0,B01
202300012978,18,3,2023,16:20,1,76.0,76302,2,1,1.0,1.0,Rue de la Voie Romaine,"49,64440200","0,37391100",,76.076302,76302,Seine-Maritime,28.0,Normandie,50.0,6.0,2.0,2,1.0,28,Normandie,76,2,32,GodervilLe2839,39,2878,,3.0,7,,0.0,9.0,1.0,15.0,A01
202300012984,26,12,2023,12:15,1,76.0,76351,2,3,1.0,3.0,CAVEE VERTE (RUE DE LA),"49,50588000","0,11680000",,76.076351,76351,Seine-Maritime,28.0,Normandie,50.0,4.0,2.0,4,1.0,28,Normandie,76,2,96,LeHavre,166058,1780,167838.0,0.0,7,,0.0,2.0,5.0,15.0,A01
202300012984,26,12,2023,12:15,1,76.0,76351,2,3,1.0,3.0,CAVEE VERTE (RUE DE LA),"49,50588000","0,11680000",,76.076351,76351,Seine-Maritime,28.0,Normandie,50.0,4.0,2.0,4,1.0,28,Normandie,76,2,96,LeHavre,166058,1780,167838.0,0.0,50,,0.0,2.0,1.0,1.0,B01
202300012987,26,12,2023,02:20,5,76.0,76351,2,1,1.0,7.0,GOBELINS (DES),"49,49783000","0,10456000",,76.076351,76351,Seine-Maritime,28.0,Normandie,50.0,4.0,2.0,2,1.0,28,Normandie,76,2,96,LeHavre,166058,1780,167838.0,0.0,50,,0.0,0.0,0.0,14.0,A01
202300012989,22,12,2023,20:40,3,76.0,76270,1,1,1.0,6.0,RD 6382,"49,53031000","0,12958000",,76.076270,76270,Seine-Maritime,28.0,Normandie,90.0,3.0,3.0,2,1.0,28,Normandie,76,2,26,Fontaine-la-Mallet,2635,54,2689.0,2.0,7,,0.0,0.0,7.0,14.0,A01
202300012993,22,12,2023,20:15,5,76.0,76305,2,6,2.0,3.0,Jacques EBERHARD (Avenue),"49,51098000","0,22932000",,76.076305,76305,Seine-Maritime,28.0,Normandie,50.0,4.0,2.0,2,2.0,28,Normandie,76,2,16,Gonfreville-l'Orcher,8961,44,9005.0,0.0,50,,0.0,2.0,7.0,1.0,A01
202300012993,22,12,2023,20:15,5,76.0,76305,2,6,2.0,3.0,Jacques EBERHARD (Avenue),"49,51098000","0,22932000",,76.076305,76305,Seine-Maritime,28.0,Normandie,50.0,4.0,2.0,2,2.0,28,Normandie,76,2,16,Gonfreville-l'Orcher,8961,44,9005.0,0.0,7,,0.0,2.0,1.0,16.0,Z01
202300013129,17,3,2023,19:00,2,76.0,76157,2,3,1.0,3.0,Cote de Canteleu,"49,44515000","1,04208000",,76.076157,76157,Seine-Maritime,28.0,Normandie,50.0,7.0,2.0,2,1.0,28,Normandie,76,3,4,Canteleu,13966,360,14326.0,3.0,7,,0.0,2.0,1.0,1.0,B01
202300013129,17,3,2023,19:00,2,76.0,76157,2,3,1.0,3.0,Cote de Canteleu,"49,44515000","1,04208000",,76.076157,76157,Seine-Maritime,28.0,Normandie,50.0,7.0,2.0,2,1.0,28,Normandie,76,3,4,Canteleu,13966,360,14326.0,3.0,7,,0.0,2.0,7.0,15.0,A01
202300013131,16,3,2023,16:25,1,76.0,76351,2,2,1.0,3.0,GABRIEL PERI,"49,49390000","0,11834000",,76.076351,76351,Seine-Maritime,28.0,Normandie,50.0,4.0,1.0,1,1.0,28,Normandie,76,2,96,LeHavre,166058,1780,167838.0,0.0,50,,0.0,2.0,7.0,19.0,B01
202300013131,16,3,2023,16:25,1,76.0,76351,2,2,1.0,3.0,GABRIEL PERI,"49,49390000","0,11834000",,76.076351,76351,Seine-Maritime,28.0,Normandie,50.0,4.0,1.0,1,1.0,28,Normandie,76,2,96,LeHavre,166058,1780,167838.0,0.0,7,,0.0,2.0,1.0,1.0,A01
202300013267,12,9,2023,14:25,1,76.0,76272,2,9,1.0,6.0,Rue Edouard Loisel,"49,81308600","0,85028700",,76.076272,76272,Seine-Maritime,28.0,Normandie,50.0,3.0,2.0,2,1.0,28,Normandie,76,1,33,Fontaine-le-Dun,885,10,895.0,1.0,7,,0.0,1.0,1.0,1.0,A01
202300013589,18,10,2023,18:45,2,76.0,76498,2,1,6.0,3.0,Boulevard Charles de Gaulle,"49,42250000","1,06638000",,76.076498,76498,Seine-Maritime,28.0,Normandie,50.0,4.0,2.0,2,2.0,28,Normandie,76,3,27,LePetit-Quevilly,21782,274,22056.0,1.0,30,,0.0,2.0,1.0,1.0,B01
202300013589,18,10,2023,18:45,2,76.0,76498,2,1,6.0,3.0,Boulevard Charles de Gaulle,"49,42250000","1,06638000",,76.076498,76498,Seine-Maritime,28.0,Normandie,50.0,4.0,2.0,2,2.0,28,Normandie,76,3,27,LePetit-Quevilly,21782,274,22056.0,3.0,7,,0.0,2.0,3.0,15.0,A01
202300013590,18,10,2023,09:15,1,76.0,76351,2,2,2.0,7.0,JEAN CHARCOT,"49,49853000","0,10079000",,76.076351,76351,Seine-Maritime,28.0,Normandie,50.0,4.0,1.0,3,2.0,28,Normandie,76,2,96,LeHavre,166058,1780,167838.0,0.0,1,,0.0,0.0,0.0,1.0,A01
202300013657,28,4,2023,13:00,1,76.0,76232,2,1,8.0,7.0,Rue des Wagands,"49,79729200","0,47142500",,76.076232,76232,Seine-Maritime,28.0,Normandie,50.0,4.0,2.0,2,1.0,28,Normandie,76,2,11,Életot,634,8,642.0,3.0,7,,0.0,0.0,0.0,1.0,A01
202300013659,29,4,2023,16:10,1,76.0,76524,2,2,1.0,3.0,D50,"49,75140200","0,86632400",,76.076524,76524,Seine-Maritime,28.0,Normandie,50.0,3.0,2.0,2,1.0,28,Normandie,76,3,35,ReuvilLe143,2,145,,3.0,2,,0.0,2.0,1.0,19.0,B01
202300013659,29,4,2023,16:10,1,76.0,76524,2,2,1.0,3.0,D50,"49,75140200","0,86632400",,76.076524,76524,Seine-Maritime,28.0,Normandie,50.0,3.0,2.0,2,1.0,28,Normandie,76,3,35,ReuvilLe143,2,145,,2.0,7,,0.0,0.0,7.0,1.0,A01
202300013833,26,4,2023,13:00,1,76.0,76575,2,1,1.0,5.0,Rue de l'Industrie,"49,37963000","1,10936000",,76.076575,76575,Seine-Maritime,28.0,Normandie,50.0,4.0,2.0,2,1.0,28,Normandie,76,3,98,Saint-Étienne-du-Rouvray,28508,225,28733.0,3.0,7,,0.0,2.0,1.0,14.0,A01
202300013833,26,4,2023,13:00,1,76.0,76575,2,1,1.0,5.0,Rue de l'Industrie,"49,37963000","1,10936000",,76.076575,76575,Seine-Maritime,28.0,Normandie,50.0,4.0,2.0,2,1.0,28,Normandie,76,3,98,Saint-Étienne-du-Rouvray,28508,225,28733.0,3.0,7,,0.0,2.0,5.0,14.0,C01
202300013833,26,4,2023,13:00,1,76.0,76575,2,1,1.0,5.0,Rue de l'Industrie,"49,37963000","1,10936000",,76.076575,76575,Seine-Maritime,28.0,Normandie,50.0,4.0,2.0,2,1.0,28,Normandie,76,3,98,Saint-Étienne-du-Rouvray,28508,225,28733.0,3.0,10,,0.0,9.0,4.0,14.0,B01
202300013834,25,4,2023,17:00,1,76.0,76351,2,2,1.0,6.0,GUSTAVE FLAUBERT,"49,49792400","0,11158800",,76.076351,76351,Seine-Maritime,28.0,Normandie,50.0,4.0,1.0,1,1.0,28,Normandie,76,2,96,LeHavre,166058,1780,167838.0,2.0,7,,0.0,1.0,1.0,16.0,A01
202300014270,28,7,2023,18:35,1,76.0,76057,1,4,1.0,1.0,Route de Fresquiennes,"49,54489900","0,97208600",,76.076057,76057,Seine-Maritime,28.0,Normandie,-1.0,3.0,2.0, -1,1.0,28,Normandie,76,3,1,Barentin,12154,238,12392.0,3.0,7,,0.0,2.0,1.0,15.0,B01
202300014270,28,7,2023,18:35,1,76.0,76057,1,4,1.0,1.0,Route de Fresquiennes,"49,54489900","0,97208600",,76.076057,76057,Seine-Maritime,28.0,Normandie,-1.0,3.0,2.0, -1,1.0,28,Normandie,76,3,1,Barentin,12154,238,12392.0,2.0,10,,0.0,2.0,1.0,1.0,A01
202300014339,2,6,2023,19:00,1,76.0,76046,1,2,1.0,2.0,RD13,"49,44001700","1,29445600",,76.076046,76046,Seine-Maritime,28.0,Normandie,80.0,3.0,2.0, -1,1.0,28,Normandie,76,3,21,Auzouville-sur-Ry,689,13,702.0,2.0,33,,0.0,2.0,1.0,1.0,A01
202300014339,2,6,2023,19:00,1,76.0,76046,1,2,1.0,2.0,RD13,"49,44001700","1,29445600",,76.076046,76046,Seine-Maritime,28.0,Normandie,80.0,3.0,2.0, -1,1.0,28,Normandie,76,3,21,Auzouville-sur-Ry,689,13,702.0,2.0,7,,0.0,0.0,3.0,15.0,B01
202300014368,10,8,2023,17:30,1,76.0,76351,2,2,1.0,6.0,LOUIS BRINDEAU,"49,49134000","0,10528000",,76.076351,76351,Seine-Maritime,28.0,Normandie,30.0,4.0,1.0,2,1.0,28,Normandie,76,2,96,LeHavre,166058,1780,167838.0,0.0,7,,0.0,1.0,1.0,15.0,A01