Num_Acc,jour,mois,an,hrmn,lum,dep,com,agg,int,atm,col,adr,lat,long,gps,com_insee_temp,com_insee,departmentName,regionCode,regionName,vma,catr,circ,nbv,surf,Code,Region,Departement,Arrondissement,Code_Canton,Nom_Commune,Population_municipaLe,Population_comptee_a_part,Population_Totale,senc,catv,occutc,obs,obsm,choc,manv,num_veh
202300017853,9,8,2023,20:10,1,76.0,76231,2,2,1.0,6.0,Rue de la République,"49,29073000","0,99983000",,76.076231,76231,Seine-Maritime,28.0,Normandie,50.0,7.0,2.0,2,1.0,28,Normandie,76,3,9,Elbeuf,15951,138,16089.0,0.0,7,,0.0,2.0,1.0,19.0,B01
202300017853,9,8,2023,20:10,1,76.0,76231,2,2,1.0,6.0,Rue de la République,"49,29073000","0,99983000",,76.076231,76231,Seine-Maritime,28.0,Normandie,50.0,7.0,2.0,2,1.0,28,Normandie,76,3,9,Elbeuf,15951,138,16089.0,3.0,30,,0.0,2.0,1.0,19.0,A01
202300017963,31,5,2023,22:15,4,76.0,76575,1,1,1.0,3.0,Boulevard Lénine,"49,37903000","1,11135000",,76.076575,76575,Seine-Maritime,28.0,Normandie,70.0,7.0,3.0,4,1.0,28,Normandie,76,3,98,Saint-Étienne-du-Rouvray,28508,225,28733.0,3.0,33,,0.0,2.0,9.0,1.0,B01
202300017963,31,5,2023,22:15,4,76.0,76575,1,1,1.0,3.0,Boulevard Lénine,"49,37903000","1,11135000",,76.076575,76575,Seine-Maritime,28.0,Normandie,70.0,7.0,3.0,4,1.0,28,Normandie,76,3,98,Saint-Étienne-du-Rouvray,28508,225,28733.0,3.0,17,,0.0,2.0,8.0,13.0,A01
202300017964,9,8,2023,17:45,1,76.0,76167,1,2,1.0,1.0,Route de Montivilliers,"49,57332800","0,15561100",,76.076167,76167,Seine-Maritime,28.0,Normandie,80.0,3.0,2.0,2,1.0,28,Normandie,76,2,26,Cauville-sur-Mer,1618,29,1647.0,1.0,7,,0.0,2.0,5.0,19.0,A01
202300017964,9,8,2023,17:45,1,76.0,76167,1,2,1.0,1.0,Route de Montivilliers,"49,57332800","0,15561100",,76.076167,76167,Seine-Maritime,28.0,Normandie,80.0,3.0,2.0,2,1.0,28,Normandie,76,2,26,Cauville-sur-Mer,1618,29,1647.0,2.0,7,,0.0,2.0,3.0,1.0,B01
202300018057,19,11,2023,18:10,3,76.0,76597,1,1,2.0,4.0,D149,"49,75317100","0,88954900",,76.076597,76597,Seine-Maritime,28.0,Normandie,80.0,3.0,2.0,2,2.0,28,Normandie,76,3,35,Saint-Laurent-en-Caux,749,12,761.0,1.0,10,,0.0,0.0,4.0,21.0,A01
202300018057,19,11,2023,18:10,3,76.0,76597,1,1,2.0,4.0,D149,"49,75317100","0,88954900",,76.076597,76597,Seine-Maritime,28.0,Normandie,80.0,3.0,2.0,2,2.0,28,Normandie,76,3,35,Saint-Laurent-en-Caux,749,12,761.0,1.0,2,,0.0,2.0,9.0,21.0,B01
202300018057,19,11,2023,18:10,3,76.0,76597,1,1,2.0,4.0,D149,"49,75317100","0,88954900",,76.076597,76597,Seine-Maritime,28.0,Normandie,80.0,3.0,2.0,2,2.0,28,Normandie,76,3,35,Saint-Laurent-en-Caux,749,12,761.0,1.0,7,,0.0,2.0,1.0,2.0,C01
202300018061,3,7,2023,11:35,1,76.0,76351,2,3,1.0,6.0,ACACIAS (DES),"49,50899000","0,14046000",,76.076351,76351,Seine-Maritime,28.0,Normandie,50.0,4.0,2.0,5,1.0,28,Normandie,76,2,96,LeHavre,166058,1780,167838.0,2.0,7,,0.0,1.0,2.0,1.0,A01
202300018165,10,8,2023,17:00,1,76.0,76684,1,1,1.0,6.0,D39,"49,48699500","0,46332500",,76.076684,76684,Seine-Maritime,28.0,Normandie,80.0,3.0,2.0,2,1.0,28,Normandie,76,2,3,TancarvilLe1218,24,1242,,2.0,7,,2.0,0.0,1.0,1.0,A01
202300018258,19,11,2023,14:15,1,76.0,76743,2,1,8.0,6.0,2743 Route de Duclair,"49,52755900","0,93040500",,76.076743,76743,Seine-Maritime,28.0,Normandie,30.0,3.0,2.0,2,1.0,28,Normandie,76,3,1,Villers-ÉcalLes1734,12,1746,,1.0,2,,2.0,0.0,2.0,1.0,A01
202300018279,7,8,2023,11:00,1,76.0,76351,2,3,1.0,3.0,LOUIS LUMIERE,"49,52703000","0,13002000",,76.076351,76351,Seine-Maritime,28.0,Normandie,50.0,3.0,2.0,2,1.0,28,Normandie,76,2,96,LeHavre,166058,1780,167838.0,2.0,7,,0.0,2.0,5.0,15.0,A01
202300018279,7,8,2023,11:00,1,76.0,76351,2,3,1.0,3.0,LOUIS LUMIERE,"49,52703000","0,13002000",,76.076351,76351,Seine-Maritime,28.0,Normandie,50.0,3.0,2.0,2,1.0,28,Normandie,76,2,96,LeHavre,166058,1780,167838.0,1.0,2,,0.0,2.0,1.0,1.0,B01
202300018310,31,5,2023,14:15,1,76.0,76744,2,2,1.0,3.0,Rue du Caud Soleil,"49,83428700","1,56829800",,76.076744,76744,Seine-Maritime,28.0,Normandie,50.0,3.0,2.0,2,1.0,28,Normandie,76,1,10,Villers-sous-Foucarmont,185,3,188.0,0.0,2,,0.0,0.0,0.0,16.0,A01
202300018310,31,5,2023,14:15,1,76.0,76744,2,2,1.0,3.0,Rue du Caud Soleil,"49,83428700","1,56829800",,76.076744,76744,Seine-Maritime,28.0,Normandie,50.0,3.0,2.0,2,1.0,28,Normandie,76,1,10,Villers-sous-Foucarmont,185,3,188.0,0.0,0,,0.0,0.0,3.0,0.0,B01
202300018351,14,3,2023,06:05,5,76.0,76351,2,6,1.0,3.0,MARCEAU (RUE),"49,49181000","0,13264000",,76.076351,76351,Seine-Maritime,28.0,Normandie,50.0,4.0,3.0,4,2.0,28,Normandie,76,2,96,LeHavre,166058,1780,167838.0,2.0,37,1.0,0.0,2.0,8.0,1.0,B01
202300018351,14,3,2023,06:05,5,76.0,76351,2,6,1.0,3.0,MARCEAU (RUE),"49,49181000","0,13264000",,76.076351,76351,Seine-Maritime,28.0,Normandie,50.0,4.0,3.0,4,2.0,28,Normandie,76,2,96,LeHavre,166058,1780,167838.0,2.0,50,,0.0,2.0,1.0,1.0,A01
202300018352,10,3,2023,23:30,5,76.0,76351,2,1,1.0,6.0,CLEMENCEAU (BD),"49,48446000","0,10245000",,76.076351,76351,Seine-Maritime,28.0,Normandie,30.0,4.0,2.0,2,1.0,28,Normandie,76,2,96,LeHavre,166058,1780,167838.0,0.0,2,,12.0,0.0,1.0,1.0,A01
202300018355,14,3,2023,17:30,1,76.0,76217,2,1,1.0,6.0,VERDUN (BOULEVARD DE),"49,92556000","1,07127000",,76.076217,76217,Seine-Maritime,28.0,Normandie,30.0,4.0,-1.0,2,1.0,28,Normandie,76,1,95,Dieppe,28358,455,28813.0,0.0,7,,0.0,1.0,1.0,1.0,A01
202300018364,17,11,2023,07:55,2,76.0,76681,2,1,3.0,3.0,Pont de 4 Mares,"49,40482000","1,10745000",,76.076681,76681,Seine-Maritime,28.0,Normandie,50.0,7.0,2.0,2,2.0,28,Normandie,76,3,99,Sotteville-lès-Rouen,28965,475,29440.0,0.0,10,,0.0,2.0,2.0,17.0,A01
202300018364,17,11,2023,07:55,2,76.0,76681,2,1,3.0,3.0,Pont de 4 Mares,"49,40482000","1,10745000",,76.076681,76681,Seine-Maritime,28.0,Normandie,50.0,7.0,2.0,2,2.0,28,Normandie,76,3,99,Sotteville-lès-Rouen,28965,475,29440.0,0.0,50,,0.0,2.0,4.0,2.0,B01
202300018367,16,11,2023,16:30,1,76.0,76351,2,4,2.0,2.0,GENERAL FERRIE (AVENUE),"49,50447300","0,17774500",,76.076351,76351,Seine-Maritime,28.0,Normandie,50.0,4.0,2.0,2,2.0,28,Normandie,76,2,96,LeHavre,166058,1780,167838.0,3.0,7,,0.0,2.0,1.0,2.0,A01
202300018367,16,11,2023,16:30,1,76.0,76351,2,4,2.0,2.0,GENERAL FERRIE (AVENUE),"49,50447300","0,17774500",,76.076351,76351,Seine-Maritime,28.0,Normandie,50.0,4.0,2.0,2,2.0,28,Normandie,76,2,96,LeHavre,166058,1780,167838.0,3.0,7,,0.0,2.0,4.0,2.0,B01
202300018488,30,5,2023,09:00,1,76.0,76540,2,2,1.0,3.0,Rue Martainville,"49,43809000","1,10509000",,76.076540,76540,Seine-Maritime,28.0,Normandie,30.0,4.0,2.0,2,1.0,28,Normandie,76,3,97,Rouen,114083,1556,115639.0,3.0,37,1.0,0.0,2.0,1.0,1.0,B01
202300018488,30,5,2023,09:00,1,76.0,76540,2,2,1.0,3.0,Rue Martainville,"49,43809000","1,10509000",,76.076540,76540,Seine-Maritime,28.0,Normandie,30.0,4.0,2.0,2,1.0,28,Normandie,76,3,97,Rouen,114083,1556,115639.0,3.0,7,,0.0,2.0,3.0,19.0,A01
202300018490,29,5,2023,18:10,1,76.0,76351,2,1,1.0,6.0,JENNER (TUNNEL),"49,50814000","0,13614000",,76.076351,76351,Seine-Maritime,28.0,Normandie,50.0,4.0,3.0,6,1.0,28,Normandie,76,2,96,LeHavre,166058,1780,167838.0,2.0,33,,5.0,0.0,1.0,16.0,A01
202300018494,27,5,2023,09:16,1,76.0,76351,2,1,1.0,3.0,PAUL BERT (AVENUE).,"49,50703000","0,16933000",,76.076351,76351,Seine-Maritime,28.0,Normandie,50.0,4.0,2.0,2,1.0,28,Normandie,76,2,96,LeHavre,166058,1780,167838.0,2.0,30,,0.0,2.0,1.0,1.0,B01
202300018494,27,5,2023,09:16,1,76.0,76351,2,1,1.0,3.0,PAUL BERT (AVENUE).,"49,50703000","0,16933000",,76.076351,76351,Seine-Maritime,28.0,Normandie,50.0,4.0,2.0,2,1.0,28,Normandie,76,2,96,LeHavre,166058,1780,167838.0,2.0,7,,0.0,2.0,8.0,10.0,A01
202300018500,27,5,2023,03:24,5,76.0,76351,2,2,1.0,6.0,LENINGRAD (BD DE),"49,49875000","0,15911000",,76.076351,76351,Seine-Maritime,28.0,Normandie,50.0,4.0,2.0,2,1.0,28,Normandie,76,2,96,LeHavre,166058,1780,167838.0,0.0,50,,0.0,0.0,0.0,19.0,B01
202300018500,27,5,2023,03:24,5,76.0,76351,2,2,1.0,6.0,LENINGRAD (BD DE),"49,49875000","0,15911000",,76.076351,76351,Seine-Maritime,28.0,Normandie,50.0,4.0,2.0,2,1.0,28,Normandie,76,2,96,LeHavre,166058,1780,167838.0,0.0,7,,8.0,0.0,1.0,21.0,A01
202300018501,26,5,2023,16:50,1,76.0,76351,1,1,1.0,7.0,FELIX FAURE,"49,50069000","0,10763000",,76.076351,76351,Seine-Maritime,28.0,Normandie,50.0,4.0,2.0,2,1.0,28,Normandie,76,2,96,LeHavre,166058,1780,167838.0,0.0,2,,0.0,0.0,0.0,1.0,A01
202300018590,22,12,2023,08:45,2,76.0,76322,2,1,2.0,6.0,Avenue des Canadiens,"49,40262977","1,06549283",,76.076322,76322,Seine-Maritime,28.0,Normandie,50.0,7.0,2.0,2,2.0,28,Normandie,76,3,13,LeGrand-Quevilly,25975,225,26200.0,0.0,1,,9.0,0.0,1.0,1.0,A01
202300018595,21,12,2023,12:35,1,76.0,76270,2,1,1.0,6.0,JEAN JAURES,"49,53325000","0,14602000",,76.076270,76270,Seine-Maritime,28.0,Normandie,50.0,3.0,2.0,2,2.0,28,Normandie,76,2,26,Fontaine-la-Mallet,2635,54,2689.0,1.0,7,,1.0,0.0,1.0,1.0,A01
202300018600,21,12,2023,01:05,5,76.0,76351,2,1,2.0,1.0,JULES LECESNE (RUE),"49,49380000","0,11321000",,76.076351,76351,Seine-Maritime,28.0,Normandie,50.0,4.0,2.0,2,2.0,28,Normandie,76,2,96,LeHavre,166058,1780,167838.0,3.0,1,,0.0,2.0,0.0,1.0,B01
202300018600,21,12,2023,01:05,5,76.0,76351,2,1,2.0,1.0,JULES LECESNE (RUE),"49,49380000","0,11321000",,76.076351,76351,Seine-Maritime,28.0,Normandie,50.0,4.0,2.0,2,2.0,28,Normandie,76,2,96,LeHavre,166058,1780,167838.0,3.0,7,,0.0,2.0,1.0,1.0,Z01
202300018605,20,12,2023,13:55,1,76.0,76351,2,2,1.0,3.0,GRAVILLE (BD DE),"49,49231000","0,14839000",,76.076351,76351,Seine-Maritime,28.0,Normandie,50.0,4.0,2.0,5,1.0,28,Normandie,76,2,96,LeHavre,166058,1780,167838.0,0.0,37,1.0,0.0,2.0,2.0,16.0,A01
202300018605,20,12,2023,13:55,1,76.0,76351,2,2,1.0,3.0,GRAVILLE (BD DE),"49,49231000","0,14839000",,76.076351,76351,Seine-Maritime,28.0,Normandie,50.0,4.0,2.0,5,1.0,28,Normandie,76,2,96,LeHavre,166058,1780,167838.0,1.0,50,,0.0,2.0,1.0,1.0,B01
202300018686,13,9,2023,15:25,1,76.0,76212,2,2,1.0,6.0,Rue Sadi Carnot,"49,44110000","1,14906000",,76.076212,76212,Seine-Maritime,28.0,Normandie,50.0,7.0,2.0,2,1.0,28,Normandie,76,3,6,Darnétal,9738,74,9812.0,0.0,7,,0.0,1.0,1.0,1.0,A01
202300018757,5,3,2023,01:45,5,76.0,76351,2,1,1.0,7.0,PARIS (DE),"49,49203000","0,10777000",,76.076351,76351,Seine-Maritime,28.0,Normandie,50.0,4.0,2.0,4,1.0,28,Normandie,76,2,96,LeHavre,166058,1780,167838.0,1.0,50,,0.0,0.0,1.0,1.0,A01
202300018913,23,12,2023,17:45,3,76.0,76235,1,1,2.0,1.0,Rue Turold,"49,90450300","1,26136800",,76.076235,76235,Seine-Maritime,28.0,Normandie,80.0,3.0,2.0,2,2.0,28,Normandie,76,1,8,Envermeu,1978,132,2110.0,2.0,7,,0.0,2.0,1.0,13.0,A01
202300018913,23,12,2023,17:45,3,76.0,76235,1,1,2.0,1.0,Rue Turold,"49,90450300","1,26136800",,76.076235,76235,Seine-Maritime,28.0,Normandie,80.0,3.0,2.0,2,2.0,28,Normandie,76,1,8,Envermeu,1978,132,2110.0,1.0,7,,0.0,2.0,3.0,1.0,B01
202300019008,15,9,2023,18:30,1,76.0,76391,1,1,1.0,6.0,A13,"49,33910500","0,96170100",,76.076391,76391,Seine-Maritime,28.0,Normandie,130.0,1.0,3.0,6,1.0,28,Normandie,76,3,9,La Londe,2362,71,2433.0,2.0,7,,0.0,0.0,9.0,1.0,A01
202300019078,30,1,2023,19:30,5,76.0,76351,2,3,1.0,6.0,IRENE JOLIOT CURIE (RUE),"49,51350000","0,10452000",,76.076351,76351,Seine-Maritime,28.0,Normandie,-1.0,4.0,2.0, -1,1.0,28,Normandie,76,2,96,LeHavre,166058,1780,167838.0,0.0,7,,0.0,1.0,3.0,1.0,A01
202300019209,31,1,2023,17:45,1,76.0,76717,2,3,1.0,3.0,1 Quai Napoléon,"49,37744300","1,00224300",,76.076717,76717,Seine-Maritime,28.0,Normandie,50.0,7.0,2.0,2,1.0,28,Normandie,76,3,4,Val-de-la-Haye,708,6,714.0,0.0,10,,0.0,2.0,6.0,19.0,B01
202300019209,31,1,2023,17:45,1,76.0,76717,2,3,1.0,3.0,1 Quai Napoléon,"49,37744300","1,00224300",,76.076717,76717,Seine-Maritime,28.0,Normandie,50.0,7.0,2.0,2,1.0,28,Normandie,76,3,4,Val-de-la-Haye,708,6,714.0,0.0,33,,0.0,2.0,1.0,0.0,A01
202300019257,30,1,2023,16:40,1,76.0,76103,2,3,1.0,6.0,Route de Paris,"49,42411000","1,12303000",,76.076103,76103,Seine-Maritime,28.0,Normandie,50.0,7.0,2.0,2,1.0,28,Normandie,76,3,6,Bonsecours,6455,95,6550.0,3.0,7,,0.0,1.0,2.0,1.0,A01
202300019599,3,4,2023,16:15,1,76.0,76540,2,1,1.0,3.0,Quai de Paris,"49,43637328","1,09939992",,76.076540,76540,Seine-Maritime,28.0,Normandie,50.0,7.0,1.0,1,1.0,28,Normandie,76,3,97,Rouen,114083,1556,115639.0,1.0,7,,0.0,2.0,3.0,9.0,B01
202300019599,3,4,2023,16:15,1,76.0,76540,2,1,1.0,3.0,Quai de Paris,"49,43637328","1,09939992",,76.076540,76540,Seine-Maritime,28.0,Normandie,50.0,7.0,1.0,1,1.0,28,Normandie,76,3,97,Rouen,114083,1556,115639.0,1.0,33,,0.0,2.0,7.0,1.0,A01
202300019601,21,4,2023,07:55,1,76.0,76681,2,2,1.0,3.0,Rue Victor Hugo,"49,41201000","1,09638000",,76.076681,76681,Seine-Maritime,28.0,Normandie,50.0,4.0,2.0,2,1.0,28,Normandie,76,3,99,Sotteville-lès-Rouen,28965,475,29440.0,1.0,33,,0.0,2.0,1.0,1.0,B01
202300019601,21,4,2023,07:55,1,76.0,76681,2,2,1.0,3.0,Rue Victor Hugo,"49,41201000","1,09638000",,76.076681,76681,Seine-Maritime,28.0,Normandie,50.0,4.0,2.0,2,1.0,28,Normandie,76,3,99,Sotteville-lès-Rouen,28965,475,29440.0,1.0,7,,0.0,2.0,8.0,26.0,A01
202300019603,21,4,2023,08:55,1,76.0,76341,1,4,1.0,6.0,RD 6015,"49,50320000","0,19422000",,76.076341,76341,Seine-Maritime,28.0,Normandie,70.0,3.0,1.0,2,1.0,28,Normandie,76,2,15,Harfleur,8315,53,8368.0,1.0,7,,10.0,0.0,2.0,14.0,A01
202300019605,20,4,2023,02:10,5,76.0,76351,2,6,1.0,3.0,MARCEAU (RUE),"49,49181000","0,13285000",,76.076351,76351,Seine-Maritime,28.0,Normandie,50.0,4.0,2.0,2,1.0,28,Normandie,76,2,96,LeHavre,166058,1780,167838.0,0.0,50,,0.0,2.0,8.0,19.0,A01
202300019605,20,4,2023,02:10,5,76.0,76351,2,6,1.0,3.0,MARCEAU (RUE),"49,49181000","0,13285000",,76.076351,76351,Seine-Maritime,28.0,Normandie,50.0,4.0,2.0,2,1.0,28,Normandie,76,2,96,LeHavre,166058,1780,167838.0,0.0,7,,0.0,2.0,1.0,15.0,Z01
202300019804,3,7,2023,20:40,2,76.0,76575,2,2,1.0,3.0,RONDEAUX. RUE JEAN,"49,38575000","1,09950000",,76.076575,76575,Seine-Maritime,28.0,Normandie,50.0,7.0,2.0,2,1.0,28,Normandie,76,3,98,Saint-Étienne-du-Rouvray,28508,225,28733.0,3.0,7,,0.0,2.0,1.0,19.0,A01
202300019804,3,7,2023,20:40,2,76.0,76575,2,2,1.0,3.0,RONDEAUX. RUE JEAN,"49,38575000","1,09950000",,76.076575,76575,Seine-Maritime,28.0,Normandie,50.0,7.0,2.0,2,1.0,28,Normandie,76,3,98,Saint-Étienne-du-Rouvray,28508,225,28733.0,3.0,7,,0.0,2.0,3.0,19.0,B01
202300019806,3,7,2023,19:25,1,76.0,76157,2,3,1.0,6.0,Rue Camille Pissarro,"49,45209955","1,03418416",,76.076157,76157,Seine-Maritime,28.0,Normandie,30.0,7.0,2.0,2,1.0,28,Normandie,76,3,4,Canteleu,13966,360,14326.0,3.0,0,,0.0,1.0,0.0,26.0,A01
202300019807,2,7,2023,19:17,1,76.0,76305,1,1,1.0,7.0,D 6382,"49,49886688","0,20249605",,76.076305,76305,Seine-Maritime,28.0,Normandie,50.0,3.0,1.0,0,9.0,28,Normandie,76,2,16,Gonfreville-l'Orcher,8961,44,9005.0,2.0,33,,4.0,0.0,8.0,1.0,A01
202300019809,1,7,2023,12:50,1,76.0,76259,2,1,7.0,1.0,MANDELA ( BOULEVARD NELSON),"49,74609000","0,39132520",,76.076259,76259,Seine-Maritime,28.0,Normandie,50.0,3.0,2.0,2,1.0,28,Normandie,76,2,11,Fécamp,18016,269,18285.0,1.0,7,,0.0,2.0,3.0,13.0,A01
202300019809,1,7,2023,12:50,1,76.0,76259,2,1,7.0,1.0,MANDELA ( BOULEVARD NELSON),"49,74609000","0,39132520",,76.076259,76259,Seine-Maritime,28.0,Normandie,50.0,3.0,2.0,2,1.0,28,Normandie,76,2,11,Fécamp,18016,269,18285.0,2.0,10,,0.0,2.0,3.0,1.0,B01
202300019940,9,8,2023,11:08,1,76.0,76014,2,3,1.0,3.0,D125,"49,59051700","0,27354200",,76.076014,76014,Seine-Maritime,28.0,Normandie,80.0,3.0,2.0,2,1.0,28,Normandie,76,2,26,Angerville-l'Orcher,1394,14,1408.0,3.0,7,,0.0,2.0,3.0,16.0,A01
202300019940,9,8,2023,11:08,1,76.0,76014,2,3,1.0,3.0,D125,"49,59051700","0,27354200",,76.076014,76014,Seine-Maritime,28.0,Normandie,80.0,3.0,2.0,2,1.0,28,Normandie,76,2,26,Angerville-l'Orcher,1394,14,1408.0,1.0,33,,0.0,2.0,1.0,1.0,B01
202300019941,8,8,2023,16:15,1,76.0,76508,2,7,1.0,2.0,Rue du Major Frost,"49,67197915","0,18880069",,76.076508,76508,Seine-Maritime,28.0,Normandie,50.0,4.0,2.0,2,1.0,28,Normandie,76,2,26,La Poterie-Cap-d'Antifer,453,15,468.0,1.0,33,,0.0,2.0,1.0,23.0,A01
202300019941,8,8,2023,16:15,1,76.0,76508,2,7,1.0,2.0,Rue du Major Frost,"49,67197915","0,18880069",,76.076508,76508,Seine-Maritime,28.0,Normandie,50.0,4.0,2.0,2,1.0,28,Normandie,76,2,26,La Poterie-Cap-d'Antifer,453,15,468.0,3.0,33,,0.0,0.0,4.0,23.0,B01
202300019962,8,8,2023,09:55,1,76.0,76255,2,1,8.0,6.0,Rue Jean Duhornay,"50,04846600","1,41344400",,76.076255,76255,Seine-Maritime,28.0,Normandie,50.0,3.0,2.0,2,1.0,28,Normandie,76,1,10,Eu,6591,197,6788.0,1.0,7,,0.0,1.0,2.0,1.0,A01
202300020048,31,5,2023,07:45,1,76.0,76100,1,2,1.0,1.0,Route de la Vieux-rue,"49,50082400","1,26283200",,76.076100,76100,Seine-Maritime,28.0,Normandie,-1.0,3.0,2.0, -1,1.0,28,Normandie,76,3,21,Blainville-Crevon,1227,19,1246.0,1.0,10,,0.0,2.0,2.0,1.0,B01
202300020048,31,5,2023,07:45,1,76.0,76100,1,2,1.0,1.0,Route de la Vieux-rue,"49,50082400","1,26283200",,76.076100,76100,Seine-Maritime,28.0,Normandie,-1.0,3.0,2.0, -1,1.0,28,Normandie,76,3,21,Blainville-Crevon,1227,19,1246.0,2.0,7,,0.0,2.0,3.0,15.0,A01
202300020137,4,8,2023,14:45,1,76.0,76351,2,1,1.0,3.0,VERDUN (RUE DE),"49,50234000","0,18826000",,76.076351,76351,Seine-Maritime,28.0,Normandie,50.0,3.0,2.0,2,1.0,28,Normandie,76,2,96,LeHavre,166058,1780,167838.0,2.0,34,,0.0,2.0,2.0,1.0,B01
202300020137,4,8,2023,14:45,1,76.0,76351,2,1,1.0,3.0,VERDUN (RUE DE),"49,50234000","0,18826000",,76.076351,76351,Seine-Maritime,28.0,Normandie,50.0,3.0,2.0,2,1.0,28,Normandie,76,2,96,LeHavre,166058,1780,167838.0,2.0,7,,0.0,2.0,3.0,10.0,A01
202300020155,31,5,2023,07:45,1,76.0,76684,1,6,1.0,3.0,D910,"49,47777300","0,45869000",,76.076684,76684,Seine-Maritime,28.0,Normandie,50.0,3.0,2.0,2,1.0,28,Normandie,76,2,3,TancarvilLe1218,24,1242,,0.0,13,,0.0,2.0,8.0,1.0,B01
202300020155,31,5,2023,07:45,1,76.0,76684,1,6,1.0,3.0,D910,"49,47777300","0,45869000",,76.076684,76684,Seine-Maritime,28.0,Normandie,50.0,3.0,2.0,2,1.0,28,Normandie,76,2,3,TancarvilLe1218,24,1242,,0.0,7,,0.0,2.0,3.0,13.0,A01
202300020324,13,3,2023,19:45,3,76.0,76093,1,1,3.0,1.0,D916,"49,42150800","1,64095000",,76.076093,76093,Seine-Maritime,28.0,Normandie,80.0,3.0,-1.0,2,2.0,28,Normandie,76,1,12,Bézancourt,360,13,373.0,1.0,7,,0.0,2.0,3.0,1.0,A01
202300020324,13,3,2023,19:45,3,76.0,76093,1,1,3.0,1.0,D916,"49,42150800","1,64095000",,76.076093,76093,Seine-Maritime,28.0,Normandie,80.0,3.0,-1.0,2,2.0,28,Normandie,76,1,12,Bézancourt,360,13,373.0,2.0,7,,0.0,2.0,3.0,13.0,B01
202300020390,30,5,2023,08:15,1,76.0,76342,1,1,1.0,3.0,365 Chemin de la Cayenne,"49,65686700","0,54519900",,76.076342,76342,Seine-Maritime,28.0,Normandie,80.0,4.0,2.0,2,1.0,28,Normandie,76,2,33,HattenvilLe709,7,716,,2.0,7,,0.0,2.0,2.0,2.0,A01
202300020390,30,5,2023,08:15,1,76.0,76342,1,1,1.0,3.0,365 Chemin de la Cayenne,"49,65686700","0,54519900",,76.076342,76342,Seine-Maritime,28.0,Normandie,80.0,4.0,2.0,2,1.0,28,Normandie,76,2,33,HattenvilLe709,7,716,,0.0,1,,0.0,2.0,8.0,26.0,B01
202300020392,16,11,2023,23:20,5,76.0,76540,2,1,2.0,6.0,Rue de Lillebonne,"49,44704000","1,06493000",,76.076540,76540,Seine-Maritime,28.0,Normandie,30.0,4.0,1.0,2,2.0,28,Normandie,76,3,97,Rouen,114083,1556,115639.0,0.0,7,,0.0,1.0,0.0,2.0,A01
202300020395,16,11,2023,19:15,5,76.0,76681,2,2,8.0,3.0,Rue Pierre Corneille,"49,42123000","1,09268000",,76.076681,76681,Seine-Maritime,28.0,Normandie,50.0,7.0,2.0,2,2.0,28,Normandie,76,3,99,Sotteville-lès-Rouen,28965,475,29440.0,0.0,7,,0.0,2.0,3.0,1.0,B01
202300020395,16,11,2023,19:15,5,76.0,76681,2,2,8.0,3.0,Rue Pierre Corneille,"49,42123000","1,09268000",,76.076681,76681,Seine-Maritime,28.0,Normandie,50.0,7.0,2.0,2,2.0,28,Normandie,76,3,99,Sotteville-lès-Rouen,28965,475,29440.0,0.0,50,,0.0,2.0,1.0,19.0,A01
202300020432,29,5,2023,17:45,1,76.0,76719,1,1,1.0,7.0,D10,"49,74316400","0,52562700",,76.076719,76719,Seine-Maritime,28.0,Normandie,80.0,3.0,2.0,2,9.0,28,Normandie,76,2,11,Valmont,867,15,882.0,2.0,33,,0.0,0.0,7.0,16.0,A01
202300020707,13,9,2023,11:25,1,76.0,76281,1,2,1.0,3.0,D484,"49,52495400","0,58190000",,76.076281,76281,Seine-Maritime,28.0,Normandie,80.0,3.0,2.0,0,1.0,28,Normandie,76,2,25,La Frénaye,2081,44,2125.0,2.0,7,,13.0,0.0,8.0,1.0,B01
202300020707,13,9,2023,11:25,1,76.0,76281,1,2,1.0,3.0,D484,"49,52495400","0,58190000",,76.076281,76281,Seine-Maritime,28.0,Normandie,80.0,3.0,2.0,0,1.0,28,Normandie,76,2,25,La Frénaye,2081,44,2125.0,2.0,7,,0.0,2.0,1.0,19.0,A01
202300020832,21,12,2023,20:30,5,76.0,76540,2,3,1.0,3.0,Rue Abbe Lemire,"49,43226373","1,08436346",,76.076540,76540,Seine-Maritime,28.0,Normandie,30.0,7.0,2.0,2,1.0,28,Normandie,76,3,97,Rouen,114083,1556,115639.0,3.0,7,,0.0,2.0,2.0,15.0,A01
202300020832,21,12,2023,20:30,5,76.0,76540,2,3,1.0,3.0,Rue Abbe Lemire,"49,43226373","1,08436346",,76.076540,76540,Seine-Maritime,28.0,Normandie,30.0,7.0,2.0,2,1.0,28,Normandie,76,3,97,Rouen,114083,1556,115639.0,0.0,50,,0.0,0.0,0.0,0.0,B01
202300020836,21,12,2023,07:50,5,76.0,76351,2,1,2.0,3.0,GRAVILLE (BD DE),"49,48754000","0,15064000",,76.076351,76351,Seine-Maritime,28.0,Normandie,50.0,4.0,2.0,4,2.0,28,Normandie,76,2,96,LeHavre,166058,1780,167838.0,0.0,7,,0.0,2.0,3.0,15.0,A01