Num_Acc,jour,mois,an,hrmn,lum,dep,com,agg,int,atm,col,adr,lat,long,gps,com_insee_temp,com_insee,departmentName,regionCode,regionName,vma,catr,circ,nbv,surf,Code,Region,Departement,Arrondissement,Code_Canton,Nom_Commune,Population_municipaLe,Population_comptee_a_part,Population_Totale,senc,catv,occutc,obs,obsm,choc,manv,num_veh
202300032070,22,5,2023,10:50,1,76.0,76217,2,1,1.0,1.0,ROCADE DE JANVAL,"49,91037000","1,07445000",,76.076217,76217,Seine-Maritime,28.0,Normandie,50.0,3.0,2.0,2,1.0,28,Normandie,76,1,95,Dieppe,28358,455,28813.0,0.0,7,,0.0,2.0,1.0,13.0,A01
202300032070,22,5,2023,10:50,1,76.0,76217,2,1,1.0,1.0,ROCADE DE JANVAL,"49,91037000","1,07445000",,76.076217,76217,Seine-Maritime,28.0,Normandie,50.0,3.0,2.0,2,1.0,28,Normandie,76,1,95,Dieppe,28358,455,28813.0,0.0,17,,0.0,2.0,1.0,5.0,B01
202300032091,3,3,2023,17:15,1,76.0,76452,1,1,1.0,7.0,Rue de Fontaine,"49,55451200","1,09126200",,76.076452,76452,Seine-Maritime,28.0,Normandie,80.0,3.0,2.0,2,1.0,28,Normandie,76,3,2,MontvilLe4595,51,4646,,1.0,7,,0.0,0.0,9.0,16.0,A01
202300032095,4,3,2023,00:30,3,76.0,76367,1,1,1.0,6.0,D3,"49,50498000","1,10553100",,76.076367,76367,Seine-Maritime,28.0,Normandie,50.0,7.0,2.0,2,1.0,28,Normandie,76,3,24,HouppevilLe2884,51,2935,,2.0,7,,2.0,0.0,1.0,13.0,A01
202300032104,8,11,2023,12:45,1,76.0,76447,2,1,2.0,1.0,Avenue Georges Clémenceau,"49,55468000","0,20650000",,76.076447,76447,Seine-Maritime,28.0,Normandie,50.0,3.0,2.0,2,2.0,28,Normandie,76,2,15,Montivilliers,15457,203,15660.0,1.0,7,,0.0,2.0,1.0,1.0,B01
202300032104,8,11,2023,12:45,1,76.0,76447,2,1,2.0,1.0,Avenue Georges Clémenceau,"49,55468000","0,20650000",,76.076447,76447,Seine-Maritime,28.0,Normandie,50.0,3.0,2.0,2,2.0,28,Normandie,76,2,15,Montivilliers,15457,203,15660.0,2.0,7,,0.0,2.0,1.0,13.0,A01
202300032408,1,3,2023,07:20,2,76.0,76540,2,6,1.0,6.0,Boulevard Gambetta,"49,43695800","1,10236800",,76.076540,76540,Seine-Maritime,28.0,Normandie,50.0,4.0,3.0,2,1.0,28,Normandie,76,3,97,Rouen,114083,1556,115639.0,3.0,7,,0.0,1.0,1.0,16.0,A01
202300032611,7,9,2023,21:10,5,76.0,76159,2,1,1.0,1.0,Route de Bosville,"49,77830200","0,64960400",,76.076159,76159,Seine-Maritime,28.0,Normandie,50.0,3.0,2.0,2,1.0,28,Normandie,76,1,33,Cany-BarvilLe2947,46,2993,,1.0,2,,0.0,2.0,1.0,1.0,A01
202300032611,7,9,2023,21:10,5,76.0,76159,2,1,1.0,1.0,Route de Bosville,"49,77830200","0,64960400",,76.076159,76159,Seine-Maritime,28.0,Normandie,50.0,3.0,2.0,2,1.0,28,Normandie,76,1,33,Cany-BarvilLe2947,46,2993,,2.0,7,,0.0,2.0,1.0,15.0,B01
202300032655,25,6,2023,18:35,1,76.0,76147,1,1,1.0,2.0,D915,"49,72385500","1,34458100",,76.076147,76147,Seine-Maritime,28.0,Normandie,80.0,3.0,2.0,2,1.0,28,Normandie,76,1,23,Bully,883,22,905.0,2.0,33,,1.0,0.0,1.0,2.0,A01
202300032655,25,6,2023,18:35,1,76.0,76147,1,1,1.0,2.0,D915,"49,72385500","1,34458100",,76.076147,76147,Seine-Maritime,28.0,Normandie,80.0,3.0,2.0,2,1.0,28,Normandie,76,1,23,Bully,883,22,905.0,2.0,7,,0.0,0.0,6.0,2.0,B01
202300032656,23,6,2023,16:50,1,76.0,76684,1,1,1.0,2.0,D910,"49,48085000","0,45366300",,76.076684,76684,Seine-Maritime,28.0,Normandie,80.0,3.0,2.0,3,1.0,28,Normandie,76,2,3,TancarvilLe1218,24,1242,,2.0,7,,0.0,2.0,3.0,2.0,A01
202300032656,23,6,2023,16:50,1,76.0,76684,1,1,1.0,2.0,D910,"49,48085000","0,45366300",,76.076684,76684,Seine-Maritime,28.0,Normandie,80.0,3.0,2.0,3,1.0,28,Normandie,76,2,3,TancarvilLe1218,24,1242,,2.0,33,,0.0,0.0,4.0,15.0,B01
202300032694,24,6,2023,18:20,1,76.0,76498,2,2,1.0,6.0,Rue Ampere,"49,42862000","1,06258000",,76.076498,76498,Seine-Maritime,28.0,Normandie,50.0,4.0,2.0,2,1.0,28,Normandie,76,3,27,LePetit-Quevilly,21782,274,22056.0,0.0,7,,0.0,1.0,1.0,26.0,A01
202300032797,15,12,2023,00:30,3,76.0,76454,1,1,2.0,6.0,route departementale 929,"49,75410700","1,54759200",,76.076454,76454,Seine-Maritime,28.0,Normandie,70.0,3.0,2.0,2,2.0,28,Normandie,76,1,23,Mortemer,87,0,87.0,1.0,7,,2.0,0.0,1.0,0.0,A01
202300032860,6,9,2023,19:05,1,76.0,76319,2,1,1.0,7.0,Rue de Seelze,"49,35238000","1,00340000",,76.076319,76319,Seine-Maritime,28.0,Normandie,30.0,4.0,2.0,2,1.0,28,Normandie,76,3,9,Grand-Couronne,9726,177,9903.0,3.0,50,,0.0,0.0,0.0,19.0,A01
202300032862,20,8,2023,15:50,1,76.0,76486,1,1,1.0,1.0,Route de Moulineaux,"49,32210000","0,98570000",,76.076486,76486,Seine-Maritime,28.0,Normandie,80.0,7.0,2.0,2,1.0,28,Normandie,76,3,9,Orival,860,5,865.0,3.0,7,,0.0,2.0,1.0,1.0,B01
202300032862,20,8,2023,15:50,1,76.0,76486,1,1,1.0,1.0,Route de Moulineaux,"49,32210000","0,98570000",,76.076486,76486,Seine-Maritime,28.0,Normandie,80.0,7.0,2.0,2,1.0,28,Normandie,76,3,9,Orival,860,5,865.0,3.0,7,,14.0,2.0,1.0,1.0,A01
202300032863,6,9,2023,13:55,1,76.0,76217,2,3,1.0,3.0,DUQUESNE (QUAI),"49,92415000","1,08113000",,76.076217,76217,Seine-Maritime,28.0,Normandie,50.0,3.0,1.0,1,1.0,28,Normandie,76,1,95,Dieppe,28358,455,28813.0,1.0,7,,0.0,2.0,3.0,16.0,A01
202300032863,6,9,2023,13:55,1,76.0,76217,2,3,1.0,3.0,DUQUESNE (QUAI),"49,92415000","1,08113000",,76.076217,76217,Seine-Maritime,28.0,Normandie,50.0,3.0,1.0,1,1.0,28,Normandie,76,1,95,Dieppe,28358,455,28813.0,2.0,7,,0.0,2.0,2.0,1.0,B01
202300032903,13,12,2023,20:10,5,76.0,76540,2,2,2.0,3.0,Rue Saint Filleul,"49,44700070","1,06980121",,76.076540,76540,Seine-Maritime,28.0,Normandie,50.0,7.0,2.0,2,2.0,28,Normandie,76,3,97,Rouen,114083,1556,115639.0,1.0,7,,0.0,2.0,8.0,0.0,A01
202300032903,13,12,2023,20:10,5,76.0,76540,2,2,2.0,3.0,Rue Saint Filleul,"49,44700070","1,06980121",,76.076540,76540,Seine-Maritime,28.0,Normandie,50.0,7.0,2.0,2,2.0,28,Normandie,76,3,97,Rouen,114083,1556,115639.0,0.0,80,,0.0,2.0,1.0,0.0,B01
202300032905,13,12,2023,12:20,1,76.0,76540,2,5,2.0,6.0,Quai du havre (Haut),"49,44090000","1,08250000",,76.076540,76540,Seine-Maritime,28.0,Normandie,50.0,7.0,2.0,4,2.0,28,Normandie,76,3,97,Rouen,114083,1556,115639.0,1.0,10,,0.0,1.0,2.0,1.0,B01
202300032907,13,12,2023,08:30,1,76.0,76351,2,3,1.0,3.0,JEAN BAPTISTE EYRIES,"49,49488000","0,11630000",,76.076351,76351,Seine-Maritime,28.0,Normandie,30.0,4.0,1.0, -1,1.0,28,Normandie,76,2,96,LeHavre,166058,1780,167838.0,1.0,50,,0.0,2.0,1.0,1.0,A01
202300032907,13,12,2023,08:30,1,76.0,76351,2,3,1.0,3.0,JEAN BAPTISTE EYRIES,"49,49488000","0,11630000",,76.076351,76351,Seine-Maritime,28.0,Normandie,30.0,4.0,1.0, -1,1.0,28,Normandie,76,2,96,LeHavre,166058,1780,167838.0,2.0,7,,0.0,2.0,3.0,15.0,B01
202300032987,8,10,2023,14:50,1,76.0,76495,2,2,1.0,3.0,Rue Bezuel,"49,56932800","0,95280600",,76.076495,76495,Seine-Maritime,28.0,Normandie,50.0,3.0,2.0,2,1.0,28,Normandie,76,3,24,Pavilly,6121,53,6174.0,0.0,10,,0.0,2.0,8.0,1.0,B01
202300032987,8,10,2023,14:50,1,76.0,76495,2,2,1.0,3.0,Rue Bezuel,"49,56932800","0,95280600",,76.076495,76495,Seine-Maritime,28.0,Normandie,50.0,3.0,2.0,2,1.0,28,Normandie,76,3,24,Pavilly,6121,53,6174.0,0.0,2,,0.0,2.0,1.0,1.0,A01
202300033169,7,10,2023,07:05,3,76.0,76167,1,2,5.0,3.0,Route de Montivilliers,"49,57331400","0,15560600",,76.076167,76167,Seine-Maritime,28.0,Normandie,70.0,3.0,2.0,2,1.0,28,Normandie,76,2,26,Cauville-sur-Mer,1618,29,1647.0,1.0,7,,0.0,2.0,1.0,1.0,A01
202300033169,7,10,2023,07:05,3,76.0,76167,1,2,5.0,3.0,Route de Montivilliers,"49,57331400","0,15560600",,76.076167,76167,Seine-Maritime,28.0,Normandie,70.0,3.0,2.0,2,1.0,28,Normandie,76,2,26,Cauville-sur-Mer,1618,29,1647.0,1.0,7,,0.0,2.0,2.0,19.0,B01
202300033192,10,1,2023,17:40,5,76.0,76231,2,6,1.0,6.0,Rue de Rouen,"49,29682783","0,99510024",,76.076231,76231,Seine-Maritime,28.0,Normandie,30.0,7.0,1.0,1,1.0,28,Normandie,76,3,9,Elbeuf,15951,138,16089.0,0.0,7,,4.0,0.0,1.0,26.0,A01
202300033193,18,1,2023,23:30,5,76.0,76259,2,3,2.0,6.0,VALMONT ( ROUTE DE),"49,75210000","0,40951000",,76.076259,76259,Seine-Maritime,28.0,Normandie,50.0,3.0,2.0,2,2.0,28,Normandie,76,2,11,Fécamp,18016,269,18285.0,1.0,7,,6.0,0.0,1.0,13.0,A01
202300033302,17,1,2023,08:20,4,76.0,76165,2,2,1.0,6.0,Cours Carnot,"49,28712000","1,01990000",,76.076165,76165,Seine-Maritime,28.0,Normandie,50.0,4.0,2.0, -1,1.0,28,Normandie,76,3,5,Caudebec-lès-Elbeuf,10135,69,10204.0,3.0,7,,0.0,1.0,5.0,16.0,A01
202300033357,28,7,2023,10:30,1,76.0,76540,2,2,1.0,3.0,Quai Cavelier de la Salle,"49,43685000","1,08750000",,76.076540,76540,Seine-Maritime,28.0,Normandie,50.0,4.0,2.0,2,1.0,28,Normandie,76,3,97,Rouen,114083,1556,115639.0,1.0,7,,0.0,2.0,1.0,13.0,A01
202300033357,28,7,2023,10:30,1,76.0,76540,2,2,1.0,3.0,Quai Cavelier de la Salle,"49,43685000","1,08750000",,76.076540,76540,Seine-Maritime,28.0,Normandie,50.0,4.0,2.0,2,1.0,28,Normandie,76,3,97,Rouen,114083,1556,115639.0,1.0,7,,0.0,2.0,2.0,15.0,B01
202300033358,28,7,2023,05:25,5,76.0,76351,2,3,1.0,6.0,VALLEE (RUE DE LA),"49,49328000","0,15163000",,76.076351,76351,Seine-Maritime,28.0,Normandie,50.0,4.0,2.0,4,2.0,28,Normandie,76,2,96,LeHavre,166058,1780,167838.0,0.0,7,,6.0,0.0,2.0,14.0,A01
202300033359,26,7,2023,23:00,5,76.0,76447,2,1,1.0,1.0,BELLE ETOILE,"49,54054000","0,17353000",,76.076447,76447,Seine-Maritime,28.0,Normandie,50.0,3.0,2.0,2,2.0,28,Normandie,76,2,15,Montivilliers,15457,203,15660.0,2.0,7,,0.0,2.0,3.0,1.0,B01
202300033359,26,7,2023,23:00,5,76.0,76447,2,1,1.0,1.0,BELLE ETOILE,"49,54054000","0,17353000",,76.076447,76447,Seine-Maritime,28.0,Normandie,50.0,3.0,2.0,2,2.0,28,Normandie,76,2,15,Montivilliers,15457,203,15660.0,1.0,7,,0.0,2.0,3.0,13.0,A01
202300033360,28,7,2023,20:45,2,76.0,76384,2,9,8.0,7.0,MARRECHAL LECLERC (AVENUE DU),"49,51488000","0,53310000",,76.076384,76384,Seine-Maritime,28.0,Normandie,30.0,3.0,4.0,2,1.0,28,Normandie,76,2,3,Lillebonne,8729,141,8870.0,3.0,33,,0.0,0.0,4.0,0.0,A01
202300033361,16,6,2023,13:40,1,76.0,76114,2,1,1.0,2.0,DEBRAY  LOUIS (AVENUE),"49,57763000","0,47181000",,76.076114,76114,Seine-Maritime,28.0,Normandie,50.0,4.0,2.0,2,1.0,28,Normandie,76,2,3,Bolbec,11635,147,11782.0,1.0,7,,0.0,2.0,4.0,15.0,A01
202300033361,16,6,2023,13:40,1,76.0,76114,2,1,1.0,2.0,DEBRAY  LOUIS (AVENUE),"49,57763000","0,47181000",,76.076114,76114,Seine-Maritime,28.0,Normandie,50.0,4.0,2.0,2,1.0,28,Normandie,76,2,3,Bolbec,11635,147,11782.0,1.0,7,,0.0,2.0,1.0,2.0,B01
202300033469,28,7,2023,12:05,1,76.0,76616,1,9,8.0,7.0,"Hameau d'Énitot, route d'Epouville","49,54303900","0,23907100",,76.076616,76616,Seine-Maritime,28.0,Normandie,80.0,4.0,2.0,2,6.0,28,Normandie,76,2,26,Saint-Martin-du-Manoir,1459,34,1493.0,3.0,31,,13.0,0.0,8.0,1.0,A01
202300033598,21,5,2023,21:20,2,76.0,76561,2,2,1.0,3.0,Rue de la Résistance,"49,30230000","1,03446000",,76.076561,76561,Seine-Maritime,28.0,Normandie,30.0,4.0,2.0,2,1.0,28,Normandie,76,3,5,Saint-Aubin-lès-Elbeuf,8428,75,8503.0,3.0,33,,0.0,2.0,0.0,19.0,B01
202300033598,21,5,2023,21:20,2,76.0,76561,2,2,1.0,3.0,Rue de la Résistance,"49,30230000","1,03446000",,76.076561,76561,Seine-Maritime,28.0,Normandie,30.0,4.0,2.0,2,1.0,28,Normandie,76,3,5,Saint-Aubin-lès-Elbeuf,8428,75,8503.0,3.0,7,,0.0,2.0,0.0,1.0,A01
202300033687,14,4,2023,14:00,1,76.0,76360,1,1,3.0,3.0,Route du Beauchamp,"49,74822200","1,08541500",,76.076360,76360,Seine-Maritime,28.0,Normandie,80.0,3.0,2.0,2,2.0,28,Normandie,76,1,20,Heugleville-sur-Scie,648,9,657.0,1.0,2,,0.0,0.0,3.0,1.0,A01
202300033687,14,4,2023,14:00,1,76.0,76360,1,1,3.0,3.0,Route du Beauchamp,"49,74822200","1,08541500",,76.076360,76360,Seine-Maritime,28.0,Normandie,80.0,3.0,2.0,2,2.0,28,Normandie,76,1,20,Heugleville-sur-Scie,648,9,657.0,2.0,10,,0.0,0.0,3.0,1.0,B01
202300033698,13,4,2023,15:30,1,76.0,76638,1,2,1.0,1.0,D1314,"50,00941500","1,42990100",,76.076638,76638,Seine-Maritime,28.0,Normandie,-1.0,3.0,2.0, -1,1.0,28,Normandie,76,1,10,Saint-Pierre-en-Val,1090,16,1106.0,1.0,7,,0.0,2.0,3.0,15.0,A01
202300033698,13,4,2023,15:30,1,76.0,76638,1,2,1.0,1.0,D1314,"50,00941500","1,42990100",,76.076638,76638,Seine-Maritime,28.0,Normandie,-1.0,3.0,2.0, -1,1.0,28,Normandie,76,1,10,Saint-Pierre-en-Val,1090,16,1106.0,2.0,43,,0.0,2.0,1.0,1.0,B01
202300033699,10,11,2023,13:40,1,76.0,76354,2,3,3.0,3.0,4001 Route de Duclair,"49,48460400","0,92372600",,76.076354,76354,Seine-Maritime,28.0,Normandie,50.0,7.0,2.0,2,2.0,28,Normandie,76,3,1,HénouvilLe1379,26,1405,,1.0,7,,0.0,2.0,1.0,1.0,A01
202300033699,10,11,2023,13:40,1,76.0,76354,2,3,3.0,3.0,4001 Route de Duclair,"49,48460400","0,92372600",,76.076354,76354,Seine-Maritime,28.0,Normandie,50.0,7.0,2.0,2,2.0,28,Normandie,76,3,1,HénouvilLe1379,26,1405,,2.0,7,,0.0,2.0,2.0,15.0,B01
202300033908,3,3,2023,09:00,1,76.0,76235,1,1,9.0,6.0,Route départementale 22,"49,90867600","1,27501500",,76.076235,76235,Seine-Maritime,28.0,Normandie,80.0,3.0,2.0,2,7.0,28,Normandie,76,1,8,Envermeu,1978,132,2110.0,2.0,7,,13.0,0.0,1.0,13.0,A01
202300033994,21,5,2023,10:54,1,76.0,76705,1,1,1.0,4.0,A13,"49,32884500","1,08821500",,76.076705,76705,Seine-Maritime,28.0,Normandie,110.0,1.0,3.0,7,1.0,28,Normandie,76,3,5,Tourville-la-Rivière,2568,19,2587.0,2.0,7,,1.0,0.0,3.0,2.0,E01
202300033994,21,5,2023,10:54,1,76.0,76705,1,1,1.0,4.0,A13,"49,32884500","1,08821500",,76.076705,76705,Seine-Maritime,28.0,Normandie,110.0,1.0,3.0,7,1.0,28,Normandie,76,3,5,Tourville-la-Rivière,2568,19,2587.0,2.0,7,,1.0,0.0,1.0,2.0,D01
202300033994,21,5,2023,10:54,1,76.0,76705,1,1,1.0,4.0,A13,"49,32884500","1,08821500",,76.076705,76705,Seine-Maritime,28.0,Normandie,110.0,1.0,3.0,7,1.0,28,Normandie,76,3,5,Tourville-la-Rivière,2568,19,2587.0,2.0,7,,1.0,0.0,2.0,2.0,C01
202300033994,21,5,2023,10:54,1,76.0,76705,1,1,1.0,4.0,A13,"49,32884500","1,08821500",,76.076705,76705,Seine-Maritime,28.0,Normandie,110.0,1.0,3.0,7,1.0,28,Normandie,76,3,5,Tourville-la-Rivière,2568,19,2587.0,2.0,7,,0.0,0.0,6.0,2.0,B01
202300033994,21,5,2023,10:54,1,76.0,76705,1,1,1.0,4.0,A13,"49,32884500","1,08821500",,76.076705,76705,Seine-Maritime,28.0,Normandie,110.0,1.0,3.0,7,1.0,28,Normandie,76,3,5,Tourville-la-Rivière,2568,19,2587.0,2.0,7,,0.0,0.0,6.0,2.0,A01
202300034034,12,4,2023,17:25,1,76.0,76705,2,1,6.0,6.0,Rue de l'Ile aux Boeufs,"49,32871000","1,10031000",,76.076705,76705,Seine-Maritime,28.0,Normandie,50.0,4.0,1.0,2,1.0,28,Normandie,76,3,5,Tourville-la-Rivière,2568,19,2587.0,3.0,33,,16.0,0.0,8.0,16.0,A01
202300034149,10,11,2023,17:30,2,76.0,76473,2,9,2.0,3.0,rue du petit village,"49,49369709","0,76389335",,76.076473,76473,Seine-Maritime,28.0,Normandie,-1.0,3.0,2.0,2,2.0,28,Normandie,76,3,25,Notre-Dame-de-Bliquetuit,817,11,828.0,0.0,2,,0.0,2.0,1.0,16.0,A01
202300034149,10,11,2023,17:30,2,76.0,76473,2,9,2.0,3.0,rue du petit village,"49,49369709","0,76389335",,76.076473,76473,Seine-Maritime,28.0,Normandie,-1.0,3.0,2.0,2,2.0,28,Normandie,76,3,25,Notre-Dame-de-Bliquetuit,817,11,828.0,2.0,7,,0.0,2.0,1.0,1.0,B01
202300034212,28,2,2023,19:35,5,76.0,76540,2,3,1.0,3.0,Avenue de la Grand Mare,"49,45487000","1,13590000",,76.076540,76540,Seine-Maritime,28.0,Normandie,50.0,7.0,2.0,2,1.0,28,Normandie,76,3,97,Rouen,114083,1556,115639.0,3.0,7,,0.0,2.0,1.0,1.0,B01
202300034212,28,2,2023,19:35,5,76.0,76540,2,3,1.0,3.0,Avenue de la Grand Mare,"49,45487000","1,13590000",,76.076540,76540,Seine-Maritime,28.0,Normandie,50.0,7.0,2.0,2,1.0,28,Normandie,76,3,97,Rouen,114083,1556,115639.0,3.0,7,,0.0,2.0,3.0,13.0,A01
202300034214,27,2,2023,22:50,5,76.0,76351,2,1,1.0,6.0,AUGUSTE BLANQUI,"49,50149000","0,16256000",,76.076351,76351,Seine-Maritime,28.0,Normandie,-1.0,4.0,2.0,2,1.0,28,Normandie,76,2,96,LeHavre,166058,1780,167838.0,0.0,7,,1.0,0.0,1.0,14.0,A01
202300034259,19,5,2023,10:20,1,76.0,76351,2,1,1.0,7.0,ROGER MEUNIER,"49,48199000","0,11480000",,76.076351,76351,Seine-Maritime,28.0,Normandie,50.0,4.0,2.0,2,1.0,28,Normandie,76,2,96,LeHavre,166058,1780,167838.0,0.0,1,,0.0,0.0,0.0,1.0,A01
202300034263,18,5,2023,05:30,5,76.0,76447,1,1,1.0,2.0,RD 489,"49,53728000","0,20264000",,76.076447,76447,Seine-Maritime,28.0,Normandie,110.0,3.0,3.0,0,1.0,28,Normandie,76,2,15,Montivilliers,15457,203,15660.0,0.0,7,,0.0,2.0,1.0,1.0,A01
202300034263,18,5,2023,05:30,5,76.0,76447,1,1,1.0,2.0,RD 489,"49,53728000","0,20264000",,76.076447,76447,Seine-Maritime,28.0,Normandie,110.0,3.0,3.0,0,1.0,28,Normandie,76,2,15,Montivilliers,15457,203,15660.0,0.0,7,,0.0,2.0,4.0,23.0,B01
202300034269,18,5,2023,12:25,1,76.0,76305,1,4,1.0,4.0,INDUSTRIELLE (ROUTE),"49,48693000","0,21701000",,76.076305,76305,Seine-Maritime,28.0,Normandie,70.0,4.0,2.0,2,1.0,28,Normandie,76,2,16,Gonfreville-l'Orcher,8961,44,9005.0,0.0,31,,0.0,2.0,1.0,1.0,A01
202300034269,18,5,2023,12:25,1,76.0,76305,1,4,1.0,4.0,INDUSTRIELLE (ROUTE),"49,48693000","0,21701000",,76.076305,76305,Seine-Maritime,28.0,Normandie,70.0,4.0,2.0,2,1.0,28,Normandie,76,2,16,Gonfreville-l'Orcher,8961,44,9005.0,0.0,33,,0.0,2.0,4.0,1.0,B01
202300034269,18,5,2023,12:25,1,76.0,76305,1,4,1.0,4.0,INDUSTRIELLE (ROUTE),"49,48693000","0,21701000",,76.076305,76305,Seine-Maritime,28.0,Normandie,70.0,4.0,2.0,2,1.0,28,Normandie,76,2,16,Gonfreville-l'Orcher,8961,44,9005.0,0.0,33,,0.0,2.0,4.0,1.0,C01
202300034269,18,5,2023,12:25,1,76.0,76305,1,4,1.0,4.0,INDUSTRIELLE (ROUTE),"49,48693000","0,21701000",,76.076305,76305,Seine-Maritime,28.0,Normandie,70.0,4.0,2.0,2,1.0,28,Normandie,76,2,16,Gonfreville-l'Orcher,8961,44,9005.0,0.0,33,,0.0,2.0,4.0,1.0,D01
202300034494,23,6,2023,22:55,3,76.0,76005,1,1,1.0,5.0,Route de Paris,"49,40565000","1,12183000",,76.076005,76005,Seine-Maritime,28.0,Normandie,80.0,7.0,2.0,2,1.0,28,Normandie,76,3,6,Amfreville-la-Mi-Voie,3296,30,3326.0,0.0,33,,0.0,2.0,1.0,2.0,C01
202300034494,23,6,2023,22:55,3,76.0,76005,1,1,1.0,5.0,Route de Paris,"49,40565000","1,12183000",,76.076005,76005,Seine-Maritime,28.0,Normandie,80.0,7.0,2.0,2,1.0,28,Normandie,76,3,6,Amfreville-la-Mi-Voie,3296,30,3326.0,0.0,33,,0.0,2.0,0.0,2.0,A01
202300034494,23,6,2023,22:55,3,76.0,76005,1,1,1.0,5.0,Route de Paris,"49,40565000","1,12183000",,76.076005,76005,Seine-Maritime,28.0,Normandie,80.0,7.0,2.0,2,1.0,28,Normandie,76,3,6,Amfreville-la-Mi-Voie,3296,30,3326.0,0.0,33,,0.0,2.0,7.0,2.0,B01
202300034497,23,6,2023,11:45,1,76.0,76540,2,1,1.0,6.0,Rue Jeanne d'Arc,"49,44645000","1,09318000",,76.076540,76540,Seine-Maritime,28.0,Normandie,30.0,4.0,2.0,2,1.0,28,Normandie,76,3,97,Rouen,114083,1556,115639.0,0.0,7,,0.0,1.0,2.0,1.0,A01
202300034500,21,6,2023,21:15,1,76.0,76351,2,2,1.0,3.0,FRANCOIS 1ER (BD),"49,49062700","0,10021800",,76.076351,76351,Seine-Maritime,28.0,Normandie,50.0,4.0,2.0,2,1.0,28,Normandie,76,2,96,LeHavre,166058,1780,167838.0,2.0,31,,0.0,2.0,1.0,1.0,B01
202300034500,21,6,2023,21:15,1,76.0,76351,2,2,1.0,3.0,FRANCOIS 1ER (BD),"49,49062700","0,10021800",,76.076351,76351,Seine-Maritime,28.0,Normandie,50.0,4.0,2.0,2,1.0,28,Normandie,76,2,96,LeHavre,166058,1780,167838.0,2.0,7,,0.0,2.0,1.0,15.0,A01
202300034501,22,6,2023,05:40,2,76.0,76351,2,1,1.0,7.0,GABRIEL PERI,"49,49373000","0,11837000",,76.076351,76351,Seine-Maritime,28.0,Normandie,50.0,4.0,1.0,1,1.0,28,Normandie,76,2,96,LeHavre,166058,1780,167838.0,0.0,50,,0.0,0.0,0.0,1.0,A01
202300034540,6,9,2023,16:56,1,76.0,76648,1,1,1.0,2.0,Autroute A28 - PK 074.700,"49,64968000","1,26636200",,76.076648,76648,Seine-Maritime,28.0,Normandie,130.0,1.0,3.0,2,1.0,28,Normandie,76,1,23,Saint-Saëns,2317,20,2337.0,2.0,7,,0.0,2.0,1.0,9.0,A01
202300034540,6,9,2023,16:56,1,76.0,76648,1,1,1.0,2.0,Autroute A28 - PK 074.700,"49,64968000","1,26636200",,76.076648,76648,Seine-Maritime,28.0,Normandie,130.0,1.0,3.0,2,1.0,28,Normandie,76,1,23,Saint-Saëns,2317,20,2337.0,2.0,15,,0.0,0.0,4.0,9.0,B01
202300034605,14,12,2023,09:20,1,76.0,76547,1,1,1.0,6.0,D928,"49,56018227","1,26216459",,76.076547,76547,Seine-Maritime,28.0,Normandie,80.0,3.0,2.0,2,1.0,28,Normandie,76,3,21,La Rue-Saint-Pierre,768,9,777.0,2.0,7,,2.0,0.0,3.0,11.0,A01
202300034707,6,9,2023,02:00,4,76.0,76540,2,2,1.0,3.0,Rue des Augustins,"49,43793000","1,09779000",,76.076540,76540,Seine-Maritime,28.0,Normandie,50.0,4.0,1.0,1,1.0,28,Normandie,76,3,97,Rouen,114083,1556,115639.0,1.0,7,,0.0,2.0,7.0,1.0,B01
202300034707,6,9,2023,02:00,4,76.0,76540,2,2,1.0,3.0,Rue des Augustins,"49,43793000","1,09779000",,76.076540,76540,Seine-Maritime,28.0,Normandie,50.0,4.0,1.0,1,1.0,28,Normandie,76,3,97,Rouen,114083,1556,115639.0,2.0,7,,0.0,2.0,1.0,5.0,A01
202300034710,5,9,2023,08:40,1,76.0,76728,1,1,1.0,4.0,A150,"49,47799000","1,01662000",,76.076728,76728,Seine-Maritime,28.0,Normandie,110.0,1.0,1.0,2,1.0,28,Normandie,76,3,24,La Vaupalière,1192,21,1213.0,0.0,7,,0.0,2.0,4.0,2.0,B01
202300034710,5,9,2023,08:40,1,76.0,76728,1,1,1.0,4.0,A150,"49,47799000","1,01662000",,76.076728,76728,Seine-Maritime,28.0,Normandie,110.0,1.0,1.0,2,1.0,28,Normandie,76,3,24,La Vaupalière,1192,21,1213.0,0.0,7,,0.0,2.0,4.0,2.0,C01
202300034710,5,9,2023,08:40,1,76.0,76728,1,1,1.0,4.0,A150,"49,47799000","1,01662000",,76.076728,76728,Seine-Maritime,28.0,Normandie,110.0,1.0,1.0,2,1.0,28,Normandie,76,3,24,La Vaupalière,1192,21,1213.0,0.0,10,,0.0,2.0,1.0,2.0,A01
202300034711,4,9,2023,16:39,1,76.0,76351,2,3,1.0,3.0,PONT VII (ROUTE DU),"49,49394000","0,18016000",,76.076351,76351,Seine-Maritime,28.0,Normandie,50.0,4.0,2.0,2,1.0,28,Normandie,76,2,96,LeHavre,166058,1780,167838.0,3.0,33,,0.0,2.0,1.0,0.0,B01