Num_Acc,jour,mois,an,hrmn,lum,dep,com,agg,int,atm,col,adr,lat,long,gps,com_insee_temp,com_insee,departmentName,regionCode,regionName,vma,catr,circ,nbv,surf,Code,Region,Departement,Arrondissement,Code_Canton,Nom_Commune,Population_municipaLe,Population_comptee_a_part,Population_Totale,senc,catv,occutc,obs,obsm,choc,manv,num_veh
202300039345,21,6,2023,16:10,1,76.0,76216,2,1,1.0,4.0,Route de Dieppe,"49,47833000","1,04734000",,76.076216,76216,Seine-Maritime,28.0,Normandie,50.0,7.0,2.0,2,1.0,28,Normandie,76,3,22,Déville-lès-Rouen,10745,62,10807.0,1.0,7,,1.0,2.0,1.0,1.0,B01
202300039345,21,6,2023,16:10,1,76.0,76216,2,1,1.0,4.0,Route de Dieppe,"49,47833000","1,04734000",,76.076216,76216,Seine-Maritime,28.0,Normandie,50.0,7.0,2.0,2,1.0,28,Normandie,76,3,22,Déville-lès-Rouen,10745,62,10807.0,3.0,7,,0.0,2.0,6.0,0.0,C01
202300039346,21,6,2023,02:25,5,76.0,76351,2,1,2.0,7.0,PIERRE MENDES FRANCE,"49,51531900","0,15415800",,76.076351,76351,Seine-Maritime,28.0,Normandie,50.0,4.0,3.0,2,2.0,28,Normandie,76,2,96,LeHavre,166058,1780,167838.0,0.0,50,,0.0,0.0,0.0,14.0,A01
202300039456,6,11,2023,21:45,5,76.0,76498,2,1,1.0,1.0,Boulevard du 11 Novembre,"49,42020000","1,06854000",,76.076498,76498,Seine-Maritime,28.0,Normandie,30.0,7.0,2.0,1,1.0,28,Normandie,76,3,27,LePetit-Quevilly,21782,274,22056.0,3.0,7,,0.0,2.0,6.0,24.0,B01
202300039456,6,11,2023,21:45,5,76.0,76498,2,1,1.0,1.0,Boulevard du 11 Novembre,"49,42020000","1,06854000",,76.076498,76498,Seine-Maritime,28.0,Normandie,30.0,7.0,2.0,1,1.0,28,Normandie,76,3,27,LePetit-Quevilly,21782,274,22056.0,1.0,2,,1.0,0.0,2.0,0.0,A01
202300039457,6,11,2023,12:05,1,76.0,76498,2,1,6.0,6.0,Boulevard Stanislas Girardin,"49,41371000","1,06574000",,76.076498,76498,Seine-Maritime,28.0,Normandie,50.0,7.0,2.0,2,1.0,28,Normandie,76,3,27,LePetit-Quevilly,21782,274,22056.0,1.0,7,,0.0,1.0,2.0,1.0,A01
202300039458,4,11,2023,07:30,2,76.0,76351,2,1,1.0,3.0,MARCEAU (RUE),"49,48957000","0,13395000",,76.076351,76351,Seine-Maritime,28.0,Normandie,50.0,4.0,3.0,4,1.0,28,Normandie,76,2,96,LeHavre,166058,1780,167838.0,1.0,16,,0.0,2.0,3.0,20.0,A01
202300039458,4,11,2023,07:30,2,76.0,76351,2,1,1.0,3.0,MARCEAU (RUE),"49,48957000","0,13395000",,76.076351,76351,Seine-Maritime,28.0,Normandie,50.0,4.0,3.0,4,1.0,28,Normandie,76,2,96,LeHavre,166058,1780,167838.0,1.0,7,,0.0,2.0,2.0,1.0,B01
202300039459,3,11,2023,21:50,5,76.0,76351,2,3,1.0,2.0,FRANCOIS 1ER (BD),"49,49231000","0,09886000",,76.076351,76351,Seine-Maritime,28.0,Normandie,50.0,4.0,2.0,2,1.0,28,Normandie,76,2,96,LeHavre,166058,1780,167838.0,2.0,7,,0.0,2.0,1.0,1.0,A01
202300039459,3,11,2023,21:50,5,76.0,76351,2,3,1.0,2.0,FRANCOIS 1ER (BD),"49,49231000","0,09886000",,76.076351,76351,Seine-Maritime,28.0,Normandie,50.0,4.0,2.0,2,1.0,28,Normandie,76,2,96,LeHavre,166058,1780,167838.0,2.0,7,,0.0,2.0,4.0,1.0,B01
202300039460,4,11,2023,09:15,1,76.0,76351,2,1,1.0,1.0,JULES DURAND (BD),"49,48983000","0,15631000",,76.076351,76351,Seine-Maritime,28.0,Normandie,50.0,4.0,2.0,2,2.0,28,Normandie,76,2,96,LeHavre,166058,1780,167838.0,0.0,7,,0.0,2.0,1.0,1.0,B01
202300039460,4,11,2023,09:15,1,76.0,76351,2,1,1.0,1.0,JULES DURAND (BD),"49,48983000","0,15631000",,76.076351,76351,Seine-Maritime,28.0,Normandie,50.0,4.0,2.0,2,2.0,28,Normandie,76,2,96,LeHavre,166058,1780,167838.0,0.0,30,,0.0,2.0,1.0,13.0,A01
202300039461,4,11,2023,11:35,1,76.0,76351,2,6,2.0,6.0,ESTUAIRE (ROUTE DE L'),"49,46696400","0,18029900",,76.076351,76351,Seine-Maritime,28.0,Normandie,50.0,4.0,2.0,2,2.0,28,Normandie,76,2,96,LeHavre,166058,1780,167838.0,3.0,7,,13.0,0.0,1.0,1.0,A01
202300039462,3,11,2023,15:38,1,76.0,76351,2,3,1.0,6.0,VERDUN (RUE DE),"49,50226000","0,16060000",,76.076351,76351,Seine-Maritime,28.0,Normandie,50.0,3.0,2.0,2,1.0,28,Normandie,76,2,96,LeHavre,166058,1780,167838.0,2.0,10,,0.0,1.0,1.0,1.0,A01
202300039463,4,11,2023,16:30,1,76.0,76341,1,1,3.0,6.0,RD 6382,"49,51042000","0,19778000",,76.076341,76341,Seine-Maritime,28.0,Normandie,50.0,3.0,1.0,3,2.0,28,Normandie,76,2,15,Harfleur,8315,53,8368.0,2.0,7,,3.0,0.0,1.0,1.0,A01
202300039581,7,11,2023,14:20,1,76.0,76182,1,2,2.0,3.0,D149,"49,68120600","0,65534100",,76.076182,76182,Seine-Maritime,28.0,Normandie,80.0,3.0,2.0,2,2.0,28,Normandie,76,2,33,CliponvilLe252,2,254,,1.0,7,,0.0,2.0,1.0,1.0,B01
202300039581,7,11,2023,14:20,1,76.0,76182,1,2,2.0,3.0,D149,"49,68120600","0,65534100",,76.076182,76182,Seine-Maritime,28.0,Normandie,80.0,3.0,2.0,2,2.0,28,Normandie,76,2,33,CliponvilLe252,2,254,,2.0,10,,0.0,2.0,1.0,19.0,A01
202300039641,7,11,2023,05:45,3,76.0,76099,1,1,1.0,6.0,Route du Manoir,"49,54974400","0,85470200",,76.076099,76099,Seine-Maritime,28.0,Normandie,70.0,3.0,2.0,2,1.0,28,Normandie,76,3,1,BlacquevilLe707,9,716,,2.0,7,,8.0,0.0,2.0,1.0,A01
202300039683,23,2,2023,12:30,1,76.0,76351,2,3,1.0,6.0,EUGENE SUE,"49,51736623","0,12308358",,76.076351,76351,Seine-Maritime,28.0,Normandie,30.0,4.0,2.0,2,1.0,28,Normandie,76,2,96,LeHavre,166058,1780,167838.0,1.0,7,,0.0,2.0,1.0,15.0,B01
202300039683,23,2,2023,12:30,1,76.0,76351,2,3,1.0,6.0,EUGENE SUE,"49,51736623","0,12308358",,76.076351,76351,Seine-Maritime,28.0,Normandie,30.0,4.0,2.0,2,1.0,28,Normandie,76,2,96,LeHavre,166058,1780,167838.0,1.0,7,,0.0,1.0,5.0,1.0,A01
202300039754,5,11,2023,20:50,3,76.0,76497,2,1,9.0,7.0,Rue John Kennedy,"49,38776200","1,03342900",,76.076497,76497,Seine-Maritime,28.0,Normandie,50.0,4.0,2.0,2,1.0,28,Normandie,76,3,13,Petit-Couronne,8688,175,8863.0,3.0,7,,16.0,0.0,3.0,0.0,A01
202300039858,16,5,2023,08:45,1,76.0,76108,2,1,1.0,3.0,Route de Neufchâtel,"49,45729050","1,10796073",,76.076108,76108,Seine-Maritime,28.0,Normandie,50.0,7.0,2.0,2,1.0,28,Normandie,76,3,2,Bois-Guillaume,14262,361,14623.0,1.0,34,,0.0,2.0,7.0,17.0,A01
202300039858,16,5,2023,08:45,1,76.0,76108,2,1,1.0,3.0,Route de Neufchâtel,"49,45729050","1,10796073",,76.076108,76108,Seine-Maritime,28.0,Normandie,50.0,7.0,2.0,2,1.0,28,Normandie,76,3,2,Bois-Guillaume,14262,361,14623.0,0.0,7,,0.0,2.0,2.0,15.0,B01
202300039859,15,5,2023,08:50,1,76.0,76351,2,3,1.0,3.0,TRIGAUVILLE (DE),"49,50244000","0,13303000",,76.076351,76351,Seine-Maritime,28.0,Normandie,30.0,4.0,2.0,1,2.0,28,Normandie,76,2,96,LeHavre,166058,1780,167838.0,1.0,7,,0.0,2.0,1.0,9.0,A01
202300039859,15,5,2023,08:50,1,76.0,76351,2,3,1.0,3.0,TRIGAUVILLE (DE),"49,50244000","0,13303000",,76.076351,76351,Seine-Maritime,28.0,Normandie,30.0,4.0,2.0,1,2.0,28,Normandie,76,2,96,LeHavre,166058,1780,167838.0,1.0,50,,0.0,2.0,8.0,1.0,B01
202300040022,23,2,2023,15:50,1,76.0,76114,2,1,1.0,2.0,DEBRAY  LOUIS (AVENUE),"49,59046000","0,48505000",,76.076114,76114,Seine-Maritime,28.0,Normandie,50.0,3.0,2.0,2,1.0,28,Normandie,76,2,3,Bolbec,11635,147,11782.0,1.0,7,,0.0,9.0,2.0,2.0,A01
202300040022,23,2,2023,15:50,1,76.0,76114,2,1,1.0,2.0,DEBRAY  LOUIS (AVENUE),"49,59046000","0,48505000",,76.076114,76114,Seine-Maritime,28.0,Normandie,50.0,3.0,2.0,2,1.0,28,Normandie,76,2,3,Bolbec,11635,147,11782.0,1.0,1,,0.0,2.0,4.0,2.0,B01
202300040132,2,9,2023,14:30,1,76.0,76474,2,1,1.0,3.0,Route de Dieppe,"49,49391000","1,04865000",,76.076474,76474,Seine-Maritime,28.0,Normandie,50.0,7.0,2.0,2,1.0,28,Normandie,76,3,24,Notre-Dame-de-BondevilLe6957,82,7039,,0.0,37,1.0,0.0,2.0,3.0,1.0,B01
202300040132,2,9,2023,14:30,1,76.0,76474,2,1,1.0,3.0,Route de Dieppe,"49,49391000","1,04865000",,76.076474,76474,Seine-Maritime,28.0,Normandie,50.0,7.0,2.0,2,1.0,28,Normandie,76,3,24,Notre-Dame-de-BondevilLe6957,82,7039,,0.0,7,,0.0,2.0,3.0,0.0,A01
202300040226,7,4,2023,07:35,1,76.0,76561,2,2,1.0,3.0,Avenue Louis Pasteur,"49,30998000","1,01322000",,76.076561,76561,Seine-Maritime,28.0,Normandie,50.0,4.0,2.0,2,1.0,28,Normandie,76,3,5,Saint-Aubin-lès-Elbeuf,8428,75,8503.0,2.0,7,,0.0,2.0,2.0,15.0,B01
202300040226,7,4,2023,07:35,1,76.0,76561,2,2,1.0,3.0,Avenue Louis Pasteur,"49,30998000","1,01322000",,76.076561,76561,Seine-Maritime,28.0,Normandie,50.0,4.0,2.0,2,1.0,28,Normandie,76,3,5,Saint-Aubin-lès-Elbeuf,8428,75,8503.0,3.0,7,,0.0,2.0,1.0,26.0,A01
202300040281,9,12,2023,20:15,5,76.0,76329,2,2,2.0,3.0,COTY RENE (RUE),"49,55775000","0,48535000",,76.076329,76329,Seine-Maritime,28.0,Normandie,30.0,4.0,2.0,2,2.0,28,Normandie,76,2,3,Gruchet-le-Valasse,3074,39,3113.0,1.0,2,,15.0,0.0,1.0,1.0,B01
202300040281,9,12,2023,20:15,5,76.0,76329,2,2,2.0,3.0,COTY RENE (RUE),"49,55775000","0,48535000",,76.076329,76329,Seine-Maritime,28.0,Normandie,30.0,4.0,2.0,2,2.0,28,Normandie,76,2,3,Gruchet-le-Valasse,3074,39,3113.0,2.0,7,,0.0,2.0,3.0,15.0,A01
202300040456,7,4,2023,07:35,1,76.0,76238,1,1,1.0,6.0,D489,"49,56987000","0,23974700",,76.076238,76238,Seine-Maritime,28.0,Normandie,110.0,3.0,3.0,0,1.0,28,Normandie,76,2,26,ÉpouvilLe2641,38,2679,,2.0,7,,4.0,0.0,3.0,1.0,A01
202300040489,8,12,2023,15:00,1,76.0,76020,1,2,8.0,3.0,D64,"49,45661400","0,91172900",,76.076020,76020,Seine-Maritime,28.0,Normandie,80.0,7.0,2.0,2,1.0,28,Normandie,76,3,1,Anneville-AmbourvilLe1168,18,1186,,3.0,7,,0.0,9.0,7.0,14.0,A01
202300040489,8,12,2023,15:00,1,76.0,76020,1,2,8.0,3.0,D64,"49,45661400","0,91172900",,76.076020,76020,Seine-Maritime,28.0,Normandie,80.0,7.0,2.0,2,1.0,28,Normandie,76,3,1,Anneville-AmbourvilLe1168,18,1186,,3.0,1,,0.0,2.0,8.0,1.0,B01
202300040583,5,10,2023,12:35,1,76.0,76312,1,1,1.0,7.0,D916,"49,49263300","1,71923200",,76.076312,76312,Seine-Maritime,28.0,Normandie,80.0,3.0,2.0,2,1.0,28,Normandie,76,1,12,Gournay-en-Bray,5944,85,6029.0,2.0,7,,0.0,0.0,9.0,1.0,A01
202300040602,8,12,2023,18:15,3,76.0,76391,1,1,1.0,4.0,D438,"49,32367000","0,90544000",,76.076391,76391,Seine-Maritime,28.0,Normandie,80.0,7.0,2.0,2,1.0,28,Normandie,76,3,9,La Londe,2362,71,2433.0,1.0,17,,0.0,2.0,1.0,2.0,A01
202300040602,8,12,2023,18:15,3,76.0,76391,1,1,1.0,4.0,D438,"49,32367000","0,90544000",,76.076391,76391,Seine-Maritime,28.0,Normandie,80.0,7.0,2.0,2,1.0,28,Normandie,76,3,9,La Londe,2362,71,2433.0,1.0,7,,0.0,2.0,4.0,2.0,B01
202300040602,8,12,2023,18:15,3,76.0,76391,1,1,1.0,4.0,D438,"49,32367000","0,90544000",,76.076391,76391,Seine-Maritime,28.0,Normandie,80.0,7.0,2.0,2,1.0,28,Normandie,76,3,9,La Londe,2362,71,2433.0,1.0,7,,0.0,2.0,4.0,2.0,C01
202300040602,8,12,2023,18:15,3,76.0,76391,1,1,1.0,4.0,D438,"49,32367000","0,90544000",,76.076391,76391,Seine-Maritime,28.0,Normandie,80.0,7.0,2.0,2,1.0,28,Normandie,76,3,9,La Londe,2362,71,2433.0,1.0,7,,0.0,2.0,4.0,2.0,D01
202300040604,7,12,2023,17:40,5,76.0,76351,2,1,3.0,6.0,GRAVILLE (BD DE),"49,48699000","0,14952000",,76.076351,76351,Seine-Maritime,28.0,Normandie,50.0,4.0,2.0,4,2.0,28,Normandie,76,2,96,LeHavre,166058,1780,167838.0,2.0,7,,0.0,1.0,1.0,1.0,A01
202300040606,7,12,2023,18:50,5,76.0,76351,2,2,3.0,6.0,WINSTON CHURCHILL,"49,49418000","0,13826000",,76.076351,76351,Seine-Maritime,28.0,Normandie,50.0,4.0,2.0,6,2.0,28,Normandie,76,2,96,LeHavre,166058,1780,167838.0,0.0,37,1.0,0.0,1.0,2.0,15.0,A01
202300040607,7,12,2023,17:00,5,76.0,76351,2,2,3.0,3.0,EMILE ZOLA,"49,48860000","0,10684000",,76.076351,76351,Seine-Maritime,28.0,Normandie,50.0,4.0,2.0,2,2.0,28,Normandie,76,2,96,LeHavre,166058,1780,167838.0,0.0,7,,0.0,2.0,1.0,1.0,A01
202300040607,7,12,2023,17:00,5,76.0,76351,2,2,3.0,3.0,EMILE ZOLA,"49,48860000","0,10684000",,76.076351,76351,Seine-Maritime,28.0,Normandie,50.0,4.0,2.0,2,2.0,28,Normandie,76,2,96,LeHavre,166058,1780,167838.0,0.0,7,,0.0,2.0,8.0,1.0,B01
202300040609,7,12,2023,18:30,3,76.0,76296,1,4,3.0,4.0,LIBERATION (RUE DE LA ),"49,51588000","0,23851000",,76.076296,76296,Seine-Maritime,28.0,Normandie,-1.0,3.0,2.0, -1,2.0,28,Normandie,76,2,16,GainnevilLe2511,39,2550,,1.0,7,,0.0,2.0,4.0,15.0,C01
202300040609,7,12,2023,18:30,3,76.0,76296,1,4,3.0,4.0,LIBERATION (RUE DE LA ),"49,51588000","0,23851000",,76.076296,76296,Seine-Maritime,28.0,Normandie,-1.0,3.0,2.0, -1,2.0,28,Normandie,76,2,16,GainnevilLe2511,39,2550,,1.0,7,,0.0,2.0,4.0,23.0,B01
202300040609,7,12,2023,18:30,3,76.0,76296,1,4,3.0,4.0,LIBERATION (RUE DE LA ),"49,51588000","0,23851000",,76.076296,76296,Seine-Maritime,28.0,Normandie,-1.0,3.0,2.0, -1,2.0,28,Normandie,76,2,16,GainnevilLe2511,39,2550,,1.0,7,,0.0,2.0,1.0,1.0,A01
202300040721,28,9,2023,18:00,1,76.0,76351,2,1,1.0,6.0,FOURRIER,"49,51374000","0,17479000",,76.076351,76351,Seine-Maritime,28.0,Normandie,50.0,4.0,2.0,2,1.0,28,Normandie,76,2,96,LeHavre,166058,1780,167838.0,0.0,7,,0.0,1.0,3.0,1.0,A01
202300040855,12,1,2023,08:50,1,76.0,76498,2,1,2.0,6.0,Rue Martial Spinneweber,"49,42008000","1,05947000",,76.076498,76498,Seine-Maritime,28.0,Normandie,30.0,4.0,2.0,2,2.0,28,Normandie,76,3,27,LePetit-Quevilly,21782,274,22056.0,3.0,7,,0.0,1.0,3.0,1.0,A01
202300040856,11,1,2023,19:30,3,76.0,76319,1,2,1.0,3.0,Avenue de Caen,"49,34390000","0,97922000",,76.076319,76319,Seine-Maritime,28.0,Normandie,80.0,7.0,2.0,2,1.0,28,Normandie,76,3,9,Grand-Couronne,9726,177,9903.0,2.0,7,,0.0,2.0,5.0,15.0,A01
202300040856,11,1,2023,19:30,3,76.0,76319,1,2,1.0,3.0,Avenue de Caen,"49,34390000","0,97922000",,76.076319,76319,Seine-Maritime,28.0,Normandie,80.0,7.0,2.0,2,1.0,28,Normandie,76,3,9,Grand-Couronne,9726,177,9903.0,1.0,7,,0.0,2.0,1.0,1.0,B01
202300040858,10,1,2023,17:00,2,76.0,76447,2,3,1.0,3.0,JACQUES PREVERT,"49,54726000","0,17732000",,76.076447,76447,Seine-Maritime,28.0,Normandie,30.0,4.0,2.0,2,1.0,28,Normandie,76,2,15,Montivilliers,15457,203,15660.0,2.0,7,,0.0,2.0,2.0,15.0,A01
202300040858,10,1,2023,17:00,2,76.0,76447,2,3,1.0,3.0,JACQUES PREVERT,"49,54726000","0,17732000",,76.076447,76447,Seine-Maritime,28.0,Normandie,30.0,4.0,2.0,2,1.0,28,Normandie,76,2,15,Montivilliers,15457,203,15660.0,1.0,1,,0.0,2.0,1.0,1.0,B01
202300041280,18,6,2023,07:00,2,76.0,76351,2,2,1.0,3.0,WINSTON CHURCHILL,"49,49415000","0,13858000",,76.076351,76351,Seine-Maritime,28.0,Normandie,50.0,4.0,3.0,8,1.0,28,Normandie,76,2,96,LeHavre,166058,1780,167838.0,1.0,7,,0.0,2.0,7.0,1.0,B01
202300041280,18,6,2023,07:00,2,76.0,76351,2,2,1.0,3.0,WINSTON CHURCHILL,"49,49415000","0,13858000",,76.076351,76351,Seine-Maritime,28.0,Normandie,50.0,4.0,3.0,8,1.0,28,Normandie,76,2,96,LeHavre,166058,1780,167838.0,1.0,7,,0.0,2.0,1.0,1.0,A01
202300041281,16,6,2023,09:45,1,76.0,76351,2,6,1.0,2.0,GRAND HAMEAU (Avenue du ),"49,52632000","0,09108000",,76.076351,76351,Seine-Maritime,28.0,Normandie,50.0,4.0,2.0,2,1.0,28,Normandie,76,2,96,LeHavre,166058,1780,167838.0,0.0,7,,0.0,2.0,1.0,2.0,B01
202300041281,16,6,2023,09:45,1,76.0,76351,2,6,1.0,2.0,GRAND HAMEAU (Avenue du ),"49,52632000","0,09108000",,76.076351,76351,Seine-Maritime,28.0,Normandie,50.0,4.0,2.0,2,1.0,28,Normandie,76,2,96,LeHavre,166058,1780,167838.0,0.0,1,,0.0,2.0,4.0,1.0,A01
202300041346,6,11,2023,11:30,1,76.0,76275,1,1,1.0,5.0,Route Départementale 111,"49,57901200","0,17730500",,76.076275,76275,Seine-Maritime,28.0,Normandie,50.0,3.0,2.0,2,1.0,28,Normandie,76,2,26,Fontenay,1743,27,1770.0,2.0,7,,0.0,0.0,3.0,1.0,B01
202300041346,6,11,2023,11:30,1,76.0,76275,1,1,1.0,5.0,Route Départementale 111,"49,57901200","0,17730500",,76.076275,76275,Seine-Maritime,28.0,Normandie,50.0,3.0,2.0,2,1.0,28,Normandie,76,2,26,Fontenay,1743,27,1770.0,1.0,2,,0.0,2.0,1.0,5.0,A01
202300041346,6,11,2023,11:30,1,76.0,76275,1,1,1.0,5.0,Route Départementale 111,"49,57901200","0,17730500",,76.076275,76275,Seine-Maritime,28.0,Normandie,50.0,3.0,2.0,2,1.0,28,Normandie,76,2,26,Fontenay,1743,27,1770.0,1.0,2,,0.0,0.0,0.0,1.0,C01
202300041439,21,6,2023,08:20,1,76.0,76407,1,1,1.0,1.0,D925,"49,86352300","0,74222100",,76.076407,76407,Seine-Maritime,28.0,Normandie,80.0,3.0,2.0,2,1.0,28,Normandie,76,1,33,Manneville-ès-Plains,311,8,319.0,2.0,7,,0.0,2.0,1.0,5.0,A01
202300041439,21,6,2023,08:20,1,76.0,76407,1,1,1.0,1.0,D925,"49,86352300","0,74222100",,76.076407,76407,Seine-Maritime,28.0,Normandie,80.0,3.0,2.0,2,1.0,28,Normandie,76,1,33,Manneville-ès-Plains,311,8,319.0,1.0,7,,0.0,2.0,1.0,1.0,B01
202300041520,17,5,2023,04:00,3,76.0,76482,1,1,1.0,3.0,Rue de la Libération,"49,86860700","1,05466800",,76.076482,76482,Seine-Maritime,28.0,Normandie,70.0,3.0,2.0,2,1.0,28,Normandie,76,1,7,OffranvilLe3191,211,3402,,2.0,7,,0.0,2.0,3.0,13.0,A01
202300041520,17,5,2023,04:00,3,76.0,76482,1,1,1.0,3.0,Rue de la Libération,"49,86860700","1,05466800",,76.076482,76482,Seine-Maritime,28.0,Normandie,70.0,3.0,2.0,2,1.0,28,Normandie,76,1,7,OffranvilLe3191,211,3402,,1.0,7,,0.0,2.0,3.0,1.0,B01
202300041537,4,11,2023,18:20,2,76.0,76540,2,4,2.0,3.0,Rue Repainville,"49,43444000","1,13187000",,76.076540,76540,Seine-Maritime,28.0,Normandie,50.0,4.0,2.0,2,2.0,28,Normandie,76,3,97,Rouen,114083,1556,115639.0,1.0,7,,0.0,9.0,3.0,15.0,A01
202300041537,4,11,2023,18:20,2,76.0,76540,2,4,2.0,3.0,Rue Repainville,"49,43444000","1,13187000",,76.076540,76540,Seine-Maritime,28.0,Normandie,50.0,4.0,2.0,2,2.0,28,Normandie,76,3,97,Rouen,114083,1556,115639.0,1.0,1,,0.0,2.0,1.0,0.0,B01
202300041645,15,5,2023,23:50,5,76.0,76486,2,1,1.0,6.0,Rue d'Elbeuf,"49,30195900","0,99234300",,76.076486,76486,Seine-Maritime,28.0,Normandie,50.0,7.0,2.0,2,1.0,28,Normandie,76,3,9,Orival,860,5,865.0,1.0,7,,6.0,0.0,1.0,1.0,A01
202300041647,14,5,2023,21:00,1,76.0,76351,2,3,1.0,3.0,PIERRE MENDES FRANCE,"49,51462000","0,15365700",,76.076351,76351,Seine-Maritime,28.0,Normandie,50.0,4.0,2.0,2,1.0,28,Normandie,76,2,96,LeHavre,166058,1780,167838.0,0.0,7,,0.0,2.0,2.0,1.0,A01
202300041647,14,5,2023,21:00,1,76.0,76351,2,3,1.0,3.0,PIERRE MENDES FRANCE,"49,51462000","0,15365700",,76.076351,76351,Seine-Maritime,28.0,Normandie,50.0,4.0,2.0,2,1.0,28,Normandie,76,2,96,LeHavre,166058,1780,167838.0,0.0,7,,0.0,2.0,8.0,16.0,B01
202300041673,5,11,2023,07:00,2,76.0,76618,2,6,1.0,7.0,rd 925,"49,93982800","1,18403400",,76.076618,76618,Seine-Maritime,28.0,Normandie,-1.0,3.0,2.0,1,2.0,28,Normandie,76,1,8,Petit-Caux,9625,210,9835.0,1.0,7,,0.0,0.0,9.0,1.0,A01
202300041723,21,2,2023,18:00,1,76.0,76351,1,1,1.0,7.0,BOUTEILLERIE (DE LA),"49,52122000","0,17158000",,76.076351,76351,Seine-Maritime,28.0,Normandie,80.0,3.0,2.0,2,1.0,28,Normandie,76,2,96,LeHavre,166058,1780,167838.0,1.0,33,,0.0,0.0,0.0,1.0,A01
202300041840,16,5,2023,16:20,1,76.0,76367,1,2,1.0,1.0,Lieu Dit les Barettes,"49,51885700","1,10869100",,76.076367,76367,Seine-Maritime,28.0,Normandie,70.0,7.0,2.0,2,1.0,28,Normandie,76,3,24,HouppevilLe2884,51,2935,,2.0,7,,0.0,2.0,7.0,19.0,A01
202300041840,16,5,2023,16:20,1,76.0,76367,1,2,1.0,1.0,Lieu Dit les Barettes,"49,51885700","1,10869100",,76.076367,76367,Seine-Maritime,28.0,Normandie,70.0,7.0,2.0,2,1.0,28,Normandie,76,3,24,HouppevilLe2884,51,2935,,2.0,33,,0.0,2.0,1.0,1.0,B01
202300041856,8,4,2023,15:30,1,76.0,76758,2,2,1.0,3.0,Avenue de Verdun,"49,61901000","0,75588900",,76.076758,76758,Seine-Maritime,28.0,Normandie,-1.0,3.0,1.0, -1,1.0,28,Normandie,76,3,35,Yvetot,11385,208,11593.0,1.0,33,,0.0,2.0,1.0,1.0,B01
202300041856,8,4,2023,15:30,1,76.0,76758,2,2,1.0,3.0,Avenue de Verdun,"49,61901000","0,75588900",,76.076758,76758,Seine-Maritime,28.0,Normandie,-1.0,3.0,1.0, -1,1.0,28,Normandie,76,3,35,Yvetot,11385,208,11593.0,2.0,7,,0.0,2.0,7.0,19.0,A01
202300041906,22,2,2023,07:10,2,76.0,76587,1,2,8.0,3.0,La Hetraie D.925,"49,77583200","0,46222000",,76.076587,76587,Seine-Maritime,28.0,Normandie,70.0,3.0,2.0,2,1.0,28,Normandie,76,2,11,Sainte-Hélène-BondevilLe715,19,734,,1.0,14,,0.0,2.0,7.0,19.0,A01
202300041906,22,2,2023,07:10,2,76.0,76587,1,2,8.0,3.0,La Hetraie D.925,"49,77583200","0,46222000",,76.076587,76587,Seine-Maritime,28.0,Normandie,70.0,3.0,2.0,2,1.0,28,Normandie,76,2,11,Sainte-Hélène-BondevilLe715,19,734,,2.0,7,,0.0,2.0,1.0,1.0,B01
202300041908,23,2,2023,17:30,2,76.0,76035,2,3,8.0,3.0,DÉPARTEMENTALE 49 76390,"49,77599000","1,75451600",,76.076035,76035,Seine-Maritime,28.0,Normandie,50.0,3.0,2.0,2,1.0,28,Normandie,76,1,12,AumaLe1974,45,2019,,1.0,7,,0.0,2.0,5.0,19.0,B01
202300041908,23,2,2023,17:30,2,76.0,76035,2,3,8.0,3.0,DÉPARTEMENTALE 49 76390,"49,77599000","1,75451600",,76.076035,76035,Seine-Maritime,28.0,Normandie,50.0,3.0,2.0,2,1.0,28,Normandie,76,1,12,AumaLe1974,45,2019,,0.0,30,,0.0,2.0,1.0,1.0,A01
202300042070,23,2,2023,11:10,1,76.0,76192,1,1,1.0,6.0,D925,"50,02382100","1,34253400",,76.076192,76192,Seine-Maritime,28.0,Normandie,80.0,3.0,2.0,2,1.0,28,Normandie,76,1,10,Criel-sur-Mer,2596,54,2650.0,1.0,1,,0.0,0.0,6.0,13.0,A01
202300042238,8,12,2023,16:00,2,76.0,76372,1,2,7.0,3.0,D929,"49,75190900","1,65942900",,76.076372,76372,Seine-Maritime,28.0,Normandie,-1.0,3.0,2.0, -1,1.0,28,Normandie,76,1,12,Illois,401,5,406.0,2.0,7,,0.0,0.0,1.0,1.0,B01
202300042238,8,12,2023,16:00,2,76.0,76372,1,2,7.0,3.0,D929,"49,75190900","1,65942900",,76.076372,76372,Seine-Maritime,28.0,Normandie,-1.0,3.0,2.0, -1,1.0,28,Normandie,76,1,12,Illois,401,5,406.0,2.0,7,,9.0,2.0,8.0,1.0,A01
202300042340,1,9,2023,16:45,1,76.0,76345,1,2,1.0,3.0,chemin départemental 8,"49,59157100","1,69303700",,76.076345,76345,Seine-Maritime,28.0,Normandie,80.0,3.0,2.0,2,1.0,28,Normandie,76,1,12,Haussez,279,2,281.0,2.0,7,,0.0,2.0,3.0,1.0,A01