Num_Acc,jour,mois,an,hrmn,lum,dep,com,agg,int,atm,col,adr,lat,long,gps,com_insee_temp,com_insee,departmentName,regionCode,regionName,vma,catr,circ,nbv,surf,Code,Region,Departement,Arrondissement,Code_Canton,Nom_Commune,Population_municipaLe,Population_comptee_a_part,Population_Totale,senc,catv,occutc,obs,obsm,choc,manv,num_veh
202300042340,1,9,2023,16:45,1,76.0,76345,1,2,1.0,3.0,chemin départemental 8,"49,59157100","1,69303700",,76.076345,76345,Seine-Maritime,28.0,Normandie,80.0,3.0,2.0,2,1.0,28,Normandie,76,1,12,Haussez,279,2,281.0,3.0,7,,0.0,2.0,2.0,19.0,B01
202300042435,31,8,2023,13:50,1,76.0,76575,2,1,2.0,2.0,Rue Julian Grimau,"49,38989000","1,09407000",,76.076575,76575,Seine-Maritime,28.0,Normandie,50.0,4.0,2.0,2,2.0,28,Normandie,76,3,98,Saint-Étienne-du-Rouvray,28508,225,28733.0,3.0,7,,0.0,2.0,1.0,1.0,B01
202300042435,31,8,2023,13:50,1,76.0,76575,2,1,2.0,2.0,Rue Julian Grimau,"49,38989000","1,09407000",,76.076575,76575,Seine-Maritime,28.0,Normandie,50.0,4.0,2.0,2,2.0,28,Normandie,76,3,98,Saint-Étienne-du-Rouvray,28508,225,28733.0,3.0,7,,0.0,2.0,4.0,1.0,A01
202300042436,31,8,2023,13:55,1,76.0,76681,2,7,2.0,2.0,Pl des Martyrs de la Resistance,"49,41984344","1,07828289",,76.076681,76681,Seine-Maritime,28.0,Normandie,30.0,4.0,1.0,1,2.0,28,Normandie,76,3,99,Sotteville-lès-Rouen,28965,475,29440.0,3.0,7,,0.0,2.0,4.0,2.0,B01
202300042436,31,8,2023,13:55,1,76.0,76681,2,7,2.0,2.0,Pl des Martyrs de la Resistance,"49,41984344","1,07828289",,76.076681,76681,Seine-Maritime,28.0,Normandie,30.0,4.0,1.0,1,2.0,28,Normandie,76,3,99,Sotteville-lès-Rouen,28965,475,29440.0,3.0,32,,0.0,2.0,3.0,2.0,A01
202300042437,31,8,2023,15:00,1,76.0,76217,2,6,2.0,3.0,REPUBLIQUE (AVENUE DE LA),"49,92526089","1,10106289",,76.076217,76217,Seine-Maritime,28.0,Normandie,50.0,4.0,-1.0,1,2.0,28,Normandie,76,1,95,Dieppe,28358,455,28813.0,1.0,50,,0.0,2.0,2.0,1.0,B01
202300042437,31,8,2023,15:00,1,76.0,76217,2,6,2.0,3.0,REPUBLIQUE (AVENUE DE LA),"49,92526089","1,10106289",,76.076217,76217,Seine-Maritime,28.0,Normandie,50.0,4.0,-1.0,1,2.0,28,Normandie,76,1,95,Dieppe,28358,455,28813.0,2.0,7,,0.0,9.0,3.0,9.0,A01
202300042709,2,10,2023,23:40,5,76.0,76540,2,1,1.0,1.0,Quai du Havre (Haut),"49,44103000","1,08231000",,76.076540,76540,Seine-Maritime,28.0,Normandie,30.0,7.0,1.0,2,1.0,28,Normandie,76,3,97,Rouen,114083,1556,115639.0,0.0,7,,0.0,2.0,3.0,5.0,A01
202300042709,2,10,2023,23:40,5,76.0,76540,2,1,1.0,1.0,Quai du Havre (Haut),"49,44103000","1,08231000",,76.076540,76540,Seine-Maritime,28.0,Normandie,30.0,7.0,1.0,2,1.0,28,Normandie,76,3,97,Rouen,114083,1556,115639.0,0.0,33,,0.0,2.0,1.0,1.0,B01
202300042712,2,10,2023,22:20,5,76.0,76231,2,1,1.0,3.0,Rue des Martyrs,"49,28900000","1,00576000",,76.076231,76231,Seine-Maritime,28.0,Normandie,50.0,4.0,2.0,2,1.0,28,Normandie,76,3,9,Elbeuf,15951,138,16089.0,3.0,50,,0.0,2.0,0.0,0.0,B01
202300042712,2,10,2023,22:20,5,76.0,76231,2,1,1.0,3.0,Rue des Martyrs,"49,28900000","1,00576000",,76.076231,76231,Seine-Maritime,28.0,Normandie,50.0,4.0,2.0,2,1.0,28,Normandie,76,3,9,Elbeuf,15951,138,16089.0,3.0,37,1.0,0.0,2.0,7.0,1.0,A01
202300042715,30,9,2023,20:20,5,76.0,76481,1,6,1.0,7.0,RD 6382,"49,53142000","0,10733000",,76.076481,76481,Seine-Maritime,28.0,Normandie,80.0,3.0,1.0,0,1.0,28,Normandie,76,2,26,Octeville-sur-Mer,6122,119,6241.0,1.0,32,,0.0,0.0,7.0,1.0,A01
202300042718,30,9,2023,00:05,5,76.0,76351,2,2,1.0,3.0,VERDUN (RUE DE),"49,50142000","0,15008000",,76.076351,76351,Seine-Maritime,28.0,Normandie,50.0,3.0,2.0,2,1.0,28,Normandie,76,2,96,LeHavre,166058,1780,167838.0,2.0,7,,0.0,2.0,3.0,1.0,B01
202300042718,30,9,2023,00:05,5,76.0,76351,2,2,1.0,3.0,VERDUN (RUE DE),"49,50142000","0,15008000",,76.076351,76351,Seine-Maritime,28.0,Normandie,50.0,3.0,2.0,2,1.0,28,Normandie,76,2,96,LeHavre,166058,1780,167838.0,1.0,7,,0.0,2.0,2.0,1.0,A01
202300042784,12,1,2023,17:15,2,76.0,76223,2,1,2.0,5.0,Route Departementale 6015,"49,62759400","0,79879400",,76.076223,76223,Seine-Maritime,28.0,Normandie,-1.0,3.0,2.0,2,2.0,28,Normandie,76,3,24,Écalles-Alix,528,6,534.0,2.0,7,,0.0,2.0,6.0,1.0,C01
202300042784,12,1,2023,17:15,2,76.0,76223,2,1,2.0,5.0,Route Departementale 6015,"49,62759400","0,79879400",,76.076223,76223,Seine-Maritime,28.0,Normandie,-1.0,3.0,2.0,2,2.0,28,Normandie,76,3,24,Écalles-Alix,528,6,534.0,1.0,7,,0.0,2.0,3.0,1.0,B01
202300042784,12,1,2023,17:15,2,76.0,76223,2,1,2.0,5.0,Route Departementale 6015,"49,62759400","0,79879400",,76.076223,76223,Seine-Maritime,28.0,Normandie,-1.0,3.0,2.0,2,2.0,28,Normandie,76,3,24,Écalles-Alix,528,6,534.0,2.0,7,,0.0,2.0,8.0,13.0,A01
202300042975,22,7,2023,12:15,1,76.0,76263,1,1,1.0,2.0,D128,"49,49436800","1,53062900",,76.076263,76263,Seine-Maritime,28.0,Normandie,80.0,3.0,2.0,2,9.0,28,Normandie,76,1,12,La Feuillie,1262,28,1290.0,3.0,33,,0.0,2.0,1.0,1.0,A01
202300042975,22,7,2023,12:15,1,76.0,76263,1,1,1.0,2.0,D128,"49,49436800","1,53062900",,76.076263,76263,Seine-Maritime,28.0,Normandie,80.0,3.0,2.0,2,9.0,28,Normandie,76,1,12,La Feuillie,1262,28,1290.0,3.0,33,,0.0,2.0,4.0,1.0,B01
202300043063,23,7,2023,13:00,1,76.0,76684,2,1,2.0,6.0,Route départementale 982,"49,47525300","0,46235400",,76.076684,76684,Seine-Maritime,28.0,Normandie,50.0,3.0,2.0,2,2.0,28,Normandie,76,2,3,TancarvilLe1218,24,1242,,1.0,7,,16.0,0.0,1.0,1.0,A01
202300043087,10,1,2023,17:40,5,76.0,76575,2,1,2.0,4.0,Rue Fernand Léger,"49,39788400","1,10001291",,76.076575,76575,Seine-Maritime,28.0,Normandie,50.0,4.0,2.0,2,2.0,28,Normandie,76,3,98,Saint-Étienne-du-Rouvray,28508,225,28733.0,3.0,7,,0.0,2.0,4.0,23.0,C01
202300043087,10,1,2023,17:40,5,76.0,76575,2,1,2.0,4.0,Rue Fernand Léger,"49,39788400","1,10001291",,76.076575,76575,Seine-Maritime,28.0,Normandie,50.0,4.0,2.0,2,2.0,28,Normandie,76,3,98,Saint-Étienne-du-Rouvray,28508,225,28733.0,3.0,7,,0.0,2.0,9.0,23.0,B01
202300043087,10,1,2023,17:40,5,76.0,76575,2,1,2.0,4.0,Rue Fernand Léger,"49,39788400","1,10001291",,76.076575,76575,Seine-Maritime,28.0,Normandie,50.0,4.0,2.0,2,2.0,28,Normandie,76,3,98,Saint-Étienne-du-Rouvray,28508,225,28733.0,3.0,7,,0.0,2.0,1.0,1.0,A01
202300043089,10,1,2023,07:45,2,76.0,76540,2,2,2.0,3.0,Boulevard des Belges,"49,44423000","1,08531000",,76.076540,76540,Seine-Maritime,28.0,Normandie,30.0,7.0,2.0,2,2.0,28,Normandie,76,3,97,Rouen,114083,1556,115639.0,3.0,7,,0.0,2.0,5.0,16.0,A01
202300043089,10,1,2023,07:45,2,76.0,76540,2,2,2.0,3.0,Boulevard des Belges,"49,44423000","1,08531000",,76.076540,76540,Seine-Maritime,28.0,Normandie,30.0,7.0,2.0,2,2.0,28,Normandie,76,3,97,Rouen,114083,1556,115639.0,3.0,50,,0.0,2.0,9.0,1.0,B01
202300043112,17,7,2023,17:20,1,76.0,76486,2,1,1.0,1.0,Rue d'Elbeuf,"49,30105000","0,99252000",,76.076486,76486,Seine-Maritime,28.0,Normandie,50.0,7.0,2.0,2,1.0,28,Normandie,76,3,9,Orival,860,5,865.0,3.0,7,,0.0,2.0,1.0,1.0,A01
202300043112,17,7,2023,17:20,1,76.0,76486,2,1,1.0,1.0,Rue d'Elbeuf,"49,30105000","0,99252000",,76.076486,76486,Seine-Maritime,28.0,Normandie,50.0,7.0,2.0,2,1.0,28,Normandie,76,3,9,Orival,860,5,865.0,0.0,3,,0.0,2.0,1.0,1.0,B01
202300043232,18,6,2023,06:55,2,76.0,76351,2,1,1.0,6.0,IENA (D'),"49,49147000","0,13572000",,76.076351,76351,Seine-Maritime,28.0,Normandie,30.0,4.0,2.0,1,1.0,28,Normandie,76,2,96,LeHavre,166058,1780,167838.0,1.0,7,,0.0,1.0,1.0,13.0,A01
202300043233,18,6,2023,19:20,1,76.0,76447,1,1,2.0,6.0,RD 6382,"49,52516000","0,18294000",,76.076447,76447,Seine-Maritime,28.0,Normandie,70.0,3.0,3.0,2,3.0,28,Normandie,76,2,15,Montivilliers,15457,203,15660.0,1.0,7,,6.0,0.0,2.0,14.0,A01
202300043234,17,6,2023,15:45,1,76.0,76351,2,2,1.0,3.0,DEMIDOFF (RUE),"49,49761000","0,13743000",,76.076351,76351,Seine-Maritime,28.0,Normandie,50.0,4.0,1.0,2,1.0,28,Normandie,76,2,96,LeHavre,166058,1780,167838.0,0.0,7,,0.0,2.0,1.0,1.0,A01
202300043234,17,6,2023,15:45,1,76.0,76351,2,2,1.0,3.0,DEMIDOFF (RUE),"49,49761000","0,13743000",,76.076351,76351,Seine-Maritime,28.0,Normandie,50.0,4.0,1.0,2,1.0,28,Normandie,76,2,96,LeHavre,166058,1780,167838.0,0.0,7,,0.0,2.0,8.0,1.0,B01
202300043235,16,6,2023,21:05,1,76.0,76305,2,1,1.0,6.0,ELSA TRIOLET,"49,50434000","0,23527000",,76.076305,76305,Seine-Maritime,28.0,Normandie,50.0,4.0,2.0,2,1.0,28,Normandie,76,2,16,Gonfreville-l'Orcher,8961,44,9005.0,0.0,7,,0.0,2.0,2.0,1.0,A01
202300043235,16,6,2023,21:05,1,76.0,76305,2,1,1.0,6.0,ELSA TRIOLET,"49,50434000","0,23527000",,76.076305,76305,Seine-Maritime,28.0,Normandie,50.0,4.0,2.0,2,1.0,28,Normandie,76,2,16,Gonfreville-l'Orcher,8961,44,9005.0,0.0,60,,0.0,2.0,1.0,19.0,B01
202300043664,13,5,2023,14:45,1,76.0,76540,2,1,1.0,6.0,Place Saint Sever,"49,43048000","1,08500000",,76.076540,76540,Seine-Maritime,28.0,Normandie,-1.0,4.0,-1.0,0,1.0,28,Normandie,76,3,97,Rouen,114083,1556,115639.0,3.0,50,,0.0,1.0,0.0,1.0,A01
202300043699,2,11,2023,23:45,5,76.0,76540,2,2,8.0,3.0,Quai Jean Moulin,"49,43686000","1,08750000",,76.076540,76540,Seine-Maritime,28.0,Normandie,50.0,4.0,2.0,4,2.0,28,Normandie,76,3,97,Rouen,114083,1556,115639.0,3.0,10,,0.0,2.0,5.0,1.0,B01
202300043699,2,11,2023,23:45,5,76.0,76540,2,2,8.0,3.0,Quai Jean Moulin,"49,43686000","1,08750000",,76.076540,76540,Seine-Maritime,28.0,Normandie,50.0,4.0,2.0,4,2.0,28,Normandie,76,3,97,Rouen,114083,1556,115639.0,3.0,7,,0.0,2.0,1.0,1.0,A01
202300043906,21,2,2023,16:12,1,76.0,76257,1,1,1.0,6.0,"A28 vers Rouen, pk040.000","49,85716000","1,55375000",,76.076257,76257,Seine-Maritime,28.0,Normandie,130.0,1.0,3.0,2,1.0,28,Normandie,76,1,10,Fallencourt,183,2,185.0,1.0,7,,4.0,0.0,3.0,13.0,A01
202300044127,10,2,2023,09:00,1,76.0,76351,1,1,1.0,6.0,SPORTS,"49,51746000","0,13001000",,76.076351,76351,Seine-Maritime,28.0,Normandie,-1.0,5.0,2.0,1,2.0,28,Normandie,76,2,96,LeHavre,166058,1780,167838.0,1.0,7,,0.0,1.0,2.0,1.0,A01
202300044155,4,4,2023,13:50,1,76.0,76351,2,2,1.0,1.0,FRANCOIS 1ER (BD),"49,49191000","0,09917000",,76.076351,76351,Seine-Maritime,28.0,Normandie,-1.0,4.0,2.0, -1,1.0,28,Normandie,76,2,96,LeHavre,166058,1780,167838.0,1.0,50,,0.0,2.0,0.0,19.0,A01
202300044155,4,4,2023,13:50,1,76.0,76351,2,2,1.0,1.0,FRANCOIS 1ER (BD),"49,49191000","0,09917000",,76.076351,76351,Seine-Maritime,28.0,Normandie,-1.0,4.0,2.0, -1,1.0,28,Normandie,76,2,96,LeHavre,166058,1780,167838.0,1.0,7,,0.0,2.0,0.0,1.0,B01
202300044222,30,8,2023,18:00,1,76.0,76540,2,3,1.0,2.0,Route de Darnetal,"49,44042000","1,12755000",,76.076540,76540,Seine-Maritime,28.0,Normandie,50.0,7.0,2.0,2,1.0,28,Normandie,76,3,97,Rouen,114083,1556,115639.0,0.0,99,,0.0,2.0,3.0,0.0,B01
202300044222,30,8,2023,18:00,1,76.0,76540,2,3,1.0,2.0,Route de Darnetal,"49,44042000","1,12755000",,76.076540,76540,Seine-Maritime,28.0,Normandie,50.0,7.0,2.0,2,1.0,28,Normandie,76,3,97,Rouen,114083,1556,115639.0,0.0,10,,0.0,2.0,1.0,1.0,A01
202300044456,5,12,2023,08:15,1,76.0,76351,2,3,1.0,6.0,IRENE JOLIOT CURIE (RUE),"49,51424000","0,10478000",,76.076351,76351,Seine-Maritime,28.0,Normandie,-1.0,4.0,-1.0, -1,1.0,28,Normandie,76,2,96,LeHavre,166058,1780,167838.0,1.0,33,,0.0,2.0,1.0,1.0,A01
202300044456,5,12,2023,08:15,1,76.0,76351,2,3,1.0,6.0,IRENE JOLIOT CURIE (RUE),"49,51424000","0,10478000",,76.076351,76351,Seine-Maritime,28.0,Normandie,-1.0,4.0,-1.0, -1,1.0,28,Normandie,76,2,96,LeHavre,166058,1780,167838.0,1.0,7,,0.0,2.0,6.0,1.0,B01
202300044459,6,12,2023,08:10,2,76.0,76351,2,1,1.0,7.0,COLBERT (QUAI),"49,49249000","0,13097000",,76.076351,76351,Seine-Maritime,28.0,Normandie,50.0,4.0,1.0,2,7.0,28,Normandie,76,2,96,LeHavre,166058,1780,167838.0,0.0,1,,0.0,0.0,0.0,1.0,A01
202300044461,5,12,2023,18:25,5,76.0,76351,2,3,2.0,6.0,FELIX FAURE,"49,50203000","0,11728000",,76.076351,76351,Seine-Maritime,28.0,Normandie,-1.0,4.0,2.0, -1,2.0,28,Normandie,76,2,96,LeHavre,166058,1780,167838.0,0.0,37,1.0,0.0,2.0,3.0,13.0,A01
202300044461,5,12,2023,18:25,5,76.0,76351,2,3,2.0,6.0,FELIX FAURE,"49,50203000","0,11728000",,76.076351,76351,Seine-Maritime,28.0,Normandie,-1.0,4.0,2.0, -1,2.0,28,Normandie,76,2,96,LeHavre,166058,1780,167838.0,0.0,7,,0.0,2.0,5.0,1.0,B01
202300044465,5,12,2023,16:50,4,76.0,76351,2,2,2.0,3.0,GERANIUMS (DES),"49,50528000","0,16126000",,76.076351,76351,Seine-Maritime,28.0,Normandie,50.0,4.0,2.0,1,2.0,28,Normandie,76,2,96,LeHavre,166058,1780,167838.0,1.0,7,,0.0,2.0,2.0,1.0,B01
202300044465,5,12,2023,16:50,4,76.0,76351,2,2,2.0,3.0,GERANIUMS (DES),"49,50528000","0,16126000",,76.076351,76351,Seine-Maritime,28.0,Normandie,50.0,4.0,2.0,1,2.0,28,Normandie,76,2,96,LeHavre,166058,1780,167838.0,1.0,3,,0.0,2.0,7.0,1.0,A01
202300044552,1,10,2023,16:12,1,76.0,76323,2,1,1.0,7.0,14 Route de Fayelle,"49,72867100","1,54078400",,76.076323,76323,Seine-Maritime,28.0,Normandie,50.0,3.0,2.0,2,1.0,28,Normandie,76,1,23,Graval,156,4,160.0,0.0,2,,0.0,0.0,0.0,1.0,A01
202300044605,8,1,2023,08:15,1,76.0,76481,1,6,1.0,6.0,RD 6382,"49,53125053","0,10814130",,76.076481,76481,Seine-Maritime,28.0,Normandie,90.0,3.0,3.0,4,2.0,28,Normandie,76,2,26,Octeville-sur-Mer,6122,119,6241.0,2.0,7,,9.0,0.0,1.0,1.0,A01
202300044607,7,1,2023,06:30,3,76.0,76351,1,1,1.0,6.0,SEIZIEME PORT (AVENUE DU),"49,48260000","0,16175000",,76.076351,76351,Seine-Maritime,28.0,Normandie,70.0,4.0,3.0,4,1.0,28,Normandie,76,2,96,LeHavre,166058,1780,167838.0,0.0,7,,0.0,1.0,3.0,1.0,A01
202300044610,9,1,2023,20:30,5,76.0,76217,1,3,1.0,2.0,Rue Jacques Monod,"49,92228903","1,11628550",,76.076217,76217,Seine-Maritime,28.0,Normandie,50.0,3.0,2.0,2,1.0,28,Normandie,76,1,95,Dieppe,28358,455,28813.0,0.0,7,,0.0,2.0,1.0,0.0,B01
202300044610,9,1,2023,20:30,5,76.0,76217,1,3,1.0,2.0,Rue Jacques Monod,"49,92228903","1,11628550",,76.076217,76217,Seine-Maritime,28.0,Normandie,50.0,3.0,2.0,2,1.0,28,Normandie,76,1,95,Dieppe,28358,455,28813.0,0.0,10,,0.0,2.0,6.0,15.0,A01
202300044685,1,10,2023,06:35,4,76.0,76681,2,2,1.0,6.0,Rue Victor Hugo,"49,41387000","1,09515000",,76.076681,76681,Seine-Maritime,28.0,Normandie,50.0,4.0,2.0,2,1.0,28,Normandie,76,3,99,Sotteville-lès-Rouen,28965,475,29440.0,1.0,30,,6.0,0.0,3.0,16.0,A01
202300044690,29,9,2023,17:40,1,76.0,76384,1,1,1.0,5.0,PORT JEROME,"49,49757000","0,54617000",,76.076384,76384,Seine-Maritime,28.0,Normandie,80.0,3.0,2.0,3,1.0,28,Normandie,76,2,3,Lillebonne,8729,141,8870.0,2.0,7,,0.0,2.0,9.0,13.0,A01
202300044690,29,9,2023,17:40,1,76.0,76384,1,1,1.0,5.0,PORT JEROME,"49,49757000","0,54617000",,76.076384,76384,Seine-Maritime,28.0,Normandie,80.0,3.0,2.0,3,1.0,28,Normandie,76,2,3,Lillebonne,8729,141,8870.0,1.0,7,,0.0,2.0,3.0,0.0,B01
202300044690,29,9,2023,17:40,1,76.0,76384,1,1,1.0,5.0,PORT JEROME,"49,49757000","0,54617000",,76.076384,76384,Seine-Maritime,28.0,Normandie,80.0,3.0,2.0,3,1.0,28,Normandie,76,2,3,Lillebonne,8729,141,8870.0,1.0,7,,0.0,2.0,1.0,1.0,C01
202300044864,22,7,2023,12:34,1,76.0,76319,1,1,1.0,2.0,A13,"49,33855300","0,98306200",,76.076319,76319,Seine-Maritime,28.0,Normandie,130.0,1.0,3.0,6,1.0,28,Normandie,76,3,9,Grand-Couronne,9726,177,9903.0,1.0,7,,0.0,0.0,5.0,2.0,A01
202300044864,22,7,2023,12:34,1,76.0,76319,1,1,1.0,2.0,A13,"49,33855300","0,98306200",,76.076319,76319,Seine-Maritime,28.0,Normandie,130.0,1.0,3.0,6,1.0,28,Normandie,76,3,9,Grand-Couronne,9726,177,9903.0,1.0,33,,0.0,2.0,1.0,2.0,B01
202300044980,19,7,2023,17:40,1,76.0,76351,2,2,1.0,3.0,GERANIUMS (DES),"49,50602000","0,16334000",,76.076351,76351,Seine-Maritime,28.0,Normandie,50.0,4.0,2.0,2,1.0,28,Normandie,76,2,96,LeHavre,166058,1780,167838.0,0.0,7,,0.0,2.0,1.0,1.0,A01
202300044980,19,7,2023,17:40,1,76.0,76351,2,2,1.0,3.0,GERANIUMS (DES),"49,50602000","0,16334000",,76.076351,76351,Seine-Maritime,28.0,Normandie,50.0,4.0,2.0,2,1.0,28,Normandie,76,2,96,LeHavre,166058,1780,167838.0,1.0,10,,0.0,2.0,1.0,1.0,B01
202300044983,20,7,2023,23:00,4,76.0,76217,2,1,1.0,3.0,GAMBETTA (AVENUE),"49,92002000","1,07375000",,76.076217,76217,Seine-Maritime,28.0,Normandie,30.0,4.0,2.0,3,1.0,28,Normandie,76,1,95,Dieppe,28358,455,28813.0,2.0,7,,0.0,2.0,6.0,10.0,A01
202300044983,20,7,2023,23:00,4,76.0,76217,2,1,1.0,3.0,GAMBETTA (AVENUE),"49,92002000","1,07375000",,76.076217,76217,Seine-Maritime,28.0,Normandie,30.0,4.0,2.0,3,1.0,28,Normandie,76,1,95,Dieppe,28358,455,28813.0,2.0,2,,0.0,0.0,0.0,0.0,B01
202300045072,20,6,2023,09:50,1,76.0,76035,2,1,1.0,6.0,Rue Nationale,"49,76760100","1,75337800",,76.076035,76035,Seine-Maritime,28.0,Normandie,50.0,3.0,1.0,2,1.0,28,Normandie,76,1,12,AumaLe1974,45,2019,,2.0,7,,0.0,1.0,4.0,4.0,A01
202300045073,20,6,2023,16:50,1,76.0,76400,2,1,1.0,6.0,rue de la République,"49,82426459","0,91178804",,76.076400,76400,Seine-Maritime,28.0,Normandie,50.0,3.0,2.0,2,1.0,28,Normandie,76,1,20,Luneray,2170,36,2206.0,0.0,10,,0.0,1.0,7.0,1.0,A01
202300045113,19,6,2023,08:00,1,76.0,76753,1,1,1.0,5.0,D13,"49,34889100","1,16343500",,76.076753,76753,Seine-Maritime,28.0,Normandie,80.0,7.0,2.0,2,1.0,28,Normandie,76,3,6,Ymare,1212,22,1234.0,2.0,7,,0.0,2.0,6.0,1.0,B01
202300045113,19,6,2023,08:00,1,76.0,76753,1,1,1.0,5.0,D13,"49,34889100","1,16343500",,76.076753,76753,Seine-Maritime,28.0,Normandie,80.0,7.0,2.0,2,1.0,28,Normandie,76,3,6,Ymare,1212,22,1234.0,2.0,7,,0.0,2.0,1.0,1.0,C01
202300045113,19,6,2023,08:00,1,76.0,76753,1,1,1.0,5.0,D13,"49,34889100","1,16343500",,76.076753,76753,Seine-Maritime,28.0,Normandie,80.0,7.0,2.0,2,1.0,28,Normandie,76,3,6,Ymare,1212,22,1234.0,1.0,7,,0.0,2.0,1.0,1.0,A01
202300045142,16,6,2023,09:50,1,76.0,76462,1,1,1.0,2.0,A28,"49,73038800","1,46036600",,76.076462,76462,Seine-Maritime,28.0,Normandie,130.0,1.0,3.0,2,1.0,28,Normandie,76,1,23,Neufchâtel-en-Bray,4680,213,4893.0,2.0,7,,4.0,0.0,6.0,2.0,A01
202300045142,16,6,2023,09:50,1,76.0,76462,1,1,1.0,2.0,A28,"49,73038800","1,46036600",,76.076462,76462,Seine-Maritime,28.0,Normandie,130.0,1.0,3.0,2,1.0,28,Normandie,76,1,23,Neufchâtel-en-Bray,4680,213,4893.0,2.0,7,,0.0,2.0,2.0,0.0,B01
202300045148,16,6,2023,02:00,3,76.0,76243,1,1,1.0,1.0,Route d?Ernemont,"49,55406000","1,36282000",,76.076243,76243,Seine-Maritime,28.0,Normandie,80.0,3.0,2.0,2,1.0,28,Normandie,76,3,21,Ernemont-sur-Buchy,294,2,296.0,3.0,7,,0.0,2.0,1.0,5.0,A01
202300045148,16,6,2023,02:00,3,76.0,76243,1,1,1.0,1.0,Route d?Ernemont,"49,55406000","1,36282000",,76.076243,76243,Seine-Maritime,28.0,Normandie,80.0,3.0,2.0,2,1.0,28,Normandie,76,3,21,Ernemont-sur-Buchy,294,2,296.0,3.0,7,,0.0,2.0,1.0,1.0,B01
202300045332,3,11,2023,15:45,1,76.0,76624,2,1,1.0,6.0,124 Rue du Thil,"49,87990000","1,20857000",,76.076624,76624,Seine-Maritime,28.0,Normandie,50.0,4.0,-1.0,2,1.0,28,Normandie,76,1,8,Saint-Nicolas-d'Aliermont,3764,59,3823.0,3.0,1,,0.0,2.0,1.0,1.0,A01
202300045332,3,11,2023,15:45,1,76.0,76624,2,1,1.0,6.0,124 Rue du Thil,"49,87990000","1,20857000",,76.076624,76624,Seine-Maritime,28.0,Normandie,50.0,4.0,-1.0,2,1.0,28,Normandie,76,1,8,Saint-Nicolas-d'Aliermont,3764,59,3823.0,0.0,7,,0.0,9.0,5.0,1.0,B01
202300045452,2,11,2023,00:15,5,76.0,76231,2,2,2.0,3.0,Rue Boucher de Perthes,"49,29089000","0,99979000",,76.076231,76231,Seine-Maritime,28.0,Normandie,50.0,7.0,2.0,2,2.0,28,Normandie,76,3,9,Elbeuf,15951,138,16089.0,1.0,7,,0.0,2.0,1.0,15.0,A01
202300045452,2,11,2023,00:15,5,76.0,76231,2,2,2.0,3.0,Rue Boucher de Perthes,"49,29089000","0,99979000",,76.076231,76231,Seine-Maritime,28.0,Normandie,50.0,7.0,2.0,2,2.0,28,Normandie,76,3,9,Elbeuf,15951,138,16089.0,2.0,7,,0.0,2.0,1.0,1.0,B01
202300045454,31,10,2023,21:00,3,76.0,76576,1,1,2.0,5.0,D6015,"49,55370000","0,44804000",,76.076576,76576,Seine-Maritime,28.0,Normandie,80.0,3.0,2.0,3,2.0,28,Normandie,76,2,3,Saint-Eustache-la-Forêt,1233,16,1249.0,2.0,7,,0.0,2.0,1.0,1.0,B01
202300045454,31,10,2023,21:00,3,76.0,76576,1,1,2.0,5.0,D6015,"49,55370000","0,44804000",,76.076576,76576,Seine-Maritime,28.0,Normandie,80.0,3.0,2.0,3,2.0,28,Normandie,76,2,3,Saint-Eustache-la-Forêt,1233,16,1249.0,2.0,7,,0.0,2.0,1.0,17.0,C01
202300045454,31,10,2023,21:00,3,76.0,76576,1,1,2.0,5.0,D6015,"49,55370000","0,44804000",,76.076576,76576,Seine-Maritime,28.0,Normandie,80.0,3.0,2.0,3,2.0,28,Normandie,76,2,3,Saint-Eustache-la-Forêt,1233,16,1249.0,1.0,7,,0.0,2.0,1.0,13.0,A01
202300045473,12,5,2023,23:25,3,76.0,76231,2,6,1.0,6.0,Rue de Rouen,"49,29694000","0,99486000",,76.076231,76231,Seine-Maritime,28.0,Normandie,50.0,7.0,1.0,1,2.0,28,Normandie,76,3,9,Elbeuf,15951,138,16089.0,3.0,31,,4.0,0.0,0.0,0.0,A01
202300045641,5,4,2023,15:45,1,76.0,76657,1,1,1.0,6.0,A131 PK 024.400,"49,48091000","0,33714300",,76.076657,76657,Seine-Maritime,28.0,Normandie,110.0,1.0,1.0,2,1.0,28,Normandie,76,2,32,Saint-Vigor-d'YmonvilLe1167,24,1191,,1.0,13,,3.0,0.0,2.0,1.0,A01
202300045830,4,4,2023,12:20,1,76.0,76217,2,2,1.0,3.0,LOUIS BLERIOT (RUE ),"49,92225000","1,11636000",,76.076217,76217,Seine-Maritime,28.0,Normandie,70.0,3.0,2.0,2,1.0,28,Normandie,76,1,95,Dieppe,28358,455,28813.0,1.0,7,,0.0,2.0,1.0,1.0,B01
202300045830,4,4,2023,12:20,1,76.0,76217,2,2,1.0,3.0,LOUIS BLERIOT (RUE ),"49,92225000","1,11636000",,76.076217,76217,Seine-Maritime,28.0,Normandie,70.0,3.0,2.0,2,1.0,28,Normandie,76,1,95,Dieppe,28358,455,28813.0,1.0,10,,0.0,2.0,2.0,19.0,A01