Num_Acc,jour,mois,an,hrmn,lum,dep,com,agg,int,atm,col,adr,lat,long,gps,com_insee_temp,com_insee,departmentName,regionCode,regionName,vma,catr,circ,nbv,surf,Code,Region,Departement,Arrondissement,Code_Canton,Nom_Commune,Population_municipaLe,Population_comptee_a_part,Population_Totale,senc,catv,occutc,obs,obsm,choc,manv,num_veh
202300045835,4,4,2023,07:45,1,76.0,76324,1,6,1.0,3.0,RD 925,"49,93129000","1,14242000",,76.076324,76324,Seine-Maritime,28.0,Normandie,70.0,3.0,2.0,2,1.0,28,Normandie,76,1,8,Grèges,841,15,856.0,1.0,7,,0.0,2.0,2.0,2.0,B01
202300045835,4,4,2023,07:45,1,76.0,76324,1,6,1.0,3.0,RD 925,"49,93129000","1,14242000",,76.076324,76324,Seine-Maritime,28.0,Normandie,70.0,3.0,2.0,2,1.0,28,Normandie,76,1,8,Grèges,841,15,856.0,1.0,7,,3.0,2.0,8.0,19.0,A01
202300045877,18,2,2023,23:20,5,76.0,76349,2,2,1.0,6.0,GRIMALDI (RUE),"49,89782000","1,02997000",,76.076349,76349,Seine-Maritime,28.0,Normandie,-1.0,3.0,2.0, -1,2.0,28,Normandie,76,1,7,Hautot-sur-Mer,1887,46,1933.0,1.0,7,,6.0,1.0,1.0,16.0,A01
202300046259,5,12,2023,08:25,1,76.0,76351,2,1,2.0,7.0,DENIS PAPIN (PONT),"49,49459000","0,13801000",,76.076351,76351,Seine-Maritime,28.0,Normandie,50.0,4.0,2.0,2,2.0,28,Normandie,76,2,96,LeHavre,166058,1780,167838.0,0.0,30,,1.0,0.0,0.0,1.0,A01
202300046448,8,1,2023,16:28,1,76.0,76167,1,1,1.0,7.0,départementale 111,"49,61244800","0,16955900",,76.076167,76167,Seine-Maritime,28.0,Normandie,80.0,3.0,2.0,2,1.0,28,Normandie,76,2,26,Cauville-sur-Mer,1618,29,1647.0,1.0,31,,0.0,0.0,0.0,1.0,A01
202300046534,21,7,2023,15:30,1,76.0,76749,2,1,1.0,7.0,chemin de la plaine,"49,86065300","1,36694000",,76.076749,76749,Seine-Maritime,28.0,Normandie,50.0,4.0,2.0,1,1.0,28,Normandie,76,1,23,Wanchy-Capval,333,8,341.0,3.0,21,,0.0,0.0,0.0,1.0,A01
202300046682,9,1,2023,07:30,3,76.0,76456,1,1,3.0,2.0,RD 929,"49,64677500","0,84738000",,76.076456,76456,Seine-Maritime,28.0,Normandie,80.0,3.0,2.0,2,2.0,28,Normandie,76,3,35,MottevilLe771,11,782,,2.0,50,,7.0,0.0,0.0,0.0,A01
202300046682,9,1,2023,07:30,3,76.0,76456,1,1,3.0,2.0,RD 929,"49,64677500","0,84738000",,76.076456,76456,Seine-Maritime,28.0,Normandie,80.0,3.0,2.0,2,2.0,28,Normandie,76,3,35,MottevilLe771,11,782,,2.0,15,,0.0,9.0,2.0,2.0,B01
202300046706,20,7,2023,16:45,1,76.0,76475,2,2,1.0,1.0,Route de Paris,"49,40291000","1,15846800",,76.076475,76475,Seine-Maritime,28.0,Normandie,50.0,7.0,2.0,2,1.0,28,Normandie,76,3,21,Franqueville-Saint-Pierre,6067,195,6262.0,2.0,7,,0.0,2.0,1.0,15.0,A01
202300046706,20,7,2023,16:45,1,76.0,76475,2,2,1.0,1.0,Route de Paris,"49,40291000","1,15846800",,76.076475,76475,Seine-Maritime,28.0,Normandie,50.0,7.0,2.0,2,1.0,28,Normandie,76,3,21,Franqueville-Saint-Pierre,6067,195,6262.0,1.0,2,,0.0,2.0,1.0,1.0,B01
202300046727,19,7,2023,08:25,1,76.0,76540,2,2,1.0,6.0,Place Cauchoise,"49,44579000","1,08668000",,76.076540,76540,Seine-Maritime,28.0,Normandie,50.0,7.0,2.0,2,1.0,28,Normandie,76,3,97,Rouen,114083,1556,115639.0,3.0,10,,0.0,1.0,3.0,1.0,A01
202300046764,30,9,2023,07:30,2,76.0,76380,1,1,1.0,6.0,D152,"49,78727700","0,98748200",,76.076380,76380,Seine-Maritime,28.0,Normandie,80.0,3.0,2.0,2,1.0,28,Normandie,76,1,20,LammervilLe309,8,317,,2.0,7,,0.0,1.0,2.0,1.0,A01
202300046788,1,10,2023,13:40,1,76.0,76618,1,2,7.0,3.0,D925,"49,97013000","1,24634500",,76.076618,76618,Seine-Maritime,28.0,Normandie,-1.0,3.0,2.0, -1,1.0,28,Normandie,76,1,8,Petit-Caux,9625,210,9835.0,1.0,33,,0.0,2.0,1.0,1.0,B01
202300046788,1,10,2023,13:40,1,76.0,76618,1,2,7.0,3.0,D925,"49,97013000","1,24634500",,76.076618,76618,Seine-Maritime,28.0,Normandie,-1.0,3.0,2.0, -1,1.0,28,Normandie,76,1,8,Petit-Caux,9625,210,9835.0,1.0,7,,0.0,2.0,7.0,15.0,A01
202300046793,18,7,2023,15:45,1,76.0,76351,2,1,1.0,6.0,EDOUARD VAILLANT,"49,51498000","0,17677000",,76.076351,76351,Seine-Maritime,28.0,Normandie,50.0,4.0,2.0,2,1.0,28,Normandie,76,2,96,LeHavre,166058,1780,167838.0,0.0,99,,0.0,1.0,2.0,1.0,A01
202300047075,15,6,2023,14:20,1,76.0,76523,1,1,1.0,7.0,RD116-PK006+000,"49,82527600","1,59700900",,76.076523,76523,Seine-Maritime,28.0,Normandie,80.0,3.0,2.0,2,1.0,28,Normandie,76,1,10,Rétonval,177,2,179.0,2.0,2,,0.0,0.0,1.0,2.0,A01
202300047201,31,10,2023,21:00,5,76.0,76540,2,3,2.0,1.0,Av du Cdt Bernard Bicheray,"49,44915000","1,04783000",,76.076540,76540,Seine-Maritime,28.0,Normandie,50.0,7.0,2.0,2,2.0,28,Normandie,76,3,97,Rouen,114083,1556,115639.0,0.0,50,,0.0,2.0,1.0,0.0,A01
202300047201,31,10,2023,21:00,5,76.0,76540,2,3,2.0,1.0,Av du Cdt Bernard Bicheray,"49,44915000","1,04783000",,76.076540,76540,Seine-Maritime,28.0,Normandie,50.0,7.0,2.0,2,2.0,28,Normandie,76,3,97,Rouen,114083,1556,115639.0,1.0,7,,0.0,2.0,1.0,1.0,B01
202300047202,31,10,2023,16:15,1,76.0,76322,1,1,1.0,2.0,N338 - Sud 3,"49,41843000","1,04859000",,76.076322,76322,Seine-Maritime,28.0,Normandie,90.0,2.0,3.0,4,1.0,28,Normandie,76,3,13,LeGrand-Quevilly,25975,225,26200.0,1.0,10,,0.0,2.0,1.0,2.0,A01
202300047202,31,10,2023,16:15,1,76.0,76322,1,1,1.0,2.0,N338 - Sud 3,"49,41843000","1,04859000",,76.076322,76322,Seine-Maritime,28.0,Normandie,90.0,2.0,3.0,4,1.0,28,Normandie,76,3,13,LeGrand-Quevilly,25975,225,26200.0,1.0,7,,0.0,2.0,4.0,2.0,B01
202300047324,3,3,2023,18:45,5,76.0,76351,2,1,1.0,6.0,SOCRATE,"49,51303000","0,16233000",,76.076351,76351,Seine-Maritime,28.0,Normandie,30.0,4.0,-1.0,1,1.0,28,Normandie,76,2,96,LeHavre,166058,1780,167838.0,1.0,31,,0.0,1.0,1.0,1.0,A01
202300047385,11,5,2023,16:45,1,76.0,76484,1,1,1.0,6.0,D18 E,"49,35618000","1,08380000",,76.076484,76484,Seine-Maritime,28.0,Normandie,110.0,7.0,3.0,4,1.0,28,Normandie,76,3,31,Oissel,12367,83,12450.0,3.0,7,,4.0,0.0,0.0,17.0,A01
202300047459,31,3,2023,13:36,1,76.0,76351,2,3,1.0,6.0,MICHELET,"49,49238000","0,12158000",,76.076351,76351,Seine-Maritime,28.0,Normandie,50.0,4.0,2.0,2,2.0,28,Normandie,76,2,96,LeHavre,166058,1780,167838.0,0.0,50,,0.0,2.0,2.0,19.0,A01
202300047459,31,3,2023,13:36,1,76.0,76351,2,3,1.0,6.0,MICHELET,"49,49238000","0,12158000",,76.076351,76351,Seine-Maritime,28.0,Normandie,50.0,4.0,2.0,2,2.0,28,Normandie,76,2,96,LeHavre,166058,1780,167838.0,1.0,7,,0.0,9.0,1.0,15.0,B01
202300047461,1,4,2023,01:25,5,76.0,76552,2,3,3.0,6.0,CAP ( RTE DU ),"49,50615974","0,07980645",,76.076552,76552,Seine-Maritime,28.0,Normandie,50.0,3.0,2.0,1,2.0,28,Normandie,76,2,19,Sainte-Adresse,7116,188,7304.0,2.0,7,,1.0,0.0,2.0,1.0,A01
202300047562,28,8,2023,09:30,1,76.0,76575,2,1,1.0,6.0,Rue du Madrillet,"49,40395400","1,07527400",,76.076575,76575,Seine-Maritime,28.0,Normandie,50.0,4.0,2.0,2,1.0,28,Normandie,76,3,98,Saint-Étienne-du-Rouvray,28508,225,28733.0,1.0,7,,0.0,1.0,1.0,1.0,A01
202300047567,24,8,2023,22:08,5,76.0,76351,2,1,1.0,6.0,DOCTEUR VIGNE,"49,49760000","0,11168000",,76.076351,76351,Seine-Maritime,28.0,Normandie,50.0,4.0,1.0,2,1.0,28,Normandie,76,2,96,LeHavre,166058,1780,167838.0,1.0,7,,0.0,2.0,8.0,24.0,A01
202300047567,24,8,2023,22:08,5,76.0,76351,2,1,1.0,6.0,DOCTEUR VIGNE,"49,49760000","0,11168000",,76.076351,76351,Seine-Maritime,28.0,Normandie,50.0,4.0,1.0,2,1.0,28,Normandie,76,2,96,LeHavre,166058,1780,167838.0,1.0,1,,0.0,2.0,1.0,1.0,B01
202300047660,6,12,2023,07:15,3,76.0,76612,1,1,5.0,6.0,départementale 26,"49,83218166","1,67040128",,76.076612,76612,Seine-Maritime,28.0,Normandie,80.0,3.0,2.0,2,2.0,28,Normandie,76,1,10,Saint-Martin-au-Bosc,269,6,275.0,1.0,7,,2.0,0.0,1.0,1.0,A01
202300047664,6,12,2023,19:00,3,76.0,76367,1,1,2.0,6.0,D121,"49,50383700","1,09828900",,76.076367,76367,Seine-Maritime,28.0,Normandie,80.0,7.0,2.0,2,2.0,28,Normandie,76,3,24,HouppevilLe2884,51,2935,,2.0,32,,0.0,6.0,0.0,2.0,A01
202300047801,29,8,2023,11:50,1,76.0,76258,1,2,1.0,3.0,Route départementale 109,"49,67638300","0,60868400",,76.076258,76258,Seine-Maritime,28.0,Normandie,80.0,3.0,2.0,1,1.0,28,Normandie,76,2,33,Terres-de-Caux,4208,112,4320.0,1.0,7,,0.0,0.0,7.0,1.0,A01
202300047801,29,8,2023,11:50,1,76.0,76258,1,2,1.0,3.0,Route départementale 109,"49,67638300","0,60868400",,76.076258,76258,Seine-Maritime,28.0,Normandie,80.0,3.0,2.0,1,1.0,28,Normandie,76,2,33,Terres-de-Caux,4208,112,4320.0,2.0,7,,0.0,2.0,1.0,1.0,B01
202300047803,2,4,2023,15:40,1,76.0,76540,2,1,1.0,6.0,Rue François Couperin,"49,45055000","1,13844000",,76.076540,76540,Seine-Maritime,28.0,Normandie,50.0,4.0,2.0,2,1.0,28,Normandie,76,3,97,Rouen,114083,1556,115639.0,2.0,7,,0.0,1.0,5.0,4.0,A01
202300047806,1,4,2023,16:43,1,76.0,76575,2,3,2.0,1.0,Rue Camille Saint-saens,"49,39431000","1,06297000",,76.076575,76575,Seine-Maritime,28.0,Normandie,50.0,4.0,2.0,2,2.0,28,Normandie,76,3,98,Saint-Étienne-du-Rouvray,28508,225,28733.0,3.0,7,,0.0,2.0,3.0,15.0,B01
202300047806,1,4,2023,16:43,1,76.0,76575,2,3,2.0,1.0,Rue Camille Saint-saens,"49,39431000","1,06297000",,76.076575,76575,Seine-Maritime,28.0,Normandie,50.0,4.0,2.0,2,2.0,28,Normandie,76,3,98,Saint-Étienne-du-Rouvray,28508,225,28733.0,3.0,7,,0.0,2.0,2.0,1.0,A01
202300047819,11,5,2023,15:25,1,76.0,76580,1,1,1.0,7.0,Rue du Bout d'Aval,"49,55487700","1,16296300",,76.076580,76580,Seine-Maritime,28.0,Normandie,30.0,6.0,-1.0, -1,1.0,28,Normandie,76,3,2,Saint-Georges-sur-Fontaine,919,18,937.0,3.0,7,,6.0,0.0,4.0,26.0,A01
202300047871,27,8,2023,11:16,1,76.0,76532,1,3,1.0,5.0,D928,"49,61007000","1,29572200",,76.076532,76532,Seine-Maritime,28.0,Normandie,-1.0,3.0,2.0, -1,1.0,28,Normandie,76,1,23,Rocquemont,778,17,795.0,2.0,7,,0.0,2.0,2.0,19.0,A01
202300047871,27,8,2023,11:16,1,76.0,76532,1,3,1.0,5.0,D928,"49,61007000","1,29572200",,76.076532,76532,Seine-Maritime,28.0,Normandie,-1.0,3.0,2.0, -1,1.0,28,Normandie,76,1,23,Rocquemont,778,17,795.0,2.0,7,,0.0,2.0,8.0,1.0,B01
202300047871,27,8,2023,11:16,1,76.0,76532,1,3,1.0,5.0,D928,"49,61007000","1,29572200",,76.076532,76532,Seine-Maritime,28.0,Normandie,-1.0,3.0,2.0, -1,1.0,28,Normandie,76,1,23,Rocquemont,778,17,795.0,1.0,7,,13.0,2.0,1.0,1.0,C01
202300047952,4,12,2023,10:40,1,76.0,76351,2,3,2.0,4.0,BIGNE A FOSSE,"49,52657000","0,11019000",,76.076351,76351,Seine-Maritime,28.0,Normandie,50.0,4.0,2.0,2,2.0,28,Normandie,76,2,96,LeHavre,166058,1780,167838.0,0.0,7,,0.0,2.0,1.0,2.0,A01
202300047952,4,12,2023,10:40,1,76.0,76351,2,3,2.0,4.0,BIGNE A FOSSE,"49,52657000","0,11019000",,76.076351,76351,Seine-Maritime,28.0,Normandie,50.0,4.0,2.0,2,2.0,28,Normandie,76,2,96,LeHavre,166058,1780,167838.0,0.0,7,,0.0,2.0,4.0,1.0,B01
202300047952,4,12,2023,10:40,1,76.0,76351,2,3,2.0,4.0,BIGNE A FOSSE,"49,52657000","0,11019000",,76.076351,76351,Seine-Maritime,28.0,Normandie,50.0,4.0,2.0,2,2.0,28,Normandie,76,2,96,LeHavre,166058,1780,167838.0,0.0,7,,0.0,2.0,4.0,23.0,C01
202300047954,1,12,2023,14:15,1,76.0,76351,2,3,1.0,3.0,Avenue Pablo Picasso,"49,50424000","0,16614000",,76.076351,76351,Seine-Maritime,28.0,Normandie,50.0,4.0,2.0,5,1.0,28,Normandie,76,2,96,LeHavre,166058,1780,167838.0,2.0,7,,0.0,2.0,7.0,15.0,A01
202300047954,1,12,2023,14:15,1,76.0,76351,2,3,1.0,3.0,Avenue Pablo Picasso,"49,50424000","0,16614000",,76.076351,76351,Seine-Maritime,28.0,Normandie,50.0,4.0,2.0,5,1.0,28,Normandie,76,2,96,LeHavre,166058,1780,167838.0,1.0,7,,0.0,2.0,1.0,1.0,B01
202300047957,3,12,2023,16:30,2,76.0,76351,2,4,1.0,3.0,JULES DELAMARE,"49,49200000","0,16142000",,76.076351,76351,Seine-Maritime,28.0,Normandie,50.0,3.0,-1.0,2,2.0,28,Normandie,76,2,96,LeHavre,166058,1780,167838.0,3.0,7,,0.0,2.0,3.0,15.0,A01
202300047957,3,12,2023,16:30,2,76.0,76351,2,4,1.0,3.0,JULES DELAMARE,"49,49200000","0,16142000",,76.076351,76351,Seine-Maritime,28.0,Normandie,50.0,3.0,-1.0,2,2.0,28,Normandie,76,2,96,LeHavre,166058,1780,167838.0,3.0,7,,0.0,2.0,2.0,1.0,B01
202300047986,29,8,2023,17:00,1,76.0,76475,2,1,1.0,3.0,Route de Paris,"49,39623900","1,18200100",,76.076475,76475,Seine-Maritime,28.0,Normandie,50.0,7.0,2.0,2,1.0,28,Normandie,76,3,21,Franqueville-Saint-Pierre,6067,195,6262.0,1.0,7,,0.0,2.0,3.0,15.0,A01
202300047986,29,8,2023,17:00,1,76.0,76475,2,1,1.0,3.0,Route de Paris,"49,39623900","1,18200100",,76.076475,76475,Seine-Maritime,28.0,Normandie,50.0,7.0,2.0,2,1.0,28,Normandie,76,3,21,Franqueville-Saint-Pierre,6067,195,6262.0,1.0,1,,0.0,2.0,1.0,1.0,B01
202300048032,19,2,2023,03:15,3,76.0,76348,1,1,2.0,6.0,D110,"49,69283500","0,75200300",,76.076348,76348,Seine-Maritime,28.0,Normandie,80.0,3.0,2.0,2,2.0,28,Normandie,76,3,35,Hautot-Saint-Sulpice,690,8,698.0,1.0,33,,3.0,0.0,0.0,1.0,A01
202300048185,28,8,2023,16:00,1,76.0,76159,2,1,1.0,7.0,23 Rue du Hôme,"49,78880800","0,63357000",,76.076159,76159,Seine-Maritime,28.0,Normandie,30.0,4.0,2.0,2,1.0,28,Normandie,76,1,33,Cany-BarvilLe2947,46,2993,,0.0,2,,0.0,0.0,0.0,1.0,A01
202300048189,26,8,2023,15:30,1,76.0,76146,2,1,1.0,3.0,415 Rue Andre Auguste,"49,58809800","1,35561400",,76.076146,76146,Seine-Maritime,28.0,Normandie,50.0,3.0,2.0,2,1.0,28,Normandie,76,3,21,Buchy,2805,108,2913.0,1.0,7,,0.0,2.0,7.0,17.0,A01
202300048189,26,8,2023,15:30,1,76.0,76146,2,1,1.0,3.0,415 Rue Andre Auguste,"49,58809800","1,35561400",,76.076146,76146,Seine-Maritime,28.0,Normandie,50.0,3.0,2.0,2,1.0,28,Normandie,76,3,21,Buchy,2805,108,2913.0,1.0,1,,0.0,0.0,8.0,2.0,B01
202300048200,17,2,2023,18:25,5,76.0,76322,1,1,1.0,6.0,N338 - Sud 3,"49,40012000","1,03227000",,76.076322,76322,Seine-Maritime,28.0,Normandie,90.0,2.0,3.0,5,1.0,28,Normandie,76,3,13,LeGrand-Quevilly,25975,225,26200.0,2.0,7,,4.0,0.0,7.0,2.0,A01
202300048205,17,2,2023,02:00,3,76.0,76540,2,1,1.0,7.0,N28,"49,43870000","1,11581000",,76.076540,76540,Seine-Maritime,28.0,Normandie,70.0,2.0,3.0,6,1.0,28,Normandie,76,3,97,Rouen,114083,1556,115639.0,1.0,7,,0.0,0.0,9.0,1.0,A01
202300048290,29,9,2023,19:45,2,76.0,76498,2,3,1.0,3.0,Avenue Jean Jaurès,"49,42708000","1,06382000",,76.076498,76498,Seine-Maritime,28.0,Normandie,50.0,7.0,2.0,2,1.0,28,Normandie,76,3,27,LePetit-Quevilly,21782,274,22056.0,3.0,7,,0.0,2.0,3.0,16.0,A01
202300048290,29,9,2023,19:45,2,76.0,76498,2,3,1.0,3.0,Avenue Jean Jaurès,"49,42708000","1,06382000",,76.076498,76498,Seine-Maritime,28.0,Normandie,50.0,7.0,2.0,2,1.0,28,Normandie,76,3,27,LePetit-Quevilly,21782,274,22056.0,3.0,0,,0.0,2.0,9.0,1.0,B01
202300048407,14,6,2023,16:30,1,76.0,76540,2,1,1.0,3.0,Quai du Havre (Haut),"49,43903000","1,08830000",,76.076540,76540,Seine-Maritime,28.0,Normandie,50.0,7.0,2.0,4,1.0,28,Normandie,76,3,97,Rouen,114083,1556,115639.0,0.0,33,,0.0,2.0,7.0,1.0,B01
202300048407,14,6,2023,16:30,1,76.0,76540,2,1,1.0,3.0,Quai du Havre (Haut),"49,43903000","1,08830000",,76.076540,76540,Seine-Maritime,28.0,Normandie,50.0,7.0,2.0,4,1.0,28,Normandie,76,3,97,Rouen,114083,1556,115639.0,0.0,10,,0.0,2.0,1.0,10.0,A01
202300048437,6,1,2023,14:09,1,76.0,76157,2,3,2.0,1.0,Impasse du Clos aux Moines,"49,44763000","1,02022000",,76.076157,76157,Seine-Maritime,28.0,Normandie,30.0,4.0,2.0,2,6.0,28,Normandie,76,3,4,Canteleu,13966,360,14326.0,2.0,7,,1.0,0.0,3.0,26.0,A01
202300048437,6,1,2023,14:09,1,76.0,76157,2,3,2.0,1.0,Impasse du Clos aux Moines,"49,44763000","1,02022000",,76.076157,76157,Seine-Maritime,28.0,Normandie,30.0,4.0,2.0,2,6.0,28,Normandie,76,3,4,Canteleu,13966,360,14326.0,2.0,33,,0.0,2.0,1.0,26.0,M01
202300048442,6,1,2023,06:30,2,76.0,76474,2,4,2.0,2.0,Route de Dieppe,"49,48585000","1,04845000",,76.076474,76474,Seine-Maritime,28.0,Normandie,50.0,7.0,2.0,2,2.0,28,Normandie,76,3,24,Notre-Dame-de-BondevilLe6957,82,7039,,3.0,7,,0.0,2.0,1.0,2.0,A01
202300048442,6,1,2023,06:30,2,76.0,76474,2,4,2.0,2.0,Route de Dieppe,"49,48585000","1,04845000",,76.076474,76474,Seine-Maritime,28.0,Normandie,50.0,7.0,2.0,2,2.0,28,Normandie,76,3,24,Notre-Dame-de-BondevilLe6957,82,7039,,3.0,10,,0.0,2.0,4.0,2.0,B01
202300048443,16,7,2023,20:10,1,76.0,76178,1,1,3.0,6.0,Rue de Tourville,"49,31254000","1,05512000",,76.076178,76178,Seine-Maritime,28.0,Normandie,80.0,7.0,2.0,4,2.0,28,Normandie,76,3,5,Cléon,4907,30,4937.0,0.0,7,,2.0,0.0,8.0,17.0,A01
202300048449,15,6,2023,16:00,1,76.0,76351,2,4,1.0,3.0,VERDUN (RUE DE),"49,50244000","0,16816300",,76.076351,76351,Seine-Maritime,28.0,Normandie,50.0,3.0,2.0,2,1.0,28,Normandie,76,2,96,LeHavre,166058,1780,167838.0,1.0,7,,14.0,9.0,2.0,16.0,A01
202300048449,15,6,2023,16:00,1,76.0,76351,2,4,1.0,3.0,VERDUN (RUE DE),"49,50244000","0,16816300",,76.076351,76351,Seine-Maritime,28.0,Normandie,50.0,3.0,2.0,2,1.0,28,Normandie,76,2,96,LeHavre,166058,1780,167838.0,1.0,80,,0.0,2.0,8.0,1.0,B01
202300048453,18,7,2023,01:00,3,76.0,76707,1,9,1.0,6.0,RD 915,"49,85730000","1,11600000",,76.076707,76707,Seine-Maritime,28.0,Normandie,50.0,3.0,1.0,2,1.0,28,Normandie,76,1,7,Tourville-sur-Arques,1193,35,1228.0,0.0,7,,11.0,0.0,1.0,13.0,A01
202300048792,8,1,2023,09:30,1,76.0,76222,2,1,1.0,6.0,Rue Louis Pasteur,"49,49125110","0,87547297",,76.076222,76222,Seine-Maritime,28.0,Normandie,50.0,7.0,2.0,2,1.0,28,Normandie,76,3,1,Duclair,4020,52,4072.0,0.0,7,,0.0,0.0,0.0,1.0,A01
202300048820,27,9,2023,20:30,3,76.0,76460,1,1,1.0,7.0,Route du Poteau Maitre Jean,"49,90223600","1,63857200",,76.076460,76460,Seine-Maritime,28.0,Normandie,80.0,3.0,2.0,2,1.0,28,Normandie,76,1,10,Nesle-Normandeuse,494,8,502.0,1.0,7,,13.0,0.0,3.0,1.0,A01
202300048892,7,1,2023,16:45,1,76.0,76558,1,1,1.0,1.0,D95,"49,39413300","1,17191100",,76.076558,76558,Seine-Maritime,28.0,Normandie,70.0,7.0,2.0,2,2.0,28,Normandie,76,3,6,Saint-Aubin-CellovilLe1181,8,1189,,2.0,7,,15.0,2.0,7.0,13.0,A01
202300048892,7,1,2023,16:45,1,76.0,76558,1,1,1.0,1.0,D95,"49,39413300","1,17191100",,76.076558,76558,Seine-Maritime,28.0,Normandie,70.0,7.0,2.0,2,2.0,28,Normandie,76,3,6,Saint-Aubin-CellovilLe1181,8,1189,,1.0,7,,0.0,2.0,1.0,1.0,B01
202300048907,15,6,2023,14:00,1,76.0,76087,1,2,7.0,3.0,Rue de Bosc Mare,"49,71197800","0,81666000",,76.076087,76087,Seine-Maritime,28.0,Normandie,-1.0,3.0,2.0, -1,1.0,28,Normandie,76,3,35,Berville-en-Caux,694,10,704.0,0.0,10,,0.0,2.0,2.0,19.0,A01
202300048907,15,6,2023,14:00,1,76.0,76087,1,2,7.0,3.0,Rue de Bosc Mare,"49,71197800","0,81666000",,76.076087,76087,Seine-Maritime,28.0,Normandie,-1.0,3.0,2.0, -1,1.0,28,Normandie,76,3,35,Berville-en-Caux,694,10,704.0,2.0,7,,0.0,2.0,3.0,1.0,B01
202300048964,19,7,2023,13:30,1,76.0,76295,1,1,1.0,1.0,D 919 ,"49,65767000","1,63392000",,76.076295,76295,Seine-Maritime,28.0,Normandie,80.0,3.0,2.0,2,1.0,28,Normandie,76,1,12,Gaillefontaine,1183,13,1196.0,2.0,7,,0.0,0.0,2.0,1.0,A01
202300048964,19,7,2023,13:30,1,76.0,76295,1,1,1.0,1.0,D 919 ,"49,65767000","1,63392000",,76.076295,76295,Seine-Maritime,28.0,Normandie,80.0,3.0,2.0,2,1.0,28,Normandie,76,1,12,Gaillefontaine,1183,13,1196.0,1.0,7,,0.0,2.0,3.0,1.0,B01
202300049099,30,10,2023,10:30,1,76.0,76305,1,6,2.0,7.0,Côte de l'Estuaire,"49,49804000","0,23120000",,76.076305,76305,Seine-Maritime,28.0,Normandie,50.0,3.0,2.0,1,2.0,28,Normandie,76,2,16,Gonfreville-l'Orcher,8961,44,9005.0,2.0,30,,0.0,0.0,7.0,1.0,A01
202300049100,29,10,2023,05:11,3,76.0,76259,1,1,1.0,7.0,D486,"49,73310000","0,38744000",,76.076259,76259,Seine-Maritime,28.0,Normandie,80.0,3.0,2.0,2,2.0,28,Normandie,76,2,11,Fécamp,18016,269,18285.0,0.0,7,,0.0,0.0,0.0,1.0,A01
202300049257,5,12,2023,07:56,3,76.0,76380,1,2,2.0,1.0,D152,"49,80316648","0,96910411",,76.076380,76380,Seine-Maritime,28.0,Normandie,-1.0,3.0,2.0, -1,2.0,28,Normandie,76,1,20,LammervilLe309,8,317,,1.0,7,,0.0,2.0,3.0,1.0,A01
202300049257,5,12,2023,07:56,3,76.0,76380,1,2,2.0,1.0,D152,"49,80316648","0,96910411",,76.076380,76380,Seine-Maritime,28.0,Normandie,-1.0,3.0,2.0, -1,2.0,28,Normandie,76,1,20,LammervilLe309,8,317,,2.0,7,,0.0,2.0,2.0,15.0,B01
202300049271,5,12,2023,09:35,1,76.0,76618,1,1,2.0,1.0,RD925,"49,98925600","1,27012300",,76.076618,76618,Seine-Maritime,28.0,Normandie,80.0,3.0,2.0,2,2.0,28,Normandie,76,1,8,Petit-Caux,9625,210,9835.0,1.0,15,,0.0,2.0,3.0,1.0,B01
202300049271,5,12,2023,09:35,1,76.0,76618,1,1,2.0,1.0,RD925,"49,98925600","1,27012300",,76.076618,76618,Seine-Maritime,28.0,Normandie,80.0,3.0,2.0,2,2.0,28,Normandie,76,1,8,Petit-Caux,9625,210,9835.0,2.0,10,,0.0,2.0,3.0,13.0,A01
202300049389,10,5,2023,07:15,1,76.0,76575,1,2,2.0,6.0,Boulevard Lénine,"49,38161000","1,10983000",,76.076575,76575,Seine-Maritime,28.0,Normandie,90.0,7.0,2.0,2,2.0,28,Normandie,76,3,98,Saint-Étienne-du-Rouvray,28508,225,28733.0,2.0,7,,0.0,1.0,2.0,19.0,A01
202300049407,9,5,2023,19:00,1,76.0,76351,2,3,1.0,6.0,IRENE JOLIOT CURIE (RUE),"49,52136000","0,10511000",,76.076351,76351,Seine-Maritime,28.0,Normandie,-1.0,4.0,2.0, -1,1.0,28,Normandie,76,2,96,LeHavre,166058,1780,167838.0,1.0,7,,0.0,1.0,1.0,1.0,A01
202300049509,25,2,2023,11:20,1,76.0,76414,2,2,2.0,2.0,ANCIEN PORT (RUE DE L'),"49,90825000","1,10965000",,76.076414,76414,Seine-Maritime,28.0,Normandie,-1.0,4.0,2.0, -1,2.0,28,Normandie,76,1,8,Martin-Église,1600,55,1655.0,1.0,7,,0.0,2.0,1.0,2.0,A01
202300049509,25,2,2023,11:20,1,76.0,76414,2,2,2.0,2.0,ANCIEN PORT (RUE DE L'),"49,90825000","1,10965000",,76.076414,76414,Seine-Maritime,28.0,Normandie,-1.0,4.0,2.0, -1,2.0,28,Normandie,76,1,8,Martin-Église,1600,55,1655.0,1.0,7,,0.0,2.0,5.0,15.0,B01
202300049602,25,8,2023,15:45,1,76.0,76599,2,1,1.0,6.0,route de Lyons la Forêt,"49,43189000","1,15846000",,76.076599,76599,Seine-Maritime,28.0,Normandie,50.0,7.0,2.0,2,1.0,28,Normandie,76,3,6,Saint-Léger-du-Bourg-Denis,3641,42,3683.0,0.0,50,,0.0,1.0,3.0,25.0,A01