Num_Acc,jour,mois,an,hrmn,lum,dep,com,agg,int,atm,col,adr,lat,long,gps,com_insee_temp,com_insee,departmentName,regionCode,regionName,vma,catr,circ,nbv,surf,Code,Region,Departement,Arrondissement,Code_Canton,Nom_Commune,Population_municipaLe,Population_comptee_a_part,Population_Totale,senc,catv,occutc,obs,obsm,choc,manv,num_veh
202300049606,25,8,2023,15:40,1,76.0,76481,1,1,1.0,1.0,GOLF (CHEMIN DU),"49,56853000","0,13463000",,76.076481,76481,Seine-Maritime,28.0,Normandie,50.0,4.0,2.0,1,1.0,28,Normandie,76,2,26,Octeville-sur-Mer,6122,119,6241.0,1.0,7,,0.0,2.0,1.0,1.0,A01
202300049606,25,8,2023,15:40,1,76.0,76481,1,1,1.0,1.0,GOLF (CHEMIN DU),"49,56853000","0,13463000",,76.076481,76481,Seine-Maritime,28.0,Normandie,50.0,4.0,2.0,1,1.0,28,Normandie,76,2,26,Octeville-sur-Mer,6122,119,6241.0,2.0,7,,0.0,2.0,1.0,1.0,B01
202300049608,24,8,2023,14:05,1,76.0,76351,2,1,1.0,7.0,PABLO PICASSO (AVENUE) ,"49,50420000","0,16415000",,76.076351,76351,Seine-Maritime,28.0,Normandie,50.0,4.0,2.0,4,1.0,28,Normandie,76,2,96,LeHavre,166058,1780,167838.0,2.0,30,,8.0,0.0,1.0,1.0,A01
202300049654,1,4,2023,06:00,3,76.0,76663,2,1,2.0,6.0,8 Cote des Petites Dalles,"49,80562300","0,53160300",,76.076663,76663,Seine-Maritime,28.0,Normandie,50.0,3.0,2.0,2,2.0,28,Normandie,76,2,11,Sassetot-le-Mauconduit,1011,19,1030.0,1.0,7,,2.0,0.0,2.0,15.0,A01
202300049776,9,5,2023,07:30,1,76.0,76351,2,6,2.0,3.0,PIERRE NAZE (PLACE),"49,49617600","0,10783200",,76.076351,76351,Seine-Maritime,28.0,Normandie,50.0,4.0,1.0,1,2.0,28,Normandie,76,2,96,LeHavre,166058,1780,167838.0,3.0,1,,0.0,0.0,0.0,0.0,B01
202300049776,9,5,2023,07:30,1,76.0,76351,2,6,2.0,3.0,PIERRE NAZE (PLACE),"49,49617600","0,10783200",,76.076351,76351,Seine-Maritime,28.0,Normandie,50.0,4.0,1.0,1,2.0,28,Normandie,76,2,96,LeHavre,166058,1780,167838.0,1.0,7,,0.0,9.0,3.0,9.0,A01
202300049786,6,5,2023,15:35,1,76.0,76351,2,4,2.0,5.0,GENERAL FERRIE (AVENUE),"49,50342000","0,17963000",,76.076351,76351,Seine-Maritime,28.0,Normandie,50.0,4.0,1.0,1,2.0,28,Normandie,76,2,96,LeHavre,166058,1780,167838.0,1.0,7,,0.0,2.0,1.0,1.0,C01
202300049786,6,5,2023,15:35,1,76.0,76351,2,4,2.0,5.0,GENERAL FERRIE (AVENUE),"49,50342000","0,17963000",,76.076351,76351,Seine-Maritime,28.0,Normandie,50.0,4.0,1.0,1,2.0,28,Normandie,76,2,96,LeHavre,166058,1780,167838.0,0.0,7,,0.0,2.0,1.0,1.0,B01
202300049786,6,5,2023,15:35,1,76.0,76351,2,4,2.0,5.0,GENERAL FERRIE (AVENUE),"49,50342000","0,17963000",,76.076351,76351,Seine-Maritime,28.0,Normandie,50.0,4.0,1.0,1,2.0,28,Normandie,76,2,96,LeHavre,166058,1780,167838.0,2.0,10,,0.0,2.0,3.0,1.0,A01
202300049795,5,5,2023,22:20,4,76.0,76351,1,1,1.0,4.0,VERDUN (RUE DE),"49,50275000","0,18954000",,76.076351,76351,Seine-Maritime,28.0,Normandie,70.0,3.0,3.0,0,1.0,28,Normandie,76,2,96,LeHavre,166058,1780,167838.0,1.0,7,,0.0,2.0,8.0,11.0,A01
202300049795,5,5,2023,22:20,4,76.0,76351,1,1,1.0,4.0,VERDUN (RUE DE),"49,50275000","0,18954000",,76.076351,76351,Seine-Maritime,28.0,Normandie,70.0,3.0,3.0,0,1.0,28,Normandie,76,2,96,LeHavre,166058,1780,167838.0,2.0,7,,0.0,2.0,1.0,1.0,C01
202300049795,5,5,2023,22:20,4,76.0,76351,1,1,1.0,4.0,VERDUN (RUE DE),"49,50275000","0,18954000",,76.076351,76351,Seine-Maritime,28.0,Normandie,70.0,3.0,3.0,0,1.0,28,Normandie,76,2,96,LeHavre,166058,1780,167838.0,1.0,7,,0.0,2.0,7.0,6.0,B01
202300049801,10,5,2023,15:15,1,76.0,76349,1,3,1.0,2.0,RD 925,"49,90008000","1,05120000",,76.076349,76349,Seine-Maritime,28.0,Normandie,80.0,3.0,2.0,2,1.0,28,Normandie,76,1,7,Hautot-sur-Mer,1887,46,1933.0,0.0,30,,0.0,2.0,3.0,26.0,A01
202300049801,10,5,2023,15:15,1,76.0,76349,1,3,1.0,2.0,RD 925,"49,90008000","1,05120000",,76.076349,76349,Seine-Maritime,28.0,Normandie,80.0,3.0,2.0,2,1.0,28,Normandie,76,1,7,Hautot-sur-Mer,1887,46,1933.0,0.0,7,,0.0,9.0,5.0,2.0,B01
202300049809,9,5,2023,20:15,1,76.0,76217,2,5,1.0,6.0,CITE DE LIMES (RUE),"49,92752000","1,08789000",,76.076217,76217,Seine-Maritime,28.0,Normandie,-1.0,3.0,2.0, -1,1.0,28,Normandie,76,1,95,Dieppe,28358,455,28813.0,1.0,30,,8.0,0.0,2.0,1.0,A01
202300049814,16,7,2023,12:00,1,76.0,76231,1,1,2.0,1.0,Rue de la Saussaye,"49,27100000","0,99700000",,76.076231,76231,Seine-Maritime,28.0,Normandie,80.0,7.0,2.0,2,2.0,28,Normandie,76,3,9,Elbeuf,15951,138,16089.0,3.0,7,,16.0,2.0,1.0,13.0,A01
202300049814,16,7,2023,12:00,1,76.0,76231,1,1,2.0,1.0,Rue de la Saussaye,"49,27100000","0,99700000",,76.076231,76231,Seine-Maritime,28.0,Normandie,80.0,7.0,2.0,2,2.0,28,Normandie,76,3,9,Elbeuf,15951,138,16089.0,3.0,7,,0.0,2.0,0.0,1.0,B01
202300049904,31,3,2023,21:00,2,76.0,76540,2,6,1.0,6.0,Boulevard de l'Europe,"49,43097000","1,07900000",,76.076540,76540,Seine-Maritime,28.0,Normandie,50.0,4.0,2.0,4,1.0,28,Normandie,76,3,97,Rouen,114083,1556,115639.0,3.0,7,,0.0,9.0,9.0,0.0,A01
202300049912,30,3,2023,14:50,1,76.0,76351,2,2,1.0,3.0,JULES VALLES,"49,51384800","0,17601500",,76.076351,76351,Seine-Maritime,28.0,Normandie,50.0,4.0,2.0,4,1.0,28,Normandie,76,2,96,LeHavre,166058,1780,167838.0,1.0,7,,0.0,2.0,1.0,1.0,A01
202300049912,30,3,2023,14:50,1,76.0,76351,2,2,1.0,3.0,JULES VALLES,"49,51384800","0,17601500",,76.076351,76351,Seine-Maritime,28.0,Normandie,50.0,4.0,2.0,4,1.0,28,Normandie,76,2,96,LeHavre,166058,1780,167838.0,2.0,10,,0.0,2.0,3.0,0.0,B01
202300049943,12,6,2023,11:40,1,76.0,76384,2,1,1.0,6.0,GOUBERMOULINS (RUE),"49,52947000","0,54623000",,76.076384,76384,Seine-Maritime,28.0,Normandie,50.0,4.0,2.0,2,1.0,28,Normandie,76,2,3,Lillebonne,8729,141,8870.0,3.0,7,,0.0,1.0,7.0,2.0,A01
202300050229,2,12,2023,19:15,4,76.0,76540,1,1,1.0,2.0,N28,"49,43882500","1,11696400",,76.076540,76540,Seine-Maritime,28.0,Normandie,70.0,2.0,3.0,4,1.0,28,Normandie,76,3,97,Rouen,114083,1556,115639.0,1.0,10,,0.0,2.0,1.0,2.0,A01
202300050229,2,12,2023,19:15,4,76.0,76540,1,1,1.0,2.0,N28,"49,43882500","1,11696400",,76.076540,76540,Seine-Maritime,28.0,Normandie,70.0,2.0,3.0,4,1.0,28,Normandie,76,3,97,Rouen,114083,1556,115639.0,1.0,7,,0.0,2.0,4.0,23.0,B01
202300050293,27,9,2023,22:00,5,76.0,76351,2,1,1.0,1.0,GENERAL FERRIE (AVENUE),"49,50385599","0,17815590",,76.076351,76351,Seine-Maritime,28.0,Normandie,50.0,4.0,2.0,4,1.0,28,Normandie,76,2,96,LeHavre,166058,1780,167838.0,2.0,10,,0.0,2.0,3.0,1.0,B01
202300050293,27,9,2023,22:00,5,76.0,76351,2,1,1.0,1.0,GENERAL FERRIE (AVENUE),"49,50385599","0,17815590",,76.076351,76351,Seine-Maritime,28.0,Normandie,50.0,4.0,2.0,4,1.0,28,Normandie,76,2,96,LeHavre,166058,1780,167838.0,1.0,7,,0.0,2.0,3.0,13.0,Z01
202300050300,28,9,2023,05:20,5,76.0,76351,2,2,1.0,7.0,COCHET,"49,50228000","0,09719000",,76.076351,76351,Seine-Maritime,28.0,Normandie,50.0,4.0,2.0,0,1.0,28,Normandie,76,2,96,LeHavre,166058,1780,167838.0,0.0,31,,0.0,0.0,0.0,14.0,A01
202300050309,26,9,2023,16:15,1,76.0,76305,1,2,1.0,6.0,BREQUE (ROUTE),"49,48771400","0,19622400",,76.076305,76305,Seine-Maritime,28.0,Normandie,50.0,4.0,2.0,5,1.0,28,Normandie,76,2,16,Gonfreville-l'Orcher,8961,44,9005.0,2.0,15,,0.0,2.0,7.0,12.0,A01
202300050309,26,9,2023,16:15,1,76.0,76305,1,2,1.0,6.0,BREQUE (ROUTE),"49,48771400","0,19622400",,76.076305,76305,Seine-Maritime,28.0,Normandie,50.0,4.0,2.0,5,1.0,28,Normandie,76,2,16,Gonfreville-l'Orcher,8961,44,9005.0,1.0,7,,0.0,2.0,8.0,1.0,B01
202300050408,16,2,2023,00:35,3,76.0,76497,1,1,1.0,2.0,N338 - Sud 3,"49,37529400","1,04690500",,76.076497,76497,Seine-Maritime,28.0,Normandie,110.0,2.0,3.0,4,1.0,28,Normandie,76,3,13,Petit-Couronne,8688,175,8863.0,1.0,7,,3.0,0.0,1.0,2.0,B01
202300050408,16,2,2023,00:35,3,76.0,76497,1,1,1.0,2.0,N338 - Sud 3,"49,37529400","1,04690500",,76.076497,76497,Seine-Maritime,28.0,Normandie,110.0,2.0,3.0,4,1.0,28,Normandie,76,3,13,Petit-Couronne,8688,175,8863.0,1.0,7,,3.0,0.0,9.0,2.0,A01
202300050412,9,2,2023,20:20,3,76.0,76498,1,1,1.0,4.0,N338 - Sud 3,"49,43382000","1,06336000",,76.076498,76498,Seine-Maritime,28.0,Normandie,90.0,2.0,3.0,4,1.0,28,Normandie,76,3,27,LePetit-Quevilly,21782,274,22056.0,2.0,7,,4.0,0.0,1.0,2.0,A01
202300050412,9,2,2023,20:20,3,76.0,76498,1,1,1.0,4.0,N338 - Sud 3,"49,43382000","1,06336000",,76.076498,76498,Seine-Maritime,28.0,Normandie,90.0,2.0,3.0,4,1.0,28,Normandie,76,3,27,LePetit-Quevilly,21782,274,22056.0,2.0,7,,4.0,0.0,4.0,2.0,B01
202300050412,9,2,2023,20:20,3,76.0,76498,1,1,1.0,4.0,N338 - Sud 3,"49,43382000","1,06336000",,76.076498,76498,Seine-Maritime,28.0,Normandie,90.0,2.0,3.0,4,1.0,28,Normandie,76,3,27,LePetit-Quevilly,21782,274,22056.0,2.0,7,,4.0,0.0,6.0,2.0,C01
202300050549,13,6,2023,15:22,1,76.0,76156,1,1,7.0,7.0,Route de Butôt,"49,80792000","0,59696900",,76.076156,76156,Seine-Maritime,28.0,Normandie,80.0,3.0,2.0,2,1.0,28,Normandie,76,1,33,CanouvilLe345,9,354,,2.0,50,,0.0,0.0,0.0,1.0,A01
202300050726,14,6,2023,10:10,1,76.0,76055,1,2,1.0,1.0,D131,"49,63610146","0,73551178",,76.076055,76055,Seine-Maritime,28.0,Normandie,70.0,3.0,2.0, -1,1.0,28,Normandie,76,3,35,Baons-le-Comte,335,8,343.0,2.0,20,,13.0,0.0,1.0,21.0,B01
202300050726,14,6,2023,10:10,1,76.0,76055,1,2,1.0,1.0,D131,"49,63610146","0,73551178",,76.076055,76055,Seine-Maritime,28.0,Normandie,70.0,3.0,2.0, -1,1.0,28,Normandie,76,3,35,Baons-le-Comte,335,8,343.0,1.0,7,,0.0,0.0,0.0,15.0,A01
202300050803,6,1,2023,18:08,3,76.0,76115,1,1,2.0,5.0,D6015,"49,59385000","0,58318000",,76.076115,76115,Seine-Maritime,28.0,Normandie,80.0,3.0,2.0,2,2.0,28,Normandie,76,2,25,BollevilLe585,9,594,,2.0,7,,0.0,2.0,1.0,13.0,A01
202300050803,6,1,2023,18:08,3,76.0,76115,1,1,2.0,5.0,D6015,"49,59385000","0,58318000",,76.076115,76115,Seine-Maritime,28.0,Normandie,80.0,3.0,2.0,2,2.0,28,Normandie,76,2,25,BollevilLe585,9,594,,1.0,7,,0.0,2.0,1.0,1.0,B01
202300050803,6,1,2023,18:08,3,76.0,76115,1,1,2.0,5.0,D6015,"49,59385000","0,58318000",,76.076115,76115,Seine-Maritime,28.0,Normandie,80.0,3.0,2.0,2,2.0,28,Normandie,76,2,25,BollevilLe585,9,594,,1.0,7,,0.0,2.0,8.0,1.0,C01
202300050907,9,6,2023,22:25,1,76.0,76351,2,6,1.0,6.0,LOUIS BLANC,"49,50778000","0,13364000",,76.076351,76351,Seine-Maritime,28.0,Normandie,50.0,4.0,2.0,2,1.0,28,Normandie,76,2,96,LeHavre,166058,1780,167838.0,0.0,7,,12.0,0.0,1.0,16.0,A01
202300050929,6,1,2023,07:40,5,76.0,76758,2,1,2.0,1.0,Rue Pierre de Coubertin,"49,61376900","0,76110900",,76.076758,76758,Seine-Maritime,28.0,Normandie,30.0,4.0,2.0,1,2.0,28,Normandie,76,3,35,Yvetot,11385,208,11593.0,1.0,1,,0.0,2.0,1.0,11.0,B01
202300050929,6,1,2023,07:40,5,76.0,76758,2,1,2.0,1.0,Rue Pierre de Coubertin,"49,61376900","0,76110900",,76.076758,76758,Seine-Maritime,28.0,Normandie,30.0,4.0,2.0,1,2.0,28,Normandie,76,3,35,Yvetot,11385,208,11593.0,2.0,7,,0.0,9.0,3.0,2.0,A01
202300050960,3,1,2023,19:20,5,76.0,76351,2,3,2.0,6.0,PIERRE MENDES FRANCE,"49,51444000","0,15346000",,76.076351,76351,Seine-Maritime,28.0,Normandie,50.0,4.0,2.0,2,2.0,28,Normandie,76,2,96,LeHavre,166058,1780,167838.0,0.0,2,,11.0,0.0,1.0,13.0,A01
202300051067,25,8,2023,19:50,1,76.0,76675,1,1,1.0,3.0,A151,"49,60169900","1,04516000",,76.076675,76675,Seine-Maritime,28.0,Normandie,130.0,1.0,1.0,2,1.0,28,Normandie,76,3,2,SiervilLe1108,16,1124,,1.0,7,,0.0,0.0,8.0,23.0,A01
202300051067,25,8,2023,19:50,1,76.0,76675,1,1,1.0,3.0,A151,"49,60169900","1,04516000",,76.076675,76675,Seine-Maritime,28.0,Normandie,130.0,1.0,1.0,2,1.0,28,Normandie,76,3,2,SiervilLe1108,16,1124,,1.0,7,,1.0,0.0,7.0,22.0,B01
202300051232,28,10,2023,14:30,1,76.0,76216,2,1,2.0,2.0,A150,"49,45500000","1,05200000",,76.076216,76216,Seine-Maritime,28.0,Normandie,70.0,1.0,3.0,4,2.0,28,Normandie,76,3,22,Déville-lès-Rouen,10745,62,10807.0,1.0,7,,0.0,2.0,1.0,2.0,A01
202300051232,28,10,2023,14:30,1,76.0,76216,2,1,2.0,2.0,A150,"49,45500000","1,05200000",,76.076216,76216,Seine-Maritime,28.0,Normandie,70.0,1.0,3.0,4,2.0,28,Normandie,76,3,22,Déville-lès-Rouen,10745,62,10807.0,1.0,7,,0.0,2.0,5.0,1.0,B01
202300051328,16,7,2023,03:30,3,76.0,76507,2,1,1.0,6.0,D49,"50,03940500","1,44437000",,76.076507,76507,Seine-Maritime,28.0,Normandie,80.0,3.0,2.0,2,1.0,28,Normandie,76,1,10,Ponts-et-Marais,819,15,834.0,0.0,36,,8.0,0.0,1.0,0.0,A01
202300051551,2,12,2023,12:20,1,76.0,76517,1,4,1.0,3.0,D47,"49,51670600","1,13934100",,76.076517,76517,Seine-Maritime,28.0,Normandie,70.0,3.0,2.0,2,1.0,28,Normandie,76,3,2,Quincampoix,3110,68,3178.0,1.0,7,,0.0,2.0,3.0,15.0,A01
202300051551,2,12,2023,12:20,1,76.0,76517,1,4,1.0,3.0,D47,"49,51670600","1,13934100",,76.076517,76517,Seine-Maritime,28.0,Normandie,70.0,3.0,2.0,2,1.0,28,Normandie,76,3,2,Quincampoix,3110,68,3178.0,1.0,2,,0.0,2.0,0.0,15.0,B01
202300051840,10,5,2023,15:10,1,76.0,76055,1,1,1.0,4.0,A29,"49,64128600","0,73212500",,76.076055,76055,Seine-Maritime,28.0,Normandie,130.0,1.0,3.0,4,1.0,28,Normandie,76,3,35,Baons-le-Comte,335,8,343.0,1.0,17,,1.0,2.0,2.0,14.0,A01
202300051840,10,5,2023,15:10,1,76.0,76055,1,1,1.0,4.0,A29,"49,64128600","0,73212500",,76.076055,76055,Seine-Maritime,28.0,Normandie,130.0,1.0,3.0,4,1.0,28,Normandie,76,3,35,Baons-le-Comte,335,8,343.0,1.0,10,,4.0,2.0,7.0,17.0,B01
202300051840,10,5,2023,15:10,1,76.0,76055,1,1,1.0,4.0,A29,"49,64128600","0,73212500",,76.076055,76055,Seine-Maritime,28.0,Normandie,130.0,1.0,3.0,4,1.0,28,Normandie,76,3,35,Baons-le-Comte,335,8,343.0,1.0,10,,0.0,2.0,6.0,23.0,C01
202300051843,2,12,2023,17:40,3,76.0,76464,1,1,1.0,6.0,D491,"49,39861600","1,23712100",,76.076464,76464,Seine-Maritime,28.0,Normandie,80.0,7.0,2.0,2,1.0,28,Normandie,76,3,21,La Neuville-Chant-d'Oisel,2377,38,2415.0,1.0,7,,0.0,1.0,2.0,1.0,A01
202300051929,9,5,2023,13:25,1,76.0,76219,2,1,1.0,1.0,Rue Cacheleu,"49,72070400","0,78163900",,76.076219,76219,Seine-Maritime,28.0,Normandie,-1.0,3.0,4.0,2,2.0,28,Normandie,76,3,35,DoudevilLe2460,51,2511,,1.0,7,,0.0,2.0,3.0,0.0,A01
202300051929,9,5,2023,13:25,1,76.0,76219,2,1,1.0,1.0,Rue Cacheleu,"49,72070400","0,78163900",,76.076219,76219,Seine-Maritime,28.0,Normandie,-1.0,3.0,4.0,2,2.0,28,Normandie,76,3,35,DoudevilLe2460,51,2511,,2.0,7,,0.0,2.0,3.0,1.0,B01
202300052011,24,8,2023,11:10,1,76.0,76178,1,2,6.0,1.0,Rue de Tourville,"49,30983000","1,04393000",,76.076178,76178,Seine-Maritime,28.0,Normandie,50.0,7.0,2.0,2,1.0,28,Normandie,76,3,5,Cléon,4907,30,4937.0,3.0,7,,12.0,0.0,1.0,11.0,A01
202300052011,24,8,2023,11:10,1,76.0,76178,1,2,6.0,1.0,Rue de Tourville,"49,30983000","1,04393000",,76.076178,76178,Seine-Maritime,28.0,Normandie,50.0,7.0,2.0,2,1.0,28,Normandie,76,3,5,Cléon,4907,30,4937.0,3.0,33,,12.0,0.0,0.0,1.0,B01
202300052020,23,8,2023,13:30,1,76.0,76351,1,3,1.0,3.0,LENINGRAD (BD DE),"49,49977000","0,16621000",,76.076351,76351,Seine-Maritime,28.0,Normandie,30.0,4.0,2.0,4,1.0,28,Normandie,76,2,96,LeHavre,166058,1780,167838.0,2.0,7,,0.0,2.0,2.0,10.0,B01
202300052020,23,8,2023,13:30,1,76.0,76351,1,3,1.0,3.0,LENINGRAD (BD DE),"49,49977000","0,16621000",,76.076351,76351,Seine-Maritime,28.0,Normandie,30.0,4.0,2.0,4,1.0,28,Normandie,76,2,96,LeHavre,166058,1780,167838.0,1.0,34,,0.0,2.0,1.0,1.0,A01
202300052220,14,11,2023,18:40,5,76.0,76540,2,6,1.0,6.0,Boulevard Gambetta,"49,44186989","1,11266371",,76.076540,76540,Seine-Maritime,28.0,Normandie,50.0,4.0,2.0,4,1.0,28,Normandie,76,3,97,Rouen,114083,1556,115639.0,0.0,7,,0.0,1.0,1.0,1.0,A01
202300052224,1,12,2023,11:10,1,76.0,76575,1,1,1.0,2.0,D18 E,"49,36674000","1,09268000",,76.076575,76575,Seine-Maritime,28.0,Normandie,110.0,7.0,3.0,4,1.0,28,Normandie,76,3,98,Saint-Étienne-du-Rouvray,28508,225,28733.0,2.0,13,,0.0,2.0,4.0,23.0,A01
202300052224,1,12,2023,11:10,1,76.0,76575,1,1,1.0,2.0,D18 E,"49,36674000","1,09268000",,76.076575,76575,Seine-Maritime,28.0,Normandie,110.0,7.0,3.0,4,1.0,28,Normandie,76,3,98,Saint-Étienne-du-Rouvray,28508,225,28733.0,2.0,14,,1.0,0.0,1.0,2.0,B01
202300052233,30,11,2023,14:25,1,76.0,76296,1,1,1.0,1.0,LIBERATION (RUE DE LA ),"49,51769568","0,25179505",,76.076296,76296,Seine-Maritime,28.0,Normandie,80.0,3.0,2.0,2,2.0,28,Normandie,76,2,16,GainnevilLe2511,39,2550,,0.0,10,,0.0,2.0,3.0,0.0,B01
202300052233,30,11,2023,14:25,1,76.0,76296,1,1,1.0,1.0,LIBERATION (RUE DE LA ),"49,51769568","0,25179505",,76.076296,76296,Seine-Maritime,28.0,Normandie,80.0,3.0,2.0,2,2.0,28,Normandie,76,2,16,GainnevilLe2511,39,2550,,0.0,7,,0.0,2.0,3.0,5.0,A01
202300052429,4,1,2023,18:45,3,76.0,76057,1,1,3.0,2.0,Boulevard de Normandie,"49,53770522","0,96125364",,76.076057,76057,Seine-Maritime,28.0,Normandie,80.0,3.0,3.0,2,4.0,28,Normandie,76,3,1,Barentin,12154,238,12392.0,1.0,7,,0.0,2.0,1.0,1.0,B01
202300052429,4,1,2023,18:45,3,76.0,76057,1,1,3.0,2.0,Boulevard de Normandie,"49,53770522","0,96125364",,76.076057,76057,Seine-Maritime,28.0,Normandie,80.0,3.0,3.0,2,4.0,28,Normandie,76,3,1,Barentin,12154,238,12392.0,1.0,7,,0.0,0.0,4.0,1.0,A01
202300052488,16,2,2023,13:20,1,76.0,76344,1,3,1.0,3.0,D929,"49,75877800","1,71854500",,76.076344,76344,Seine-Maritime,28.0,Normandie,-1.0,3.0,2.0, -1,1.0,28,Normandie,76,1,12,Haudricourt,440,9,449.0,2.0,13,,0.0,2.0,2.0,1.0,B01
202300052488,16,2,2023,13:20,1,76.0,76344,1,3,1.0,3.0,D929,"49,75877800","1,71854500",,76.076344,76344,Seine-Maritime,28.0,Normandie,-1.0,3.0,2.0, -1,1.0,28,Normandie,76,1,12,Haudricourt,440,9,449.0,0.0,10,,0.0,2.0,1.0,9.0,A01
202300052560,3,1,2023,08:50,1,76.0,76217,2,1,1.0,7.0,CARENAGE (QUAI DU),"49,92715000","1,08296000",,76.076217,76217,Seine-Maritime,28.0,Normandie,30.0,3.0,2.0,2,2.0,28,Normandie,76,1,95,Dieppe,28358,455,28813.0,3.0,33,,0.0,0.0,2.0,2.0,A01
202300052694,14,2,2023,18:15,3,76.0,76410,1,1,1.0,1.0,Cote de la Valette,"49,48800000","1,03177000",,76.076410,76410,Seine-Maritime,28.0,Normandie,70.0,7.0,2.0,2,1.0,28,Normandie,76,3,4,Maromme,11024,122,11146.0,3.0,7,,0.0,2.0,3.0,1.0,A01
202300052694,14,2,2023,18:15,3,76.0,76410,1,1,1.0,1.0,Cote de la Valette,"49,48800000","1,03177000",,76.076410,76410,Seine-Maritime,28.0,Normandie,70.0,7.0,2.0,2,1.0,28,Normandie,76,3,4,Maromme,11024,122,11146.0,3.0,31,,0.0,2.0,3.0,1.0,B01
202300052697,14,2,2023,18:55,3,76.0,76705,1,1,1.0,2.0,D7,"49,33418000","1,10616000",,76.076705,76705,Seine-Maritime,28.0,Normandie,80.0,7.0,2.0,3,1.0,28,Normandie,76,3,5,Tourville-la-Rivière,2568,19,2587.0,3.0,7,,0.0,2.0,1.0,2.0,B01
202300052697,14,2,2023,18:55,3,76.0,76705,1,1,1.0,2.0,D7,"49,33418000","1,10616000",,76.076705,76705,Seine-Maritime,28.0,Normandie,80.0,7.0,2.0,3,1.0,28,Normandie,76,3,5,Tourville-la-Rivière,2568,19,2587.0,3.0,7,,14.0,2.0,4.0,2.0,A01
202300052739,28,9,2023,16:15,1,76.0,76222,2,1,1.0,6.0,Avenue du Président Coty,"49,47916400","0,87081700",,76.076222,76222,Seine-Maritime,28.0,Normandie,50.0,7.0,2.0,2,1.0,28,Normandie,76,3,1,Duclair,4020,52,4072.0,1.0,7,,0.0,1.0,3.0,1.0,A01
202300053172,12,6,2023,15:19,1,76.0,76328,1,1,1.0,7.0,Route du Fort,"49,66535700","1,19429600",,76.076328,76328,Seine-Maritime,28.0,Normandie,70.0,3.0,2.0,2,1.0,28,Normandie,76,3,23,GrigneusevilLe376,5,381,,1.0,10,,7.0,0.0,9.0,1.0,A01
202300053185,18,1,2023,15:00,1,76.0,76743,1,1,4.0,4.0,Route des Campeaux,"49,52586300","0,93722800",,76.076743,76743,Seine-Maritime,28.0,Normandie,50.0,4.0,2.0,2,5.0,28,Normandie,76,3,1,Villers-ÉcalLes1734,12,1746,,2.0,7,,0.0,1.0,3.0,21.0,A01
202300053185,18,1,2023,15:00,1,76.0,76743,1,1,4.0,4.0,Route des Campeaux,"49,52586300","0,93722800",,76.076743,76743,Seine-Maritime,28.0,Normandie,50.0,4.0,2.0,2,5.0,28,Normandie,76,3,1,Villers-ÉcalLes1734,12,1746,,2.0,7,,0.0,2.0,4.0,0.0,C01
202300053185,18,1,2023,15:00,1,76.0,76743,1,1,4.0,4.0,Route des Campeaux,"49,52586300","0,93722800",,76.076743,76743,Seine-Maritime,28.0,Normandie,50.0,4.0,2.0,2,5.0,28,Normandie,76,3,1,Villers-ÉcalLes1734,12,1746,,2.0,7,,0.0,2.0,1.0,0.0,B01
202300053190,26,9,2023,07:30,2,76.0,76114,2,1,1.0,6.0,JACQUES FAUQUET (RUE),"49,56979000","0,47059000",,76.076114,76114,Seine-Maritime,28.0,Normandie,50.0,4.0,2.0,2,1.0,28,Normandie,76,2,3,Bolbec,11635,147,11782.0,1.0,10,,0.0,1.0,3.0,1.0,A01
202300053224,8,5,2023,20:50,1,76.0,76575,1,1,1.0,4.0,Boulevard Lénine,"49,39333000","1,11145000",,76.076575,76575,Seine-Maritime,28.0,Normandie,90.0,7.0,3.0,4,1.0,28,Normandie,76,3,98,Saint-Étienne-du-Rouvray,28508,225,28733.0,3.0,7,,0.0,2.0,0.0,2.0,E01
202300053224,8,5,2023,20:50,1,76.0,76575,1,1,1.0,4.0,Boulevard Lénine,"49,39333000","1,11145000",,76.076575,76575,Seine-Maritime,28.0,Normandie,90.0,7.0,3.0,4,1.0,28,Normandie,76,3,98,Saint-Étienne-du-Rouvray,28508,225,28733.0,3.0,7,,0.0,2.0,4.0,2.0,B01
202300053224,8,5,2023,20:50,1,76.0,76575,1,1,1.0,4.0,Boulevard Lénine,"49,39333000","1,11145000",,76.076575,76575,Seine-Maritime,28.0,Normandie,90.0,7.0,3.0,4,1.0,28,Normandie,76,3,98,Saint-Étienne-du-Rouvray,28508,225,28733.0,3.0,7,,0.0,2.0,9.0,2.0,C01
202300053224,8,5,2023,20:50,1,76.0,76575,1,1,1.0,4.0,Boulevard Lénine,"49,39333000","1,11145000",,76.076575,76575,Seine-Maritime,28.0,Normandie,90.0,7.0,3.0,4,1.0,28,Normandie,76,3,98,Saint-Étienne-du-Rouvray,28508,225,28733.0,3.0,7,,0.0,2.0,0.0,2.0,F01