Num_Acc,jour,mois,an,hrmn,lum,dep,com,agg,int,atm,col,adr,lat,long,gps,com_insee_temp,com_insee,departmentName,regionCode,regionName,vma,catr,circ,nbv,surf,Code,Region,Departement,Arrondissement,Code_Canton,Nom_Commune,Population_municipaLe,Population_comptee_a_part,Population_Totale,senc,catv,occutc,obs,obsm,choc,manv,num_veh
202300053224,8,5,2023,20:50,1,76.0,76575,1,1,1.0,4.0,Boulevard Lénine,"49,39333000","1,11145000",,76.076575,76575,Seine-Maritime,28.0,Normandie,90.0,7.0,3.0,4,1.0,28,Normandie,76,3,98,Saint-Étienne-du-Rouvray,28508,225,28733.0,3.0,7,,0.0,2.0,0.0,2.0,D01
202300053227,3,1,2023,07:45,5,76.0,76159,2,3,1.0,1.0,Route de Veulettes,"49,78896000","0,63905000",,76.076159,76159,Seine-Maritime,28.0,Normandie,-1.0,3.0,2.0, -1,1.0,28,Normandie,76,1,33,Cany-BarvilLe2947,46,2993,,2.0,7,,0.0,2.0,3.0,1.0,A01
202300053227,3,1,2023,07:45,5,76.0,76159,2,3,1.0,1.0,Route de Veulettes,"49,78896000","0,63905000",,76.076159,76159,Seine-Maritime,28.0,Normandie,-1.0,3.0,2.0, -1,1.0,28,Normandie,76,1,33,Cany-BarvilLe2947,46,2993,,2.0,50,,0.0,2.0,7.0,19.0,B01
202300053233,3,1,2023,19:00,5,76.0,76452,2,1,3.0,6.0,170 Rue André Martin,"49,53609000","1,06161000",,76.076452,76452,Seine-Maritime,28.0,Normandie,50.0,3.0,2.0,2,2.0,28,Normandie,76,3,2,MontvilLe4595,51,4646,,1.0,7,,0.0,1.0,3.0,2.0,A01
202300053302,25,8,2023,18:26,1,76.0,76241,1,2,1.0,3.0,D37,"49,81058700","0,78846200",,76.076241,76241,Seine-Maritime,28.0,Normandie,-1.0,3.0,2.0, -1,1.0,28,Normandie,76,1,33,ErmenouvilLe139,6,145,,1.0,21,,0.0,2.0,3.0,19.0,B01
202300053302,25,8,2023,18:26,1,76.0,76241,1,2,1.0,3.0,D37,"49,81058700","0,78846200",,76.076241,76241,Seine-Maritime,28.0,Normandie,-1.0,3.0,2.0, -1,1.0,28,Normandie,76,1,33,ErmenouvilLe139,6,145,,1.0,33,,0.0,2.0,1.0,1.0,A01
202300053348,30,3,2023,22:05,3,76.0,76415,1,1,2.0,1.0,D915,"49,68304100","1,37809800",,76.076415,76415,Seine-Maritime,28.0,Normandie,80.0,3.0,2.0,2,2.0,28,Normandie,76,1,23,Massy,320,5,325.0,1.0,7,,0.0,2.0,3.0,13.0,A01
202300053348,30,3,2023,22:05,3,76.0,76415,1,1,2.0,1.0,D915,"49,68304100","1,37809800",,76.076415,76415,Seine-Maritime,28.0,Normandie,80.0,3.0,2.0,2,2.0,28,Normandie,76,1,23,Massy,320,5,325.0,2.0,7,,0.0,2.0,3.0,1.0,B01
202300053644,1,1,2023,18:30,3,76.0,76231,2,1,2.0,6.0,Chemin du Buquet,"49,29050800","0,98245000",,76.076231,76231,Seine-Maritime,28.0,Normandie,50.0,4.0,2.0,2,2.0,28,Normandie,76,3,9,Elbeuf,15951,138,16089.0,3.0,7,,2.0,0.0,1.0,1.0,A01
202300053655,1,1,2023,06:30,5,76.0,76366,2,2,1.0,1.0,Rue de la République,"49,50974000","1,03329000",,76.076366,76366,Seine-Maritime,28.0,Normandie,50.0,7.0,2.0,2,1.0,28,Normandie,76,3,24,LeHoulme,4133,32,4165.0,1.0,7,,16.0,2.0,3.0,13.0,A01
202300053655,1,1,2023,06:30,5,76.0,76366,2,2,1.0,1.0,Rue de la République,"49,50974000","1,03329000",,76.076366,76366,Seine-Maritime,28.0,Normandie,50.0,7.0,2.0,2,1.0,28,Normandie,76,3,24,LeHoulme,4133,32,4165.0,2.0,7,,0.0,2.0,8.0,1.0,B01
202300053705,26,10,2023,10:40,1,76.0,76351,2,1,1.0,6.0,GENERAL DE GAULLE (PLACE),"49,48988000","0,10754000",,76.076351,76351,Seine-Maritime,28.0,Normandie,50.0,4.0,2.0,6,1.0,28,Normandie,76,2,96,LeHavre,166058,1780,167838.0,0.0,7,,0.0,0.0,0.0,26.0,A01
202300053751,30,11,2023,17:20,2,76.0,76540,2,1,2.0,6.0,Rue Dufay,"49,42473000","1,07508000",,76.076540,76540,Seine-Maritime,28.0,Normandie,30.0,4.0,2.0,2,2.0,28,Normandie,76,3,97,Rouen,114083,1556,115639.0,1.0,7,,0.0,1.0,6.0,2.0,A01
202300053760,29,11,2023,18:20,5,76.0,76351,2,2,2.0,6.0,COLBERT (QUAI),"49,49095787","0,12317643",,76.076351,76351,Seine-Maritime,28.0,Normandie,-1.0,4.0,2.0, -1,2.0,28,Normandie,76,2,96,LeHavre,166058,1780,167838.0,3.0,7,,0.0,1.0,1.0,16.0,A01
202300054008,23,8,2023,14:25,1,76.0,76165,2,6,1.0,4.0,Rue Félix Faure,"49,28921200","1,03562800",,76.076165,76165,Seine-Maritime,28.0,Normandie,50.0,4.0,2.0,2,1.0,28,Normandie,76,3,5,Caudebec-lès-Elbeuf,10135,69,10204.0,3.0,7,,0.0,2.0,1.0,2.0,A01
202300054008,23,8,2023,14:25,1,76.0,76165,2,6,1.0,4.0,Rue Félix Faure,"49,28921200","1,03562800",,76.076165,76165,Seine-Maritime,28.0,Normandie,50.0,4.0,2.0,2,1.0,28,Normandie,76,3,5,Caudebec-lès-Elbeuf,10135,69,10204.0,3.0,7,,0.0,2.0,4.0,2.0,B01
202300054008,23,8,2023,14:25,1,76.0,76165,2,6,1.0,4.0,Rue Félix Faure,"49,28921200","1,03562800",,76.076165,76165,Seine-Maritime,28.0,Normandie,50.0,4.0,2.0,2,1.0,28,Normandie,76,3,5,Caudebec-lès-Elbeuf,10135,69,10204.0,3.0,7,,0.0,2.0,4.0,2.0,C01
202300054018,22,8,2023,11:15,1,76.0,76540,2,9,1.0,2.0,N1338,"49,43724000","1,07208000",,76.076540,76540,Seine-Maritime,28.0,Normandie,50.0,2.0,3.0,2,1.0,28,Normandie,76,3,97,Rouen,114083,1556,115639.0,2.0,7,,0.0,2.0,1.0,2.0,A01
202300054018,22,8,2023,11:15,1,76.0,76540,2,9,1.0,2.0,N1338,"49,43724000","1,07208000",,76.076540,76540,Seine-Maritime,28.0,Normandie,50.0,2.0,3.0,2,1.0,28,Normandie,76,3,97,Rouen,114083,1556,115639.0,2.0,7,,0.0,2.0,4.0,2.0,B01
202300054026,20,8,2023,13:10,1,76.0,76131,1,1,1.0,1.0,Cote de la Maison Brulee,"49,34652429","0,93302250",,76.076131,76131,Seine-Maritime,28.0,Normandie,80.0,7.0,-1.0,2,1.0,28,Normandie,76,3,9,La BouilLe710,10,720,,3.0,7,,0.0,2.0,1.0,1.0,A01
202300054026,20,8,2023,13:10,1,76.0,76131,1,1,1.0,1.0,Cote de la Maison Brulee,"49,34652429","0,93302250",,76.076131,76131,Seine-Maritime,28.0,Normandie,80.0,7.0,-1.0,2,1.0,28,Normandie,76,3,9,La BouilLe710,10,720,,3.0,33,,0.0,2.0,1.0,26.0,B01
202300054039,21,8,2023,17:40,1,76.0,76351,2,3,1.0,5.0,LOUIS LUMIERE,"49,52702000","0,12994000",,76.076351,76351,Seine-Maritime,28.0,Normandie,50.0,3.0,2.0,2,1.0,28,Normandie,76,2,96,LeHavre,166058,1780,167838.0,1.0,7,,0.0,2.0,8.0,15.0,C01
202300054039,21,8,2023,17:40,1,76.0,76351,2,3,1.0,5.0,LOUIS LUMIERE,"49,52702000","0,12994000",,76.076351,76351,Seine-Maritime,28.0,Normandie,50.0,3.0,2.0,2,1.0,28,Normandie,76,2,96,LeHavre,166058,1780,167838.0,1.0,7,,0.0,2.0,7.0,15.0,A01
202300054039,21,8,2023,17:40,1,76.0,76351,2,3,1.0,5.0,LOUIS LUMIERE,"49,52702000","0,12994000",,76.076351,76351,Seine-Maritime,28.0,Normandie,50.0,3.0,2.0,2,1.0,28,Normandie,76,2,96,LeHavre,166058,1780,167838.0,2.0,1,,0.0,2.0,1.0,1.0,B01
202300054042,21,8,2023,03:15,5,76.0,76351,2,1,1.0,7.0,PASTEUR,"49,50384000","0,13057300",,76.076351,76351,Seine-Maritime,28.0,Normandie,50.0,4.0,2.0,2,1.0,28,Normandie,76,2,96,LeHavre,166058,1780,167838.0,1.0,50,,0.0,0.0,0.0,1.0,A01
202300054053,18,8,2023,14:35,1,76.0,76351,2,3,1.0,3.0,JEAN JAURES (AVENUE),"49,49769000","0,13690000",,76.076351,76351,Seine-Maritime,28.0,Normandie,50.0,4.0,2.0,5,1.0,28,Normandie,76,2,96,LeHavre,166058,1780,167838.0,2.0,7,,0.0,2.0,2.0,1.0,A01
202300054053,18,8,2023,14:35,1,76.0,76351,2,3,1.0,3.0,JEAN JAURES (AVENUE),"49,49769000","0,13690000",,76.076351,76351,Seine-Maritime,28.0,Normandie,50.0,4.0,2.0,5,1.0,28,Normandie,76,2,96,LeHavre,166058,1780,167838.0,2.0,7,,0.0,2.0,8.0,10.0,B01
202300054068,23,8,2023,05:40,5,76.0,76114,2,2,1.0,3.0,SAINT EUSTACHE (RUE DE),"49,56096200","0,47322300",,76.076114,76114,Seine-Maritime,28.0,Normandie,50.0,3.0,2.0,2,1.0,28,Normandie,76,2,3,Bolbec,11635,147,11782.0,3.0,7,,0.0,2.0,2.0,11.0,A01
202300054068,23,8,2023,05:40,5,76.0,76114,2,2,1.0,3.0,SAINT EUSTACHE (RUE DE),"49,56096200","0,47322300",,76.076114,76114,Seine-Maritime,28.0,Normandie,50.0,3.0,2.0,2,1.0,28,Normandie,76,2,3,Bolbec,11635,147,11782.0,3.0,30,,0.0,2.0,1.0,0.0,B01
202300054292,7,5,2023,22:30,5,76.0,76322,2,3,1.0,1.0,Rue de la République,"49,41380440","1,03430271",,76.076322,76322,Seine-Maritime,28.0,Normandie,50.0,4.0,2.0,2,1.0,28,Normandie,76,3,13,LeGrand-Quevilly,25975,225,26200.0,3.0,7,,0.0,2.0,1.0,15.0,B01
202300054292,7,5,2023,22:30,5,76.0,76322,2,3,1.0,1.0,Rue de la République,"49,41380440","1,03430271",,76.076322,76322,Seine-Maritime,28.0,Normandie,50.0,4.0,2.0,2,1.0,28,Normandie,76,3,13,LeGrand-Quevilly,25975,225,26200.0,3.0,7,,0.0,2.0,1.0,1.0,A01
202300054299,7,5,2023,11:05,1,76.0,76681,1,1,3.0,7.0,Boulevard Industriel,"49,41007038","1,10852480",,76.076681,76681,Seine-Maritime,28.0,Normandie,90.0,7.0,3.0,4,3.0,28,Normandie,76,3,99,Sotteville-lès-Rouen,28965,475,29440.0,2.0,7,,3.0,0.0,9.0,26.0,A01
202300054351,28,3,2023,13:53,1,76.0,76377,2,3,1.0,6.0,23 Route de Dieppe,"49,49987600","1,15392700",,76.076377,76377,Seine-Maritime,28.0,Normandie,50.0,7.0,2.0,2,1.0,28,Normandie,76,3,2,IsneauvilLe3657,64,3721,,1.0,7,,0.0,1.0,3.0,15.0,A01
202300054646,28,10,2023,14:45,1,76.0,76676,1,1,2.0,3.0,Rue de Guilmesnil,"49,56446400","1,48197400",,76.076676,76676,Seine-Maritime,28.0,Normandie,80.0,3.0,2.0,2,2.0,28,Normandie,76,1,12,Sigy-en-Bray,488,8,496.0,2.0,33,,0.0,2.0,7.0,2.0,A01
202300054646,28,10,2023,14:45,1,76.0,76676,1,1,2.0,3.0,Rue de Guilmesnil,"49,56446400","1,48197400",,76.076676,76676,Seine-Maritime,28.0,Normandie,80.0,3.0,2.0,2,2.0,28,Normandie,76,1,12,Sigy-en-Bray,488,8,496.0,2.0,21,,0.0,0.0,8.0,2.0,B01
202300054763,13,7,2023,08:15,1,76.0,76540,2,1,1.0,6.0,Avenue du Mont Riboudet,"49,44768000","1,06798000",,76.076540,76540,Seine-Maritime,28.0,Normandie,50.0,7.0,1.0,3,1.0,28,Normandie,76,3,97,Rouen,114083,1556,115639.0,3.0,7,,0.0,1.0,2.0,1.0,A01
202300054767,13,7,2023,12:40,1,76.0,76305,1,1,1.0,7.0,INDUSTRIELLE (ROUTE),"49,48663000","0,21788000",,76.076305,76305,Seine-Maritime,28.0,Normandie,70.0,9.0,3.0,4,1.0,28,Normandie,76,2,16,Gonfreville-l'Orcher,8961,44,9005.0,0.0,33,,3.0,0.0,2.0,14.0,A01
202200000065,22,10,2022,05:40,3,76.0,76621,1,1,1.0,6.0,autoroute A28,"49,6431298707","1,2667151729",,76.076621,76621,Seine-Maritime,28.0,Normandie,130.0,1.0,3.0,2,1.0,28,Normandie,76,1,23,Saint-Martin-OsmonvilLe1179,22,1201,,2.0,7,,3.0,0.0,7.0,2.0,A01
202200000070,21,10,2022,14:47,1,76.0,76417,1,1,1.0,1.0,"A28, PK 66.800","49,6888370000","1,3520320000",,76.076417,76417,Seine-Maritime,28.0,Normandie,90.0,1.0,3.0,4,1.0,28,Normandie,76,1,23,MaucombLe398,11,409,,1.0,14,,0.0,1.0,7.0,1.0,A01
202200000235,10,8,2022,02:40,3,76.0,76401,1,1,1.0,6.0,D913,"49,4181300000","0,7955500000",,76.076401,76401,Seine-Maritime,28.0,Normandie,80.0,3.0,2.0,2,1.0,28,Normandie,76,3,25,Arelaune-en-Seine,2518,43,2561.0,1.0,7,,2.0,0.0,2.0,19.0,A01
202200000297,8,8,2022,08:45,1,76.0,76540,2,2,1.0,6.0,Rue de Bapeaume,"49,4526500000","1,0565800000",,76.076540,76540,Seine-Maritime,28.0,Normandie,50.0,7.0,2.0,2,1.0,28,Normandie,76,3,97,Rouen,114083,1556,115639.0,0.0,15,,0.0,1.0,1.0,1.0,A01
202200000299,7,8,2022,21:15,5,76.0,76484,2,1,1.0,3.0,Avenue du Général de Gaulle,"49,3432530276","1,0908114910",,76.076484,76484,Seine-Maritime,28.0,Normandie,50.0,7.0,2.0,2,1.0,28,Normandie,76,3,31,Oissel,12367,83,12450.0,0.0,7,,0.0,2.0,0.0,0.0,B01
202200000299,7,8,2022,21:15,5,76.0,76484,2,1,1.0,3.0,Avenue du Général de Gaulle,"49,3432530276","1,0908114910",,76.076484,76484,Seine-Maritime,28.0,Normandie,50.0,7.0,2.0,2,1.0,28,Normandie,76,3,31,Oissel,12367,83,12450.0,0.0,2,,0.0,2.0,0.0,0.0,A01
202200000301,6,8,2022,06:35,2,76.0,76351,2,1,1.0,6.0,Rue de Mulhouse,"49,4874500000","0,1421000000",,76.076351,76351,Seine-Maritime,28.0,Normandie,50.0,4.0,2.0,1,1.0,28,Normandie,76,2,96,LeHavre,166058,1780,167838.0,1.0,50,,1.0,0.0,7.0,1.0,A01
202200000577,26,3,2022,16:37,1,76.0,76261,1,2,1.0,3.0,Route des Brouillards,"49,5642370000","1,5474110000",,76.076261,76261,Seine-Maritime,28.0,Normandie,80.0,3.0,2.0,2,1.0,28,Normandie,76,1,12,La Ferté-Saint-Samson,444,11,455.0,1.0,7,,0.0,2.0,2.0,1.0,B01
202200000577,26,3,2022,16:37,1,76.0,76261,1,2,1.0,3.0,Route des Brouillards,"49,5642370000","1,5474110000",,76.076261,76261,Seine-Maritime,28.0,Normandie,80.0,3.0,2.0,2,1.0,28,Normandie,76,1,12,La Ferté-Saint-Samson,444,11,455.0,1.0,33,,0.0,2.0,1.0,1.0,A01
202200000811,17,10,2022,19:15,3,76.0,76481,1,6,1.0,6.0,MONTIVILLIERS (ROUTE DE),"49,5619500000","0,1164100000",,76.076481,76481,Seine-Maritime,28.0,Normandie,50.0,3.0,2.0,2,2.0,28,Normandie,76,2,26,Octeville-sur-Mer,6122,119,6241.0,1.0,7,,0.0,2.0,2.0,16.0,A01
202200000811,17,10,2022,19:15,3,76.0,76481,1,6,1.0,6.0,MONTIVILLIERS (ROUTE DE),"49,5619500000","0,1164100000",,76.076481,76481,Seine-Maritime,28.0,Normandie,50.0,3.0,2.0,2,2.0,28,Normandie,76,2,26,Octeville-sur-Mer,6122,119,6241.0,1.0,1,,0.0,2.0,8.0,16.0,B01
202200000962,10,10,2022,09:10,1,76.0,76540,2,3,1.0,3.0,Boulevard de l'Yser,"49,4476400000","1,0975800000",,76.076540,76540,Seine-Maritime,28.0,Normandie,50.0,7.0,2.0,3,1.0,28,Normandie,76,3,97,Rouen,114083,1556,115639.0,1.0,10,,0.0,2.0,8.0,16.0,B01
202200000962,10,10,2022,09:10,1,76.0,76540,2,3,1.0,3.0,Boulevard de l'Yser,"49,4476400000","1,0975800000",,76.076540,76540,Seine-Maritime,28.0,Normandie,50.0,7.0,2.0,3,1.0,28,Normandie,76,3,97,Rouen,114083,1556,115639.0,3.0,50,,0.0,2.0,1.0,1.0,A01
202200000963,9,10,2022,15:15,1,76.0,76351,2,2,1.0,3.0,APLEMONT (D'),"49,5054100000","0,1693300000",,76.076351,76351,Seine-Maritime,28.0,Normandie,50.0,4.0,2.0,5,1.0,28,Normandie,76,2,96,LeHavre,166058,1780,167838.0,1.0,7,,0.0,2.0,3.0,15.0,Z01
202200000963,9,10,2022,15:15,1,76.0,76351,2,2,1.0,3.0,APLEMONT (D'),"49,5054100000","0,1693300000",,76.076351,76351,Seine-Maritime,28.0,Normandie,50.0,4.0,2.0,5,1.0,28,Normandie,76,2,96,LeHavre,166058,1780,167838.0,1.0,33,,0.0,2.0,8.0,1.0,B01
202200000964,6,10,2022,18:25,1,76.0,76351,1,1,1.0,4.0,RD 6015,"49,5004800000","0,1803600000",,76.076351,76351,Seine-Maritime,28.0,Normandie,70.0,3.0,3.0,3,1.0,28,Normandie,76,2,96,LeHavre,166058,1780,167838.0,1.0,7,,0.0,2.0,1.0,1.0,A01
202200000964,6,10,2022,18:25,1,76.0,76351,1,1,1.0,4.0,RD 6015,"49,5004800000","0,1803600000",,76.076351,76351,Seine-Maritime,28.0,Normandie,70.0,3.0,3.0,3,1.0,28,Normandie,76,2,96,LeHavre,166058,1780,167838.0,1.0,7,,0.0,2.0,4.0,1.0,B01
202200000964,6,10,2022,18:25,1,76.0,76351,1,1,1.0,4.0,RD 6015,"49,5004800000","0,1803600000",,76.076351,76351,Seine-Maritime,28.0,Normandie,70.0,3.0,3.0,3,1.0,28,Normandie,76,2,96,LeHavre,166058,1780,167838.0,1.0,7,,0.0,2.0,4.0,1.0,C01
202200000965,10,10,2022,10:45,1,76.0,76217,2,9,1.0,6.0,BOURSE (ARCADES DE LA),"49,9268100000","1,0796400000",,76.076217,76217,Seine-Maritime,28.0,Normandie,30.0,4.0,1.0,2,1.0,28,Normandie,76,1,95,Dieppe,28358,455,28813.0,3.0,7,,0.0,1.0,4.0,23.0,A01
202200000982,19,9,2022,18:50,2,76.0,76206,1,1,1.0,1.0,départementale 74,"49,6644520314","0,2474284172",,76.076206,76206,Seine-Maritime,28.0,Normandie,-1.0,3.0,2.0,2,1.0,28,Normandie,76,2,26,CuvervilLe342,8,350,,2.0,7,,0.0,2.0,1.0,1.0,B01
202200000982,19,9,2022,18:50,2,76.0,76206,1,1,1.0,1.0,départementale 74,"49,6644520314","0,2474284172",,76.076206,76206,Seine-Maritime,28.0,Normandie,-1.0,3.0,2.0,2,1.0,28,Normandie,76,2,26,CuvervilLe342,8,350,,1.0,7,,0.0,2.0,1.0,1.0,A01
202200000983,18,9,2022,10:40,1,76.0,76141,1,1,1.0,7.0,D72,"49,6218600000","0,4252480000",,76.076141,76141,Seine-Maritime,28.0,Normandie,80.0,3.0,2.0,2,1.0,28,Normandie,76,2,32,Bréauté,1365,13,1378.0,1.0,33,,0.0,0.0,3.0,1.0,A01
202200001065,17,9,2022,11:45,1,76.0,76681,1,3,1.0,5.0,Boulevard Industriel,"49,4156000000","1,1072000000",,76.076681,76681,Seine-Maritime,28.0,Normandie,70.0,7.0,3.0,4,1.0,28,Normandie,76,3,99,Sotteville-lès-Rouen,28965,475,29440.0,3.0,7,,4.0,2.0,3.0,1.0,E01
202200001065,17,9,2022,11:45,1,76.0,76681,1,3,1.0,5.0,Boulevard Industriel,"49,4156000000","1,1072000000",,76.076681,76681,Seine-Maritime,28.0,Normandie,70.0,7.0,3.0,4,1.0,28,Normandie,76,3,99,Sotteville-lès-Rouen,28965,475,29440.0,3.0,15,,4.0,2.0,6.0,1.0,D01
202200001065,17,9,2022,11:45,1,76.0,76681,1,3,1.0,5.0,Boulevard Industriel,"49,4156000000","1,1072000000",,76.076681,76681,Seine-Maritime,28.0,Normandie,70.0,7.0,3.0,4,1.0,28,Normandie,76,3,99,Sotteville-lès-Rouen,28965,475,29440.0,3.0,7,,0.0,2.0,1.0,1.0,C01
202200001065,17,9,2022,11:45,1,76.0,76681,1,3,1.0,5.0,Boulevard Industriel,"49,4156000000","1,1072000000",,76.076681,76681,Seine-Maritime,28.0,Normandie,70.0,7.0,3.0,4,1.0,28,Normandie,76,3,99,Sotteville-lès-Rouen,28965,475,29440.0,3.0,7,,0.0,2.0,6.0,1.0,B01
202200001065,17,9,2022,11:45,1,76.0,76681,1,3,1.0,5.0,Boulevard Industriel,"49,4156000000","1,1072000000",,76.076681,76681,Seine-Maritime,28.0,Normandie,70.0,7.0,3.0,4,1.0,28,Normandie,76,3,99,Sotteville-lès-Rouen,28965,475,29440.0,3.0,7,,4.0,2.0,1.0,15.0,A01
202200001133,4,7,2022,08:15,1,76.0,76451,2,1,1.0,4.0,Boulevard Maurice de Broglie,"49,4616700000","1,0755400000",,76.076451,76451,Seine-Maritime,28.0,Normandie,30.0,4.0,2.0,2,1.0,28,Normandie,76,3,22,Mont-Saint-Aignan,20066,415,20481.0,3.0,33,,0.0,2.0,4.0,0.0,C01
202200001133,4,7,2022,08:15,1,76.0,76451,2,1,1.0,4.0,Boulevard Maurice de Broglie,"49,4616700000","1,0755400000",,76.076451,76451,Seine-Maritime,28.0,Normandie,30.0,4.0,2.0,2,1.0,28,Normandie,76,3,22,Mont-Saint-Aignan,20066,415,20481.0,3.0,7,,0.0,2.0,9.0,2.0,B01
202200001133,4,7,2022,08:15,1,76.0,76451,2,1,1.0,4.0,Boulevard Maurice de Broglie,"49,4616700000","1,0755400000",,76.076451,76451,Seine-Maritime,28.0,Normandie,30.0,4.0,2.0,2,1.0,28,Normandie,76,3,22,Mont-Saint-Aignan,20066,415,20481.0,3.0,99,,0.0,2.0,1.0,2.0,A01
202200001313,9,8,2022,20:00,2,76.0,76224,1,2,1.0,3.0,D925,"49,6344400000","0,3378700000",,76.076224,76224,Seine-Maritime,28.0,Normandie,80.0,3.0,2.0,1,1.0,28,Normandie,76,2,32,ÉcrainvilLe969,19,988,,2.0,7,,0.0,9.0,1.0,1.0,A01
202200001313,9,8,2022,20:00,2,76.0,76224,1,2,1.0,3.0,D925,"49,6344400000","0,3378700000",,76.076224,76224,Seine-Maritime,28.0,Normandie,80.0,3.0,2.0,1,1.0,28,Normandie,76,2,32,ÉcrainvilLe969,19,988,,0.0,1,,0.0,2.0,7.0,19.0,B01
202200001380,7,8,2022,10:15,1,76.0,76540,1,1,1.0,2.0,N28,"49,4385000000","1,1211300000",,76.076540,76540,Seine-Maritime,28.0,Normandie,70.0,2.0,3.0,6,1.0,28,Normandie,76,3,97,Rouen,114083,1556,115639.0,1.0,33,,0.0,2.0,4.0,1.0,A01
202200001380,7,8,2022,10:15,1,76.0,76540,1,1,1.0,2.0,N28,"49,4385000000","1,1211300000",,76.076540,76540,Seine-Maritime,28.0,Normandie,70.0,2.0,3.0,6,1.0,28,Normandie,76,3,97,Rouen,114083,1556,115639.0,1.0,7,,0.0,2.0,0.0,1.0,Z01
202200001510,30,4,2022,08:18,1,76.0,76540,2,3,6.0,6.0,Rue Martainville,"49,4392200000","1,1013000000",,76.076540,76540,Seine-Maritime,28.0,Normandie,30.0,4.0,1.0,1,1.0,28,Normandie,76,3,97,Rouen,114083,1556,115639.0,0.0,7,,0.0,1.0,1.0,16.0,A01
202200001511,29,4,2022,18:10,1,76.0,76540,2,1,1.0,3.0,Boulevard de l'Europe,"49,4285400000","1,0944100000",,76.076540,76540,Seine-Maritime,28.0,Normandie,50.0,4.0,2.0,5,1.0,28,Normandie,76,3,97,Rouen,114083,1556,115639.0,3.0,7,,0.0,2.0,3.0,23.0,B01
202200001511,29,4,2022,18:10,1,76.0,76540,2,1,1.0,3.0,Boulevard de l'Europe,"49,4285400000","1,0944100000",,76.076540,76540,Seine-Maritime,28.0,Normandie,50.0,4.0,2.0,5,1.0,28,Normandie,76,3,97,Rouen,114083,1556,115639.0,3.0,7,,2.0,2.0,2.0,12.0,A01
202200001512,22,4,2022,13:50,1,76.0,76391,1,1,1.0,6.0,Route de la Londe,"49,3105167585","0,9794837236",,76.076391,76391,Seine-Maritime,28.0,Normandie,80.0,7.0,2.0,2,1.0,28,Normandie,76,3,9,La Londe,2362,71,2433.0,0.0,33,,2.0,0.0,1.0,13.0,A01
202200001513,18,4,2022,00:15,3,76.0,76497,1,1,1.0,6.0,N138 - Sud 3,"49,3750900000","1,0458000000",,76.076497,76497,Seine-Maritime,28.0,Normandie,110.0,2.0,1.0,3,1.0,28,Normandie,76,3,13,Petit-Couronne,8688,175,8863.0,2.0,33,,3.0,0.0,8.0,1.0,A01
202200001514,2,5,2022,16:50,1,76.0,76351,2,2,1.0,3.0,COMMANDANT ABADIE,"49,5012800000","0,1699300000",,76.076351,76351,Seine-Maritime,28.0,Normandie,50.0,4.0,2.0,2,1.0,28,Normandie,76,2,96,LeHavre,166058,1780,167838.0,0.0,7,,0.0,2.0,1.0,0.0,B01
202200001514,2,5,2022,16:50,1,76.0,76351,2,2,1.0,3.0,COMMANDANT ABADIE,"49,5012800000","0,1699300000",,76.076351,76351,Seine-Maritime,28.0,Normandie,50.0,4.0,2.0,2,1.0,28,Normandie,76,2,96,LeHavre,166058,1780,167838.0,3.0,7,,0.0,2.0,3.0,0.0,A01
202200001515,30,4,2022,04:50,5,76.0,76351,2,1,1.0,3.0,Chaussée Lamandé,"49,4873000000","0,1161400000",,76.076351,76351,Seine-Maritime,28.0,Normandie,30.0,4.0,2.0,4,1.0,28,Normandie,76,2,96,LeHavre,166058,1780,167838.0,3.0,7,,0.0,2.0,0.0,1.0,B01
202200001515,30,4,2022,04:50,5,76.0,76351,2,1,1.0,3.0,Chaussée Lamandé,"49,4873000000","0,1161400000",,76.076351,76351,Seine-Maritime,28.0,Normandie,30.0,4.0,2.0,4,1.0,28,Normandie,76,2,96,LeHavre,166058,1780,167838.0,3.0,7,,0.0,2.0,1.0,13.0,A01
202200001633,3,5,2022,13:30,1,76.0,76288,1,1,1.0,7.0,D98,"49,8234010000","1,2259200000",,76.076288,76288,Seine-Maritime,28.0,Normandie,80.0,3.0,2.0,2,1.0,28,Normandie,76,1,8,FreullevilLe370,6,376,,2.0,7,,13.0,0.0,2.0,1.0,A01
202200001646,5,5,2022,11:25,1,76.0,76018,1,2,1.0,3.0,Route Departementale 101,"49,7203180000","1,0000990000",,76.076018,76018,Seine-Maritime,28.0,Normandie,80.0,3.0,2.0,1,1.0,28,Normandie,76,1,20,Val-de-Saâne,1476,33,1509.0,3.0,7,,0.0,2.0,8.0,15.0,B01
202200001646,5,5,2022,11:25,1,76.0,76018,1,2,1.0,3.0,Route Departementale 101,"49,7203180000","1,0000990000",,76.076018,76018,Seine-Maritime,28.0,Normandie,80.0,3.0,2.0,1,1.0,28,Normandie,76,1,20,Val-de-Saâne,1476,33,1509.0,1.0,10,,0.0,2.0,3.0,21.0,A01
202200001829,23,3,2022,07:30,1,76.0,76351,2,1,1.0,6.0,JOSEPH MADEC,"49,5066497867","0,1411753893",,76.076351,76351,Seine-Maritime,28.0,Normandie,50.0,4.0,2.0,2,1.0,28,Normandie,76,2,96,LeHavre,166058,1780,167838.0,0.0,7,,0.0,2.0,4.0,4.0,A01