Num_Acc,jour,mois,an,hrmn,lum,dep,com,agg,int,atm,col,adr,lat,long,gps,com_insee_temp,com_insee,departmentName,regionCode,regionName,vma,catr,circ,nbv,surf,Code,Region,Departement,Arrondissement,Code_Canton,Nom_Commune,Population_municipaLe,Population_comptee_a_part,Population_Totale,senc,catv,occutc,obs,obsm,choc,manv,num_veh
202200001829,23,3,2022,07:30,1,76.0,76351,2,1,1.0,6.0,JOSEPH MADEC,"49,5066497867","0,1411753893",,76.076351,76351,Seine-Maritime,28.0,Normandie,50.0,4.0,2.0,2,1.0,28,Normandie,76,2,96,LeHavre,166058,1780,167838.0,0.0,80,,0.0,2.0,1.0,1.0,B01
202200001832,22,3,2022,13:44,1,76.0,76351,2,1,1.0,6.0,SAINTE ADRESSE (DE),"49,5006200000","0,0915000000",,76.076351,76351,Seine-Maritime,28.0,Normandie,50.0,4.0,2.0,3,1.0,28,Normandie,76,2,96,LeHavre,166058,1780,167838.0,0.0,1,,0.0,2.0,8.0,1.0,B01
202200001832,22,3,2022,13:44,1,76.0,76351,2,1,1.0,6.0,SAINTE ADRESSE (DE),"49,5006200000","0,0915000000",,76.076351,76351,Seine-Maritime,28.0,Normandie,50.0,4.0,2.0,3,1.0,28,Normandie,76,2,96,LeHavre,166058,1780,167838.0,0.0,7,,0.0,2.0,7.0,12.0,A01
202200001847,27,11,2022,04:40,5,76.0,76069,2,1,2.0,6.0,Route de Paris,"49,3697640000","1,1277720000",,76.076069,76069,Seine-Maritime,28.0,Normandie,50.0,7.0,2.0,2,2.0,28,Normandie,76,3,6,Belbeuf,2249,48,2297.0,2.0,7,,9.0,0.0,2.0,1.0,A01
202200002055,24,11,2022,07:50,1,76.0,76322,2,6,1.0,1.0,Avenue Gal Leclerc,"49,4209507954","1,0513132811",,76.076322,76322,Seine-Maritime,28.0,Normandie,50.0,7.0,1.0,2,1.0,28,Normandie,76,3,13,LeGrand-Quevilly,25975,225,26200.0,2.0,1,,0.0,2.0,0.0,0.0,B01
202200002055,24,11,2022,07:50,1,76.0,76322,2,6,1.0,1.0,Avenue Gal Leclerc,"49,4209507954","1,0513132811",,76.076322,76322,Seine-Maritime,28.0,Normandie,50.0,7.0,1.0,2,1.0,28,Normandie,76,3,13,LeGrand-Quevilly,25975,225,26200.0,2.0,7,,0.0,9.0,3.0,1.0,A01
202200002141,19,10,2022,14:54,1,76.0,76258,1,3,1.0,2.0,D926,"49,6467570000","0,6121870000",,76.076258,76258,Seine-Maritime,28.0,Normandie,80.0,3.0,2.0,2,1.0,28,Normandie,76,2,33,Terres-de-Caux,4208,112,4320.0,1.0,7,,0.0,2.0,3.0,1.0,A01
202200002141,19,10,2022,14:54,1,76.0,76258,1,3,1.0,2.0,D926,"49,6467570000","0,6121870000",,76.076258,76258,Seine-Maritime,28.0,Normandie,80.0,3.0,2.0,2,1.0,28,Normandie,76,2,33,Terres-de-Caux,4208,112,4320.0,1.0,33,,0.0,0.0,4.0,23.0,B01
202200002306,19,10,2022,22:00,3,76.0,76001,1,1,1.0,6.0,D6015,"49,6131570000","0,6624410000",,76.076001,76001,Seine-Maritime,28.0,Normandie,80.0,3.0,2.0,2,1.0,28,Normandie,76,3,35,Allouville-Bellefosse,1150,19,1169.0,1.0,7,,2.0,0.0,8.0,1.0,A01
202200002311,20,10,2022,09:20,1,76.0,76647,1,1,1.0,2.0,D81,"49,5248460000","0,3728490000",,76.076647,76647,Seine-Maritime,28.0,Normandie,80.0,3.0,2.0,2,2.0,28,Normandie,76,2,32,Saint-Romain-de-Colbosc,4436,43,4479.0,1.0,7,,0.0,2.0,2.0,17.0,A01
202200002311,20,10,2022,09:20,1,76.0,76647,1,1,1.0,2.0,D81,"49,5248460000","0,3728490000",,76.076647,76647,Seine-Maritime,28.0,Normandie,80.0,3.0,2.0,2,2.0,28,Normandie,76,2,32,Saint-Romain-de-Colbosc,4436,43,4479.0,1.0,80,,0.0,2.0,6.0,1.0,B01
202200002624,16,9,2022,17:30,1,76.0,76231,2,4,1.0,6.0,Rue du Neubourg,"49,2818835369","1,0077095030",,76.076231,76231,Seine-Maritime,28.0,Normandie,30.0,7.0,2.0,2,1.0,28,Normandie,76,3,9,Elbeuf,15951,138,16089.0,0.0,7,,0.0,1.0,1.0,1.0,A01
202200002625,16,9,2022,16:10,1,76.0,76322,2,1,1.0,2.0,Boulevard de Verdun,"49,4153880000","1,0524160000",,76.076322,76322,Seine-Maritime,28.0,Normandie,50.0,7.0,2.0,2,1.0,28,Normandie,76,3,13,LeGrand-Quevilly,25975,225,26200.0,3.0,7,,0.0,2.0,1.0,2.0,A01
202200002625,16,9,2022,16:10,1,76.0,76322,2,1,1.0,2.0,Boulevard de Verdun,"49,4153880000","1,0524160000",,76.076322,76322,Seine-Maritime,28.0,Normandie,50.0,7.0,2.0,2,1.0,28,Normandie,76,3,13,LeGrand-Quevilly,25975,225,26200.0,3.0,7,,0.0,2.0,4.0,2.0,B01
202200002626,16,9,2022,11:35,1,76.0,76351,2,2,1.0,4.0,LOUIS LUMIERE,"49,5217200000","0,1174200000",,76.076351,76351,Seine-Maritime,28.0,Normandie,50.0,3.0,2.0,2,1.0,28,Normandie,76,2,96,LeHavre,166058,1780,167838.0,1.0,7,,0.0,2.0,1.0,1.0,A01
202200002626,16,9,2022,11:35,1,76.0,76351,2,2,1.0,4.0,LOUIS LUMIERE,"49,5217200000","0,1174200000",,76.076351,76351,Seine-Maritime,28.0,Normandie,50.0,3.0,2.0,2,1.0,28,Normandie,76,2,96,LeHavre,166058,1780,167838.0,1.0,7,,0.0,2.0,4.0,1.0,B01
202200002626,16,9,2022,11:35,1,76.0,76351,2,2,1.0,4.0,LOUIS LUMIERE,"49,5217200000","0,1174200000",,76.076351,76351,Seine-Maritime,28.0,Normandie,50.0,3.0,2.0,2,1.0,28,Normandie,76,2,96,LeHavre,166058,1780,167838.0,1.0,7,,0.0,2.0,4.0,1.0,C01
202200002740,6,7,2022,07:10,1,76.0,76484,1,1,1.0,2.0,A13,"49,3443760000","1,0492590000",,76.076484,76484,Seine-Maritime,28.0,Normandie,110.0,1.0,1.0,5,1.0,28,Normandie,76,3,31,Oissel,12367,83,12450.0,1.0,7,,0.0,0.0,4.0,1.0,A01
202200002740,6,7,2022,07:10,1,76.0,76484,1,1,1.0,2.0,A13,"49,3443760000","1,0492590000",,76.076484,76484,Seine-Maritime,28.0,Normandie,110.0,1.0,1.0,5,1.0,28,Normandie,76,3,31,Oissel,12367,83,12450.0,1.0,33,,1.0,0.0,1.0,1.0,B01
202200002820,4,7,2022,15:40,1,76.0,76540,2,2,1.0,6.0,Boulevard de l'Yser,"49,4466100000","1,1056900000",,76.076540,76540,Seine-Maritime,28.0,Normandie,50.0,7.0,2.0,3,1.0,28,Normandie,76,3,97,Rouen,114083,1556,115639.0,3.0,7,,6.0,2.0,1.0,17.0,A01
202200002820,4,7,2022,15:40,1,76.0,76540,2,2,1.0,6.0,Boulevard de l'Yser,"49,4466100000","1,1056900000",,76.076540,76540,Seine-Maritime,28.0,Normandie,50.0,7.0,2.0,3,1.0,28,Normandie,76,3,97,Rouen,114083,1556,115639.0,2.0,7,,0.0,2.0,1.0,15.0,B01
202200002821,4,7,2022,14:55,1,76.0,76108,2,1,1.0,2.0,Route de Neufchâtel,"49,4540300000","1,1049800000",,76.076108,76108,Seine-Maritime,28.0,Normandie,50.0,7.0,2.0,2,1.0,28,Normandie,76,3,2,Bois-Guillaume,14262,361,14623.0,2.0,80,,0.0,2.0,1.0,7.0,B01
202200002821,4,7,2022,14:55,1,76.0,76108,2,1,1.0,2.0,Route de Neufchâtel,"49,4540300000","1,1049800000",,76.076108,76108,Seine-Maritime,28.0,Normandie,50.0,7.0,2.0,2,1.0,28,Normandie,76,3,2,Bois-Guillaume,14262,361,14623.0,2.0,10,,0.0,2.0,6.0,20.0,A01
202200002822,3,7,2022,19:18,1,76.0,76351,2,2,1.0,3.0,FLANDRES DUNKERQUE,"49,5133390000","0,1694200000",,76.076351,76351,Seine-Maritime,28.0,Normandie,50.0,4.0,2.0,1,1.0,28,Normandie,76,2,96,LeHavre,166058,1780,167838.0,1.0,7,,0.0,2.0,2.0,1.0,Z01
202200002822,3,7,2022,19:18,1,76.0,76351,2,2,1.0,3.0,FLANDRES DUNKERQUE,"49,5133390000","0,1694200000",,76.076351,76351,Seine-Maritime,28.0,Normandie,50.0,4.0,2.0,1,1.0,28,Normandie,76,2,96,LeHavre,166058,1780,167838.0,1.0,30,,0.0,2.0,8.0,1.0,A01
202200002935,8,8,2022,18:30,1,76.0,76057,2,1,1.0,6.0,Rue Pierre et Marie Curie,"49,5363710000","0,9605100000",,76.076057,76057,Seine-Maritime,28.0,Normandie,50.0,3.0,2.0,2,1.0,28,Normandie,76,3,1,Barentin,12154,238,12392.0,1.0,7,,0.0,1.0,2.0,1.0,A01
202200003098,24,11,2022,18:10,3,76.0,76196,1,3,3.0,2.0,Route de Gonneville la Mallet,"49,6428070000","0,2556150000",,76.076196,76196,Seine-Maritime,28.0,Normandie,80.0,3.0,2.0,2,2.0,28,Normandie,76,2,26,Criquetot-l'Esneval,2567,82,2649.0,1.0,99,,0.0,2.0,2.0,21.0,B01
202200003098,24,11,2022,18:10,3,76.0,76196,1,3,3.0,2.0,Route de Gonneville la Mallet,"49,6428070000","0,2556150000",,76.076196,76196,Seine-Maritime,28.0,Normandie,80.0,3.0,2.0,2,2.0,28,Normandie,76,2,26,Criquetot-l'Esneval,2567,82,2649.0,1.0,30,,0.0,0.0,4.0,2.0,A01
202200003146,27,4,2022,13:25,1,76.0,76681,2,1,1.0,3.0,Rue Francois Raspail,"49,4160100000","1,0957300000",,76.076681,76681,Seine-Maritime,28.0,Normandie,50.0,4.0,2.0,2,1.0,28,Normandie,76,3,99,Sotteville-lès-Rouen,28965,475,29440.0,3.0,10,,0.0,2.0,1.0,17.0,A01
202200003150,25,4,2022,17:10,1,76.0,76486,1,1,1.0,4.0,D938,"49,3345900000","1,0118500000",,76.076486,76486,Seine-Maritime,28.0,Normandie,70.0,7.0,2.0,2,1.0,28,Normandie,76,3,9,Orival,860,5,865.0,3.0,7,,0.0,2.0,1.0,2.0,C01
202200003150,25,4,2022,17:10,1,76.0,76486,1,1,1.0,4.0,D938,"49,3345900000","1,0118500000",,76.076486,76486,Seine-Maritime,28.0,Normandie,70.0,7.0,2.0,2,1.0,28,Normandie,76,3,9,Orival,860,5,865.0,3.0,7,,0.0,2.0,9.0,23.0,B01
202200003150,25,4,2022,17:10,1,76.0,76486,1,1,1.0,4.0,D938,"49,3345900000","1,0118500000",,76.076486,76486,Seine-Maritime,28.0,Normandie,70.0,7.0,2.0,2,1.0,28,Normandie,76,3,9,Orival,860,5,865.0,3.0,7,,0.0,2.0,4.0,23.0,A01
202200003155,16,4,2022,16:30,1,76.0,76498,1,1,1.0,2.0,N338 - Sud 3,"49,4346200000","1,0692900000",,76.076498,76498,Seine-Maritime,28.0,Normandie,90.0,2.0,3.0,4,1.0,28,Normandie,76,3,27,LePetit-Quevilly,21782,274,22056.0,2.0,7,,0.0,2.0,4.0,1.0,B01
202200003155,16,4,2022,16:30,1,76.0,76498,1,1,1.0,2.0,N338 - Sud 3,"49,4346200000","1,0692900000",,76.076498,76498,Seine-Maritime,28.0,Normandie,90.0,2.0,3.0,4,1.0,28,Normandie,76,3,27,LePetit-Quevilly,21782,274,22056.0,2.0,33,,0.0,2.0,1.0,1.0,A01
202200003398,5,6,2022,18:35,1,76.0,76681,2,2,2.0,7.0,Boulevard Industriel,"49,4158100000","1,1074100000",,76.076681,76681,Seine-Maritime,28.0,Normandie,70.0,7.0,3.0,4,2.0,28,Normandie,76,3,99,Sotteville-lès-Rouen,28965,475,29440.0,2.0,7,,8.0,0.0,9.0,1.0,A01
202200003399,21,3,2022,11:10,1,76.0,76351,2,1,1.0,6.0,HUIT MAI 1945 (AVENUE DU),"49,5159800000","0,1701000000",,76.076351,76351,Seine-Maritime,28.0,Normandie,50.0,4.0,2.0,2,1.0,28,Normandie,76,2,96,LeHavre,166058,1780,167838.0,3.0,7,,0.0,1.0,1.0,1.0,A01
202200003404,5,6,2022,09:05,1,76.0,76216,2,3,8.0,3.0,Route de Dieppe,"49,4588900000","1,0554600000",,76.076216,76216,Seine-Maritime,28.0,Normandie,50.0,7.0,2.0,2,1.0,28,Normandie,76,3,22,Déville-lès-Rouen,10745,62,10807.0,2.0,7,,0.0,2.0,3.0,15.0,B01
202200003404,5,6,2022,09:05,1,76.0,76216,2,3,8.0,3.0,Route de Dieppe,"49,4588900000","1,0554600000",,76.076216,76216,Seine-Maritime,28.0,Normandie,50.0,7.0,2.0,2,1.0,28,Normandie,76,3,22,Déville-lès-Rouen,10745,62,10807.0,1.0,10,,0.0,2.0,1.0,1.0,A01
202200003405,3,5,2022,17:15,1,76.0,76624,2,1,1.0,7.0,429 Rue de Croixmare,"49,8793780000","1,2278720000",,76.076624,76624,Seine-Maritime,28.0,Normandie,50.0,4.0,2.0,2,9.0,28,Normandie,76,1,8,Saint-Nicolas-d'Aliermont,3764,59,3823.0,3.0,2,,0.0,0.0,0.0,0.0,A01
202200003408,3,6,2022,19:50,1,76.0,76474,2,1,1.0,1.0,Route de Dieppe,"49,4933000000","1,0487500000",,76.076474,76474,Seine-Maritime,28.0,Normandie,50.0,7.0,2.0,2,1.0,28,Normandie,76,3,24,Notre-Dame-de-BondevilLe6957,82,7039,,3.0,7,,0.0,2.0,0.0,10.0,B01
202200003408,3,6,2022,19:50,1,76.0,76474,2,1,1.0,1.0,Route de Dieppe,"49,4933000000","1,0487500000",,76.076474,76474,Seine-Maritime,28.0,Normandie,50.0,7.0,2.0,2,1.0,28,Normandie,76,3,24,Notre-Dame-de-BondevilLe6957,82,7039,,3.0,7,,6.0,2.0,1.0,13.0,A01
202200003413,3,6,2022,18:15,1,76.0,76231,2,1,2.0,3.0,Rue du Général de Gaulle,"49,2857537370","1,0111096501",,76.076231,76231,Seine-Maritime,28.0,Normandie,50.0,4.0,1.0,1,2.0,28,Normandie,76,3,9,Elbeuf,15951,138,16089.0,3.0,7,,0.0,9.0,2.0,1.0,A01
202200003413,3,6,2022,18:15,1,76.0,76231,2,1,2.0,3.0,Rue du Général de Gaulle,"49,2857537370","1,0111096501",,76.076231,76231,Seine-Maritime,28.0,Normandie,50.0,4.0,1.0,1,2.0,28,Normandie,76,3,9,Elbeuf,15951,138,16089.0,3.0,1,,0.0,0.0,1.0,1.0,B01
202200003417,3,6,2022,12:00,1,76.0,76351,2,2,1.0,6.0,PARIS (DE),"49,4899100000","0,1075700000",,76.076351,76351,Seine-Maritime,28.0,Normandie,50.0,4.0,2.0,2,1.0,28,Normandie,76,2,96,LeHavre,166058,1780,167838.0,0.0,7,,0.0,1.0,7.0,1.0,A01
202200003421,3,6,2022,10:40,1,76.0,76351,2,2,1.0,6.0,JEAN WEBER (Rue),"49,5127000000","0,1041800000",,76.076351,76351,Seine-Maritime,28.0,Normandie,50.0,4.0,2.0,2,1.0,28,Normandie,76,2,96,LeHavre,166058,1780,167838.0,0.0,30,,1.0,0.0,1.0,13.0,A01
202200003470,19,3,2022,14:45,1,76.0,76305,1,1,1.0,5.0,N 282,"49,4990000000","0,2029100000",,76.076305,76305,Seine-Maritime,28.0,Normandie,80.0,2.0,2.0,2,1.0,28,Normandie,76,2,16,Gonfreville-l'Orcher,8961,44,9005.0,2.0,7,,0.0,2.0,1.0,1.0,C01
202200003470,19,3,2022,14:45,1,76.0,76305,1,1,1.0,5.0,N 282,"49,4990000000","0,2029100000",,76.076305,76305,Seine-Maritime,28.0,Normandie,80.0,2.0,2.0,2,1.0,28,Normandie,76,2,16,Gonfreville-l'Orcher,8961,44,9005.0,1.0,7,,0.0,2.0,6.0,1.0,B01
202200003470,19,3,2022,14:45,1,76.0,76305,1,1,1.0,5.0,N 282,"49,4990000000","0,2029100000",,76.076305,76305,Seine-Maritime,28.0,Normandie,80.0,2.0,2.0,2,1.0,28,Normandie,76,2,16,Gonfreville-l'Orcher,8961,44,9005.0,1.0,7,,0.0,2.0,2.0,2.0,A01
202200003767,23,11,2022,20:45,5,76.0,76217,2,3,2.0,1.0,BONNE NOUVELLE (ROUTE),"49,9218268023","1,0931643248",,76.076217,76217,Seine-Maritime,28.0,Normandie,50.0,3.0,2.0,2,2.0,28,Normandie,76,1,95,Dieppe,28358,455,28813.0,1.0,7,,0.0,2.0,2.0,15.0,A01
202200003767,23,11,2022,20:45,5,76.0,76217,2,3,2.0,1.0,BONNE NOUVELLE (ROUTE),"49,9218268023","1,0931643248",,76.076217,76217,Seine-Maritime,28.0,Normandie,50.0,3.0,2.0,2,2.0,28,Normandie,76,1,95,Dieppe,28358,455,28813.0,2.0,7,,0.0,2.0,3.0,1.0,B01
202200003897,31,12,2022,02:10,3,76.0,76341,2,1,2.0,2.0,ROBERT ANCEL,"49,5178400000","0,2032300000",,76.076341,76341,Seine-Maritime,28.0,Normandie,50.0,3.0,2.0,1,2.0,28,Normandie,76,2,15,Harfleur,8315,53,8368.0,1.0,7,,0.0,2.0,0.0,1.0,Z01
202200003897,31,12,2022,02:10,3,76.0,76341,2,1,2.0,2.0,ROBERT ANCEL,"49,5178400000","0,2032300000",,76.076341,76341,Seine-Maritime,28.0,Normandie,50.0,3.0,2.0,1,2.0,28,Normandie,76,2,15,Harfleur,8315,53,8368.0,1.0,2,,0.0,2.0,4.0,1.0,A01
202200003900,30,12,2022,15:00,1,76.0,76351,2,1,2.0,3.0,CAPUCHET (DU),"49,5233000000","0,1005000000",,76.076351,76351,Seine-Maritime,28.0,Normandie,30.0,4.0,2.0,1,2.0,28,Normandie,76,2,96,LeHavre,166058,1780,167838.0,2.0,7,,0.0,2.0,3.0,15.0,B01
202200003900,30,12,2022,15:00,1,76.0,76351,2,1,2.0,3.0,CAPUCHET (DU),"49,5233000000","0,1005000000",,76.076351,76351,Seine-Maritime,28.0,Normandie,30.0,4.0,2.0,1,2.0,28,Normandie,76,2,96,LeHavre,166058,1780,167838.0,2.0,30,,0.0,2.0,7.0,1.0,A01
202200004055,31,12,2022,18:00,5,76.0,76165,2,6,1.0,7.0,Zone industrielle de l'Oison,"49,2898600000","1,0364100000",,76.076165,76165,Seine-Maritime,28.0,Normandie,50.0,4.0,2.0,1,1.0,28,Normandie,76,3,5,Caudebec-lès-Elbeuf,10135,69,10204.0,3.0,99,,0.0,9.0,7.0,1.0,A01
202200004055,31,12,2022,18:00,5,76.0,76165,2,6,1.0,7.0,Zone industrielle de l'Oison,"49,2898600000","1,0364100000",,76.076165,76165,Seine-Maritime,28.0,Normandie,50.0,4.0,2.0,1,1.0,28,Normandie,76,3,5,Caudebec-lès-Elbeuf,10135,69,10204.0,3.0,7,,0.0,0.0,0.0,1.0,B01
202200004260,15,9,2022,18:20,1,76.0,76486,1,1,1.0,1.0,D132,"49,3193550000","0,9887980000",,76.076486,76486,Seine-Maritime,28.0,Normandie,80.0,7.0,2.0,2,1.0,28,Normandie,76,3,9,Orival,860,5,865.0,3.0,7,,0.0,2.0,1.0,1.0,B01
202200004260,15,9,2022,18:20,1,76.0,76486,1,1,1.0,1.0,D132,"49,3193550000","0,9887980000",,76.076486,76486,Seine-Maritime,28.0,Normandie,80.0,7.0,2.0,2,1.0,28,Normandie,76,3,9,Orival,860,5,865.0,3.0,7,,16.0,2.0,1.0,5.0,A01
202200004262,14,9,2022,16:20,1,76.0,76351,2,3,1.0,3.0,DIEPPEDALLE (PASSAGE),"49,5000200000","0,1289000000",,76.076351,76351,Seine-Maritime,28.0,Normandie,50.0,4.0,1.0,1,1.0,28,Normandie,76,2,96,LeHavre,166058,1780,167838.0,1.0,50,,0.0,2.0,1.0,19.0,A01
202200004262,14,9,2022,16:20,1,76.0,76351,2,3,1.0,3.0,DIEPPEDALLE (PASSAGE),"49,5000200000","0,1289000000",,76.076351,76351,Seine-Maritime,28.0,Normandie,50.0,4.0,1.0,1,1.0,28,Normandie,76,2,96,LeHavre,166058,1780,167838.0,2.0,7,,0.0,2.0,2.0,0.0,B01
202200004264,14,9,2022,09:55,1,76.0,76351,2,2,1.0,3.0,JOHANN STRAUSS,"49,5059600000","0,1103100000",,76.076351,76351,Seine-Maritime,28.0,Normandie,50.0,4.0,2.0,1,1.0,28,Normandie,76,2,96,LeHavre,166058,1780,167838.0,2.0,7,,0.0,2.0,3.0,1.0,B01
202200004264,14,9,2022,09:55,1,76.0,76351,2,2,1.0,3.0,JOHANN STRAUSS,"49,5059600000","0,1103100000",,76.076351,76351,Seine-Maritime,28.0,Normandie,50.0,4.0,2.0,1,1.0,28,Normandie,76,2,96,LeHavre,166058,1780,167838.0,2.0,10,,0.0,2.0,2.0,1.0,A01
202200004266,9,9,2022,23:50,5,76.0,76351,2,2,1.0,3.0,JEAN MACE,"49,4891800000","0,1086700000",,76.076351,76351,Seine-Maritime,28.0,Normandie,50.0,4.0,2.0,2,2.0,28,Normandie,76,2,96,LeHavre,166058,1780,167838.0,2.0,7,,0.0,2.0,0.0,0.0,B01
202200004266,9,9,2022,23:50,5,76.0,76351,2,2,1.0,3.0,JEAN MACE,"49,4891800000","0,1086700000",,76.076351,76351,Seine-Maritime,28.0,Normandie,50.0,4.0,2.0,2,2.0,28,Normandie,76,2,96,LeHavre,166058,1780,167838.0,2.0,7,,0.0,2.0,0.0,0.0,A01
202200004267,15,9,2022,17:15,1,76.0,76329,2,9,1.0,3.0,ABBAYE (RUE DE L'),"49,5487100000","0,4931900000",,76.076329,76329,Seine-Maritime,28.0,Normandie,50.0,3.0,2.0,3,1.0,28,Normandie,76,2,3,Gruchet-le-Valasse,3074,39,3113.0,1.0,7,,0.0,2.0,3.0,15.0,A01
202200004267,15,9,2022,17:15,1,76.0,76329,2,9,1.0,3.0,ABBAYE (RUE DE L'),"49,5487100000","0,4931900000",,76.076329,76329,Seine-Maritime,28.0,Normandie,50.0,3.0,2.0,3,1.0,28,Normandie,76,2,3,Gruchet-le-Valasse,3074,39,3113.0,1.0,33,,0.0,2.0,3.0,21.0,B01
202200004287,16,10,2022,11:40,1,76.0,76341,2,1,1.0,7.0,FRIEDRICH ENGELS,"49,5125600000","0,1919200000",,76.076341,76341,Seine-Maritime,28.0,Normandie,50.0,4.0,2.0,2,1.0,28,Normandie,76,2,15,Harfleur,8315,53,8368.0,0.0,1,,0.0,0.0,0.0,1.0,A01
202200004289,9,10,2022,04:58,5,76.0,76351,2,1,1.0,2.0,MONT GAILLARD (AVENUE DU),"49,5232600000","0,1111100000",,76.076351,76351,Seine-Maritime,28.0,Normandie,50.0,4.0,2.0,2,1.0,28,Normandie,76,2,96,LeHavre,166058,1780,167838.0,2.0,7,,0.0,2.0,3.0,0.0,A01
202200004289,9,10,2022,04:58,5,76.0,76351,2,1,1.0,2.0,MONT GAILLARD (AVENUE DU),"49,5232600000","0,1111100000",,76.076351,76351,Seine-Maritime,28.0,Normandie,50.0,4.0,2.0,2,1.0,28,Normandie,76,2,96,LeHavre,166058,1780,167838.0,0.0,7,,0.0,2.0,0.0,0.0,Z01
202200004383,16,10,2022,22:30,3,76.0,76319,1,4,1.0,7.0,N138 - Sud 3,"49,3445500000","1,0112200000",,76.076319,76319,Seine-Maritime,28.0,Normandie,110.0,2.0,1.0,3,1.0,28,Normandie,76,3,9,Grand-Couronne,9726,177,9903.0,2.0,7,,13.0,0.0,0.0,16.0,A01
202200004385,14,10,2022,20:20,5,76.0,76384,2,9,2.0,1.0,MARRECHAL LECLERC (AVENUE DU),"49,5162100000","0,5309200000",,76.076384,76384,Seine-Maritime,28.0,Normandie,50.0,3.0,2.0,2,2.0,28,Normandie,76,2,3,Lillebonne,8729,141,8870.0,1.0,7,,0.0,2.0,1.0,1.0,B01
202200004385,14,10,2022,20:20,5,76.0,76384,2,9,2.0,1.0,MARRECHAL LECLERC (AVENUE DU),"49,5162100000","0,5309200000",,76.076384,76384,Seine-Maritime,28.0,Normandie,50.0,3.0,2.0,2,2.0,28,Normandie,76,2,3,Lillebonne,8729,141,8870.0,2.0,7,,0.0,2.0,1.0,5.0,A01
202200004450,5,7,2022,17:20,1,76.0,76591,2,1,1.0,4.0,1085 Route de Gournay,"49,4417260000","1,1840650000",,76.076591,76591,Seine-Maritime,28.0,Normandie,50.0,2.0,2.0,2,1.0,28,Normandie,76,3,6,Saint-Jacques-sur-Darnétal,3152,49,3201.0,1.0,31,,0.0,2.0,2.0,1.0,C01
202200004450,5,7,2022,17:20,1,76.0,76591,2,1,1.0,4.0,1085 Route de Gournay,"49,4417260000","1,1840650000",,76.076591,76591,Seine-Maritime,28.0,Normandie,50.0,2.0,2.0,2,1.0,28,Normandie,76,3,6,Saint-Jacques-sur-Darnétal,3152,49,3201.0,1.0,7,,0.0,2.0,6.0,1.0,B01
202200004450,5,7,2022,17:20,1,76.0,76591,2,1,1.0,4.0,1085 Route de Gournay,"49,4417260000","1,1840650000",,76.076591,76591,Seine-Maritime,28.0,Normandie,50.0,2.0,2.0,2,1.0,28,Normandie,76,3,6,Saint-Jacques-sur-Darnétal,3152,49,3201.0,1.0,7,,0.0,0.0,4.0,1.0,A01
202200004648,5,8,2022,17:22,1,76.0,76561,2,1,1.0,3.0,Rue Aristide Briand,"49,3070500000","1,0023210000",,76.076561,76561,Seine-Maritime,28.0,Normandie,50.0,4.0,2.0,2,1.0,28,Normandie,76,3,5,Saint-Aubin-lès-Elbeuf,8428,75,8503.0,0.0,7,,0.0,2.0,3.0,1.0,A01
202200004648,5,8,2022,17:22,1,76.0,76561,2,1,1.0,3.0,Rue Aristide Briand,"49,3070500000","1,0023210000",,76.076561,76561,Seine-Maritime,28.0,Normandie,50.0,4.0,2.0,2,1.0,28,Normandie,76,3,5,Saint-Aubin-lès-Elbeuf,8428,75,8503.0,0.0,7,,0.0,2.0,3.0,1.0,B01
202200004728,5,8,2022,13:00,1,76.0,76244,1,2,1.0,3.0,A28 / D915,"49,6992510000","1,3619080000",,76.076244,76244,Seine-Maritime,28.0,Normandie,70.0,1.0,1.0,1,1.0,28,Normandie,76,1,23,EsclavelLes386,6,392,,1.0,10,,0.0,2.0,1.0,1.0,B01
202200004728,5,8,2022,13:00,1,76.0,76244,1,2,1.0,3.0,A28 / D915,"49,6992510000","1,3619080000",,76.076244,76244,Seine-Maritime,28.0,Normandie,70.0,1.0,1.0,1,1.0,28,Normandie,76,1,23,EsclavelLes386,6,392,,1.0,7,,3.0,0.0,8.0,19.0,A01
202200004734,5,7,2022,11:30,1,76.0,76689,1,3,1.0,3.0,CD 17,"49,7284530000","0,5124200000",,76.076689,76689,Seine-Maritime,28.0,Normandie,80.0,3.0,2.0,2,1.0,28,Normandie,76,2,11,ThiétrevilLe373,33,406,,2.0,7,,0.0,2.0,2.0,17.0,A01
202200004734,5,7,2022,11:30,1,76.0,76689,1,3,1.0,3.0,CD 17,"49,7284530000","0,5124200000",,76.076689,76689,Seine-Maritime,28.0,Normandie,80.0,3.0,2.0,2,1.0,28,Normandie,76,2,11,ThiétrevilLe373,33,406,,0.0,7,,0.0,0.0,3.0,15.0,B01
202200005230,20,3,2022,19:10,1,76.0,76351,2,3,1.0,3.0,ARISTIDE BRIAND,"49,5002900000","0,1359000000",,76.076351,76351,Seine-Maritime,28.0,Normandie,50.0,4.0,2.0,2,1.0,28,Normandie,76,2,96,LeHavre,166058,1780,167838.0,3.0,33,,0.0,2.0,3.0,0.0,B01