Num_Acc,jour,mois,an,hrmn,lum,dep,com,agg,int,atm,col,adr,lat,long,gps,com_insee_temp,com_insee,departmentName,regionCode,regionName,vma,catr,circ,nbv,surf,Code,Region,Departement,Arrondissement,Code_Canton,Nom_Commune,Population_municipaLe,Population_comptee_a_part,Population_Totale,senc,catv,occutc,obs,obsm,choc,manv,num_veh
202200005230,20,3,2022,19:10,1,76.0,76351,2,3,1.0,3.0,ARISTIDE BRIAND,"49,5002900000","0,1359000000",,76.076351,76351,Seine-Maritime,28.0,Normandie,50.0,4.0,2.0,2,1.0,28,Normandie,76,2,96,LeHavre,166058,1780,167838.0,2.0,7,,0.0,2.0,1.0,0.0,A01
202200005234,20,3,2022,18:35,1,76.0,76351,2,1,1.0,6.0,JULES DELAMARE,"49,4933500000","0,1594400000",,76.076351,76351,Seine-Maritime,28.0,Normandie,50.0,4.0,2.0,2,1.0,28,Normandie,76,2,96,LeHavre,166058,1780,167838.0,2.0,7,,2.0,0.0,1.0,0.0,A01
202200005239,18,3,2022,09:10,1,76.0,76351,2,6,1.0,3.0,SUEDE (QUAI DE),"49,4917700000","0,1325600000",,76.076351,76351,Seine-Maritime,28.0,Normandie,50.0,4.0,2.0,2,2.0,28,Normandie,76,2,96,LeHavre,166058,1780,167838.0,3.0,7,,0.0,2.0,3.0,0.0,A01
202200005239,18,3,2022,09:10,1,76.0,76351,2,6,1.0,3.0,SUEDE (QUAI DE),"49,4917700000","0,1325600000",,76.076351,76351,Seine-Maritime,28.0,Normandie,50.0,4.0,2.0,2,2.0,28,Normandie,76,2,96,LeHavre,166058,1780,167838.0,3.0,50,,0.0,2.0,7.0,0.0,B01
202200005272,31,12,2022,01:20,5,76.0,76484,1,6,2.0,6.0,D18E,"49,3458600000","1,0768600000",,76.076484,76484,Seine-Maritime,28.0,Normandie,70.0,7.0,4.0,2,2.0,28,Normandie,76,3,31,Oissel,12367,83,12450.0,3.0,7,,4.0,0.0,1.0,6.0,A01
202200005277,30,12,2022,14:15,1,76.0,76486,1,1,1.0,1.0,Rue de la Gare,"49,3189040000","0,9912060000",,76.076486,76486,Seine-Maritime,28.0,Normandie,70.0,7.0,2.0,2,2.0,28,Normandie,76,3,9,Orival,860,5,865.0,3.0,7,,0.0,2.0,9.0,1.0,A01
202200005277,30,12,2022,14:15,1,76.0,76486,1,1,1.0,1.0,Rue de la Gare,"49,3189040000","0,9912060000",,76.076486,76486,Seine-Maritime,28.0,Normandie,70.0,7.0,2.0,2,2.0,28,Normandie,76,3,9,Orival,860,5,865.0,3.0,7,,0.0,2.0,3.0,1.0,B01
202200005929,1,5,2022,18:39,1,76.0,76203,1,1,1.0,7.0,route de duclair - RD 5,"49,5901830000","0,7991270000",,76.076203,76203,Seine-Maritime,28.0,Normandie,80.0,3.0,-1.0,2,1.0,28,Normandie,76,3,24,Croix-Mare,719,8,727.0,1.0,31,,0.0,0.0,3.0,1.0,A01
202200005997,15,9,2022,13:30,1,76.0,76489,2,1,1.0,7.0,Route des Falaises,"49,4948350000","0,2845180000",,76.076489,76489,Seine-Maritime,28.0,Normandie,50.0,3.0,2.0,2,1.0,28,Normandie,76,2,32,OudalLe479,12,491,,0.0,33,,12.0,0.0,8.0,1.0,A01
202200006064,17,10,2022,21:45,3,76.0,76459,1,1,1.0,6.0,pk 1+900 D135,"49,6982480000","1,5171330000",,76.076459,76459,Seine-Maritime,28.0,Normandie,80.0,3.0,2.0,2,1.0,28,Normandie,76,1,23,Nesle-Hodeng,339,5,344.0,2.0,7,,2.0,0.0,2.0,1.0,A01
202200006072,13,9,2022,13:50,1,76.0,76351,2,1,1.0,6.0,FRISSARD (QUAI),"49,4892500000","0,1231000000",,76.076351,76351,Seine-Maritime,28.0,Normandie,30.0,4.0,2.0,4,1.0,28,Normandie,76,2,96,LeHavre,166058,1780,167838.0,2.0,7,,0.0,1.0,3.0,1.0,A01
202200006074,6,9,2022,13:30,1,76.0,76447,2,1,1.0,6.0,PIERRE ROUSSEAU,"49,5435400000","0,1892400000",,76.076447,76447,Seine-Maritime,28.0,Normandie,30.0,4.0,1.0,1,1.0,28,Normandie,76,2,15,Montivilliers,15457,203,15660.0,2.0,7,,0.0,1.0,3.0,15.0,A01
202200006223,15,9,2022,04:05,3,76.0,76574,1,1,5.0,6.0,Route départementale 22,"49,7105640000","1,0963150000",,76.076574,76574,Seine-Maritime,28.0,Normandie,80.0,3.0,2.0,2,2.0,28,Normandie,76,1,20,Saint-Denis-sur-Scie,682,8,690.0,3.0,7,,14.0,0.0,3.0,2.0,A01
202200006352,2,7,2022,17:30,1,76.0,76540,2,1,1.0,6.0,Rue Louette,"49,4511800000","1,0874100000",,76.076540,76540,Seine-Maritime,28.0,Normandie,50.0,4.0,1.0,1,1.0,28,Normandie,76,3,97,Rouen,114083,1556,115639.0,0.0,7,,1.0,0.0,1.0,1.0,A01
202200006353,1,7,2022,01:10,5,76.0,76351,2,2,1.0,2.0,PAUL VERLAINE (AVENUE),"49,5091300000","0,1591300000",,76.076351,76351,Seine-Maritime,28.0,Normandie,50.0,4.0,3.0,4,1.0,28,Normandie,76,2,96,LeHavre,166058,1780,167838.0,2.0,7,,0.0,2.0,2.0,1.0,Z01
202200006353,1,7,2022,01:10,5,76.0,76351,2,2,1.0,2.0,PAUL VERLAINE (AVENUE),"49,5091300000","0,1591300000",,76.076351,76351,Seine-Maritime,28.0,Normandie,50.0,4.0,3.0,4,1.0,28,Normandie,76,2,96,LeHavre,166058,1780,167838.0,2.0,50,,0.0,2.0,6.0,1.0,A01
202200006437,3,7,2022,07:00,1,76.0,76025,1,1,1.0,6.0,Route des Vallons,"49,5458460000","1,5123260000",,76.076025,76025,Seine-Maritime,28.0,Normandie,80.0,3.0,2.0,2,1.0,28,Normandie,76,1,12,Argueil,348,5,353.0,0.0,7,,7.0,0.0,1.0,1.0,A01
202200006443,1,7,2022,14:45,1,76.0,76711,2,1,1.0,6.0,2 Avenue Jean Moulin,"50,0554750000","1,3659150000",,76.076711,76711,Seine-Maritime,28.0,Normandie,30.0,4.0,1.0,1,1.0,28,Normandie,76,1,10,LeTréport,4424,91,4515.0,1.0,3,,0.0,1.0,2.0,1.0,A01
202200006594,12,2,2022,05:15,3,76.0,76220,1,1,1.0,1.0,Route de Londinieres,"49,8845150000","1,2886400000",,76.076220,76220,Seine-Maritime,28.0,Normandie,80.0,3.0,2.0,2,1.0,28,Normandie,76,1,8,Douvrend,523,12,535.0,1.0,7,,0.0,9.0,1.0,1.0,B01
202200006594,12,2,2022,05:15,3,76.0,76220,1,1,1.0,1.0,Route de Londinieres,"49,8845150000","1,2886400000",,76.076220,76220,Seine-Maritime,28.0,Normandie,80.0,3.0,2.0,2,1.0,28,Normandie,76,1,8,Douvrend,523,12,535.0,2.0,33,,0.0,2.0,1.0,5.0,A01
202200006714,10,2,2022,18:20,5,76.0,76681,2,2,2.0,6.0,Rue Marcel Lechevallier,"49,4094900000","1,0837900000",,76.076681,76681,Seine-Maritime,28.0,Normandie,50.0,7.0,2.0,2,2.0,28,Normandie,76,3,99,Sotteville-lès-Rouen,28965,475,29440.0,0.0,7,,0.0,1.0,1.0,15.0,A01
202200006716,8,2,2022,19:50,5,76.0,76351,2,2,1.0,3.0,MARECHAL JOFFRE (RUE),"49,4985400000","0,1179600000",,76.076351,76351,Seine-Maritime,28.0,Normandie,50.0,4.0,2.0,2,1.0,28,Normandie,76,2,96,LeHavre,166058,1780,167838.0,0.0,7,,0.0,2.0,3.0,16.0,A01
202200006716,8,2,2022,19:50,5,76.0,76351,2,2,1.0,3.0,MARECHAL JOFFRE (RUE),"49,4985400000","0,1179600000",,76.076351,76351,Seine-Maritime,28.0,Normandie,50.0,4.0,2.0,2,1.0,28,Normandie,76,2,96,LeHavre,166058,1780,167838.0,0.0,34,,1.0,2.0,1.0,1.0,B01
202200006717,10,2,2022,18:30,3,76.0,76565,1,1,2.0,7.0,D915,"49,8740000000","1,0990000000",,76.076565,76565,Seine-Maritime,28.0,Normandie,50.0,3.0,2.0,2,2.0,28,Normandie,76,1,7,Saint-Aubin-sur-Scie,1202,101,1303.0,1.0,7,,0.0,0.0,9.0,1.0,A01
202200006771,21,9,2022,10:45,1,76.0,76255,2,2,1.0,6.0,Chaussée de Picardie,"50,0541550000","1,4226010000",,76.076255,76255,Seine-Maritime,28.0,Normandie,50.0,3.0,3.0,2,1.0,28,Normandie,76,1,10,Eu,6591,197,6788.0,1.0,20,,0.0,1.0,8.0,16.0,A01
202200006804,19,9,2022,16:50,1,76.0,76363,1,1,1.0,1.0,D49,"49,8707840000","1,7118500000",,76.076363,76363,Seine-Maritime,28.0,Normandie,80.0,3.0,2.0,2,1.0,28,Normandie,76,1,10,Hodeng-au-Bosc,572,9,581.0,2.0,7,,0.0,2.0,2.0,10.0,B01
202200006804,19,9,2022,16:50,1,76.0,76363,1,1,1.0,1.0,D49,"49,8707840000","1,7118500000",,76.076363,76363,Seine-Maritime,28.0,Normandie,80.0,3.0,2.0,2,1.0,28,Normandie,76,1,10,Hodeng-au-Bosc,572,9,581.0,1.0,33,,0.0,2.0,1.0,1.0,A01
202200006809,19,11,2022,21:20,5,76.0,76351,2,2,1.0,7.0,ALBERT ANDRE HUET,"49,4948800000","0,1112200000",,76.076351,76351,Seine-Maritime,28.0,Normandie,50.0,4.0,2.0,2,1.0,28,Normandie,76,2,96,LeHavre,166058,1780,167838.0,1.0,32,,0.0,0.0,0.0,9.0,A01
202200006814,19,9,2022,08:30,1,76.0,76057,1,6,1.0,3.0,départementale 67,"49,5239970000","0,9620550000",,76.076057,76057,Seine-Maritime,28.0,Normandie,80.0,3.0,1.0,2,1.0,28,Normandie,76,3,1,Barentin,12154,238,12392.0,3.0,7,,0.0,2.0,6.0,11.0,A01
202200006814,19,9,2022,08:30,1,76.0,76057,1,6,1.0,3.0,départementale 67,"49,5239970000","0,9620550000",,76.076057,76057,Seine-Maritime,28.0,Normandie,80.0,3.0,1.0,2,1.0,28,Normandie,76,3,1,Barentin,12154,238,12392.0,0.0,33,,0.0,2.0,2.0,1.0,B01
202200006829,17,9,2022,11:30,1,76.0,76351,2,2,1.0,3.0,PAUL BERT (AVENUE).,"49,5054900000","0,1711400000",,76.076351,76351,Seine-Maritime,28.0,Normandie,50.0,4.0,2.0,2,1.0,28,Normandie,76,2,96,LeHavre,166058,1780,167838.0,2.0,34,,0.0,2.0,0.0,0.0,B01
202200006829,17,9,2022,11:30,1,76.0,76351,2,2,1.0,3.0,PAUL BERT (AVENUE).,"49,5054900000","0,1711400000",,76.076351,76351,Seine-Maritime,28.0,Normandie,50.0,4.0,2.0,2,1.0,28,Normandie,76,2,96,LeHavre,166058,1780,167838.0,1.0,7,,0.0,2.0,0.0,0.0,A01
202200006848,5,8,2022,15:00,1,76.0,76714,1,1,1.0,6.0,11 La Mare Heberge,"49,5414780000","0,4093100000",,76.076714,76714,Seine-Maritime,28.0,Normandie,80.0,3.0,2.0,2,1.0,28,Normandie,76,2,32,LesTrois-Pierres,797,15,812.0,1.0,33,,8.0,0.0,1.0,1.0,A01
202200006922,2,8,2022,17:15,1,76.0,76351,2,1,1.0,2.0,SALVADOR ALLENDE (RUE),"49,5043800000","0,1472200000",,76.076351,76351,Seine-Maritime,28.0,Normandie,50.0,4.0,2.0,2,1.0,28,Normandie,76,2,96,LeHavre,166058,1780,167838.0,3.0,7,,0.0,2.0,4.0,1.0,B01
202200006922,2,8,2022,17:15,1,76.0,76351,2,1,1.0,2.0,SALVADOR ALLENDE (RUE),"49,5043800000","0,1472200000",,76.076351,76351,Seine-Maritime,28.0,Normandie,50.0,4.0,2.0,2,1.0,28,Normandie,76,2,96,LeHavre,166058,1780,167838.0,3.0,7,,0.0,2.0,1.0,1.0,A01
202200006925,2,8,2022,12:58,1,76.0,76351,2,2,1.0,3.0,ETRETAT (D'),"49,4989200000","0,0946800000",,76.076351,76351,Seine-Maritime,28.0,Normandie,50.0,4.0,2.0,2,1.0,28,Normandie,76,2,96,LeHavre,166058,1780,167838.0,0.0,2,,0.0,2.0,1.0,1.0,B01
202200006925,2,8,2022,12:58,1,76.0,76351,2,2,1.0,3.0,ETRETAT (D'),"49,4989200000","0,0946800000",,76.076351,76351,Seine-Maritime,28.0,Normandie,50.0,4.0,2.0,2,1.0,28,Normandie,76,2,96,LeHavre,166058,1780,167838.0,2.0,7,,0.0,2.0,2.0,15.0,A01
202200007201,17,4,2022,19:00,1,76.0,76474,1,1,1.0,6.0,Le Mont Cauvel,"49,4868030000","1,0377100000",,76.076474,76474,Seine-Maritime,28.0,Normandie,50.0,5.0,-1.0, -1,1.0,28,Normandie,76,3,24,Notre-Dame-de-BondevilLe6957,82,7039,,3.0,33,,0.0,9.0,0.0,0.0,A01
202200007203,17,4,2022,10:15,1,76.0,76561,2,1,1.0,3.0,Rue Jean Jaurès,"49,2973220000","1,0133330000",,76.076561,76561,Seine-Maritime,28.0,Normandie,50.0,4.0,2.0,2,1.0,28,Normandie,76,3,5,Saint-Aubin-lès-Elbeuf,8428,75,8503.0,3.0,7,,0.0,2.0,1.0,1.0,A01
202200007203,17,4,2022,10:15,1,76.0,76561,2,1,1.0,3.0,Rue Jean Jaurès,"49,2973220000","1,0133330000",,76.076561,76561,Seine-Maritime,28.0,Normandie,50.0,4.0,2.0,2,1.0,28,Normandie,76,3,5,Saint-Aubin-lès-Elbeuf,8428,75,8503.0,3.0,7,,0.0,2.0,8.0,1.0,B01
202200007210,28,4,2022,23:07,5,76.0,76259,2,9,1.0,3.0,GARE ( PLACE DE LA),"49,7591100000","0,3756900000",,76.076259,76259,Seine-Maritime,28.0,Normandie,30.0,9.0,2.0,4,1.0,28,Normandie,76,2,11,Fécamp,18016,269,18285.0,3.0,7,,0.0,2.0,2.0,9.0,A01
202200007210,28,4,2022,23:07,5,76.0,76259,2,9,1.0,3.0,GARE ( PLACE DE LA),"49,7591100000","0,3756900000",,76.076259,76259,Seine-Maritime,28.0,Normandie,30.0,9.0,2.0,4,1.0,28,Normandie,76,2,11,Fécamp,18016,269,18285.0,3.0,7,,0.0,2.0,8.0,16.0,B01
202200007274,21,5,2022,07:00,1,76.0,76351,2,1,1.0,6.0,IENA (D'),"49,4915500000","0,1357500000",,76.076351,76351,Seine-Maritime,28.0,Normandie,50.0,4.0,2.0,2,1.0,28,Normandie,76,2,96,LeHavre,166058,1780,167838.0,0.0,7,,0.0,1.0,4.0,4.0,A01
202200007400,21,3,2022,17:15,1,76.0,76647,2,2,1.0,3.0,vieille route,"49,5236900000","0,3609070000",,76.076647,76647,Seine-Maritime,28.0,Normandie,50.0,3.0,2.0,2,1.0,28,Normandie,76,2,32,Saint-Romain-de-Colbosc,4436,43,4479.0,1.0,7,,0.0,2.0,2.0,26.0,A01
202200007400,21,3,2022,17:15,1,76.0,76647,2,2,1.0,3.0,vieille route,"49,5236900000","0,3609070000",,76.076647,76647,Seine-Maritime,28.0,Normandie,50.0,3.0,2.0,2,1.0,28,Normandie,76,2,32,Saint-Romain-de-Colbosc,4436,43,4479.0,1.0,2,,0.0,2.0,1.0,1.0,B01
202200007536,19,3,2022,21:15,5,76.0,76681,2,1,1.0,6.0,Rue de Paris,"49,4127200000","1,0987490000",,76.076681,76681,Seine-Maritime,28.0,Normandie,50.0,7.0,2.0,2,1.0,28,Normandie,76,3,99,Sotteville-lès-Rouen,28965,475,29440.0,1.0,7,,1.0,0.0,1.0,2.0,A01
202200007587,2,6,2022,15:20,1,76.0,76517,1,2,1.0,3.0,Intersection route de crèvecoeur - route d'Houppeville,"49,5221820000","1,1362270000",,76.076517,76517,Seine-Maritime,28.0,Normandie,80.0,3.0,2.0,2,1.0,28,Normandie,76,3,2,Quincampoix,3110,68,3178.0,2.0,80,,0.0,2.0,8.0,19.0,B01
202200007587,2,6,2022,15:20,1,76.0,76517,1,2,1.0,3.0,Intersection route de crèvecoeur - route d'Houppeville,"49,5221820000","1,1362270000",,76.076517,76517,Seine-Maritime,28.0,Normandie,80.0,3.0,2.0,2,1.0,28,Normandie,76,3,2,Quincampoix,3110,68,3178.0,2.0,7,,0.0,9.0,2.0,1.0,A01
202200007601,1,5,2022,12:15,1,76.0,76709,1,1,1.0,7.0,Route de Yainville,"49,4648190000","0,8297470000",,76.076709,76709,Seine-Maritime,28.0,Normandie,80.0,7.0,2.0,2,1.0,28,Normandie,76,3,1,LeTrait,4780,38,4818.0,1.0,7,,2.0,0.0,1.0,1.0,A01
202200007743,29,12,2022,18:25,3,76.0,76332,1,1,1.0,6.0,Rue du Calvaire Justine,"49,6166740000","1,6871200000",,76.076332,76332,Seine-Maritime,28.0,Normandie,80.0,3.0,2.0,2,1.0,28,Normandie,76,1,12,Grumesnil,459,7,466.0,1.0,7,,0.0,0.0,1.0,1.0,A01
202200007745,1,5,2022,14:40,1,76.0,76223,1,1,1.0,2.0,D6015,"49,6266830000","0,8037190000",,76.076223,76223,Seine-Maritime,28.0,Normandie,-1.0,3.0,2.0,2,1.0,28,Normandie,76,3,24,Écalles-Alix,528,6,534.0,2.0,7,,0.0,2.0,2.0,2.0,B01
202200007745,1,5,2022,14:40,1,76.0,76223,1,1,1.0,2.0,D6015,"49,6266830000","0,8037190000",,76.076223,76223,Seine-Maritime,28.0,Normandie,-1.0,3.0,2.0,2,1.0,28,Normandie,76,3,24,Écalles-Alix,528,6,534.0,2.0,1,,0.0,0.0,4.0,2.0,A01
202200007763,19,3,2022,07:30,1,76.0,76279,1,1,1.0,1.0,D40,"49,6162160000","0,5930040000",,76.076279,76279,Seine-Maritime,28.0,Normandie,80.0,3.0,2.0,2,1.0,28,Normandie,76,2,33,Foucart,349,0,349.0,2.0,7,,0.0,2.0,2.0,13.0,A01
202200007763,19,3,2022,07:30,1,76.0,76279,1,1,1.0,1.0,D40,"49,6162160000","0,5930040000",,76.076279,76279,Seine-Maritime,28.0,Normandie,80.0,3.0,2.0,2,1.0,28,Normandie,76,2,33,Foucart,349,0,349.0,1.0,7,,0.0,2.0,5.0,13.0,B01
202200007881,13,9,2022,16:50,1,76.0,76429,2,1,1.0,6.0,Rue Thiers,"49,4069435419","1,1431488469",,76.076429,76429,Seine-Maritime,28.0,Normandie,50.0,4.0,2.0,2,1.0,28,Normandie,76,3,21,LeMesnil-Esnard,7980,353,8333.0,3.0,7,,0.0,1.0,2.0,1.0,A01
202200008222,1,7,2022,10:30,1,76.0,76319,1,1,1.0,2.0,Avenue de Caen,"49,3433626554","0,9767818451",,76.076319,76319,Seine-Maritime,28.0,Normandie,50.0,4.0,2.0,2,1.0,28,Normandie,76,3,9,Grand-Couronne,9726,177,9903.0,3.0,7,,0.0,2.0,1.0,2.0,A01
202200008222,1,7,2022,10:30,1,76.0,76319,1,1,1.0,2.0,Avenue de Caen,"49,3433626554","0,9767818451",,76.076319,76319,Seine-Maritime,28.0,Normandie,50.0,4.0,2.0,2,1.0,28,Normandie,76,3,9,Grand-Couronne,9726,177,9903.0,3.0,7,,0.0,2.0,4.0,23.0,B01
202200008224,9,5,2022,01:00,5,76.0,76351,2,2,1.0,3.0,FREDERIC BELLANGER,"49,4954600000","0,0995200000",,76.076351,76351,Seine-Maritime,28.0,Normandie,50.0,4.0,2.0,2,1.0,28,Normandie,76,2,96,LeHavre,166058,1780,167838.0,1.0,50,,0.0,2.0,0.0,0.0,A01
202200008224,9,5,2022,01:00,5,76.0,76351,2,2,1.0,3.0,FREDERIC BELLANGER,"49,4954600000","0,0995200000",,76.076351,76351,Seine-Maritime,28.0,Normandie,50.0,4.0,2.0,2,1.0,28,Normandie,76,2,96,LeHavre,166058,1780,167838.0,2.0,7,,0.0,2.0,0.0,1.0,Z01
202200008515,11,2,2022,18:40,5,76.0,76557,2,2,1.0,3.0,D982,"49,5271370000","0,6960330000",,76.076557,76557,Seine-Maritime,28.0,Normandie,50.0,3.0,2.0,2,1.0,28,Normandie,76,3,25,Saint-Arnoult,1453,23,1476.0,1.0,2,,0.0,0.0,3.0,16.0,B01
202200008515,11,2,2022,18:40,5,76.0,76557,2,2,1.0,3.0,D982,"49,5271370000","0,6960330000",,76.076557,76557,Seine-Maritime,28.0,Normandie,50.0,3.0,2.0,2,1.0,28,Normandie,76,3,25,Saint-Arnoult,1453,23,1476.0,1.0,7,,0.0,2.0,7.0,1.0,A01
202200008550,9,2,2022,13:30,1,76.0,76540,2,3,1.0,3.0,Boulevard des Belges,"49,4452300000","1,0859100000",,76.076540,76540,Seine-Maritime,28.0,Normandie,50.0,7.0,2.0,4,1.0,28,Normandie,76,3,97,Rouen,114083,1556,115639.0,2.0,7,,0.0,2.0,7.0,16.0,A01
202200008550,9,2,2022,13:30,1,76.0,76540,2,3,1.0,3.0,Boulevard des Belges,"49,4452300000","1,0859100000",,76.076540,76540,Seine-Maritime,28.0,Normandie,50.0,7.0,2.0,4,1.0,28,Normandie,76,3,97,Rouen,114083,1556,115639.0,2.0,50,,0.0,2.0,9.0,1.0,B01
202200008732,2,8,2022,12:00,1,76.0,76351,2,1,1.0,7.0,JACQUES ANQUETIL (AVENUE),"49,5126700000","0,1467000000",,76.076351,76351,Seine-Maritime,28.0,Normandie,50.0,4.0,2.0,2,1.0,28,Normandie,76,2,96,LeHavre,166058,1780,167838.0,1.0,99,,0.0,0.0,0.0,1.0,A01
202200008733,1,8,2022,19:30,1,76.0,76217,2,1,7.0,2.0,AVENUE JEAN JAURES,"49,9096200000","1,0662300000",,76.076217,76217,Seine-Maritime,28.0,Normandie,50.0,4.0,2.0,2,1.0,28,Normandie,76,1,95,Dieppe,28358,455,28813.0,3.0,7,,0.0,0.0,4.0,23.0,B01
202200008733,1,8,2022,19:30,1,76.0,76217,2,1,7.0,2.0,AVENUE JEAN JAURES,"49,9096200000","1,0662300000",,76.076217,76217,Seine-Maritime,28.0,Normandie,50.0,4.0,2.0,2,1.0,28,Normandie,76,1,95,Dieppe,28358,455,28813.0,0.0,7,,0.0,2.0,1.0,2.0,A01
202200008734,27,7,2022,23:45,5,76.0,76217,2,1,1.0,6.0,BELVEDERE,"49,9097099778","1,0777229816",,76.076217,76217,Seine-Maritime,28.0,Normandie,30.0,6.0,-1.0,0,1.0,28,Normandie,76,1,95,Dieppe,28358,455,28813.0,3.0,7,,0.0,0.0,2.0,15.0,A01
202200008935,21,11,2022,19:16,3,76.0,76532,1,2,3.0,1.0,Route des Murs,"49,6193370000","1,3224690000",,76.076532,76532,Seine-Maritime,28.0,Normandie,80.0,3.0,2.0,2,2.0,28,Normandie,76,1,23,Rocquemont,778,17,795.0,1.0,7,,0.0,0.0,0.0,19.0,A01
202200008935,21,11,2022,19:16,3,76.0,76532,1,2,3.0,1.0,Route des Murs,"49,6193370000","1,3224690000",,76.076532,76532,Seine-Maritime,28.0,Normandie,80.0,3.0,2.0,2,2.0,28,Normandie,76,1,23,Rocquemont,778,17,795.0,0.0,7,,0.0,0.0,0.0,1.0,B01
202200009080,27,12,2022,14:15,1,76.0,76540,2,2,1.0,2.0,Boulevard Jean Jaures,"49,4523500000","1,0591300000",,76.076540,76540,Seine-Maritime,28.0,Normandie,50.0,7.0,2.0,2,1.0,28,Normandie,76,3,97,Rouen,114083,1556,115639.0,3.0,30,,0.0,2.0,4.0,2.0,A01
202200009080,27,12,2022,14:15,1,76.0,76540,2,2,1.0,2.0,Boulevard Jean Jaures,"49,4523500000","1,0591300000",,76.076540,76540,Seine-Maritime,28.0,Normandie,50.0,7.0,2.0,2,1.0,28,Normandie,76,3,97,Rouen,114083,1556,115639.0,3.0,7,,0.0,2.0,0.0,0.0,Z01
202200009084,27,12,2022,11:35,1,76.0,76391,2,1,7.0,6.0,Rue des Canadiens,"49,3017770000","0,9520510000",,76.076391,76391,Seine-Maritime,28.0,Normandie,50.0,4.0,2.0,2,1.0,28,Normandie,76,3,9,La Londe,2362,71,2433.0,3.0,7,,0.0,1.0,2.0,1.0,A01
202200009088,26,12,2022,06:48,3,76.0,76322,1,1,1.0,6.0,N338 - Sud 3,"49,4163900000","1,0461400000",,76.076322,76322,Seine-Maritime,28.0,Normandie,90.0,2.0,3.0,6,2.0,28,Normandie,76,3,13,LeGrand-Quevilly,25975,225,26200.0,2.0,7,,0.0,1.0,1.0,1.0,A01
202200009261,18,3,2022,18:00,1,76.0,76165,2,2,1.0,1.0,Rue Armand Barbès,"49,2807700000","1,0126600000",,76.076165,76165,Seine-Maritime,28.0,Normandie,50.0,4.0,2.0,2,1.0,28,Normandie,76,3,5,Caudebec-lès-Elbeuf,10135,69,10204.0,0.0,7,,0.0,2.0,3.0,13.0,B01
202200009261,18,3,2022,18:00,1,76.0,76165,2,2,1.0,1.0,Rue Armand Barbès,"49,2807700000","1,0126600000",,76.076165,76165,Seine-Maritime,28.0,Normandie,50.0,4.0,2.0,2,1.0,28,Normandie,76,3,5,Caudebec-lès-Elbeuf,10135,69,10204.0,0.0,7,,0.0,2.0,1.0,16.0,A01
202200009340,28,12,2022,10:10,1,76.0,76490,2,1,1.0,7.0,297 Rue de l'Ecole,"49,7264670000","0,6035500000",,76.076490,76490,Seine-Maritime,28.0,Normandie,30.0,3.0,2.0,2,1.0,28,Normandie,76,1,33,Ourville-en-Caux,1105,15,1120.0,2.0,3,,7.0,0.0,3.0,13.0,A01
202200009603,26,12,2022,22:30,5,76.0,76498,2,2,1.0,6.0,Rue Ursin Scheid,"49,4223000000","1,0645100000",,76.076498,76498,Seine-Maritime,28.0,Normandie,50.0,4.0,2.0,2,1.0,28,Normandie,76,3,27,LePetit-Quevilly,21782,274,22056.0,3.0,7,,0.0,1.0,1.0,15.0,A01
202200009606,26,12,2022,08:40,1,76.0,76341,1,1,1.0,6.0,RD 6382,"49,5105400000","0,1978100000",,76.076341,76341,Seine-Maritime,28.0,Normandie,70.0,3.0,3.0,4,2.0,28,Normandie,76,2,15,Harfleur,8315,53,8368.0,2.0,7,,4.0,0.0,1.0,1.0,A01
202200009610,25,12,2022,03:45,4,76.0,76447,2,1,1.0,6.0,PRESIDENT WILSON,"49,5437000000","0,1826100000",,76.076447,76447,Seine-Maritime,28.0,Normandie,50.0,4.0,2.0,3,2.0,28,Normandie,76,2,15,Montivilliers,15457,203,15660.0,1.0,50,,0.0,2.0,0.0,1.0,B01
202200009610,25,12,2022,03:45,4,76.0,76447,2,1,1.0,6.0,PRESIDENT WILSON,"49,5437000000","0,1826100000",,76.076447,76447,Seine-Maritime,28.0,Normandie,50.0,4.0,2.0,3,2.0,28,Normandie,76,2,15,Montivilliers,15457,203,15660.0,1.0,0,,0.0,0.0,0.0,0.0,Z01
202200009612,23,12,2022,18:10,5,76.0,76351,2,2,1.0,6.0,BERNARDIN DE SAINT PIERRE,"49,4908800000","0,1051600000",,76.076351,76351,Seine-Maritime,28.0,Normandie,50.0,4.0,2.0,2,1.0,28,Normandie,76,2,96,LeHavre,166058,1780,167838.0,2.0,7,,0.0,1.0,3.0,15.0,A01
202200009614,23,12,2022,06:30,5,76.0,76351,2,1,2.0,6.0,PARIS (DE),"49,4856400000","0,1072600000",,76.076351,76351,Seine-Maritime,28.0,Normandie,30.0,4.0,2.0,1,2.0,28,Normandie,76,2,96,LeHavre,166058,1780,167838.0,2.0,7,,8.0,0.0,2.0,14.0,A01
202200009617,26,12,2022,01:55,3,76.0,76382,1,1,9.0,6.0,D6015,"49,5781100000","0,5170000000",,76.076382,76382,Seine-Maritime,28.0,Normandie,80.0,3.0,2.0,3,2.0,28,Normandie,76,2,3,Lanquetot,1152,19,1171.0,-1.0,7,,1.0,0.0,3.0,1.0,A01