Num_Acc,jour,mois,an,hrmn,lum,dep,com,agg,int,atm,col,adr,lat,long,gps,com_insee_temp,com_insee,departmentName,regionCode,regionName,vma,catr,circ,nbv,surf,Code,Region,Departement,Arrondissement,Code_Canton,Nom_Commune,Population_municipaLe,Population_comptee_a_part,Population_Totale,senc,catv,occutc,obs,obsm,choc,manv,num_veh
202200009641,26,4,2022,15:20,1,76.0,76351,2,2,1.0,6.0,AUGUSTIN NORMAND,"49,4904700000","0,0995900000",,76.076351,76351,Seine-Maritime,28.0,Normandie,50.0,4.0,2.0,2,1.0,28,Normandie,76,2,96,LeHavre,166058,1780,167838.0,0.0,7,,0.0,1.0,1.0,15.0,A01
202200009674,25,12,2022,14:10,1,76.0,76212,1,1,1.0,7.0,D43 (Bretelle de sortie),"49,4561626871","1,1438173056",,76.076212,76212,Seine-Maritime,28.0,Normandie,50.0,7.0,1.0,1,2.0,28,Normandie,76,3,6,Darnétal,9738,74,9812.0,1.0,7,,0.0,0.0,9.0,1.0,A01
202200009678,19,3,2022,18:20,2,76.0,76220,1,1,1.0,7.0,Route de la Garenne,"49,8783430000","1,2916560000",,76.076220,76220,Seine-Maritime,28.0,Normandie,80.0,4.0,2.0,2,1.0,28,Normandie,76,1,8,Douvrend,523,12,535.0,3.0,7,,13.0,0.0,3.0,1.0,A01
202200010065,9,2,2022,12:10,1,76.0,76101,2,9,7.0,3.0,Rue Notre-Dame,"49,9311937084","1,6291147470",,76.076101,76101,Seine-Maritime,28.0,Normandie,50.0,4.0,2.0,2,1.0,28,Normandie,76,1,10,Blangy-sur-BresLe2862,28,2890,,2.0,2,,0.0,2.0,3.0,1.0,B01
202200010065,9,2,2022,12:10,1,76.0,76101,2,9,7.0,3.0,Rue Notre-Dame,"49,9311937084","1,6291147470",,76.076101,76101,Seine-Maritime,28.0,Normandie,50.0,4.0,2.0,2,1.0,28,Normandie,76,1,10,Blangy-sur-BresLe2862,28,2890,,1.0,7,,0.0,2.0,2.0,15.0,A01
202200010189,8,2,2022,14:20,1,76.0,76540,1,1,1.0,5.0,Avenue Gustave Flaubert,"49,4447600000","1,0633600000",,76.076540,76540,Seine-Maritime,28.0,Normandie,70.0,2.0,3.0,6,1.0,28,Normandie,76,3,97,Rouen,114083,1556,115639.0,2.0,7,,0.0,2.0,2.0,1.0,C01
202200010189,8,2,2022,14:20,1,76.0,76540,1,1,1.0,5.0,Avenue Gustave Flaubert,"49,4447600000","1,0633600000",,76.076540,76540,Seine-Maritime,28.0,Normandie,70.0,2.0,3.0,6,1.0,28,Normandie,76,3,97,Rouen,114083,1556,115639.0,2.0,7,,0.0,2.0,6.0,1.0,B01
202200010189,8,2,2022,14:20,1,76.0,76540,1,1,1.0,5.0,Avenue Gustave Flaubert,"49,4447600000","1,0633600000",,76.076540,76540,Seine-Maritime,28.0,Normandie,70.0,2.0,3.0,6,1.0,28,Normandie,76,3,97,Rouen,114083,1556,115639.0,2.0,14,,0.0,2.0,2.0,12.0,A01
202200010215,12,6,2022,00:55,5,76.0,76351,2,1,1.0,6.0,APLEMONT (AVENUE D'),"49,5028100000","0,1829400000",,76.076351,76351,Seine-Maritime,28.0,Normandie,50.0,4.0,2.0,2,1.0,28,Normandie,76,2,96,LeHavre,166058,1780,167838.0,0.0,2,,3.0,0.0,1.0,1.0,A01
202200010353,11,10,2022,19:40,1,76.0,76351,1,1,1.0,6.0,ESTUAIRE (ROUTE DE L'),"49,4641100000","0,1834400000",,76.076351,76351,Seine-Maritime,28.0,Normandie,70.0,4.0,2.0,2,1.0,28,Normandie,76,2,96,LeHavre,166058,1780,167838.0,0.0,10,,3.0,0.0,2.0,14.0,A01
202200010459,1,7,2022,12:30,1,76.0,76616,1,1,1.0,3.0,Route de Montivilliers,"49,5349020000","0,2320540000",,76.076616,76616,Seine-Maritime,28.0,Normandie,80.0,3.0,2.0,2,1.0,28,Normandie,76,2,26,Saint-Martin-du-Manoir,1459,34,1493.0,1.0,33,,0.0,2.0,1.0,17.0,A01
202200010459,1,7,2022,12:30,1,76.0,76616,1,1,1.0,3.0,Route de Montivilliers,"49,5349020000","0,2320540000",,76.076616,76616,Seine-Maritime,28.0,Normandie,80.0,3.0,2.0,2,1.0,28,Normandie,76,2,26,Saint-Martin-du-Manoir,1459,34,1493.0,2.0,7,,0.0,2.0,3.0,1.0,B01
202200010631,1,8,2022,20:10,2,76.0,76212,2,2,1.0,3.0,Rue Pierre Lefebvre,"49,4379900000","1,1473700000",,76.076212,76212,Seine-Maritime,28.0,Normandie,50.0,2.0,2.0,4,1.0,28,Normandie,76,3,6,Darnétal,9738,74,9812.0,1.0,33,,0.0,2.0,1.0,1.0,B01
202200010631,1,8,2022,20:10,2,76.0,76212,2,2,1.0,3.0,Rue Pierre Lefebvre,"49,4379900000","1,1473700000",,76.076212,76212,Seine-Maritime,28.0,Normandie,50.0,2.0,2.0,4,1.0,28,Normandie,76,3,6,Darnétal,9738,74,9812.0,2.0,7,,0.0,2.0,7.0,15.0,A01
202200010632,31,7,2022,12:50,1,76.0,76351,2,1,2.0,6.0,CHANTIERS (DES),"49,4797000000","0,1624600000",,76.076351,76351,Seine-Maritime,28.0,Normandie,50.0,4.0,2.0,2,2.0,28,Normandie,76,2,96,LeHavre,166058,1780,167838.0,1.0,7,,1.0,0.0,1.0,13.0,A01
202200010825,31,5,2022,21:15,2,76.0,76498,2,1,1.0,3.0,Boulevard du 11 Novembre,"49,4139500000","1,0717200000",,76.076498,76498,Seine-Maritime,28.0,Normandie,30.0,7.0,2.0,3,1.0,28,Normandie,76,3,27,LePetit-Quevilly,21782,274,22056.0,1.0,7,,1.0,2.0,2.0,17.0,A01
202200010825,31,5,2022,21:15,2,76.0,76498,2,1,1.0,3.0,Boulevard du 11 Novembre,"49,4139500000","1,0717200000",,76.076498,76498,Seine-Maritime,28.0,Normandie,30.0,7.0,2.0,3,1.0,28,Normandie,76,3,27,LePetit-Quevilly,21782,274,22056.0,1.0,7,,1.0,2.0,3.0,1.0,B01
202200010830,31,5,2022,17:30,1,76.0,76540,2,2,1.0,3.0,Boulevard des Belges,"49,4440000000","1,0850000000",,76.076540,76540,Seine-Maritime,28.0,Normandie,50.0,7.0,2.0,4,1.0,28,Normandie,76,3,97,Rouen,114083,1556,115639.0,3.0,7,,0.0,2.0,5.0,16.0,B01
202200010830,31,5,2022,17:30,1,76.0,76540,2,2,1.0,3.0,Boulevard des Belges,"49,4440000000","1,0850000000",,76.076540,76540,Seine-Maritime,28.0,Normandie,50.0,7.0,2.0,4,1.0,28,Normandie,76,3,97,Rouen,114083,1556,115639.0,3.0,33,,0.0,2.0,1.0,7.0,A01
202200010943,27,12,2022,07:50,3,76.0,76244,1,1,1.0,4.0,"A28, Pk 64+300","49,7056286365","1,3738274574",,76.076244,76244,Seine-Maritime,28.0,Normandie,130.0,1.0,1.0,4,1.0,28,Normandie,76,1,23,EsclavelLes386,6,392,,1.0,7,,4.0,2.0,7.0,11.0,B01
202200010943,27,12,2022,07:50,3,76.0,76244,1,1,1.0,4.0,"A28, Pk 64+300","49,7056286365","1,3738274574",,76.076244,76244,Seine-Maritime,28.0,Normandie,130.0,1.0,1.0,4,1.0,28,Normandie,76,1,23,EsclavelLes386,6,392,,1.0,7,,1.0,2.0,2.0,1.0,C01
202200010943,27,12,2022,07:50,3,76.0,76244,1,1,1.0,4.0,"A28, Pk 64+300","49,7056286365","1,3738274574",,76.076244,76244,Seine-Maritime,28.0,Normandie,130.0,1.0,1.0,4,1.0,28,Normandie,76,1,23,EsclavelLes386,6,392,,1.0,17,,0.0,0.0,6.0,26.0,D01
202200011008,17,3,2022,02:40,5,76.0,76351,2,2,2.0,3.0,JEAN JACQUES ROUSSEAU,"49,4983800000","0,1312000000",,76.076351,76351,Seine-Maritime,28.0,Normandie,50.0,4.0,2.0,2,2.0,28,Normandie,76,2,96,LeHavre,166058,1780,167838.0,0.0,7,,0.0,2.0,3.0,0.0,Z01
202200011008,17,3,2022,02:40,5,76.0,76351,2,2,2.0,3.0,JEAN JACQUES ROUSSEAU,"49,4983800000","0,1312000000",,76.076351,76351,Seine-Maritime,28.0,Normandie,50.0,4.0,2.0,2,2.0,28,Normandie,76,2,96,LeHavre,166058,1780,167838.0,0.0,50,,0.0,2.0,1.0,0.0,B01
202200011011,12,3,2022,02:05,5,76.0,76351,2,6,1.0,6.0,MARCEAU (RUE),"49,4915700000","0,1328700000",,76.076351,76351,Seine-Maritime,28.0,Normandie,50.0,4.0,3.0,4,1.0,28,Normandie,76,2,96,LeHavre,166058,1780,167838.0,0.0,7,,0.0,1.0,1.0,1.0,A01
202200011381,24,12,2022,06:20,2,76.0,76391,1,1,1.0,6.0,A13 (Bretelle de Sortie),"49,3425540111","0,9308874607",,76.076391,76391,Seine-Maritime,28.0,Normandie,70.0,1.0,1.0,2,1.0,28,Normandie,76,3,9,La Londe,2362,71,2433.0,1.0,7,,3.0,0.0,2.0,1.0,A01
202200011498,28,4,2022,05:00,3,76.0,76062,1,1,1.0,6.0,D929,"49,6610580000","1,2158440000",,76.076062,76062,Seine-Maritime,28.0,Normandie,80.0,3.0,2.0,2,1.0,28,Normandie,76,3,23,Beaumont-le-Hareng,262,3,265.0,0.0,7,,13.0,0.0,0.0,1.0,A01
202200011537,18,3,2022,16:55,1,76.0,76333,1,1,1.0,7.0,D115,"49,9505430000","1,5227870000",,76.076333,76333,Seine-Maritime,28.0,Normandie,80.0,3.0,2.0,2,1.0,28,Normandie,76,1,10,GuervilLe473,4,477,,2.0,33,,2.0,0.0,0.0,1.0,A01
202200011595,11,9,2022,14:40,1,76.0,76164,2,1,1.0,6.0,Route de Rançon (Caudebec-en-Caux),"49,5235860000","0,7502620000",,76.076164,76164,Seine-Maritime,28.0,Normandie,-1.0,3.0,2.0,2,1.0,28,Normandie,76,3,25,Rives-en-Seine,4078,66,4144.0,2.0,7,,6.0,0.0,1.0,0.0,A01
202200011664,19,4,2022,18:54,1,76.0,76540,2,1,1.0,3.0,Rue Charles Baudelaire,"49,4234400000","1,0974700000",,76.076540,76540,Seine-Maritime,28.0,Normandie,30.0,4.0,1.0,1,1.0,28,Normandie,76,3,97,Rouen,114083,1556,115639.0,3.0,10,,0.0,2.0,7.0,1.0,B01
202200011664,19,4,2022,18:54,1,76.0,76540,2,1,1.0,3.0,Rue Charles Baudelaire,"49,4234400000","1,0974700000",,76.076540,76540,Seine-Maritime,28.0,Normandie,30.0,4.0,1.0,1,1.0,28,Normandie,76,3,97,Rouen,114083,1556,115639.0,3.0,0,,0.0,2.0,1.0,0.0,A01
202200011667,16,4,2022,18:15,1,76.0,76157,2,1,1.0,2.0,Rue Lamartine,"49,4471800000","1,0370200000",,76.076157,76157,Seine-Maritime,28.0,Normandie,50.0,7.0,2.0,2,1.0,28,Normandie,76,3,4,Canteleu,13966,360,14326.0,3.0,7,,0.0,2.0,1.0,1.0,A01
202200011667,16,4,2022,18:15,1,76.0,76157,2,1,1.0,2.0,Rue Lamartine,"49,4471800000","1,0370200000",,76.076157,76157,Seine-Maritime,28.0,Normandie,50.0,7.0,2.0,2,1.0,28,Normandie,76,3,4,Canteleu,13966,360,14326.0,3.0,7,,0.0,2.0,4.0,20.0,B01
202200011903,6,2,2022,01:39,5,76.0,76322,2,1,1.0,2.0,Avenue des Canadiens,"49,3920100000","1,0580190000",,76.076322,76322,Seine-Maritime,28.0,Normandie,50.0,7.0,2.0,4,1.0,28,Normandie,76,3,13,LeGrand-Quevilly,25975,225,26200.0,2.0,1,,0.0,2.0,4.0,2.0,B01
202200011903,6,2,2022,01:39,5,76.0,76322,2,1,1.0,2.0,Avenue des Canadiens,"49,3920100000","1,0580190000",,76.076322,76322,Seine-Maritime,28.0,Normandie,50.0,7.0,2.0,4,1.0,28,Normandie,76,3,13,LeGrand-Quevilly,25975,225,26200.0,2.0,7,,0.0,2.0,1.0,1.0,A01
202200011904,4,2,2022,21:25,5,76.0,76351,2,2,1.0,6.0,WINSTON CHURCHILL,"49,4942000000","0,1384000000",,76.076351,76351,Seine-Maritime,28.0,Normandie,50.0,4.0,2.0,7,1.0,28,Normandie,76,2,96,LeHavre,166058,1780,167838.0,0.0,7,,0.0,1.0,1.0,1.0,A01
202200011905,4,2,2022,13:00,1,76.0,76270,1,1,2.0,6.0,E6382E1,"49,5295000000","0,1472400000",,76.076270,76270,Seine-Maritime,28.0,Normandie,90.0,3.0,3.0,4,2.0,28,Normandie,76,2,26,Fontaine-la-Mallet,2635,54,2689.0,1.0,7,,10.0,0.0,0.0,1.0,A01
202200012069,13,10,2022,18:30,1,76.0,76104,1,2,2.0,3.0,D4,"49,8534560000","0,7821860000",,76.076104,76104,Seine-Maritime,28.0,Normandie,80.0,3.0,2.0,2,2.0,28,Normandie,76,1,33,BlossevilLe255,3,258,,2.0,2,,0.0,2.0,1.0,1.0,B01
202200012069,13,10,2022,18:30,1,76.0,76104,1,2,2.0,3.0,D4,"49,8534560000","0,7821860000",,76.076104,76104,Seine-Maritime,28.0,Normandie,80.0,3.0,2.0,2,2.0,28,Normandie,76,1,33,BlossevilLe255,3,258,,1.0,7,,0.0,2.0,6.0,9.0,A01
202200012087,13,10,2022,08:40,1,76.0,76255,2,1,2.0,6.0,Rue Jean Duhornay,"50,0487780000","1,4100400000",,76.076255,76255,Seine-Maritime,28.0,Normandie,50.0,3.0,2.0,2,2.0,28,Normandie,76,1,10,Eu,6591,197,6788.0,2.0,7,,0.0,2.0,8.0,1.0,B01
202200012087,13,10,2022,08:40,1,76.0,76255,2,1,2.0,6.0,Rue Jean Duhornay,"50,0487780000","1,4100400000",,76.076255,76255,Seine-Maritime,28.0,Normandie,50.0,3.0,2.0,2,2.0,28,Normandie,76,1,10,Eu,6591,197,6788.0,3.0,7,,6.0,2.0,3.0,5.0,A01
202200012150,27,6,2022,11:25,1,76.0,76095,2,2,1.0,1.0,Avenue du Maréchal Juin,"49,4620400000","1,1261600000",,76.076095,76095,Seine-Maritime,28.0,Normandie,50.0,7.0,2.0,4,1.0,28,Normandie,76,3,2,Bihorel,8199,164,8363.0,3.0,7,,0.0,2.0,1.0,23.0,B01
202200012150,27,6,2022,11:25,1,76.0,76095,2,2,1.0,1.0,Avenue du Maréchal Juin,"49,4620400000","1,1261600000",,76.076095,76095,Seine-Maritime,28.0,Normandie,50.0,7.0,2.0,4,1.0,28,Normandie,76,3,2,Bihorel,8199,164,8363.0,3.0,7,,0.0,2.0,1.0,1.0,A01
202200012152,28,6,2022,23:40,5,76.0,76351,2,1,1.0,7.0,Rue Denis Papin,"49,4959800000","0,1376500000",,76.076351,76351,Seine-Maritime,28.0,Normandie,50.0,4.0,2.0,3,1.0,28,Normandie,76,2,96,LeHavre,166058,1780,167838.0,1.0,30,,0.0,0.0,1.0,1.0,A01
202200012155,29,6,2022,17:47,1,76.0,76600,2,1,1.0,2.0,Route du Havre,"49,7241877902","0,3676186601",,76.076600,76600,Seine-Maritime,28.0,Normandie,50.0,3.0,2.0,2,1.0,28,Normandie,76,2,11,Saint-Léonard,1713,34,1747.0,3.0,38,1.0,0.0,2.0,4.0,1.0,B01
202200012155,29,6,2022,17:47,1,76.0,76600,2,1,1.0,2.0,Route du Havre,"49,7241877902","0,3676186601",,76.076600,76600,Seine-Maritime,28.0,Normandie,50.0,3.0,2.0,2,1.0,28,Normandie,76,2,11,Saint-Léonard,1713,34,1747.0,3.0,7,,0.0,2.0,1.0,26.0,A01
202200012440,12,10,2022,17:55,1,76.0,76705,2,1,1.0,6.0,410 Avenue Gustave Picard,"49,3279600000","1,0955100000",,76.076705,76705,Seine-Maritime,28.0,Normandie,30.0,4.0,2.0,4,1.0,28,Normandie,76,3,5,Tourville-la-Rivière,2568,19,2587.0,0.0,7,,0.0,1.0,3.0,1.0,A01
202200012443,12,10,2022,11:10,1,76.0,76095,2,6,1.0,3.0,Avenue des Hauts Grigneux,"49,4668405554","1,1346776783",,76.076095,76095,Seine-Maritime,28.0,Normandie,50.0,2.0,1.0,1,1.0,28,Normandie,76,3,2,Bihorel,8199,164,8363.0,1.0,17,,0.0,9.0,0.0,9.0,A01
202200012443,12,10,2022,11:10,1,76.0,76095,2,6,1.0,3.0,Avenue des Hauts Grigneux,"49,4668405554","1,1346776783",,76.076095,76095,Seine-Maritime,28.0,Normandie,50.0,2.0,1.0,1,1.0,28,Normandie,76,3,2,Bihorel,8199,164,8363.0,1.0,80,,0.0,2.0,0.0,19.0,B01
202200012447,12,10,2022,08:05,1,76.0,76540,2,4,1.0,3.0,Route de Neufchâtel,"49,4530200000","1,0988900000",,76.076540,76540,Seine-Maritime,28.0,Normandie,50.0,7.0,2.0,2,1.0,28,Normandie,76,3,97,Rouen,114083,1556,115639.0,1.0,10,,12.0,9.0,2.0,15.0,A01
202200012447,12,10,2022,08:05,1,76.0,76540,2,4,1.0,3.0,Route de Neufchâtel,"49,4530200000","1,0988900000",,76.076540,76540,Seine-Maritime,28.0,Normandie,50.0,7.0,2.0,2,1.0,28,Normandie,76,3,97,Rouen,114083,1556,115639.0,2.0,1,,0.0,2.0,3.0,7.0,B01
202200012449,11,10,2022,17:40,1,76.0,76351,2,3,1.0,6.0,GEORGES POMPIDOU (CHAUSSEE),"49,4906900000","0,1166200000",,76.076351,76351,Seine-Maritime,28.0,Normandie,50.0,4.0,2.0,5,1.0,28,Normandie,76,2,96,LeHavre,166058,1780,167838.0,2.0,7,,0.0,1.0,2.0,15.0,A01
202200012450,12,10,2022,11:30,1,76.0,76114,2,2,1.0,2.0,COTY RENE (RUE),"49,5725479816","0,4711970687",,76.076114,76114,Seine-Maritime,28.0,Normandie,50.0,3.0,1.0,2,1.0,28,Normandie,76,2,3,Bolbec,11635,147,11782.0,2.0,1,,0.0,1.0,1.0,0.0,A01
202200012590,9,11,2022,05:30,3,76.0,76557,1,1,1.0,6.0,172 Route du Havre,"49,5283900000","0,6836580000",,76.076557,76557,Seine-Maritime,28.0,Normandie,80.0,3.0,2.0,2,1.0,28,Normandie,76,3,25,Saint-Arnoult,1453,23,1476.0,1.0,7,,0.0,1.0,3.0,1.0,A01
202200012689,17,11,2022,19:45,5,76.0,76540,2,3,1.0,3.0,Quai Pierre Corneille,"49,4378800000","1,0935200000",,76.076540,76540,Seine-Maritime,28.0,Normandie,50.0,7.0,1.0,4,1.0,28,Normandie,76,3,97,Rouen,114083,1556,115639.0,3.0,7,,0.0,2.0,0.0,16.0,B01
202200012689,17,11,2022,19:45,5,76.0,76540,2,3,1.0,3.0,Quai Pierre Corneille,"49,4378800000","1,0935200000",,76.076540,76540,Seine-Maritime,28.0,Normandie,50.0,7.0,1.0,4,1.0,28,Normandie,76,3,97,Rouen,114083,1556,115639.0,3.0,32,,0.0,2.0,8.0,7.0,A01
202200012691,17,11,2022,18:00,5,76.0,76165,2,3,1.0,7.0,Rue aux Saulniers,"49,2864300000","1,0373700000",,76.076165,76165,Seine-Maritime,28.0,Normandie,50.0,4.0,2.0,2,1.0,28,Normandie,76,3,5,Caudebec-lès-Elbeuf,10135,69,10204.0,3.0,30,,0.0,0.0,0.0,1.0,A01
202200012829,27,5,2022,11:15,1,76.0,76351,2,2,1.0,3.0,VALLEE (RUE DE LA),"49,4948200000","0,1544900000",,76.076351,76351,Seine-Maritime,28.0,Normandie,50.0,4.0,2.0,3,1.0,28,Normandie,76,2,96,LeHavre,166058,1780,167838.0,3.0,50,,0.0,2.0,1.0,19.0,A01
202200012829,27,5,2022,11:15,1,76.0,76351,2,2,1.0,3.0,VALLEE (RUE DE LA),"49,4948200000","0,1544900000",,76.076351,76351,Seine-Maritime,28.0,Normandie,50.0,4.0,2.0,3,1.0,28,Normandie,76,2,96,LeHavre,166058,1780,167838.0,3.0,7,,0.0,2.0,8.0,1.0,B01
202200012858,25,12,2022,01:32,3,76.0,76535,2,1,1.0,6.0,788 Rue du Mesnil Treflet,"49,6201090000","1,4859740000",,76.076535,76535,Seine-Maritime,28.0,Normandie,80.0,3.0,2.0,2,2.0,28,Normandie,76,1,12,Roncherolles-en-Bray,460,8,468.0,0.0,7,,2.0,0.0,1.0,13.0,A01
202200012863,18,3,2022,17:45,1,76.0,76412,2,6,1.0,3.0,Route-du-Château,"49,4599450000","1,2905450000",,76.076412,76412,Seine-Maritime,28.0,Normandie,50.0,3.0,1.0,1,1.0,28,Normandie,76,3,21,Martainville-ÉprevilLe715,11,726,,1.0,7,,0.0,2.0,3.0,9.0,A01
202200012863,18,3,2022,17:45,1,76.0,76412,2,6,1.0,3.0,Route-du-Château,"49,4599450000","1,2905450000",,76.076412,76412,Seine-Maritime,28.0,Normandie,50.0,3.0,1.0,1,1.0,28,Normandie,76,3,21,Martainville-ÉprevilLe715,11,726,,2.0,33,,0.0,2.0,7.0,16.0,B01
202200013011,23,12,2022,02:55,5,76.0,76540,2,2,2.0,6.0,Route du Havre,"49,4507800000","1,0577000000",,76.076540,76540,Seine-Maritime,28.0,Normandie,50.0,7.0,2.0,3,2.0,28,Normandie,76,3,97,Rouen,114083,1556,115639.0,1.0,7,,0.0,2.0,0.0,0.0,A01
202200013011,23,12,2022,02:55,5,76.0,76540,2,2,2.0,6.0,Route du Havre,"49,4507800000","1,0577000000",,76.076540,76540,Seine-Maritime,28.0,Normandie,50.0,7.0,2.0,3,2.0,28,Normandie,76,3,97,Rouen,114083,1556,115639.0,1.0,7,,0.0,2.0,0.0,0.0,B01
202200013130,6,5,2022,06:50,2,76.0,76594,2,1,1.0,6.0,D43,"49,4906100000","1,0001000000",,76.076594,76594,Seine-Maritime,28.0,Normandie,50.0,3.0,2.0,2,1.0,28,Normandie,76,3,24,Saint-Jean-du-Cardonnay,1340,27,1367.0,1.0,7,,6.0,0.0,2.0,1.0,A01
202200013362,9,9,2022,21:40,5,76.0,76565,1,6,2.0,6.0,RD 915,"49,8736500000","1,0995000000",,76.076565,76565,Seine-Maritime,28.0,Normandie,80.0,3.0,2.0,2,2.0,28,Normandie,76,1,7,Saint-Aubin-sur-Scie,1202,101,1303.0,2.0,7,,15.0,0.0,1.0,26.0,A01
202200013388,15,3,2022,09:55,1,76.0,76481,2,1,1.0,7.0,MALANDAIN (RUE DU LIEUTENANT),"49,5549500000","0,1173300000",,76.076481,76481,Seine-Maritime,28.0,Normandie,50.0,4.0,2.0,2,2.0,28,Normandie,76,2,26,Octeville-sur-Mer,6122,119,6241.0,3.0,50,,0.0,0.0,0.0,0.0,A01
202200013390,14,3,2022,15:15,1,76.0,76351,2,4,1.0,3.0,AUGUSTE BLANQUI,"49,4983100000","0,1625500000",,76.076351,76351,Seine-Maritime,28.0,Normandie,50.0,4.0,2.0,2,1.0,28,Normandie,76,2,96,LeHavre,166058,1780,167838.0,0.0,7,,0.0,2.0,1.0,15.0,B01
202200013390,14,3,2022,15:15,1,76.0,76351,2,4,1.0,3.0,AUGUSTE BLANQUI,"49,4983100000","0,1625500000",,76.076351,76351,Seine-Maritime,28.0,Normandie,50.0,4.0,2.0,2,1.0,28,Normandie,76,2,96,LeHavre,166058,1780,167838.0,0.0,7,,11.0,2.0,5.0,1.0,A01
202200013599,6,2,2022,22:45,3,76.0,76286,1,1,1.0,7.0,Route du Treport,"49,8930860000","1,4271500000",,76.076286,76286,Seine-Maritime,28.0,Normandie,80.0,3.0,2.0,2,1.0,28,Normandie,76,1,23,Fresnoy-Folny,672,8,680.0,1.0,7,,0.0,0.0,1.0,1.0,A01
202200013663,16,4,2022,16:54,1,76.0,76322,2,1,1.0,6.0,Avenue des Canadiens,"49,3980600000","1,0624600000",,76.076322,76322,Seine-Maritime,28.0,Normandie,50.0,7.0,2.0,2,1.0,28,Normandie,76,3,13,LeGrand-Quevilly,25975,225,26200.0,1.0,7,,0.0,1.0,1.0,1.0,A01
202200013666,16,4,2022,10:25,1,76.0,76484,1,6,1.0,3.0,D13,"49,3515971873","1,0284811505",,76.076484,76484,Seine-Maritime,28.0,Normandie,80.0,7.0,2.0,2,1.0,28,Normandie,76,3,31,Oissel,12367,83,12450.0,2.0,7,,0.0,2.0,1.0,26.0,A01
202200013666,16,4,2022,10:25,1,76.0,76484,1,6,1.0,3.0,D13,"49,3515971873","1,0284811505",,76.076484,76484,Seine-Maritime,28.0,Normandie,80.0,7.0,2.0,2,1.0,28,Normandie,76,3,31,Oissel,12367,83,12450.0,2.0,7,,0.0,2.0,0.0,26.0,B01
202200013669,23,4,2022,15:40,1,76.0,76351,2,3,1.0,6.0,PIERRE COURTADE (AVENUE),"49,5100600000","0,1837200000",,76.076351,76351,Seine-Maritime,28.0,Normandie,50.0,4.0,2.0,2,1.0,28,Normandie,76,2,96,LeHavre,166058,1780,167838.0,2.0,7,,0.0,1.0,7.0,1.0,A01
202200013808,5,1,2022,14:00,1,76.0,76410,2,9,1.0,7.0,Route de Dieppe,"49,4838013948","1,0483697184",,76.076410,76410,Seine-Maritime,28.0,Normandie,50.0,7.0,2.0,2,1.0,28,Normandie,76,3,4,Maromme,11024,122,11146.0,0.0,33,,1.0,0.0,2.0,17.0,A01
202200013908,27,4,2022,07:20,1,76.0,76390,2,1,1.0,6.0,Route de Fecamp,"49,6992750000","0,2827690000",,76.076390,76390,Seine-Maritime,28.0,Normandie,50.0,3.0,2.0,2,1.0,28,Normandie,76,2,11,LesLoges,1119,22,1141.0,1.0,7,,0.0,1.0,1.0,1.0,A01
202200013969,29,4,2022,17:25,1,76.0,76305,2,1,1.0,1.0,CAMP DOLENT (AVENUE),"49,5092800000","0,2138100000",,76.076305,76305,Seine-Maritime,28.0,Normandie,50.0,4.0,2.0,3,1.0,28,Normandie,76,2,16,Gonfreville-l'Orcher,8961,44,9005.0,2.0,31,,0.0,2.0,1.0,0.0,Z01
202200013969,29,4,2022,17:25,1,76.0,76305,2,1,1.0,1.0,CAMP DOLENT (AVENUE),"49,5092800000","0,2138100000",,76.076305,76305,Seine-Maritime,28.0,Normandie,50.0,4.0,2.0,3,1.0,28,Normandie,76,2,16,Gonfreville-l'Orcher,8961,44,9005.0,1.0,50,,0.0,2.0,1.0,0.0,A01
202200014038,28,6,2022,14:30,1,76.0,76414,2,1,1.0,3.0,LOUIS BLERIOT (RUE ),"49,9243000000","1,1205000000",,76.076414,76414,Seine-Maritime,28.0,Normandie,50.0,4.0,2.0,2,1.0,28,Normandie,76,1,8,Martin-Église,1600,55,1655.0,1.0,7,,0.0,0.0,3.0,15.0,B01
202200014038,28,6,2022,14:30,1,76.0,76414,2,1,1.0,3.0,LOUIS BLERIOT (RUE ),"49,9243000000","1,1205000000",,76.076414,76414,Seine-Maritime,28.0,Normandie,50.0,4.0,2.0,2,1.0,28,Normandie,76,1,8,Martin-Église,1600,55,1655.0,1.0,2,,0.0,2.0,1.0,17.0,A01
202200014042,24,4,2022,14:00,1,76.0,76114,2,9,1.0,1.0,DESGENETAIS AUGUSTE (RUE),"49,5781287259","0,5008381605",,76.076114,76114,Seine-Maritime,28.0,Normandie,50.0,3.0,2.0,2,1.0,28,Normandie,76,2,3,Bolbec,11635,147,11782.0,1.0,7,,16.0,0.0,3.0,23.0,A01
202200014042,24,4,2022,14:00,1,76.0,76114,2,9,1.0,1.0,DESGENETAIS AUGUSTE (RUE),"49,5781287259","0,5008381605",,76.076114,76114,Seine-Maritime,28.0,Normandie,50.0,3.0,2.0,2,1.0,28,Normandie,76,2,3,Bolbec,11635,147,11782.0,2.0,33,,16.0,2.0,8.0,1.0,B01