Num_Acc,jour,mois,an,hrmn,lum,dep,com,agg,int,atm,col,adr,lat,long,gps,com_insee_temp,com_insee,departmentName,regionCode,regionName,vma,catr,circ,nbv,surf,Code,Region,Departement,Arrondissement,Code_Canton,Nom_Commune,Population_municipaLe,Population_comptee_a_part,Population_Totale,senc,catv,occutc,obs,obsm,choc,manv,num_veh
202200018293,13,11,2022,12:55,1,76.0,76341,1,4,1.0,2.0,RD 6015,"49,5036600000","0,1936500000",,76.076341,76341,Seine-Maritime,28.0,Normandie,70.0,3.0,3.0,4,1.0,28,Normandie,76,2,15,Harfleur,8315,53,8368.0,2.0,33,,0.0,2.0,1.0,1.0,A01
202200018294,11,11,2022,05:19,5,76.0,76351,2,1,1.0,6.0,GEORGE V (QUAI),"49,4911400000","0,1140500000",,76.076351,76351,Seine-Maritime,28.0,Normandie,50.0,4.0,1.0,3,1.0,28,Normandie,76,2,96,LeHavre,166058,1780,167838.0,2.0,50,,1.0,0.0,1.0,1.0,A01
202200018295,11,11,2022,17:00,1,76.0,76351,2,3,1.0,6.0,CLEMENCEAU (BD),"49,4917100000","0,0968500000",,76.076351,76351,Seine-Maritime,28.0,Normandie,30.0,4.0,2.0,2,1.0,28,Normandie,76,2,96,LeHavre,166058,1780,167838.0,2.0,7,,0.0,1.0,1.0,16.0,A01
202200018296,9,11,2022,15:20,1,76.0,76351,2,3,1.0,3.0,REPUBLIQUE (COURS DE LA),"49,4976500791","0,1279145479",,76.076351,76351,Seine-Maritime,28.0,Normandie,50.0,4.0,3.0,6,1.0,28,Normandie,76,2,96,LeHavre,166058,1780,167838.0,1.0,1,,0.0,2.0,7.0,1.0,B01
202200018296,9,11,2022,15:20,1,76.0,76351,2,3,1.0,3.0,REPUBLIQUE (COURS DE LA),"49,4976500791","0,1279145479",,76.076351,76351,Seine-Maritime,28.0,Normandie,50.0,4.0,3.0,6,1.0,28,Normandie,76,2,96,LeHavre,166058,1780,167838.0,2.0,7,,0.0,2.0,2.0,14.0,A01
202200018595,27,7,2022,20:10,1,76.0,76231,2,1,1.0,2.0,Rue Jean de la Fontaine,"49,2916424371","1,0145643353",,76.076231,76231,Seine-Maritime,28.0,Normandie,30.0,4.0,2.0,2,1.0,28,Normandie,76,3,9,Elbeuf,15951,138,16089.0,3.0,7,,0.0,2.0,1.0,2.0,A01
202200018595,27,7,2022,20:10,1,76.0,76231,2,1,1.0,2.0,Rue Jean de la Fontaine,"49,2916424371","1,0145643353",,76.076231,76231,Seine-Maritime,28.0,Normandie,30.0,4.0,2.0,2,1.0,28,Normandie,76,3,9,Elbeuf,15951,138,16089.0,3.0,7,,0.0,2.0,4.0,1.0,B01
202200018802,29,1,2022,19:15,5,76.0,76540,2,3,2.0,3.0,Avenue du Mont Riboudet,"49,4482700000","1,0667700000",,76.076540,76540,Seine-Maritime,28.0,Normandie,50.0,7.0,1.0,3,2.0,28,Normandie,76,3,97,Rouen,114083,1556,115639.0,3.0,10,,0.0,2.0,8.0,15.0,A01
202200018802,29,1,2022,19:15,5,76.0,76540,2,3,2.0,3.0,Avenue du Mont Riboudet,"49,4482700000","1,0667700000",,76.076540,76540,Seine-Maritime,28.0,Normandie,50.0,7.0,1.0,3,2.0,28,Normandie,76,3,97,Rouen,114083,1556,115639.0,1.0,37,2.0,0.0,2.0,2.0,7.0,B01
202200018807,28,1,2022,19:30,5,76.0,76351,2,1,1.0,6.0,GUSTAVE BRINDEAU (RUE),"49,4926300000","0,1396100000",,76.076351,76351,Seine-Maritime,28.0,Normandie,5.0,4.0,2.0,2,1.0,28,Normandie,76,2,96,LeHavre,166058,1780,167838.0,2.0,7,,0.0,1.0,7.0,0.0,A01
202200019113,11,3,2022,14:44,1,76.0,76540,2,4,2.0,3.0,Route du Havre,"49,4506100000","1,0588600000",,76.076540,76540,Seine-Maritime,28.0,Normandie,50.0,7.0,1.0,4,2.0,28,Normandie,76,3,97,Rouen,114083,1556,115639.0,1.0,32,,0.0,2.0,7.0,12.0,A01
202200019113,11,3,2022,14:44,1,76.0,76540,2,4,2.0,3.0,Route du Havre,"49,4506100000","1,0588600000",,76.076540,76540,Seine-Maritime,28.0,Normandie,50.0,7.0,1.0,4,2.0,28,Normandie,76,3,97,Rouen,114083,1556,115639.0,1.0,7,,6.0,2.0,3.0,1.0,B01
202200019255,21,12,2022,10:15,1,76.0,76233,1,1,1.0,1.0,D49,"49,7911830000","1,7471270000",,76.076233,76233,Seine-Maritime,28.0,Normandie,80.0,3.0,2.0,2,2.0,28,Normandie,76,1,12,Ellecourt,154,4,158.0,1.0,17,,0.0,2.0,1.0,1.0,B01
202200019255,21,12,2022,10:15,1,76.0,76233,1,1,1.0,1.0,D49,"49,7911830000","1,7471270000",,76.076233,76233,Seine-Maritime,28.0,Normandie,80.0,3.0,2.0,2,2.0,28,Normandie,76,1,12,Ellecourt,154,4,158.0,2.0,7,,0.0,2.0,1.0,13.0,A01
202200019374,12,3,2022,10:30,1,76.0,76101,1,9,1.0,6.0,A28 PK 029+600,"49,9240540000","1,6390870000",,76.076101,76101,Seine-Maritime,28.0,Normandie,130.0,1.0,3.0,4,1.0,28,Normandie,76,1,10,Blangy-sur-BresLe2862,28,2890,,2.0,7,,17.0,0.0,9.0,14.0,A01
202200019495,3,9,2022,22:43,5,76.0,76351,2,2,1.0,3.0,GEORGE V (QUAI),"49,4907700000","0,1166500000",,76.076351,76351,Seine-Maritime,28.0,Normandie,50.0,4.0,1.0,3,1.0,28,Normandie,76,2,96,LeHavre,166058,1780,167838.0,2.0,7,,0.0,2.0,0.0,0.0,A01
202200019495,3,9,2022,22:43,5,76.0,76351,2,2,1.0,3.0,GEORGE V (QUAI),"49,4907700000","0,1166500000",,76.076351,76351,Seine-Maritime,28.0,Normandie,50.0,4.0,1.0,3,1.0,28,Normandie,76,2,96,LeHavre,166058,1780,167838.0,2.0,7,,0.0,2.0,0.0,0.0,B01
202200019859,9,10,2022,10:55,1,76.0,76698,2,3,1.0,3.0,Route de Dieppe,"49,8157140000","1,1724140000",,76.076698,76698,Seine-Maritime,28.0,Normandie,-1.0,3.0,2.0,2,1.0,28,Normandie,76,1,20,Torcy-le-Petit,508,8,516.0,1.0,7,,0.0,0.0,3.0,9.0,B01
202200019859,9,10,2022,10:55,1,76.0,76698,2,3,1.0,3.0,Route de Dieppe,"49,8157140000","1,1724140000",,76.076698,76698,Seine-Maritime,28.0,Normandie,-1.0,3.0,2.0,2,1.0,28,Normandie,76,1,20,Torcy-le-Petit,508,8,516.0,1.0,2,,0.0,0.0,1.0,1.0,A01
202200020007,8,10,2022,16:00,1,76.0,76465,1,1,1.0,5.0,D1314,"49,7221050000","1,4682980000",,76.076465,76465,Seine-Maritime,28.0,Normandie,-1.0,3.0,2.0,2,1.0,28,Normandie,76,1,23,Neuville-Ferrières,546,9,555.0,1.0,7,,0.0,2.0,3.0,1.0,A01
202200020007,8,10,2022,16:00,1,76.0,76465,1,1,1.0,5.0,D1314,"49,7221050000","1,4682980000",,76.076465,76465,Seine-Maritime,28.0,Normandie,-1.0,3.0,2.0,2,1.0,28,Normandie,76,1,23,Neuville-Ferrières,546,9,555.0,2.0,7,,0.0,2.0,3.0,1.0,B01
202200020007,8,10,2022,16:00,1,76.0,76465,1,1,1.0,5.0,D1314,"49,7221050000","1,4682980000",,76.076465,76465,Seine-Maritime,28.0,Normandie,-1.0,3.0,2.0,2,1.0,28,Normandie,76,1,23,Neuville-Ferrières,546,9,555.0,2.0,7,,0.0,2.0,3.0,1.0,C01
202200020047,29,9,2022,09:10,1,76.0,76351,2,2,1.0,6.0,HILAIRE COLOMBEL,"49,4967000000","0,1343400000",,76.076351,76351,Seine-Maritime,28.0,Normandie,50.0,4.0,2.0,1,2.0,28,Normandie,76,2,96,LeHavre,166058,1780,167838.0,1.0,7,,0.0,1.0,8.0,15.0,A01
202200020049,28,9,2022,10:15,1,76.0,76351,2,1,2.0,6.0,VERDUN (RUE DE),"49,5024742327","0,1661982703",,76.076351,76351,Seine-Maritime,28.0,Normandie,50.0,4.0,2.0,3,2.0,28,Normandie,76,2,96,LeHavre,166058,1780,167838.0,2.0,7,,0.0,1.0,3.0,1.0,A01
202200020084,7,10,2022,14:10,1,76.0,76575,1,3,1.0,2.0,Boulevard Lénine,"49,3941300000","1,1116900000",,76.076575,76575,Seine-Maritime,28.0,Normandie,90.0,7.0,3.0,4,1.0,28,Normandie,76,3,98,Saint-Étienne-du-Rouvray,28508,225,28733.0,3.0,7,,0.0,2.0,4.0,2.0,B01
202200020084,7,10,2022,14:10,1,76.0,76575,1,3,1.0,2.0,Boulevard Lénine,"49,3941300000","1,1116900000",,76.076575,76575,Seine-Maritime,28.0,Normandie,90.0,7.0,3.0,4,1.0,28,Normandie,76,3,98,Saint-Étienne-du-Rouvray,28508,225,28733.0,3.0,33,,0.0,2.0,1.0,2.0,A01
202200020362,14,11,2022,08:30,3,76.0,76503,1,1,5.0,5.0,A 151 - PK 03+500 sens DIEPPE - ROUEN,"49,5224260000","1,0039830000",,76.076503,76503,Seine-Maritime,28.0,Normandie,130.0,1.0,3.0,4,1.0,28,Normandie,76,3,24,Pissy-PôvilLe1281,20,1301,,2.0,17,,0.0,2.0,2.0,0.0,C01
202200020362,14,11,2022,08:30,3,76.0,76503,1,1,5.0,5.0,A 151 - PK 03+500 sens DIEPPE - ROUEN,"49,5224260000","1,0039830000",,76.076503,76503,Seine-Maritime,28.0,Normandie,130.0,1.0,3.0,4,1.0,28,Normandie,76,3,24,Pissy-PôvilLe1281,20,1301,,2.0,17,,0.0,0.0,6.0,2.0,B01
202200020362,14,11,2022,08:30,3,76.0,76503,1,1,5.0,5.0,A 151 - PK 03+500 sens DIEPPE - ROUEN,"49,5224260000","1,0039830000",,76.076503,76503,Seine-Maritime,28.0,Normandie,130.0,1.0,3.0,4,1.0,28,Normandie,76,3,24,Pissy-PôvilLe1281,20,1301,,2.0,7,,0.0,2.0,2.0,2.0,A01
202200020391,14,11,2022,07:00,3,76.0,76469,1,1,5.0,6.0,CD921,"49,4873850000","1,4874030000",,76.076469,76469,Seine-Maritime,28.0,Normandie,70.0,3.0,2.0,2,2.0,28,Normandie,76,1,12,Nolléval,420,5,425.0,1.0,7,,13.0,0.0,3.0,1.0,A01
202200020432,1,2,2022,18:45,3,76.0,76484,1,1,2.0,7.0,A13,"49,3437680000","1,0455570000",,76.076484,76484,Seine-Maritime,28.0,Normandie,110.0,1.0,3.0,4,2.0,28,Normandie,76,3,31,Oissel,12367,83,12450.0,2.0,7,,4.0,0.0,2.0,1.0,A01
202200020436,5,11,2022,00:30,3,76.0,76314,1,1,1.0,6.0,Autoroute A 29,"49,5690154040","0,3495614501",,76.076314,76314,Seine-Maritime,28.0,Normandie,130.0,1.0,1.0,4,1.0,28,Normandie,76,2,32,GraimbouvilLe612,13,625,,2.0,7,,3.0,0.0,0.0,0.0,A01
202200020436,5,11,2022,00:30,3,76.0,76314,1,1,1.0,6.0,Autoroute A 29,"49,5690154040","0,3495614501",,76.076314,76314,Seine-Maritime,28.0,Normandie,130.0,1.0,1.0,4,1.0,28,Normandie,76,2,32,GraimbouvilLe612,13,625,,2.0,7,,3.0,0.0,0.0,0.0,B01
202200020509,31,1,2022,17:00,1,76.0,76562,1,1,1.0,3.0,D149,"49,8625710000","1,1750490000",,76.076562,76562,Seine-Maritime,28.0,Normandie,80.0,3.0,2.0,2,1.0,28,Normandie,76,1,8,Saint-Aubin-le-Cauf,835,22,857.0,1.0,7,,0.0,2.0,3.0,1.0,A01
202200020509,31,1,2022,17:00,1,76.0,76562,1,1,1.0,3.0,D149,"49,8625710000","1,1750490000",,76.076562,76562,Seine-Maritime,28.0,Normandie,80.0,3.0,2.0,2,1.0,28,Normandie,76,1,8,Saint-Aubin-le-Cauf,835,22,857.0,2.0,31,,0.0,2.0,3.0,17.0,B01
202200020517,1,2,2022,16:15,1,76.0,76655,1,1,1.0,6.0,D20,"49,8564840000","0,7222100000",,76.076655,76655,Seine-Maritime,28.0,Normandie,80.0,3.0,2.0,2,1.0,28,Normandie,76,1,33,Saint-Valery-en-Caux,3915,162,4077.0,1.0,7,,2.0,0.0,8.0,17.0,A01
202200020524,26,7,2022,21:10,5,76.0,76216,2,1,1.0,6.0,Rue Jean Richard,"49,4642300000","1,0471100000",,76.076216,76216,Seine-Maritime,28.0,Normandie,50.0,7.0,2.0,2,1.0,28,Normandie,76,3,22,Déville-lès-Rouen,10745,62,10807.0,3.0,7,,6.0,0.0,3.0,1.0,A01
202200020526,26,7,2022,08:35,1,76.0,76322,1,1,1.0,6.0,N338 - Sud 3,"49,3994700000","1,0325700000",,76.076322,76322,Seine-Maritime,28.0,Normandie,50.0,2.0,3.0,3,1.0,28,Normandie,76,3,13,LeGrand-Quevilly,25975,225,26200.0,1.0,31,,16.0,0.0,9.0,1.0,A01
202200020529,23,7,2022,17:19,1,76.0,76305,2,3,1.0,3.0,OUDALLE (ROUTE),"49,5033900000","0,2071500000",,76.076305,76305,Seine-Maritime,28.0,Normandie,50.0,3.0,2.0,2,1.0,28,Normandie,76,2,16,Gonfreville-l'Orcher,8961,44,9005.0,0.0,7,,0.0,2.0,0.0,0.0,B01
202200020529,23,7,2022,17:19,1,76.0,76305,2,3,1.0,3.0,OUDALLE (ROUTE),"49,5033900000","0,2071500000",,76.076305,76305,Seine-Maritime,28.0,Normandie,50.0,3.0,2.0,2,1.0,28,Normandie,76,2,16,Gonfreville-l'Orcher,8961,44,9005.0,0.0,33,,0.0,2.0,0.0,0.0,A01
202200020531,28,1,2022,14:00,1,76.0,76181,1,1,5.0,6.0,autoroute a29,"49,6284733750","0,6105975062",,76.076181,76181,Seine-Maritime,28.0,Normandie,130.0,1.0,3.0,2,1.0,28,Normandie,76,2,33,ClévilLe144,3,147,,1.0,7,,13.0,0.0,0.0,21.0,A01
202200020808,21,3,2022,01:13,5,76.0,76540,2,1,1.0,2.0,Avenue du Grand Cours,"49,4266000000","1,1043500000",,76.076540,76540,Seine-Maritime,28.0,Normandie,70.0,7.0,2.0,6,1.0,28,Normandie,76,3,97,Rouen,114083,1556,115639.0,1.0,7,,0.0,2.0,1.0,2.0,A01
202200020808,21,3,2022,01:13,5,76.0,76540,2,1,1.0,2.0,Avenue du Grand Cours,"49,4266000000","1,1043500000",,76.076540,76540,Seine-Maritime,28.0,Normandie,70.0,7.0,2.0,6,1.0,28,Normandie,76,3,97,Rouen,114083,1556,115639.0,1.0,14,,0.0,2.0,4.0,26.0,B01
202200020810,24,7,2022,16:00,1,76.0,76351,2,2,1.0,3.0,LOUIS EUDIER,"49,4852100000","0,1303800000",,76.076351,76351,Seine-Maritime,28.0,Normandie,50.0,4.0,2.0,2,1.0,28,Normandie,76,2,96,LeHavre,166058,1780,167838.0,3.0,50,,0.0,2.0,1.0,1.0,A01
202200020810,24,7,2022,16:00,1,76.0,76351,2,2,1.0,3.0,LOUIS EUDIER,"49,4852100000","0,1303800000",,76.076351,76351,Seine-Maritime,28.0,Normandie,50.0,4.0,2.0,2,1.0,28,Normandie,76,2,96,LeHavre,166058,1780,167838.0,3.0,7,,0.0,2.0,1.0,1.0,B01
202200020811,22,7,2022,23:43,3,76.0,76576,1,1,1.0,3.0,SCHWOB JAMES (RUE),"49,5516000000","0,4462000000",,76.076576,76576,Seine-Maritime,28.0,Normandie,50.0,4.0,2.0,1,1.0,28,Normandie,76,2,3,Saint-Eustache-la-Forêt,1233,16,1249.0,1.0,7,,0.0,2.0,8.0,0.0,B01
202200020811,22,7,2022,23:43,3,76.0,76576,1,1,1.0,3.0,SCHWOB JAMES (RUE),"49,5516000000","0,4462000000",,76.076576,76576,Seine-Maritime,28.0,Normandie,50.0,4.0,2.0,1,1.0,28,Normandie,76,2,3,Saint-Eustache-la-Forêt,1233,16,1249.0,3.0,7,,0.0,2.0,3.0,13.0,A01
202200020829,26,5,2022,02:10,3,76.0,76540,2,1,1.0,7.0,Rampe Saint Hilaire,"49,4451500000","1,1109400000",,76.076540,76540,Seine-Maritime,28.0,Normandie,30.0,4.0,1.0,1,1.0,28,Normandie,76,3,97,Rouen,114083,1556,115639.0,0.0,50,,0.0,0.0,0.0,0.0,A01
202200020831,5,5,2022,09:15,1,76.0,76165,2,1,1.0,6.0,Rue Félix Faure,"49,2872600000","1,0240700000",,76.076165,76165,Seine-Maritime,28.0,Normandie,30.0,4.0,2.0,2,1.0,28,Normandie,76,3,5,Caudebec-lès-Elbeuf,10135,69,10204.0,3.0,7,,0.0,1.0,2.0,1.0,A01
202200020834,21,5,2022,06:50,1,76.0,76351,2,2,1.0,3.0,VERDUN (RUE DE),"49,5013900000","0,1500100000",,76.076351,76351,Seine-Maritime,28.0,Normandie,50.0,3.0,2.0,2,1.0,28,Normandie,76,2,96,LeHavre,166058,1780,167838.0,1.0,7,,0.0,2.0,1.0,0.0,A01
202200020834,21,5,2022,06:50,1,76.0,76351,2,2,1.0,3.0,VERDUN (RUE DE),"49,5013900000","0,1500100000",,76.076351,76351,Seine-Maritime,28.0,Normandie,50.0,3.0,2.0,2,1.0,28,Normandie,76,2,96,LeHavre,166058,1780,167838.0,2.0,80,,0.0,2.0,2.0,0.0,B01
202200020901,5,12,2022,19:00,3,76.0,76533,1,9,2.0,5.0,A 131,"49,4949990000","0,2637630000",,76.076533,76533,Seine-Maritime,28.0,Normandie,130.0,1.0,3.0,4,2.0,28,Normandie,76,2,16,RogervilLe1706,19,1725,,1.0,7,,0.0,2.0,5.0,17.0,A01
202200020901,5,12,2022,19:00,3,76.0,76533,1,9,2.0,5.0,A 131,"49,4949990000","0,2637630000",,76.076533,76533,Seine-Maritime,28.0,Normandie,130.0,1.0,3.0,4,2.0,28,Normandie,76,2,16,RogervilLe1706,19,1725,,1.0,7,,4.0,2.0,8.0,1.0,B01
202200020901,5,12,2022,19:00,3,76.0,76533,1,9,2.0,5.0,A 131,"49,4949990000","0,2637630000",,76.076533,76533,Seine-Maritime,28.0,Normandie,130.0,1.0,3.0,4,2.0,28,Normandie,76,2,16,RogervilLe1706,19,1725,,1.0,7,,0.0,2.0,0.0,17.0,C01
202200021165,18,12,2022,17:50,3,76.0,76392,2,1,3.0,6.0,Rue du Maréchal Leclerc,"49,8343910000","1,4004670000",,76.076392,76392,Seine-Maritime,28.0,Normandie,50.0,3.0,-1.0,2,2.0,28,Normandie,76,1,23,Londinières,1243,20,1263.0,0.0,10,,0.0,1.0,4.0,4.0,A01
202200021279,11,3,2022,07:40,1,76.0,76377,2,1,1.0,6.0,2199 Route de Neufchatel,"49,5023550000","1,1566860000",,76.076377,76377,Seine-Maritime,28.0,Normandie,50.0,7.0,2.0,2,1.0,28,Normandie,76,3,2,IsneauvilLe3657,64,3721,,1.0,7,,0.0,1.0,2.0,1.0,A01
202200021360,4,9,2022,03:20,5,76.0,76540,2,2,1.0,6.0,Avenue de Caen,"49,4290200000","1,0716400000",,76.076540,76540,Seine-Maritime,28.0,Normandie,50.0,7.0,2.0,2,1.0,28,Normandie,76,3,97,Rouen,114083,1556,115639.0,3.0,7,,9.0,0.0,1.0,6.0,A01
202200021448,4,9,2022,16:45,1,76.0,76647,1,1,1.0,6.0,Route de la Gare,"49,5407120000","0,3432640000",,76.076647,76647,Seine-Maritime,28.0,Normandie,80.0,4.0,-1.0,2,1.0,28,Normandie,76,2,32,Saint-Romain-de-Colbosc,4436,43,4479.0,3.0,7,,0.0,1.0,2.0,0.0,A01
202200021496,17,4,2022,18:30,1,76.0,76351,2,1,1.0,6.0,JEAN JAURES (AVENUE),"49,5009200000","0,1795900000",,76.076351,76351,Seine-Maritime,28.0,Normandie,50.0,4.0,2.0,2,1.0,28,Normandie,76,2,96,LeHavre,166058,1780,167838.0,0.0,7,,1.0,0.0,1.0,14.0,A01
202200021498,16,4,2022,19:40,1,76.0,76351,2,1,1.0,6.0,Boulevard François 1er,"49,4869200000","0,1036000000",,76.076351,76351,Seine-Maritime,28.0,Normandie,50.0,4.0,3.0,4,1.0,28,Normandie,76,2,96,LeHavre,166058,1780,167838.0,0.0,7,,8.0,0.0,1.0,14.0,A01
202200021500,14,4,2022,18:45,1,76.0,76481,2,4,1.0,6.0,SAINT ANDRIEUX (CHEMIN DE),"49,5448000000","0,1007500000",,76.076481,76481,Seine-Maritime,28.0,Normandie,50.0,4.0,2.0,2,1.0,28,Normandie,76,2,26,Octeville-sur-Mer,6122,119,6241.0,0.0,7,,0.0,1.0,1.0,1.0,A01
202200021524,24,6,2022,13:55,1,76.0,76227,1,1,1.0,2.0,A29,"49,6602610000","0,9122230000",,76.076227,76227,Seine-Maritime,28.0,Normandie,130.0,1.0,1.0,2,1.0,28,Normandie,76,3,35,Ectot-l'Auber,703,10,713.0,2.0,7,,3.0,2.0,1.0,2.0,A01
202200021524,24,6,2022,13:55,1,76.0,76227,1,1,1.0,2.0,A29,"49,6602610000","0,9122230000",,76.076227,76227,Seine-Maritime,28.0,Normandie,130.0,1.0,1.0,2,1.0,28,Normandie,76,3,35,Ectot-l'Auber,703,10,713.0,2.0,17,,0.0,2.0,5.0,1.0,B01
202200021539,21,6,2022,02:45,4,76.0,76196,1,1,1.0,6.0,Route de Turretot,"49,6285854641","0,2604453563",,76.076196,76196,Seine-Maritime,28.0,Normandie,80.0,3.0,2.0,2,1.0,28,Normandie,76,2,26,Criquetot-l'Esneval,2567,82,2649.0,0.0,10,,8.0,0.0,1.0,16.0,A01
202200021605,24,6,2022,18:55,1,76.0,76164,2,1,1.0,7.0,11 Route de Norville,"49,4974480000","0,6659070000",,76.076164,76164,Seine-Maritime,28.0,Normandie,70.0,3.0,2.0,2,1.0,28,Normandie,76,3,25,Rives-en-Seine,4078,66,4144.0,0.0,7,,0.0,0.0,1.0,1.0,A01
202200021658,20,4,2022,18:41,1,76.0,76340,1,1,1.0,3.0,Route de Doudeville,"49,7015160000","0,7856890000",,76.076340,76340,Seine-Maritime,28.0,Normandie,80.0,3.0,2.0,2,1.0,28,Normandie,76,3,35,HarcanvilLe527,9,536,,1.0,7,,0.0,2.0,3.0,1.0,B01
202200021658,20,4,2022,18:41,1,76.0,76340,1,1,1.0,3.0,Route de Doudeville,"49,7015160000","0,7856890000",,76.076340,76340,Seine-Maritime,28.0,Normandie,80.0,3.0,2.0,2,1.0,28,Normandie,76,3,35,HarcanvilLe527,9,536,,2.0,33,,0.0,2.0,8.0,13.0,A01
202200021802,19,4,2022,16:55,1,76.0,76719,2,1,1.0,3.0,Rue Albert Bellavoine,"49,7459480000","0,5125270000",,76.076719,76719,Seine-Maritime,28.0,Normandie,30.0,3.0,1.0,1,1.0,28,Normandie,76,2,11,Valmont,867,15,882.0,3.0,14,,0.0,2.0,6.0,1.0,B01
202200021802,19,4,2022,16:55,1,76.0,76719,2,1,1.0,3.0,Rue Albert Bellavoine,"49,7459480000","0,5125270000",,76.076719,76719,Seine-Maritime,28.0,Normandie,30.0,3.0,1.0,1,1.0,28,Normandie,76,2,11,Valmont,867,15,882.0,3.0,7,,0.0,2.0,3.0,13.0,A01
202200021947,7,10,2022,17:20,1,76.0,76621,1,2,1.0,3.0,D41,"49,6368051084","1,3106564870",,76.076621,76621,Seine-Maritime,28.0,Normandie,80.0,3.0,2.0,2,1.0,28,Normandie,76,1,23,Saint-Martin-OsmonvilLe1179,22,1201,,2.0,7,,0.0,2.0,3.0,15.0,B01
202200021947,7,10,2022,17:20,1,76.0,76621,1,2,1.0,3.0,D41,"49,6368051084","1,3106564870",,76.076621,76621,Seine-Maritime,28.0,Normandie,80.0,3.0,2.0,2,1.0,28,Normandie,76,1,23,Saint-Martin-OsmonvilLe1179,22,1201,,1.0,33,,0.0,2.0,1.0,1.0,A01
202200022029,5,10,2022,17:40,1,76.0,76351,2,1,1.0,7.0,MARCEAU (RUE),"49,4889900000","0,1347100000",,76.076351,76351,Seine-Maritime,28.0,Normandie,50.0,4.0,2.0,4,2.0,28,Normandie,76,2,96,LeHavre,166058,1780,167838.0,3.0,50,,9.0,0.0,0.0,1.0,A01
202200022111,12,11,2022,22:30,5,76.0,76217,1,1,1.0,6.0,ESCARPE (RUE DE L'),"49,9052501556","1,0868622663",,76.076217,76217,Seine-Maritime,28.0,Normandie,30.0,4.0,2.0,2,1.0,28,Normandie,76,1,95,Dieppe,28358,455,28813.0,3.0,7,,1.0,0.0,1.0,13.0,A01
202200022254,12,11,2022,10:45,1,76.0,76094,2,2,5.0,3.0,Rue de l'Eglise,"49,5398760000","1,2762700000",,76.076094,76094,Seine-Maritime,28.0,Normandie,-1.0,3.0,2.0,2,1.0,28,Normandie,76,3,21,BiervilLe326,5,331,,1.0,7,,0.0,2.0,8.0,1.0,B01
202200022254,12,11,2022,10:45,1,76.0,76094,2,2,5.0,3.0,Rue de l'Eglise,"49,5398760000","1,2762700000",,76.076094,76094,Seine-Maritime,28.0,Normandie,-1.0,3.0,2.0,2,1.0,28,Normandie,76,3,21,BiervilLe326,5,331,,1.0,31,,0.0,2.0,1.0,1.0,A01
202200022268,29,1,2022,19:35,5,76.0,76540,2,2,2.0,6.0,Boulevard de l’Europe,"49,4322200000","1,0788100000",,76.076540,76540,Seine-Maritime,28.0,Normandie,50.0,4.0,3.0,6,2.0,28,Normandie,76,3,97,Rouen,114083,1556,115639.0,0.0,7,,0.0,1.0,1.0,0.0,A01
202200022345,13,11,2022,14:38,2,76.0,76666,1,1,5.0,6.0,D915,"49,5717814924","1,6080379484",,76.076666,76666,Seine-Maritime,28.0,Normandie,80.0,3.0,2.0,2,1.0,28,Normandie,76,1,12,Saumont-la-Poterie,414,16,430.0,1.0,7,,13.0,0.0,3.0,0.0,A01
202200022347,14,11,2022,11:30,1,76.0,76434,1,1,5.0,2.0,6014,"49,3864380000","1,2696930000",,76.076434,76434,Seine-Maritime,28.0,Normandie,80.0,3.0,2.0,2,1.0,28,Normandie,76,3,21,Mesnil-Raoul,1171,8,1179.0,2.0,33,,0.0,2.0,1.0,2.0,B01
202200022347,14,11,2022,11:30,1,76.0,76434,1,1,5.0,2.0,6014,"49,3864380000","1,2696930000",,76.076434,76434,Seine-Maritime,28.0,Normandie,80.0,3.0,2.0,2,1.0,28,Normandie,76,3,21,Mesnil-Raoul,1171,8,1179.0,2.0,7,,0.0,0.0,4.0,1.0,A01
202200022469,12,11,2022,13:20,1,76.0,76486,1,1,1.0,6.0,Rue de la Gare,"49,3176812070","0,9893703461",,76.076486,76486,Seine-Maritime,28.0,Normandie,80.0,7.0,2.0,2,2.0,28,Normandie,76,3,9,Orival,860,5,865.0,1.0,7,,2.0,0.0,3.0,1.0,A01
202200022471,12,11,2022,10:30,1,76.0,76540,2,1,8.0,1.0,Avenue de la Grand Mare,"49,4433800000","1,1309400000",,76.076540,76540,Seine-Maritime,28.0,Normandie,50.0,7.0,2.0,2,1.0,28,Normandie,76,3,97,Rouen,114083,1556,115639.0,3.0,7,,0.0,2.0,3.0,13.0,A01
202200022471,12,11,2022,10:30,1,76.0,76540,2,1,8.0,1.0,Avenue de la Grand Mare,"49,4433800000","1,1309400000",,76.076540,76540,Seine-Maritime,28.0,Normandie,50.0,7.0,2.0,2,1.0,28,Normandie,76,3,97,Rouen,114083,1556,115639.0,3.0,7,,0.0,2.0,3.0,1.0,B01
202200022806,22,5,2022,11:28,1,76.0,76518,1,2,1.0,3.0,D30 - route de bolbec,"49,5916300000","0,5033760000",,76.076518,76518,Seine-Maritime,28.0,Normandie,80.0,3.0,2.0,2,1.0,28,Normandie,76,2,3,Raffetot,498,9,507.0,0.0,7,,0.0,0.0,2.0,1.0,A01