Num_Acc,jour,mois,an,hrmn,lum,dep,com,agg,int,atm,col,adr,lat,long,gps,com_insee_temp,com_insee,departmentName,regionCode,regionName,vma,catr,circ,nbv,surf,Code,Region,Departement,Arrondissement,Code_Canton,Nom_Commune,Population_municipaLe,Population_comptee_a_part,Population_Totale,senc,catv,occutc,obs,obsm,choc,manv,num_veh
202200022806,22,5,2022,11:28,1,76.0,76518,1,2,1.0,3.0,D30 - route de bolbec,"49,5916300000","0,5033760000",,76.076518,76518,Seine-Maritime,28.0,Normandie,80.0,3.0,2.0,2,1.0,28,Normandie,76,2,3,Raffetot,498,9,507.0,3.0,7,,0.0,0.0,3.0,19.0,B01
202200022834,24,7,2022,20:20,1,76.0,76493,1,1,1.0,6.0,D79,"49,8477210000","0,6197140000",,76.076493,76493,Seine-Maritime,28.0,Normandie,80.0,3.0,2.0,2,1.0,28,Normandie,76,1,33,Paluel,395,12,407.0,1.0,33,,13.0,0.0,1.0,0.0,A01
202200022884,16,12,2022,14:30,1,76.0,76540,2,2,1.0,6.0,Boulevard de l'Europe,"49,4285300000","1,0944700000",,76.076540,76540,Seine-Maritime,28.0,Normandie,50.0,4.0,3.0,6,1.0,28,Normandie,76,3,97,Rouen,114083,1556,115639.0,1.0,7,,0.0,1.0,1.0,1.0,A01
202200022885,15,12,2022,21:00,5,76.0,76498,2,1,1.0,6.0,Rue Albert Einstein,"49,4181500000","1,0628200000",,76.076498,76498,Seine-Maritime,28.0,Normandie,30.0,4.0,2.0,2,1.0,28,Normandie,76,3,27,LePetit-Quevilly,21782,274,22056.0,0.0,7,,0.0,1.0,3.0,14.0,A01
202200022887,16,12,2022,08:30,2,76.0,76484,2,1,8.0,6.0,Avenue du Général de Gaulle,"49,3432790000","1,0908200000",,76.076484,76484,Seine-Maritime,28.0,Normandie,50.0,4.0,2.0,2,1.0,28,Normandie,76,3,31,Oissel,12367,83,12450.0,3.0,7,,0.0,1.0,1.0,1.0,A01
202200023034,16,12,2022,07:15,2,76.0,76533,1,1,4.0,4.0,A29 PK28.400,"49,5096900000","0,2880050000",,76.076533,76533,Seine-Maritime,28.0,Normandie,110.0,1.0,1.0,2,7.0,28,Normandie,76,2,16,RogervilLe1706,19,1725,,2.0,7,,3.0,2.0,9.0,1.0,A01
202200023034,16,12,2022,07:15,2,76.0,76533,1,1,4.0,4.0,A29 PK28.400,"49,5096900000","0,2880050000",,76.076533,76533,Seine-Maritime,28.0,Normandie,110.0,1.0,1.0,2,7.0,28,Normandie,76,2,16,RogervilLe1706,19,1725,,2.0,7,,0.0,2.0,1.0,1.0,B01
202200023034,16,12,2022,07:15,2,76.0,76533,1,1,4.0,4.0,A29 PK28.400,"49,5096900000","0,2880050000",,76.076533,76533,Seine-Maritime,28.0,Normandie,110.0,1.0,1.0,2,7.0,28,Normandie,76,2,16,RogervilLe1706,19,1725,,2.0,13,,0.0,2.0,1.0,1.0,C01
202200023191,3,9,2022,15:10,1,76.0,76082,2,6,2.0,6.0,Rue de l'Eglise,"49,6161770000","0,4757170000",,76.076082,76082,Seine-Maritime,28.0,Normandie,50.0,3.0,-1.0,2,2.0,28,Normandie,76,2,3,Bernières,637,11,648.0,0.0,7,,0.0,1.0,0.0,1.0,A01
202200023222,4,9,2022,06:47,2,76.0,76357,1,1,1.0,1.0,Rd 925,"49,5928470000","0,2633390000",,76.076357,76357,Seine-Maritime,28.0,Normandie,80.0,3.0,2.0,1,1.0,28,Normandie,76,2,26,HermevilLe351,16,367,,2.0,33,,0.0,2.0,1.0,1.0,B01
202200023222,4,9,2022,06:47,2,76.0,76357,1,1,1.0,1.0,Rd 925,"49,5928470000","0,2633390000",,76.076357,76357,Seine-Maritime,28.0,Normandie,80.0,3.0,2.0,1,1.0,28,Normandie,76,2,26,HermevilLe351,16,367,,1.0,7,,0.0,2.0,2.0,17.0,A01
202200023224,4,9,2022,13:00,1,76.0,76050,2,2,1.0,3.0,2087 Rue des Tisserands,"49,8488300000","0,9525030000",,76.076050,76050,Seine-Maritime,28.0,Normandie,50.0,4.0,2.0,2,1.0,28,Normandie,76,1,20,Avremesnil,1006,27,1033.0,1.0,7,,0.0,2.0,1.0,1.0,B01
202200023224,4,9,2022,13:00,1,76.0,76050,2,2,1.0,3.0,2087 Rue des Tisserands,"49,8488300000","0,9525030000",,76.076050,76050,Seine-Maritime,28.0,Normandie,50.0,4.0,2.0,2,1.0,28,Normandie,76,1,20,Avremesnil,1006,27,1033.0,3.0,1,,0.0,2.0,1.0,19.0,A01
202200023234,8,3,2022,07:03,2,76.0,76351,1,2,1.0,3.0,ERABLES (DES),"49,5091400000","0,1453300000",,76.076351,76351,Seine-Maritime,28.0,Normandie,50.0,4.0,2.0,2,1.0,28,Normandie,76,2,96,LeHavre,166058,1780,167838.0,2.0,50,,0.0,2.0,2.0,19.0,A01
202200023234,8,3,2022,07:03,2,76.0,76351,1,2,1.0,3.0,ERABLES (DES),"49,5091400000","0,1453300000",,76.076351,76351,Seine-Maritime,28.0,Normandie,50.0,4.0,2.0,2,1.0,28,Normandie,76,2,96,LeHavre,166058,1780,167838.0,2.0,7,,0.0,2.0,1.0,0.0,B01
202200023237,6,3,2022,21:00,5,76.0,76351,2,2,1.0,3.0,PAUL VERONESE,"49,5170300000","0,1162700000",,76.076351,76351,Seine-Maritime,28.0,Normandie,50.0,4.0,2.0,2,1.0,28,Normandie,76,2,96,LeHavre,166058,1780,167838.0,1.0,50,,0.0,2.0,0.0,0.0,B01
202200023237,6,3,2022,21:00,5,76.0,76351,2,2,1.0,3.0,PAUL VERONESE,"49,5170300000","0,1162700000",,76.076351,76351,Seine-Maritime,28.0,Normandie,50.0,4.0,2.0,2,1.0,28,Normandie,76,2,96,LeHavre,166058,1780,167838.0,2.0,7,,0.0,2.0,1.0,0.0,A01
202200023312,2,9,2022,16:50,1,76.0,76212,2,7,1.0,6.0,Place du Marechal Foch,"49,4404000000","1,1455800000",,76.076212,76212,Seine-Maritime,28.0,Normandie,30.0,7.0,2.0,2,1.0,28,Normandie,76,3,6,Darnétal,9738,74,9812.0,3.0,7,,0.0,1.0,3.0,16.0,A01
202200023338,2,9,2022,20:50,5,76.0,76681,2,1,1.0,6.0,Rue du Madrillet,"49,4078200000","1,0763200000",,76.076681,76681,Seine-Maritime,28.0,Normandie,50.0,4.0,2.0, -1,1.0,28,Normandie,76,3,99,Sotteville-lès-Rouen,28965,475,29440.0,3.0,34,,0.0,2.0,1.0,1.0,A01
202200023339,2,9,2022,13:50,1,76.0,76212,2,3,1.0,6.0,Rue Gustave Flaubert,"49,4400200000","1,1456800000",,76.076212,76212,Seine-Maritime,28.0,Normandie,50.0,7.0,2.0,3,1.0,28,Normandie,76,3,6,Darnétal,9738,74,9812.0,1.0,7,,0.0,1.0,3.0,15.0,A01
202200023340,2,9,2022,07:15,2,76.0,76351,1,1,2.0,6.0,RD 6382,"49,5253800000","0,1592600000",,76.076351,76351,Seine-Maritime,28.0,Normandie,90.0,3.0,3.0,4,2.0,28,Normandie,76,2,96,LeHavre,166058,1780,167838.0,1.0,7,,5.0,0.0,2.0,14.0,A01
202200023341,1,9,2022,20:10,5,76.0,76481,2,6,2.0,6.0,RD 6382,"49,5316600000","0,1031200000",,76.076481,76481,Seine-Maritime,28.0,Normandie,70.0,3.0,3.0,4,2.0,28,Normandie,76,2,26,Octeville-sur-Mer,6122,119,6241.0,2.0,33,,12.0,0.0,0.0,0.0,A01
202200023441,16,4,2022,08:30,1,76.0,76259,2,1,1.0,6.0,MARCHAND ( RUE EUGENE),"49,7578286600","0,3798443824",,76.076259,76259,Seine-Maritime,28.0,Normandie,50.0,4.0,1.0,1,1.0,28,Normandie,76,2,11,Fécamp,18016,269,18285.0,3.0,7,,0.0,1.0,1.0,0.0,A01
202200023508,8,6,2022,13:57,1,76.0,76693,1,2,1.0,3.0,D940,"49,6780220000","0,1987460000",,76.076693,76693,Seine-Maritime,28.0,Normandie,70.0,3.0,2.0,2,1.0,28,Normandie,76,2,26,LeTilleul,676,11,687.0,2.0,33,,0.0,0.0,1.0,17.0,B01
202200023508,8,6,2022,13:57,1,76.0,76693,1,2,1.0,3.0,D940,"49,6780220000","0,1987460000",,76.076693,76693,Seine-Maritime,28.0,Normandie,70.0,3.0,2.0,2,1.0,28,Normandie,76,2,26,LeTilleul,676,11,687.0,2.0,30,,0.0,0.0,8.0,15.0,A01
202200023533,17,4,2022,22:45,3,76.0,76312,1,1,1.0,6.0,Route de Formerie,"49,4927440000","1,7191240000",,76.076312,76312,Seine-Maritime,28.0,Normandie,80.0,3.0,2.0,2,1.0,28,Normandie,76,1,12,Gournay-en-Bray,5944,85,6029.0,1.0,7,,0.0,1.0,7.0,21.0,A01
202200023609,19,4,2022,10:25,1,76.0,76610,1,2,1.0,3.0,D131e,"49,6237430000","0,7897600000",,76.076610,76610,Seine-Maritime,28.0,Normandie,80.0,3.0,2.0,2,1.0,28,Normandie,76,3,35,Sainte-Marie-des-Champs,1579,13,1592.0,3.0,7,,0.0,2.0,1.0,26.0,B01
202200023609,19,4,2022,10:25,1,76.0,76610,1,2,1.0,3.0,D131e,"49,6237430000","0,7897600000",,76.076610,76610,Seine-Maritime,28.0,Normandie,80.0,3.0,2.0,2,1.0,28,Normandie,76,3,35,Sainte-Marie-des-Champs,1579,13,1592.0,1.0,33,,0.0,0.0,2.0,1.0,A01
202200023647,22,6,2022,17:50,1,76.0,76322,2,3,1.0,6.0,Rue Antoine Laurent de Lavoisier,"49,4183000000","1,0447700000",,76.076322,76322,Seine-Maritime,28.0,Normandie,50.0,4.0,2.0,4,1.0,28,Normandie,76,3,13,LeGrand-Quevilly,25975,225,26200.0,3.0,7,,0.0,1.0,3.0,13.0,A01
202200023649,5,5,2022,09:50,1,76.0,76351,2,3,1.0,2.0,Rue Georges Braque,"49,4952900000","0,1018500000",,76.076351,76351,Seine-Maritime,28.0,Normandie,50.0,4.0,2.0,2,1.0,28,Normandie,76,2,96,LeHavre,166058,1780,167838.0,3.0,7,,0.0,2.0,1.0,1.0,B01
202200023649,5,5,2022,09:50,1,76.0,76351,2,3,1.0,2.0,Rue Georges Braque,"49,4952900000","0,1018500000",,76.076351,76351,Seine-Maritime,28.0,Normandie,50.0,4.0,2.0,2,1.0,28,Normandie,76,2,96,LeHavre,166058,1780,167838.0,3.0,1,,0.0,2.0,4.0,1.0,A01
202200023929,28,1,2022,18:46,5,76.0,76178,2,1,6.0,5.0,Rue de Tourville,"49,3062838370","1,0262395110",,76.076178,76178,Seine-Maritime,28.0,Normandie,50.0,7.0,2.0,2,1.0,28,Normandie,76,3,5,Cléon,4907,30,4937.0,2.0,7,,0.0,0.0,0.0,1.0,C01
202200023929,28,1,2022,18:46,5,76.0,76178,2,1,6.0,5.0,Rue de Tourville,"49,3062838370","1,0262395110",,76.076178,76178,Seine-Maritime,28.0,Normandie,50.0,7.0,2.0,2,1.0,28,Normandie,76,3,5,Cléon,4907,30,4937.0,1.0,7,,0.0,2.0,3.0,26.0,B01
202200023929,28,1,2022,18:46,5,76.0,76178,2,1,6.0,5.0,Rue de Tourville,"49,3062838370","1,0262395110",,76.076178,76178,Seine-Maritime,28.0,Normandie,50.0,7.0,2.0,2,1.0,28,Normandie,76,3,5,Cléon,4907,30,4937.0,2.0,7,,0.0,2.0,1.0,1.0,A01
202200023930,28,1,2022,20:20,5,76.0,76216,2,1,8.0,2.0,Rue des Grosses Pierres,"49,4690000000","1,0380000000",,76.076216,76216,Seine-Maritime,28.0,Normandie,50.0,7.0,2.0,2,1.0,28,Normandie,76,3,22,Déville-lès-Rouen,10745,62,10807.0,1.0,1,,0.0,2.0,4.0,1.0,A01
202200023930,28,1,2022,20:20,5,76.0,76216,2,1,8.0,2.0,Rue des Grosses Pierres,"49,4690000000","1,0380000000",,76.076216,76216,Seine-Maritime,28.0,Normandie,50.0,7.0,2.0,2,1.0,28,Normandie,76,3,22,Déville-lès-Rouen,10745,62,10807.0,1.0,7,,0.0,2.0,0.0,0.0,Z01
202200023931,27,1,2022,08:20,1,76.0,76351,2,3,1.0,7.0,Boulevard Jules Durand,"49,4911000000","0,1621200000",,76.076351,76351,Seine-Maritime,28.0,Normandie,50.0,4.0,2.0,2,1.0,28,Normandie,76,2,96,LeHavre,166058,1780,167838.0,1.0,50,,14.0,0.0,0.0,0.0,A01
202200023933,28,1,2022,00:15,5,76.0,76447,2,3,2.0,6.0,Avenue Pierre Mendès France,"49,5282700000","0,1825000000",,76.076447,76447,Seine-Maritime,28.0,Normandie,50.0,3.0,2.0,2,2.0,28,Normandie,76,2,15,Montivilliers,15457,203,15660.0,2.0,7,,1.0,0.0,1.0,18.0,A01
202200023934,28,1,2022,23:10,5,76.0,76259,2,3,2.0,2.0,Rue Robert Lilly,"49,7466691398","0,3684234352",,76.076259,76259,Seine-Maritime,28.0,Normandie,30.0,4.0,2.0,2,2.0,28,Normandie,76,2,11,Fécamp,18016,269,18285.0,2.0,7,,0.0,2.0,5.0,15.0,B01
202200023934,28,1,2022,23:10,5,76.0,76259,2,3,2.0,2.0,Rue Robert Lilly,"49,7466691398","0,3684234352",,76.076259,76259,Seine-Maritime,28.0,Normandie,30.0,4.0,2.0,2,2.0,28,Normandie,76,2,11,Fécamp,18016,269,18285.0,2.0,2,,0.0,2.0,1.0,12.0,A01
202200023943,30,9,2022,15:30,1,76.0,76540,2,9,1.0,3.0,Rue Robert Schuman,"49,4381340000","1,1050490000",,76.076540,76540,Seine-Maritime,28.0,Normandie,50.0,4.0,2.0,2,1.0,28,Normandie,76,3,97,Rouen,114083,1556,115639.0,3.0,1,,0.0,2.0,1.0,8.0,B01
202200023943,30,9,2022,15:30,1,76.0,76540,2,9,1.0,3.0,Rue Robert Schuman,"49,4381340000","1,1050490000",,76.076540,76540,Seine-Maritime,28.0,Normandie,50.0,4.0,2.0,2,1.0,28,Normandie,76,3,97,Rouen,114083,1556,115639.0,3.0,7,,0.0,9.0,3.0,19.0,A01
202200024070,11,11,2022,21:50,5,76.0,76157,2,1,1.0,6.0,Boulevard Claude Monet,"49,4580450000","1,0366530000",,76.076157,76157,Seine-Maritime,28.0,Normandie,20.0,9.0,-1.0,0,1.0,28,Normandie,76,3,4,Canteleu,13966,360,14326.0,3.0,0,,6.0,0.0,0.0,0.0,A01
202200024073,11,11,2022,18:55,5,76.0,76540,2,2,1.0,3.0,Rue d'Amiens,"49,4403700000","1,1021800000",,76.076540,76540,Seine-Maritime,28.0,Normandie,50.0,4.0,2.0,2,1.0,28,Normandie,76,3,97,Rouen,114083,1556,115639.0,1.0,7,,0.0,2.0,2.0,11.0,A01
202200024073,11,11,2022,18:55,5,76.0,76540,2,2,1.0,3.0,Rue d'Amiens,"49,4403700000","1,1021800000",,76.076540,76540,Seine-Maritime,28.0,Normandie,50.0,4.0,2.0,2,1.0,28,Normandie,76,3,97,Rouen,114083,1556,115639.0,3.0,31,,0.0,2.0,1.0,2.0,B01
202200024105,5,10,2022,19:00,2,76.0,76410,2,1,1.0,6.0,Avenue du Val aux Dames,"49,4767800000","1,0348700000",,76.076410,76410,Seine-Maritime,28.0,Normandie,50.0,7.0,2.0,2,1.0,28,Normandie,76,3,4,Maromme,11024,122,11146.0,3.0,7,,8.0,0.0,1.0,14.0,A01
202200024316,27,1,2022,12:50,1,76.0,76108,2,1,1.0,6.0,Route de Darnetal,"49,4695100000","1,1256100000",,76.076108,76108,Seine-Maritime,28.0,Normandie,50.0,4.0,2.0,2,1.0,28,Normandie,76,3,2,Bois-Guillaume,14262,361,14623.0,3.0,10,,0.0,1.0,0.0,1.0,A01
202200024318,25,1,2022,07:10,5,76.0,76351,2,6,1.0,2.0,route de l'estuaire,"49,4667100000","0,1805900000",,76.076351,76351,Seine-Maritime,28.0,Normandie,50.0,4.0,2.0,2,2.0,28,Normandie,76,2,96,LeHavre,166058,1780,167838.0,0.0,7,,0.0,2.0,1.0,1.0,Z01
202200024318,25,1,2022,07:10,5,76.0,76351,2,6,1.0,2.0,route de l'estuaire,"49,4667100000","0,1805900000",,76.076351,76351,Seine-Maritime,28.0,Normandie,50.0,4.0,2.0,2,2.0,28,Normandie,76,2,96,LeHavre,166058,1780,167838.0,0.0,7,,0.0,2.0,4.0,1.0,A01
202200024319,27,1,2022,16:35,1,76.0,76565,1,1,2.0,2.0,D915,"49,8913000000","1,0815800000",,76.076565,76565,Seine-Maritime,28.0,Normandie,80.0,3.0,2.0,2,2.0,28,Normandie,76,1,7,Saint-Aubin-sur-Scie,1202,101,1303.0,1.0,7,,0.0,2.0,4.0,2.0,B01
202200024319,27,1,2022,16:35,1,76.0,76565,1,1,2.0,2.0,D915,"49,8913000000","1,0815800000",,76.076565,76565,Seine-Maritime,28.0,Normandie,80.0,3.0,2.0,2,2.0,28,Normandie,76,1,7,Saint-Aubin-sur-Scie,1202,101,1303.0,1.0,7,,0.0,2.0,1.0,2.0,A01
202200024342,12,11,2022,06:30,3,76.0,76557,1,1,5.0,6.0,Route du Havre,"49,5250876286","0,7118153572",,76.076557,76557,Seine-Maritime,28.0,Normandie,50.0,3.0,2.0,2,1.0,28,Normandie,76,3,25,Saint-Arnoult,1453,23,1476.0,2.0,7,,0.0,1.0,1.0,0.0,A01
202200024670,15,12,2022,07:30,5,76.0,76231,2,1,1.0,1.0,Rue Jean Jaurès,"49,2917042479","1,0099898279",,76.076231,76231,Seine-Maritime,28.0,Normandie,50.0,7.0,2.0,2,2.0,28,Normandie,76,3,9,Elbeuf,15951,138,16089.0,2.0,7,,0.0,2.0,6.0,15.0,A01
202200024670,15,12,2022,07:30,5,76.0,76231,2,1,1.0,1.0,Rue Jean Jaurès,"49,2917042479","1,0099898279",,76.076231,76231,Seine-Maritime,28.0,Normandie,50.0,7.0,2.0,2,2.0,28,Normandie,76,3,9,Elbeuf,15951,138,16089.0,2.0,32,,0.0,2.0,1.0,1.0,B01
202200024673,15,12,2022,02:40,5,76.0,76561,2,2,1.0,6.0,Rue de la Republique,"49,2974800000","1,0110100000",,76.076561,76561,Seine-Maritime,28.0,Normandie,50.0,7.0,2.0,2,1.0,28,Normandie,76,3,5,Saint-Aubin-lès-Elbeuf,8428,75,8503.0,3.0,7,,6.0,0.0,9.0,1.0,A01
202200024756,21,5,2022,20:10,1,76.0,76351,2,3,1.0,6.0,BOURDALOUE,"49,4997000000","0,1436700000",,76.076351,76351,Seine-Maritime,28.0,Normandie,50.0,4.0,2.0,2,1.0,28,Normandie,76,2,96,LeHavre,166058,1780,167838.0,0.0,7,,1.0,0.0,1.0,1.0,A01
202200024759,22,5,2022,15:40,1,76.0,76217,2,1,1.0,1.0,AVENUE JEAN RIBLET,"49,9216451533","1,0938526325",,76.076217,76217,Seine-Maritime,28.0,Normandie,50.0,4.0,-1.0,2,1.0,28,Normandie,76,1,95,Dieppe,28358,455,28813.0,3.0,7,,0.0,2.0,1.0,26.0,B01
202200024759,22,5,2022,15:40,1,76.0,76217,2,1,1.0,1.0,AVENUE JEAN RIBLET,"49,9216451533","1,0938526325",,76.076217,76217,Seine-Maritime,28.0,Normandie,50.0,4.0,-1.0,2,1.0,28,Normandie,76,1,95,Dieppe,28358,455,28813.0,3.0,10,,0.0,2.0,1.0,19.0,A01
202200024761,22,5,2022,14:20,1,76.0,76414,2,1,1.0,6.0,RD 485,"49,9129100000","1,1054900000",,76.076414,76414,Seine-Maritime,28.0,Normandie,90.0,3.0,1.0,4,1.0,28,Normandie,76,1,8,Martin-Église,1600,55,1655.0,1.0,33,,4.0,0.0,8.0,13.0,A01
202200025064,6,3,2022,16:08,1,76.0,76447,2,4,1.0,6.0,FAUBOURG ASSIQUET,"49,5470500000","0,1958500000",,76.076447,76447,Seine-Maritime,28.0,Normandie,50.0,3.0,2.0,2,1.0,28,Normandie,76,2,15,Montivilliers,15457,203,15660.0,2.0,31,,6.0,0.0,7.0,14.0,A01
202200025149,3,9,2022,15:35,1,76.0,76711,2,1,1.0,2.0,9 Rue du Docteur Pépin,"50,0598579563","1,3772138566",,76.076711,76711,Seine-Maritime,28.0,Normandie,50.0,3.0,2.0,2,2.0,28,Normandie,76,1,10,LeTréport,4424,91,4515.0,1.0,1,,0.0,2.0,1.0,1.0,B01
202200025149,3,9,2022,15:35,1,76.0,76711,2,1,1.0,2.0,9 Rue du Docteur Pépin,"50,0598579563","1,3772138566",,76.076711,76711,Seine-Maritime,28.0,Normandie,50.0,3.0,2.0,2,2.0,28,Normandie,76,1,10,LeTréport,4424,91,4515.0,1.0,7,,0.0,9.0,4.0,1.0,A01
202200025225,1,9,2022,11:00,1,76.0,76108,2,4,1.0,3.0,Route de Neufchâtel,"49,4668700000","1,1169800000",,76.076108,76108,Seine-Maritime,28.0,Normandie,50.0,7.0,2.0,2,1.0,28,Normandie,76,3,2,Bois-Guillaume,14262,361,14623.0,3.0,7,,0.0,2.0,3.0,15.0,B01
202200025225,1,9,2022,11:00,1,76.0,76108,2,4,1.0,3.0,Route de Neufchâtel,"49,4668700000","1,1169800000",,76.076108,76108,Seine-Maritime,28.0,Normandie,50.0,7.0,2.0,2,1.0,28,Normandie,76,3,2,Bois-Guillaume,14262,361,14623.0,3.0,33,,0.0,2.0,2.0,17.0,A01
202200025226,30,8,2022,19:15,1,76.0,76351,2,2,1.0,3.0,Rue Frédéric Bellanger,"49,4953200000","0,1010300000",,76.076351,76351,Seine-Maritime,28.0,Normandie,50.0,4.0,2.0,2,1.0,28,Normandie,76,2,96,LeHavre,166058,1780,167838.0,3.0,1,,0.0,2.0,1.0,1.0,B01
202200025226,30,8,2022,19:15,1,76.0,76351,2,2,1.0,3.0,Rue Frédéric Bellanger,"49,4953200000","0,1010300000",,76.076351,76351,Seine-Maritime,28.0,Normandie,50.0,4.0,2.0,2,1.0,28,Normandie,76,2,96,LeHavre,166058,1780,167838.0,3.0,7,,0.0,2.0,2.0,15.0,A01
202200025227,19,8,2022,15:45,1,76.0,76351,2,3,2.0,6.0,SOUTHAMPTON (QUAI DE),"49,4862900000","0,1103600000",,76.076351,76351,Seine-Maritime,28.0,Normandie,50.0,4.0,2.0,3,2.0,28,Normandie,76,2,96,LeHavre,166058,1780,167838.0,3.0,31,,0.0,1.0,1.0,1.0,A01
202200025504,9,5,2022,12:40,1,76.0,76497,1,1,1.0,7.0,N338 - Sud 3,"49,3752573389","1,0469198227",,76.076497,76497,Seine-Maritime,28.0,Normandie,110.0,2.0,3.0,6,1.0,28,Normandie,76,3,13,Petit-Couronne,8688,175,8863.0,1.0,33,,0.0,0.0,0.0,2.0,A01
202200025506,19,6,2022,04:00,5,76.0,76351,2,2,2.0,3.0,REPUBLIQUE (COURS DE LA),"49,4919800000","0,1239200000",,76.076351,76351,Seine-Maritime,28.0,Normandie,50.0,4.0,3.0,8,2.0,28,Normandie,76,2,96,LeHavre,166058,1780,167838.0,2.0,7,,0.0,2.0,1.0,15.0,A01
202200025506,19,6,2022,04:00,5,76.0,76351,2,2,2.0,3.0,REPUBLIQUE (COURS DE LA),"49,4919800000","0,1239200000",,76.076351,76351,Seine-Maritime,28.0,Normandie,50.0,4.0,3.0,8,2.0,28,Normandie,76,2,96,LeHavre,166058,1780,167838.0,2.0,7,,0.0,2.0,3.0,1.0,B01
202200025528,13,4,2022,12:08,1,76.0,76351,2,1,1.0,6.0,PONT VII (ROUTE DU),"49,4938300000","0,1800100000",,76.076351,76351,Seine-Maritime,28.0,Normandie,50.0,4.0,2.0,2,1.0,28,Normandie,76,2,96,LeHavre,166058,1780,167838.0,3.0,7,,8.0,0.0,1.0,0.0,A01
202200025681,17,4,2022,20:10,1,76.0,76220,2,1,1.0,6.0,84 Rue de la Chaussee,"49,8695670000","1,3223670000",,76.076220,76220,Seine-Maritime,28.0,Normandie,50.0,3.0,2.0,2,1.0,28,Normandie,76,1,8,Douvrend,523,12,535.0,2.0,2,,1.0,0.0,1.0,1.0,A01
202200025694,17,4,2022,08:20,1,76.0,76612,1,1,7.0,7.0,2 Route d Edruchon,"49,8337240000","1,6851350000",,76.076612,76612,Seine-Maritime,28.0,Normandie,80.0,3.0,2.0,2,1.0,28,Normandie,76,1,10,Saint-Martin-au-Bosc,269,6,275.0,1.0,7,,0.0,0.0,0.0,13.0,A01
202200025879,26,1,2022,15:55,1,76.0,76681,2,4,1.0,1.0,Rue Andre Poirier,"49,4035000000","1,1005000000",,76.076681,76681,Seine-Maritime,28.0,Normandie,30.0,4.0,2.0,2,1.0,28,Normandie,76,3,99,Sotteville-lès-Rouen,28965,475,29440.0,1.0,60,,1.0,2.0,1.0,13.0,B01
202200025879,26,1,2022,15:55,1,76.0,76681,2,4,1.0,1.0,Rue Andre Poirier,"49,4035000000","1,1005000000",,76.076681,76681,Seine-Maritime,28.0,Normandie,30.0,4.0,2.0,2,1.0,28,Normandie,76,3,99,Sotteville-lès-Rouen,28965,475,29440.0,2.0,7,,0.0,2.0,2.0,1.0,A01
202200026045,9,11,2022,22:00,5,76.0,76231,2,6,1.0,3.0,Place Francois Mitterrand,"49,2870100000","1,0090000000",,76.076231,76231,Seine-Maritime,28.0,Normandie,50.0,4.0,1.0,2,1.0,28,Normandie,76,3,9,Elbeuf,15951,138,16089.0,3.0,7,,12.0,0.0,3.0,13.0,A01
202200026045,9,11,2022,22:00,5,76.0,76231,2,6,1.0,3.0,Place Francois Mitterrand,"49,2870100000","1,0090000000",,76.076231,76231,Seine-Maritime,28.0,Normandie,50.0,4.0,1.0,2,1.0,28,Normandie,76,3,9,Elbeuf,15951,138,16089.0,3.0,30,,12.0,0.0,7.0,17.0,B01
202200026046,9,11,2022,17:50,3,76.0,76165,2,1,9.0,6.0,Rue de la Commune 1871,"49,2744800000","1,0177500000",,76.076165,76165,Seine-Maritime,28.0,Normandie,30.0,6.0,-1.0, -1,2.0,28,Normandie,76,3,5,Caudebec-lès-Elbeuf,10135,69,10204.0,3.0,2,,0.0,0.0,0.0,0.0,A01
202200026102,4,10,2022,16:50,1,76.0,76540,2,3,1.0,3.0,Avenue de la Libération,"49,4261200000","1,0691900000",,76.076540,76540,Seine-Maritime,28.0,Normandie,50.0,7.0,2.0,2,1.0,28,Normandie,76,3,97,Rouen,114083,1556,115639.0,0.0,37,3.0,0.0,2.0,1.0,1.0,B01
202200026102,4,10,2022,16:50,1,76.0,76540,2,3,1.0,3.0,Avenue de la Libération,"49,4261200000","1,0691900000",,76.076540,76540,Seine-Maritime,28.0,Normandie,50.0,7.0,2.0,2,1.0,28,Normandie,76,3,97,Rouen,114083,1556,115639.0,0.0,7,,0.0,2.0,3.0,16.0,A01
202200026104,4,10,2022,08:30,1,76.0,76322,1,1,1.0,5.0,N338 - Sud 3,"49,4120000000","1,0410000000",,76.076322,76322,Seine-Maritime,28.0,Normandie,90.0,2.0,3.0,5,1.0,28,Normandie,76,3,13,LeGrand-Quevilly,25975,225,26200.0,2.0,10,,0.0,2.0,5.0,1.0,C01
202200026104,4,10,2022,08:30,1,76.0,76322,1,1,1.0,5.0,N338 - Sud 3,"49,4120000000","1,0410000000",,76.076322,76322,Seine-Maritime,28.0,Normandie,90.0,2.0,3.0,5,1.0,28,Normandie,76,3,13,LeGrand-Quevilly,25975,225,26200.0,2.0,10,,0.0,2.0,0.0,1.0,B01