Num_Acc,jour,mois,an,hrmn,lum,dep,com,agg,int,atm,col,adr,lat,long,gps,com_insee_temp,com_insee,departmentName,regionCode,regionName,vma,catr,circ,nbv,surf,Code,Region,Departement,Arrondissement,Code_Canton,Nom_Commune,Population_municipaLe,Population_comptee_a_part,Population_Totale,senc,catv,occutc,obs,obsm,choc,manv,num_veh
202200029728,23,1,2022,14:00,1,76.0,76484,1,1,1.0,3.0,Route des Essarts,"49,3451200000","1,0596300000",,76.076484,76484,Seine-Maritime,28.0,Normandie,80.0,7.0,2.0,2,1.0,28,Normandie,76,3,31,Oissel,12367,83,12450.0,0.0,7,,0.0,2.0,3.0,10.0,B01
202200029772,5,11,2022,20:33,5,76.0,76351,2,2,1.0,6.0,ALBERT 1ER,"49,4956989566","0,0957155225",,76.076351,76351,Seine-Maritime,28.0,Normandie,30.0,4.0,3.0,4,2.0,28,Normandie,76,2,96,LeHavre,166058,1780,167838.0,1.0,7,,9.0,0.0,2.0,1.0,A01
202200029773,4,11,2022,15:00,1,76.0,76341,1,1,1.0,4.0,RD 6015,"49,5081100000","0,1968900000",,76.076341,76341,Seine-Maritime,28.0,Normandie,70.0,3.0,3.0,4,1.0,28,Normandie,76,2,15,Harfleur,8315,53,8368.0,1.0,17,,0.0,2.0,1.0,1.0,A01
202200029773,4,11,2022,15:00,1,76.0,76341,1,1,1.0,4.0,RD 6015,"49,5081100000","0,1968900000",,76.076341,76341,Seine-Maritime,28.0,Normandie,70.0,3.0,3.0,4,1.0,28,Normandie,76,2,15,Harfleur,8315,53,8368.0,1.0,7,,0.0,2.0,4.0,1.0,D01
202200029773,4,11,2022,15:00,1,76.0,76341,1,1,1.0,4.0,RD 6015,"49,5081100000","0,1968900000",,76.076341,76341,Seine-Maritime,28.0,Normandie,70.0,3.0,3.0,4,1.0,28,Normandie,76,2,15,Harfleur,8315,53,8368.0,1.0,7,,0.0,2.0,4.0,1.0,C01
202200029773,4,11,2022,15:00,1,76.0,76341,1,1,1.0,4.0,RD 6015,"49,5081100000","0,1968900000",,76.076341,76341,Seine-Maritime,28.0,Normandie,70.0,3.0,3.0,4,1.0,28,Normandie,76,2,15,Harfleur,8315,53,8368.0,1.0,7,,0.0,2.0,4.0,1.0,B01
202200029884,9,11,2022,00:45,3,76.0,76489,2,1,1.0,6.0,Route de la Vallée,"49,5045480000","0,2988890000",,76.076489,76489,Seine-Maritime,28.0,Normandie,50.0,4.0,2.0,2,1.0,28,Normandie,76,2,32,OudalLe479,12,491,,0.0,31,,8.0,0.0,1.0,1.0,A01
202200029994,3,10,2022,11:30,1,76.0,76319,2,1,2.0,7.0,Avenue des Poiriers,"49,3381142294","1,0238248646",,76.076319,76319,Seine-Maritime,28.0,Normandie,30.0,4.0,2.0,2,2.0,28,Normandie,76,3,9,Grand-Couronne,9726,177,9903.0,3.0,2,,6.0,0.0,7.0,25.0,A01
202200029996,3,10,2022,07:40,2,76.0,76540,2,3,5.0,2.0,Quai de France,"49,4373100000","1,0552200000",,76.076540,76540,Seine-Maritime,28.0,Normandie,50.0,4.0,2.0,4,1.0,28,Normandie,76,3,97,Rouen,114083,1556,115639.0,2.0,33,,0.0,2.0,2.0,2.0,A01
202200029996,3,10,2022,07:40,2,76.0,76540,2,3,5.0,2.0,Quai de France,"49,4373100000","1,0552200000",,76.076540,76540,Seine-Maritime,28.0,Normandie,50.0,4.0,2.0,4,1.0,28,Normandie,76,3,97,Rouen,114083,1556,115639.0,3.0,14,,0.0,2.0,6.0,16.0,B01
202200029999,30,9,2022,12:30,1,76.0,76305,1,2,1.0,3.0,ENTREPRISES (ROUTE DES),"49,4815800000","0,2197600000",,76.076305,76305,Seine-Maritime,28.0,Normandie,50.0,4.0,2.0,2,1.0,28,Normandie,76,2,16,Gonfreville-l'Orcher,8961,44,9005.0,0.0,39,,0.0,2.0,1.0,1.0,B01
202200029999,30,9,2022,12:30,1,76.0,76305,1,2,1.0,3.0,ENTREPRISES (ROUTE DES),"49,4815800000","0,2197600000",,76.076305,76305,Seine-Maritime,28.0,Normandie,50.0,4.0,2.0,2,1.0,28,Normandie,76,2,16,Gonfreville-l'Orcher,8961,44,9005.0,2.0,15,,0.0,4.0,3.0,1.0,A01
202200030002,2,10,2022,23:40,5,76.0,76351,2,2,1.0,6.0,ETRETAT (D'),"49,4976600000","0,0967200000",,76.076351,76351,Seine-Maritime,28.0,Normandie,50.0,4.0,2.0,2,1.0,28,Normandie,76,2,96,LeHavre,166058,1780,167838.0,2.0,7,,1.0,0.0,0.0,0.0,A01
202200030230,19,5,2022,20:40,1,76.0,76540,2,6,1.0,3.0,Boulevard de l'Europe,"49,4261000000","1,0877500000",,76.076540,76540,Seine-Maritime,28.0,Normandie,50.0,7.0,2.0,2,1.0,28,Normandie,76,3,97,Rouen,114083,1556,115639.0,3.0,33,,0.0,2.0,1.0,0.0,B01
202200030230,19,5,2022,20:40,1,76.0,76540,2,6,1.0,3.0,Boulevard de l'Europe,"49,4261000000","1,0877500000",,76.076540,76540,Seine-Maritime,28.0,Normandie,50.0,7.0,2.0,2,1.0,28,Normandie,76,3,97,Rouen,114083,1556,115639.0,3.0,7,,0.0,9.0,6.0,13.0,A01
202200030509,17,6,2022,14:10,1,76.0,76351,2,2,1.0,3.0,WINSTON CHURCHILL,"49,4940700000","0,1384300000",,76.076351,76351,Seine-Maritime,28.0,Normandie,50.0,4.0,2.0,7,1.0,28,Normandie,76,2,96,LeHavre,166058,1780,167838.0,3.0,7,,0.0,2.0,1.0,26.0,A01
202200030509,17,6,2022,14:10,1,76.0,76351,2,2,1.0,3.0,WINSTON CHURCHILL,"49,4940700000","0,1384300000",,76.076351,76351,Seine-Maritime,28.0,Normandie,50.0,4.0,2.0,7,1.0,28,Normandie,76,2,96,LeHavre,166058,1780,167838.0,3.0,50,,0.0,2.0,8.0,1.0,B01
202200030577,10,12,2022,10:30,1,76.0,76108,2,6,5.0,6.0,Chemin de la Breteque,"49,4818500000","1,1096900000",,76.076108,76108,Seine-Maritime,28.0,Normandie,90.0,7.0,2.0,2,2.0,28,Normandie,76,3,2,Bois-Guillaume,14262,361,14623.0,0.0,7,,12.0,0.0,1.0,26.0,A01
202200030745,5,3,2022,08:10,1,76.0,76057,1,6,2.0,6.0,Route Départementale 67,"49,5268520000","0,9620980000",,76.076057,76057,Seine-Maritime,28.0,Normandie,-1.0,3.0,1.0,2,2.0,28,Normandie,76,3,1,Barentin,12154,238,12392.0,1.0,7,,8.0,0.0,0.0,0.0,A01
202200030759,3,3,2022,06:45,5,76.0,76540,2,2,1.0,6.0,Quai Jean Moulin,"49,4367500000","1,0875200000",,76.076540,76540,Seine-Maritime,28.0,Normandie,50.0,4.0,2.0,4,1.0,28,Normandie,76,3,97,Rouen,114083,1556,115639.0,2.0,30,,0.0,1.0,1.0,26.0,A01
202200030779,2,3,2022,15:47,1,76.0,76565,1,6,1.0,4.0,RD 915,"49,8734200000","1,0997200000",,76.076565,76565,Seine-Maritime,28.0,Normandie,80.0,3.0,2.0,2,1.0,28,Normandie,76,1,7,Saint-Aubin-sur-Scie,1202,101,1303.0,2.0,7,,0.0,2.0,3.0,2.0,A01
202200030779,2,3,2022,15:47,1,76.0,76565,1,6,1.0,4.0,RD 915,"49,8734200000","1,0997200000",,76.076565,76565,Seine-Maritime,28.0,Normandie,80.0,3.0,2.0,2,1.0,28,Normandie,76,1,7,Saint-Aubin-sur-Scie,1202,101,1303.0,2.0,7,,0.0,2.0,5.0,23.0,B01
202200030779,2,3,2022,15:47,1,76.0,76565,1,6,1.0,4.0,RD 915,"49,8734200000","1,0997200000",,76.076565,76565,Seine-Maritime,28.0,Normandie,80.0,3.0,2.0,2,1.0,28,Normandie,76,1,7,Saint-Aubin-sur-Scie,1202,101,1303.0,2.0,7,,0.0,2.0,5.0,23.0,C01
202200030854,30,8,2022,00:50,4,76.0,76404,1,6,1.0,6.0,D925,"49,5781390000","0,2402560000",,76.076404,76404,Seine-Maritime,28.0,Normandie,90.0,3.0,1.0,2,1.0,28,Normandie,76,2,26,Manéglise,1264,23,1287.0,1.0,7,,13.0,0.0,4.0,1.0,A01
202200030876,30,8,2022,09:45,1,76.0,76406,2,2,1.0,3.0,D 11,"49,6989560000","0,3478400000",,76.076406,76406,Seine-Maritime,28.0,Normandie,50.0,3.0,2.0,2,1.0,28,Normandie,76,2,11,ManiquervilLe432,6,438,,2.0,31,,0.0,2.0,1.0,17.0,A01
202200030876,30,8,2022,09:45,1,76.0,76406,2,2,1.0,3.0,D 11,"49,6989560000","0,3478400000",,76.076406,76406,Seine-Maritime,28.0,Normandie,50.0,3.0,2.0,2,1.0,28,Normandie,76,2,11,ManiquervilLe432,6,438,,3.0,7,,0.0,2.0,3.0,15.0,B01
202200030977,28,8,2022,22:55,5,76.0,76231,2,1,1.0,6.0,Rue du Général de Gaulle,"49,2865400000","1,0096500000",,76.076231,76231,Seine-Maritime,28.0,Normandie,50.0,7.0,1.0,1,1.0,28,Normandie,76,3,9,Elbeuf,15951,138,16089.0,2.0,7,,0.0,1.0,2.0,0.0,A01
202200031042,29,8,2022,18:05,1,76.0,76312,2,1,1.0,6.0,Boulevard Montmorency,"49,4814600000","1,7214740000",,76.076312,76312,Seine-Maritime,28.0,Normandie,50.0,3.0,2.0,1,1.0,28,Normandie,76,1,12,Gournay-en-Bray,5944,85,6029.0,0.0,7,,0.0,1.0,1.0,0.0,A01
202200031230,19,6,2022,01:35,3,76.0,76322,1,1,1.0,6.0,N338 - Sud 3,"49,3939376084","1,0368957582",,76.076322,76322,Seine-Maritime,28.0,Normandie,110.0,2.0,3.0,4,1.0,28,Normandie,76,3,13,LeGrand-Quevilly,25975,225,26200.0,1.0,31,,4.0,2.0,4.0,17.0,A01
202200031234,18,6,2022,15:30,1,76.0,76540,2,3,1.0,2.0,Rue du Renard,"49,4492300000","1,0791300000",,76.076540,76540,Seine-Maritime,28.0,Normandie,50.0,4.0,1.0,1,1.0,28,Normandie,76,3,97,Rouen,114083,1556,115639.0,3.0,7,,0.0,2.0,1.0,2.0,A01
202200031234,18,6,2022,15:30,1,76.0,76540,2,3,1.0,2.0,Rue du Renard,"49,4492300000","1,0791300000",,76.076540,76540,Seine-Maritime,28.0,Normandie,50.0,4.0,1.0,1,1.0,28,Normandie,76,3,97,Rouen,114083,1556,115639.0,3.0,7,,0.0,2.0,4.0,1.0,B01
202200031372,22,1,2022,14:45,1,76.0,76540,2,2,1.0,3.0,Allée Aimé Césaire,"49,4429200000","1,0778700000",,76.076540,76540,Seine-Maritime,28.0,Normandie,50.0,7.0,1.0,1,1.0,28,Normandie,76,3,97,Rouen,114083,1556,115639.0,3.0,50,,0.0,2.0,1.0,19.0,A01
202200031372,22,1,2022,14:45,1,76.0,76540,2,2,1.0,3.0,Allée Aimé Césaire,"49,4429200000","1,0778700000",,76.076540,76540,Seine-Maritime,28.0,Normandie,50.0,7.0,1.0,1,1.0,28,Normandie,76,3,97,Rouen,114083,1556,115639.0,3.0,7,,0.0,2.0,2.0,1.0,B01
202200031391,9,4,2022,16:15,1,76.0,76270,1,1,1.0,6.0,D6382,"49,5305100000","0,1262600000",,76.076270,76270,Seine-Maritime,28.0,Normandie,90.0,3.0,3.0,4,1.0,28,Normandie,76,2,26,Fontaine-la-Mallet,2635,54,2689.0,1.0,43,,4.0,0.0,3.0,13.0,A01
202200031394,8,4,2022,16:00,1,76.0,76552,2,1,1.0,6.0,CAVEE HAIZE (DE LA),"49,5168600000","0,0774100000",,76.076552,76552,Seine-Maritime,28.0,Normandie,50.0,4.0,2.0,2,1.0,28,Normandie,76,2,19,Sainte-Adresse,7116,188,7304.0,0.0,7,,11.0,0.0,2.0,14.0,A01
202200031440,18,6,2022,16:15,1,76.0,76211,1,1,1.0,6.0,D149,"49,9142958119","1,5366804600",,76.076211,76211,Seine-Maritime,28.0,Normandie,80.0,3.0,2.0,2,1.0,28,Normandie,76,1,10,Dancourt,233,2,235.0,1.0,33,,3.0,0.0,8.0,13.0,A01
202200031617,14,4,2022,19:10,1,76.0,76305,2,9,1.0,3.0,CAMP PHILIP MORIS (RUE),"49,5093000000","0,2276800000",,76.076305,76305,Seine-Maritime,28.0,Normandie,50.0,4.0,1.0,1,1.0,28,Normandie,76,2,16,Gonfreville-l'Orcher,8961,44,9005.0,1.0,10,,0.0,2.0,8.0,15.0,B01
202200031617,14,4,2022,19:10,1,76.0,76305,2,9,1.0,3.0,CAMP PHILIP MORIS (RUE),"49,5093000000","0,2276800000",,76.076305,76305,Seine-Maritime,28.0,Normandie,50.0,4.0,1.0,1,1.0,28,Normandie,76,2,16,Gonfreville-l'Orcher,8961,44,9005.0,1.0,33,,0.0,2.0,3.0,17.0,A01
202200031620,13,4,2022,22:50,5,76.0,76351,2,3,1.0,2.0,COMMANDANT FRATACCI (COURS),"49,4910800000","0,1228700000",,76.076351,76351,Seine-Maritime,28.0,Normandie,50.0,4.0,2.0,4,1.0,28,Normandie,76,2,96,LeHavre,166058,1780,167838.0,2.0,33,,0.0,2.0,4.0,23.0,B01
202200031620,13,4,2022,22:50,5,76.0,76351,2,3,1.0,2.0,COMMANDANT FRATACCI (COURS),"49,4910800000","0,1228700000",,76.076351,76351,Seine-Maritime,28.0,Normandie,50.0,4.0,2.0,4,1.0,28,Normandie,76,2,96,LeHavre,166058,1780,167838.0,2.0,7,,0.0,2.0,1.0,0.0,A01
202200031623,8,4,2022,09:00,1,76.0,76481,1,1,3.0,2.0,D6382,"49,5325900000","0,1170800000",,76.076481,76481,Seine-Maritime,28.0,Normandie,90.0,3.0,3.0,4,2.0,28,Normandie,76,2,26,Octeville-sur-Mer,6122,119,6241.0,2.0,10,,0.0,2.0,1.0,0.0,A01
202200031623,8,4,2022,09:00,1,76.0,76481,1,1,3.0,2.0,D6382,"49,5325900000","0,1170800000",,76.076481,76481,Seine-Maritime,28.0,Normandie,90.0,3.0,3.0,4,2.0,28,Normandie,76,2,26,Octeville-sur-Mer,6122,119,6241.0,2.0,10,,0.0,2.0,4.0,1.0,B01
202200031725,23,4,2022,18:36,1,76.0,76114,2,1,1.0,7.0,GREGEOTTE (RUE DE LA),"49,5665200000","0,4689200000",,76.076114,76114,Seine-Maritime,28.0,Normandie,50.0,4.0,2.0,2,1.0,28,Normandie,76,2,3,Bolbec,11635,147,11782.0,2.0,33,,0.0,0.0,0.0,14.0,A01
202200031784,6,11,2022,16:45,2,76.0,76408,2,1,7.0,6.0,Route des Hêtres,"49,6074770000","0,3391870000",,76.076408,76408,Seine-Maritime,28.0,Normandie,50.0,3.0,2.0,2,2.0,28,Normandie,76,2,32,Manneville-la-Goupil,1052,14,1066.0,1.0,7,,0.0,1.0,2.0,1.0,A01
202200032227,1,10,2022,08:35,1,76.0,76414,2,9,8.0,6.0,D485,"49,9147974186","1,1037354961",,76.076414,76414,Seine-Maritime,28.0,Normandie,50.0,3.0,3.0,3,1.0,28,Normandie,76,1,8,Martin-Église,1600,55,1655.0,1.0,7,,3.0,0.0,3.0,1.0,A01
202200032299,9,12,2022,15:15,1,76.0,76322,2,1,1.0,1.0,Rue Paul Painleve,"49,4060180000","1,0605450000",,76.076322,76322,Seine-Maritime,28.0,Normandie,50.0,4.0,2.0,2,1.0,28,Normandie,76,3,13,LeGrand-Quevilly,25975,225,26200.0,3.0,99,,0.0,2.0,8.0,19.0,B01
202200032299,9,12,2022,15:15,1,76.0,76322,2,1,1.0,1.0,Rue Paul Painleve,"49,4060180000","1,0605450000",,76.076322,76322,Seine-Maritime,28.0,Normandie,50.0,4.0,2.0,2,1.0,28,Normandie,76,3,13,LeGrand-Quevilly,25975,225,26200.0,3.0,7,,0.0,9.0,2.0,1.0,A01
202200032300,9,12,2022,10:35,1,76.0,76351,2,3,1.0,2.0,SOUTHAMPTON (QUAI DE),"49,4865300000","0,1115400000",,76.076351,76351,Seine-Maritime,28.0,Normandie,50.0,4.0,2.0,3,1.0,28,Normandie,76,2,96,LeHavre,166058,1780,167838.0,1.0,7,,0.0,2.0,5.0,15.0,B01
202200032300,9,12,2022,10:35,1,76.0,76351,2,3,1.0,2.0,SOUTHAMPTON (QUAI DE),"49,4865300000","0,1115400000",,76.076351,76351,Seine-Maritime,28.0,Normandie,50.0,4.0,2.0,3,1.0,28,Normandie,76,2,96,LeHavre,166058,1780,167838.0,1.0,33,,0.0,2.0,1.0,1.0,A01
202200032301,8,12,2022,15:05,1,76.0,76351,2,2,1.0,3.0,COMMANDANT ABADIE,"49,5012900000","0,1699000000",,76.076351,76351,Seine-Maritime,28.0,Normandie,50.0,4.0,-1.0,1,1.0,28,Normandie,76,2,96,LeHavre,166058,1780,167838.0,1.0,10,,0.0,2.0,1.0,1.0,B01
202200032301,8,12,2022,15:05,1,76.0,76351,2,2,1.0,3.0,COMMANDANT ABADIE,"49,5012900000","0,1699000000",,76.076351,76351,Seine-Maritime,28.0,Normandie,50.0,4.0,-1.0,1,1.0,28,Normandie,76,2,96,LeHavre,166058,1780,167838.0,1.0,10,,0.0,2.0,7.0,15.0,A01
202200032384,13,7,2022,08:50,1,76.0,76533,1,1,1.0,2.0,A29 - PK 24+600,"49,4825191185","0,2632082999",,76.076533,76533,Seine-Maritime,28.0,Normandie,110.0,1.0,3.0,2,1.0,28,Normandie,76,2,16,RogervilLe1706,19,1725,,2.0,31,,0.0,2.0,1.0,2.0,B01
202200032384,13,7,2022,08:50,1,76.0,76533,1,1,1.0,2.0,A29 - PK 24+600,"49,4825191185","0,2632082999",,76.076533,76533,Seine-Maritime,28.0,Normandie,110.0,1.0,3.0,2,1.0,28,Normandie,76,2,16,RogervilLe1706,19,1725,,2.0,15,,0.0,0.0,4.0,11.0,A01
202200032430,19,7,2022,19:23,1,76.0,76666,1,1,1.0,7.0,Route de Gaillefontaine,"49,5822020000","1,6311750000",,76.076666,76666,Seine-Maritime,28.0,Normandie,80.0,3.0,2.0,2,1.0,28,Normandie,76,1,12,Saumont-la-Poterie,414,16,430.0,2.0,7,,9.0,0.0,1.0,1.0,A01
202200032618,2,3,2022,16:30,1,76.0,76681,2,3,1.0,3.0,Rue Pierre Corneille,"49,4194688837","1,0949890316",,76.076681,76681,Seine-Maritime,28.0,Normandie,30.0,7.0,2.0,2,1.0,28,Normandie,76,3,99,Sotteville-lès-Rouen,28965,475,29440.0,3.0,7,,0.0,2.0,3.0,26.0,A01
202200032618,2,3,2022,16:30,1,76.0,76681,2,3,1.0,3.0,Rue Pierre Corneille,"49,4194688837","1,0949890316",,76.076681,76681,Seine-Maritime,28.0,Normandie,30.0,7.0,2.0,2,1.0,28,Normandie,76,3,99,Sotteville-lès-Rouen,28965,475,29440.0,3.0,7,,0.0,2.0,2.0,26.0,B01
202200032845,1,3,2022,21:40,5,76.0,76575,2,6,2.0,7.0,Avenue du Val l'Abbé,"49,3803400000","1,1008090000",,76.076575,76575,Seine-Maritime,28.0,Normandie,50.0,7.0,1.0,2,2.0,28,Normandie,76,3,98,Saint-Étienne-du-Rouvray,28508,225,28733.0,0.0,7,,0.0,0.0,0.0,9.0,A01
202200032845,1,3,2022,21:40,5,76.0,76575,2,6,2.0,7.0,Avenue du Val l'Abbé,"49,3803400000","1,1008090000",,76.076575,76575,Seine-Maritime,28.0,Normandie,50.0,7.0,1.0,2,2.0,28,Normandie,76,3,98,Saint-Étienne-du-Rouvray,28508,225,28733.0,0.0,1,,0.0,0.0,0.0,1.0,B01
202200032847,23,2,2022,04:35,3,76.0,76108,2,1,2.0,7.0,Chemin de la Breteque,"49,4823888898","1,1089076847",,76.076108,76108,Seine-Maritime,28.0,Normandie,30.0,7.0,2.0,2,2.0,28,Normandie,76,3,2,Bois-Guillaume,14262,361,14623.0,1.0,7,,0.0,0.0,9.0,1.0,A01
202200032918,28,8,2022,03:30,3,76.0,76566,2,1,1.0,7.0,Route du Hameau Gris,"49,6035770000","0,9720970000",,76.076566,76566,Seine-Maritime,28.0,Normandie,80.0,3.0,2.0,2,1.0,28,Normandie,76,3,24,Sainte-Austreberthe,665,6,671.0,2.0,7,,2.0,0.0,1.0,15.0,A01
202200032951,21,1,2022,11:15,1,76.0,76540,2,1,1.0,6.0,Rue Saint Nicaise,"49,4448100000","1,1032800000",,76.076540,76540,Seine-Maritime,28.0,Normandie,50.0,4.0,1.0,1,1.0,28,Normandie,76,3,97,Rouen,114083,1556,115639.0,0.0,10,,0.0,1.0,4.0,4.0,Z01
202200032954,20,1,2022,13:50,1,76.0,76351,2,3,1.0,3.0,CHARLES VICTOIRE (rue),"49,5262400000","0,1212600000",,76.076351,76351,Seine-Maritime,28.0,Normandie,50.0,4.0,2.0,2,1.0,28,Normandie,76,2,96,LeHavre,166058,1780,167838.0,3.0,7,,0.0,2.0,1.0,0.0,A01
202200032954,20,1,2022,13:50,1,76.0,76351,2,3,1.0,3.0,CHARLES VICTOIRE (rue),"49,5262400000","0,1212600000",,76.076351,76351,Seine-Maritime,28.0,Normandie,50.0,4.0,2.0,2,1.0,28,Normandie,76,2,96,LeHavre,166058,1780,167838.0,3.0,7,,0.0,2.0,3.0,0.0,B01
202200033006,26,8,2022,10:40,1,76.0,76296,2,2,1.0,6.0,1 Route de Rogerville,"49,5183300000","0,2640100000",,76.076296,76296,Seine-Maritime,28.0,Normandie,50.0,3.0,2.0,2,1.0,28,Normandie,76,2,16,GainnevilLe2511,39,2550,,1.0,7,,0.0,1.0,3.0,16.0,A01
202200033058,11,4,2022,14:30,1,76.0,76101,1,1,1.0,6.0,echangeur 5 A28,"49,9288890000","1,6402140000",,76.076101,76101,Seine-Maritime,28.0,Normandie,30.0,1.0,1.0,1,1.0,28,Normandie,76,1,10,Blangy-sur-BresLe2862,28,2890,,1.0,7,,4.0,0.0,8.0,16.0,A01
202200033082,12,4,2022,17:45,1,76.0,76739,1,1,1.0,7.0,RD49,"49,8384250000","1,7157980000",,76.076739,76739,Seine-Maritime,28.0,Normandie,80.0,3.0,2.0,2,1.0,28,Normandie,76,1,12,Vieux-Rouen-sur-BresLe573,6,579,,1.0,7,,15.0,0.0,1.0,1.0,A01
202200033104,17,6,2022,19:45,2,76.0,76540,2,3,7.0,3.0,Rue de la Republique,"49,4380700000","1,0966300000",,76.076540,76540,Seine-Maritime,28.0,Normandie,50.0,4.0,2.0,1,1.0,28,Normandie,76,3,97,Rouen,114083,1556,115639.0,3.0,1,,0.0,2.0,0.0,1.0,B01
202200033104,17,6,2022,19:45,2,76.0,76540,2,3,7.0,3.0,Rue de la Republique,"49,4380700000","1,0966300000",,76.076540,76540,Seine-Maritime,28.0,Normandie,50.0,4.0,2.0,1,1.0,28,Normandie,76,3,97,Rouen,114083,1556,115639.0,3.0,7,,0.0,9.0,1.0,1.0,A01
202200033381,1,1,2022,02:45,5,76.0,76540,2,2,1.0,3.0,Rue de Bapeaume,"49,4527975868","1,0566276311",,76.076540,76540,Seine-Maritime,28.0,Normandie,50.0,7.0,2.0,3,1.0,28,Normandie,76,3,97,Rouen,114083,1556,115639.0,3.0,7,,0.0,2.0,6.0,19.0,A01
202200033381,1,1,2022,02:45,5,76.0,76540,2,2,1.0,3.0,Rue de Bapeaume,"49,4527975868","1,0566276311",,76.076540,76540,Seine-Maritime,28.0,Normandie,50.0,7.0,2.0,3,1.0,28,Normandie,76,3,97,Rouen,114083,1556,115639.0,3.0,7,,0.0,2.0,1.0,0.0,B01
202200033427,11,4,2022,10:40,1,76.0,76748,1,1,1.0,7.0,Route de Crosville,"49,8122000000","0,6288390000",,76.076748,76748,Seine-Maritime,28.0,Normandie,80.0,3.0,2.0,2,1.0,28,Normandie,76,1,33,Vittefleur,657,8,665.0,1.0,7,,13.0,0.0,1.0,14.0,A01
202200033657,6,11,2022,12:00,1,76.0,76560,1,1,3.0,7.0,D7,"49,4124880000","1,1734560000",,76.076560,76560,Seine-Maritime,28.0,Normandie,80.0,7.0,2.0,2,2.0,28,Normandie,76,3,6,Saint-Aubin-Épinay,1019,18,1037.0,1.0,7,,13.0,0.0,0.0,1.0,A01
202200033902,18,5,2022,16:05,1,76.0,76684,1,6,1.0,2.0,D982,"49,4824120000","0,4421890000",,76.076684,76684,Seine-Maritime,28.0,Normandie,-1.0,3.0,1.0,1,1.0,28,Normandie,76,2,3,TancarvilLe1218,24,1242,,2.0,33,,0.0,2.0,4.0,1.0,A01
202200033902,18,5,2022,16:05,1,76.0,76684,1,6,1.0,2.0,D982,"49,4824120000","0,4421890000",,76.076684,76684,Seine-Maritime,28.0,Normandie,-1.0,3.0,1.0,1,1.0,28,Normandie,76,2,3,TancarvilLe1218,24,1242,,2.0,7,,0.0,2.0,3.0,1.0,B01
202200033969,16,5,2022,20:50,1,76.0,76351,2,1,1.0,7.0,ARISTIDE BRIAND,"49,5000600000","0,1313900000",,76.076351,76351,Seine-Maritime,28.0,Normandie,50.0,4.0,2.0,2,1.0,28,Normandie,76,2,96,LeHavre,166058,1780,167838.0,2.0,1,,12.0,0.0,0.0,0.0,A01
202200034086,1,10,2022,20:56,4,76.0,76705,1,1,1.0,7.0,A13,"49,3298590000","1,0863480000",,76.076705,76705,Seine-Maritime,28.0,Normandie,110.0,1.0,3.0,7,1.0,28,Normandie,76,3,5,Tourville-la-Rivière,2568,19,2587.0,2.0,7,,0.0,0.0,0.0,0.0,A01
202200034108,8,12,2022,12:00,1,76.0,76540,2,2,1.0,3.0,Route du Havre,"49,4504100000","1,0592100000",,76.076540,76540,Seine-Maritime,28.0,Normandie,50.0,7.0,2.0,2,1.0,28,Normandie,76,3,97,Rouen,114083,1556,115639.0,3.0,37,2.0,0.0,2.0,7.0,1.0,B01
202200034108,8,12,2022,12:00,1,76.0,76540,2,2,1.0,3.0,Route du Havre,"49,4504100000","1,0592100000",,76.076540,76540,Seine-Maritime,28.0,Normandie,50.0,7.0,2.0,2,1.0,28,Normandie,76,3,97,Rouen,114083,1556,115639.0,3.0,20,,0.0,2.0,1.0,19.0,A01
202200034110,7,12,2022,13:00,1,76.0,76351,2,1,1.0,2.0,THEOPHILE GAUTIER,"49,5143400000","0,0908500000",,76.076351,76351,Seine-Maritime,28.0,Normandie,50.0,4.0,2.0,2,1.0,28,Normandie,76,2,96,LeHavre,166058,1780,167838.0,1.0,7,,0.0,2.0,1.0,1.0,A01
202200034110,7,12,2022,13:00,1,76.0,76351,2,1,1.0,2.0,THEOPHILE GAUTIER,"49,5143400000","0,0908500000",,76.076351,76351,Seine-Maritime,28.0,Normandie,50.0,4.0,2.0,2,1.0,28,Normandie,76,2,96,LeHavre,166058,1780,167838.0,1.0,20,,0.0,2.0,4.0,1.0,B01
202200034112,7,12,2022,09:30,2,76.0,76351,2,2,2.0,1.0,IRENE JOLIOT CURIE (RUE),"49,5224000000","0,1047000000",,76.076351,76351,Seine-Maritime,28.0,Normandie,50.0,4.0,2.0,2,2.0,28,Normandie,76,2,96,LeHavre,166058,1780,167838.0,2.0,7,,0.0,2.0,3.0,17.0,A01
202200034112,7,12,2022,09:30,2,76.0,76351,2,2,2.0,1.0,IRENE JOLIOT CURIE (RUE),"49,5224000000","0,1047000000",,76.076351,76351,Seine-Maritime,28.0,Normandie,50.0,4.0,2.0,2,2.0,28,Normandie,76,2,96,LeHavre,166058,1780,167838.0,1.0,31,,0.0,2.0,1.0,1.0,B01