Num_Acc,jour,mois,an,hrmn,lum,dep,com,agg,int,atm,col,adr,lat,long,gps,com_insee_temp,com_insee,departmentName,regionCode,regionName,vma,catr,circ,nbv,surf,Code,Region,Departement,Arrondissement,Code_Canton,Nom_Commune,Population_municipaLe,Population_comptee_a_part,Population_Totale,senc,catv,occutc,obs,obsm,choc,manv,num_veh
202200034208,30,9,2022,16:30,1,76.0,76517,1,1,1.0,6.0,A28,"49,5309600000","1,2075520000",,76.076517,76517,Seine-Maritime,28.0,Normandie,110.0,1.0,1.0,2,1.0,28,Normandie,76,3,2,Quincampoix,3110,68,3178.0,1.0,7,,4.0,0.0,1.0,1.0,A01
202200034259,10,12,2022,00:45,3,76.0,76751,1,1,4.0,6.0,1627 Route de Bolbec,"49,6258800000","0,5188530000",,76.076751,76751,Seine-Maritime,28.0,Normandie,80.0,3.0,2.0,2,7.0,28,Normandie,76,2,33,Yébleron,1278,15,1293.0,3.0,7,,2.0,0.0,2.0,1.0,A01
202200034277,10,12,2022,19:20,3,76.0,76196,1,4,1.0,5.0,d139,"49,6427830000","0,2556040000",,76.076196,76196,Seine-Maritime,28.0,Normandie,80.0,3.0,2.0,2,1.0,28,Normandie,76,2,26,Criquetot-l'Esneval,2567,82,2649.0,1.0,7,,0.0,2.0,1.0,1.0,C01
202200034277,10,12,2022,19:20,3,76.0,76196,1,4,1.0,5.0,d139,"49,6427830000","0,2556040000",,76.076196,76196,Seine-Maritime,28.0,Normandie,80.0,3.0,2.0,2,1.0,28,Normandie,76,2,26,Criquetot-l'Esneval,2567,82,2649.0,2.0,7,,0.0,2.0,1.0,1.0,B01
202200034277,10,12,2022,19:20,3,76.0,76196,1,4,1.0,5.0,d139,"49,6427830000","0,2556040000",,76.076196,76196,Seine-Maritime,28.0,Normandie,80.0,3.0,2.0,2,1.0,28,Normandie,76,2,26,Criquetot-l'Esneval,2567,82,2649.0,1.0,7,,0.0,0.0,5.0,15.0,A01
202200034365,5,12,2022,08:45,1,76.0,76351,2,2,1.0,6.0,INGOUVILLE (RUE),"49,4974800000","0,1093800000",,76.076351,76351,Seine-Maritime,28.0,Normandie,50.0,4.0,2.0,4,1.0,28,Normandie,76,2,96,LeHavre,166058,1780,167838.0,2.0,7,,0.0,1.0,1.0,0.0,A01
202200034391,17,7,2022,11:45,1,76.0,76125,1,1,1.0,1.0,D151,"49,6362700000","1,1730400000",,76.076125,76125,Seine-Maritime,28.0,Normandie,80.0,3.0,2.0,2,1.0,28,Normandie,76,3,23,Bosc-le-Hard,1579,18,1597.0,0.0,7,,0.0,2.0,3.0,13.0,A01
202200034391,17,7,2022,11:45,1,76.0,76125,1,1,1.0,1.0,D151,"49,6362700000","1,1730400000",,76.076125,76125,Seine-Maritime,28.0,Normandie,80.0,3.0,2.0,2,1.0,28,Normandie,76,3,23,Bosc-le-Hard,1579,18,1597.0,0.0,7,,3.0,2.0,3.0,1.0,B01
202200034505,15,7,2022,16:05,1,76.0,76540,2,3,1.0,6.0,Rue des Carmes,"49,4414100000","1,0943800000",,76.076540,76540,Seine-Maritime,28.0,Normandie,5.0,4.0,2.0,2,1.0,28,Normandie,76,3,97,Rouen,114083,1556,115639.0,3.0,7,,6.0,0.0,1.0,1.0,A01
202200034668,26,8,2022,13:00,1,76.0,76648,1,2,1.0,7.0,D12,"49,6550020000","1,2723650000",,76.076648,76648,Seine-Maritime,28.0,Normandie,80.0,3.0,2.0,2,1.0,28,Normandie,76,1,23,Saint-Saëns,2317,20,2337.0,1.0,13,,12.0,0.0,7.0,15.0,A01
202200034826,28,2,2022,19:45,4,76.0,76540,2,1,1.0,2.0,N338 - Sud 3,"49,4349000000","1,0738700000",,76.076540,76540,Seine-Maritime,28.0,Normandie,50.0,2.0,3.0,3,1.0,28,Normandie,76,3,97,Rouen,114083,1556,115639.0,2.0,33,,0.0,2.0,1.0,1.0,B01
202200034826,28,2,2022,19:45,4,76.0,76540,2,1,1.0,2.0,N338 - Sud 3,"49,4349000000","1,0738700000",,76.076540,76540,Seine-Maritime,28.0,Normandie,50.0,2.0,3.0,3,1.0,28,Normandie,76,3,97,Rouen,114083,1556,115639.0,2.0,7,,0.0,2.0,4.0,12.0,A01
202200034830,26,2,2022,17:25,1,76.0,76351,2,2,1.0,6.0,TOURNEVILLE (DE),"49,5003800000","0,1226100000",,76.076351,76351,Seine-Maritime,28.0,Normandie,30.0,4.0,1.0,1,1.0,28,Normandie,76,2,96,LeHavre,166058,1780,167838.0,0.0,7,,0.0,1.0,1.0,1.0,A01
202200034986,13,1,2022,07:20,3,76.0,76484,1,1,5.0,2.0,A13,"49,3363820000","1,0751530000",,76.076484,76484,Seine-Maritime,28.0,Normandie,110.0,1.0,3.0,7,1.0,28,Normandie,76,3,31,Oissel,12367,83,12450.0,1.0,17,,0.0,0.0,4.0,1.0,B01
202200034986,13,1,2022,07:20,3,76.0,76484,1,1,5.0,2.0,A13,"49,3363820000","1,0751530000",,76.076484,76484,Seine-Maritime,28.0,Normandie,110.0,1.0,3.0,7,1.0,28,Normandie,76,3,31,Oissel,12367,83,12450.0,1.0,17,,0.0,2.0,1.0,2.0,A01
202200035125,17,4,2022,22:15,5,76.0,76216,1,1,1.0,2.0,A150,"49,4551078489","1,0517169535",,76.076216,76216,Seine-Maritime,28.0,Normandie,90.0,1.0,3.0,4,1.0,28,Normandie,76,3,22,Déville-lès-Rouen,10745,62,10807.0,1.0,7,,3.0,2.0,6.0,11.0,B01
202200035125,17,4,2022,22:15,5,76.0,76216,1,1,1.0,2.0,A150,"49,4551078489","1,0517169535",,76.076216,76216,Seine-Maritime,28.0,Normandie,90.0,1.0,3.0,4,1.0,28,Normandie,76,3,22,Déville-lès-Rouen,10745,62,10807.0,1.0,33,,3.0,2.0,1.0,17.0,A01
202200035164,26,8,2022,15:30,1,76.0,76315,1,2,1.0,2.0,Route de Fauville,"49,7583910000","0,6170390000",,76.076315,76315,Seine-Maritime,28.0,Normandie,80.0,3.0,2.0,2,1.0,28,Normandie,76,1,33,Grainville-la-Teinturière,1072,18,1090.0,2.0,1,,0.0,2.0,4.0,15.0,B01
202200035164,26,8,2022,15:30,1,76.0,76315,1,2,1.0,2.0,Route de Fauville,"49,7583910000","0,6170390000",,76.076315,76315,Seine-Maritime,28.0,Normandie,80.0,3.0,2.0,2,1.0,28,Normandie,76,1,33,Grainville-la-Teinturière,1072,18,1090.0,2.0,7,,0.0,9.0,2.0,17.0,A01
202200035276,26,2,2022,07:50,2,76.0,76489,1,1,5.0,6.0,N1029,"49,4735340000","0,2699380000",,76.076489,76489,Seine-Maritime,28.0,Normandie,90.0,2.0,3.0,4,7.0,28,Normandie,76,2,32,OudalLe479,12,491,,1.0,7,,3.0,0.0,6.0,1.0,A01
202200035346,8,4,2022,14:40,1,76.0,76410,1,1,3.0,5.0,Cote de la Valette,"49,4882300000","1,0300200000",,76.076410,76410,Seine-Maritime,28.0,Normandie,80.0,7.0,2.0,2,2.0,28,Normandie,76,3,4,Maromme,11024,122,11146.0,1.0,7,,0.0,2.0,6.0,0.0,C01
202200035346,8,4,2022,14:40,1,76.0,76410,1,1,3.0,5.0,Cote de la Valette,"49,4882300000","1,0300200000",,76.076410,76410,Seine-Maritime,28.0,Normandie,80.0,7.0,2.0,2,2.0,28,Normandie,76,3,4,Maromme,11024,122,11146.0,1.0,7,,0.0,2.0,6.0,1.0,B01
202200035346,8,4,2022,14:40,1,76.0,76410,1,1,3.0,5.0,Cote de la Valette,"49,4882300000","1,0300200000",,76.076410,76410,Seine-Maritime,28.0,Normandie,80.0,7.0,2.0,2,2.0,28,Normandie,76,3,4,Maromme,11024,122,11146.0,2.0,7,,0.0,2.0,9.0,13.0,A01
202200035349,7,4,2022,23:10,5,76.0,76351,2,3,1.0,6.0,VERDUN (RUE DE),"49,5020400000","0,1573100000",,76.076351,76351,Seine-Maritime,28.0,Normandie,50.0,3.0,2.0,3,1.0,28,Normandie,76,2,96,LeHavre,166058,1780,167838.0,2.0,7,,0.0,0.0,0.0,1.0,A01
202200035349,7,4,2022,23:10,5,76.0,76351,2,3,1.0,6.0,VERDUN (RUE DE),"49,5020400000","0,1573100000",,76.076351,76351,Seine-Maritime,28.0,Normandie,50.0,3.0,2.0,3,1.0,28,Normandie,76,2,96,LeHavre,166058,1780,167838.0,2.0,7,,15.0,0.0,0.0,15.0,B01
202200035351,7,4,2022,14:30,1,76.0,76341,2,1,1.0,1.0,LUCIE AUBRAC (RUE),"49,5068400000","0,2059500000",,76.076341,76341,Seine-Maritime,28.0,Normandie,50.0,4.0,2.0,2,1.0,28,Normandie,76,2,15,Harfleur,8315,53,8368.0,2.0,7,,0.0,2.0,3.0,0.0,B01
202200035351,7,4,2022,14:30,1,76.0,76341,2,1,1.0,1.0,LUCIE AUBRAC (RUE),"49,5068400000","0,2059500000",,76.076341,76341,Seine-Maritime,28.0,Normandie,50.0,4.0,2.0,2,1.0,28,Normandie,76,2,15,Harfleur,8315,53,8368.0,1.0,7,,0.0,2.0,3.0,0.0,A01
202200035580,3,11,2022,10:25,1,76.0,76540,2,1,1.0,6.0,Place du Boulingrin,"49,4471500000","1,1064300000",,76.076540,76540,Seine-Maritime,28.0,Normandie,20.0,6.0,-1.0, -1,1.0,28,Normandie,76,3,97,Rouen,114083,1556,115639.0,0.0,7,,0.0,1.0,4.0,4.0,A01
202200035602,4,11,2022,00:45,5,76.0,76540,2,2,8.0,3.0,Boulevard de l'Europe,"49,4285338193","1,0946298552",,76.076540,76540,Seine-Maritime,28.0,Normandie,50.0,4.0,2.0,4,2.0,28,Normandie,76,3,97,Rouen,114083,1556,115639.0,0.0,7,,0.0,2.0,1.0,1.0,B01
202200035602,4,11,2022,00:45,5,76.0,76540,2,2,8.0,3.0,Boulevard de l'Europe,"49,4285338193","1,0946298552",,76.076540,76540,Seine-Maritime,28.0,Normandie,50.0,4.0,2.0,4,2.0,28,Normandie,76,3,97,Rouen,114083,1556,115639.0,0.0,7,,0.0,2.0,7.0,15.0,A01
202200035603,3,11,2022,21:35,5,76.0,76103,2,1,1.0,3.0,Route de Paris,"49,4210500000","1,1269000000",,76.076103,76103,Seine-Maritime,28.0,Normandie,50.0,7.0,2.0,2,1.0,28,Normandie,76,3,6,Bonsecours,6455,95,6550.0,0.0,7,,0.0,2.0,6.0,20.0,A01
202200035603,3,11,2022,21:35,5,76.0,76103,2,1,1.0,3.0,Route de Paris,"49,4210500000","1,1269000000",,76.076103,76103,Seine-Maritime,28.0,Normandie,50.0,7.0,2.0,2,1.0,28,Normandie,76,3,6,Bonsecours,6455,95,6550.0,0.0,2,,0.0,2.0,1.0,1.0,B01
202200035678,1,11,2022,19:00,3,76.0,76481,1,1,3.0,6.0,RD 6382,"49,5329600000","0,1144300000",,76.076481,76481,Seine-Maritime,28.0,Normandie,90.0,3.0,3.0,4,2.0,28,Normandie,76,2,26,Octeville-sur-Mer,6122,119,6241.0,2.0,7,,0.0,2.0,2.0,1.0,A01
202200035678,1,11,2022,19:00,3,76.0,76481,1,1,3.0,6.0,RD 6382,"49,5329600000","0,1144300000",,76.076481,76481,Seine-Maritime,28.0,Normandie,90.0,3.0,3.0,4,2.0,28,Normandie,76,2,26,Octeville-sur-Mer,6122,119,6241.0,2.0,10,,0.0,0.0,0.0,0.0,Z01
202200035795,17,5,2022,15:45,1,76.0,76258,1,1,1.0,6.0,A 29,"49,6299855578","0,6401935592",,76.076258,76258,Seine-Maritime,28.0,Normandie,130.0,1.0,1.0,2,1.0,28,Normandie,76,2,33,Terres-de-Caux,4208,112,4320.0,2.0,7,,3.0,0.0,2.0,2.0,A01
202200035807,17,5,2022,14:08,1,76.0,76641,1,1,1.0,6.0,Rue d Orimont,"49,8525110000","0,9043550000",,76.076641,76641,Seine-Maritime,28.0,Normandie,80.0,9.0,2.0,2,1.0,28,Normandie,76,1,33,Saint-Pierre-le-Vieux,194,5,199.0,0.0,1,,15.0,0.0,0.0,0.0,A01
202200035894,6,5,2022,06:20,1,76.0,76497,1,1,1.0,6.0,N138 - Sud 3,"49,3697400000","1,0420100000",,76.076497,76497,Seine-Maritime,28.0,Normandie,110.0,2.0,3.0,6,1.0,28,Normandie,76,3,13,Petit-Couronne,8688,175,8863.0,2.0,7,,0.0,2.0,0.0,11.0,A01
202200035895,16,5,2022,08:10,1,76.0,76319,1,1,1.0,3.0,D13,"49,3553900000","1,0255400000",,76.076319,76319,Seine-Maritime,28.0,Normandie,80.0,7.0,2.0,2,1.0,28,Normandie,76,3,9,Grand-Couronne,9726,177,9903.0,2.0,7,,0.0,0.0,3.0,10.0,A01
202200035895,16,5,2022,08:10,1,76.0,76319,1,1,1.0,3.0,D13,"49,3553900000","1,0255400000",,76.076319,76319,Seine-Maritime,28.0,Normandie,80.0,7.0,2.0,2,1.0,28,Normandie,76,3,9,Grand-Couronne,9726,177,9903.0,2.0,33,,0.0,2.0,2.0,1.0,B01
202200035896,13,5,2022,18:03,1,76.0,76351,2,1,1.0,6.0,ALBERT 1ER,"49,4996300000","0,0898000000",,76.076351,76351,Seine-Maritime,28.0,Normandie,50.0,4.0,1.0,2,1.0,28,Normandie,76,2,96,LeHavre,166058,1780,167838.0,3.0,50,,0.0,1.0,1.0,25.0,Z01
202200036178,9,12,2022,01:30,3,76.0,76684,1,6,1.0,6.0,D982,"49,4825830000","0,4427680000",,76.076684,76684,Seine-Maritime,28.0,Normandie,50.0,3.0,-1.0,1,2.0,28,Normandie,76,2,3,TancarvilLe1218,24,1242,,3.0,33,,12.0,0.0,2.0,9.0,A01
202200036206,16,7,2022,17:15,1,76.0,76101,1,1,1.0,7.0,A28,"49,9106580000","1,6222140000",,76.076101,76101,Seine-Maritime,28.0,Normandie,130.0,1.0,3.0,4,1.0,28,Normandie,76,1,10,Blangy-sur-BresLe2862,28,2890,,2.0,7,,0.0,0.0,6.0,1.0,A01
202200036220,16,7,2022,21:20,1,76.0,76591,2,1,1.0,1.0,Rue des Jonquets,"49,4480244439","1,2232144475",,76.076591,76591,Seine-Maritime,28.0,Normandie,50.0,4.0,2.0,2,1.0,28,Normandie,76,3,6,Saint-Jacques-sur-Darnétal,3152,49,3201.0,0.0,7,,0.0,0.0,2.0,1.0,A01
202200036220,16,7,2022,21:20,1,76.0,76591,2,1,1.0,1.0,Rue des Jonquets,"49,4480244439","1,2232144475",,76.076591,76591,Seine-Maritime,28.0,Normandie,50.0,4.0,2.0,2,1.0,28,Normandie,76,3,6,Saint-Jacques-sur-Darnétal,3152,49,3201.0,3.0,1,,0.0,2.0,1.0,1.0,B01
202200036413,7,12,2022,12:55,1,76.0,76434,2,2,1.0,6.0,Rue de la Lande,"49,3922690000","1,2620540000",,76.076434,76434,Seine-Maritime,28.0,Normandie,50.0,3.0,2.0,2,1.0,28,Normandie,76,3,21,Mesnil-Raoul,1171,8,1179.0,2.0,38,1.0,0.0,1.0,1.0,1.0,A01
202200036463,15,7,2022,17:00,1,76.0,76540,2,3,1.0,2.0,Rue de Fontenay,"49,4364100000","1,1029800000",,76.076540,76540,Seine-Maritime,28.0,Normandie,50.0,4.0,2.0,2,-1.0,28,Normandie,76,3,97,Rouen,114083,1556,115639.0,3.0,7,,0.0,1.0,5.0,4.0,A01
202200036464,15,7,2022,09:25,1,76.0,76447,1,1,1.0,7.0,Route d'Octeville,"49,5486800000","0,1598300000",,76.076447,76447,Seine-Maritime,28.0,Normandie,80.0,3.0,2.0,4,1.0,28,Normandie,76,2,15,Montivilliers,15457,203,15660.0,0.0,2,,0.0,0.0,1.0,1.0,A01
202200036467,14,7,2022,16:35,1,76.0,76351,2,3,1.0,6.0,LEO DELIBES,"49,5060600000","0,1674500000",,76.076351,76351,Seine-Maritime,28.0,Normandie,50.0,4.0,2.0,2,1.0,28,Normandie,76,2,96,LeHavre,166058,1780,167838.0,2.0,50,,0.0,2.0,0.0,0.0,B01
202200036467,14,7,2022,16:35,1,76.0,76351,2,3,1.0,6.0,LEO DELIBES,"49,5060600000","0,1674500000",,76.076351,76351,Seine-Maritime,28.0,Normandie,50.0,4.0,2.0,2,1.0,28,Normandie,76,2,96,LeHavre,166058,1780,167838.0,2.0,7,,0.0,2.0,0.0,1.0,A01
202200036469,15,7,2022,01:00,5,76.0,76351,2,1,1.0,6.0,CLEMENT MARICAL,"49,5018800000","0,0974100000",,76.076351,76351,Seine-Maritime,28.0,Normandie,50.0,4.0,1.0,1,1.0,28,Normandie,76,2,96,LeHavre,166058,1780,167838.0,0.0,7,,1.0,0.0,3.0,13.0,A01
202200036596,27,2,2022,15:00,1,76.0,76474,2,1,1.0,6.0,Route de Dieppe,"49,4966400000","1,0485400000",,76.076474,76474,Seine-Maritime,28.0,Normandie,50.0,7.0,2.0,2,1.0,28,Normandie,76,3,24,Notre-Dame-de-BondevilLe6957,82,7039,,2.0,33,,0.0,1.0,1.0,26.0,A01
202200036672,17,1,2022,15:39,1,76.0,76216,2,1,1.0,6.0,Rue du Petit Aulnay,"49,4617600000","1,0438200000",,76.076216,76216,Seine-Maritime,28.0,Normandie,30.0,7.0,2.0,2,1.0,28,Normandie,76,3,22,Déville-lès-Rouen,10745,62,10807.0,0.0,50,,0.0,0.0,0.0,0.0,B01
202200036672,17,1,2022,15:39,1,76.0,76216,2,1,1.0,6.0,Rue du Petit Aulnay,"49,4617600000","1,0438200000",,76.076216,76216,Seine-Maritime,28.0,Normandie,30.0,7.0,2.0,2,1.0,28,Normandie,76,3,22,Déville-lès-Rouen,10745,62,10807.0,2.0,37,1.0,0.0,2.0,0.0,15.0,A01
202200036675,14,1,2022,13:30,1,76.0,76351,2,1,1.0,1.0,BENOIT MALON,"49,5175900000","0,1757300000",,76.076351,76351,Seine-Maritime,28.0,Normandie,50.0,4.0,2.0,1,1.0,28,Normandie,76,2,96,LeHavre,166058,1780,167838.0,3.0,7,,0.0,2.0,0.0,0.0,B01
202200036675,14,1,2022,13:30,1,76.0,76351,2,1,1.0,1.0,BENOIT MALON,"49,5175900000","0,1757300000",,76.076351,76351,Seine-Maritime,28.0,Normandie,50.0,4.0,2.0,1,1.0,28,Normandie,76,2,96,LeHavre,166058,1780,167838.0,3.0,30,,0.0,2.0,0.0,0.0,A01
202200036685,24,8,2022,10:35,1,76.0,76540,2,3,1.0,1.0,Rue du Mont Gargan,"49,4365700000","1,1104700000",,76.076540,76540,Seine-Maritime,28.0,Normandie,30.0,7.0,2.0,2,1.0,28,Normandie,76,3,97,Rouen,114083,1556,115639.0,3.0,10,,0.0,2.0,2.0,15.0,A01
202200036685,24,8,2022,10:35,1,76.0,76540,2,3,1.0,1.0,Rue du Mont Gargan,"49,4365700000","1,1104700000",,76.076540,76540,Seine-Maritime,28.0,Normandie,30.0,7.0,2.0,2,1.0,28,Normandie,76,3,97,Rouen,114083,1556,115639.0,3.0,1,,0.0,2.0,1.0,1.0,B01
202200036687,24,8,2022,09:40,1,76.0,76540,2,1,1.0,6.0,Rue Francis Yard,"49,4469200000","1,1097000000",,76.076540,76540,Seine-Maritime,28.0,Normandie,50.0,4.0,1.0,1,1.0,28,Normandie,76,3,97,Rouen,114083,1556,115639.0,3.0,32,,1.0,0.0,1.0,5.0,A01
202200036977,17,6,2022,02:45,3,76.0,76647,1,1,1.0,7.0,1541 Route de la Cerlangue,"49,5157920000","0,3829770000",,76.076647,76647,Seine-Maritime,28.0,Normandie,80.0,3.0,2.0,2,1.0,28,Normandie,76,2,32,Saint-Romain-de-Colbosc,4436,43,4479.0,2.0,7,,2.0,0.0,1.0,14.0,A01
202200037051,14,6,2022,19:25,1,76.0,76259,2,2,1.0,3.0,LEBORGNE ( RUE CHARLES),"49,7525880000","0,3711830000",,76.076259,76259,Seine-Maritime,28.0,Normandie,50.0,4.0,2.0,5,1.0,28,Normandie,76,2,11,Fécamp,18016,269,18285.0,2.0,50,,0.0,2.0,0.0,1.0,B01
202200037051,14,6,2022,19:25,1,76.0,76259,2,2,1.0,3.0,LEBORGNE ( RUE CHARLES),"49,7525880000","0,3711830000",,76.076259,76259,Seine-Maritime,28.0,Normandie,50.0,4.0,2.0,5,1.0,28,Normandie,76,2,11,Fécamp,18016,269,18285.0,1.0,7,,0.0,9.0,5.0,19.0,A01
202200037107,14,6,2022,19:19,1,76.0,76351,2,1,1.0,6.0,CIRCULAIRE (AVENUE),"49,5214400000","0,1353800000",,76.076351,76351,Seine-Maritime,28.0,Normandie,50.0,4.0,-1.0,2,1.0,28,Normandie,76,2,96,LeHavre,166058,1780,167838.0,3.0,1,,0.0,1.0,2.0,17.0,A01
202200037308,28,2,2022,17:30,1,76.0,76540,2,1,1.0,4.0,Quai Jean Moulin,"49,4353337152","1,0920882225",,76.076540,76540,Seine-Maritime,28.0,Normandie,50.0,4.0,2.0,4,1.0,28,Normandie,76,3,97,Rouen,114083,1556,115639.0,3.0,7,,0.0,2.0,4.0,2.0,C01
202200037308,28,2,2022,17:30,1,76.0,76540,2,1,1.0,4.0,Quai Jean Moulin,"49,4353337152","1,0920882225",,76.076540,76540,Seine-Maritime,28.0,Normandie,50.0,4.0,2.0,4,1.0,28,Normandie,76,3,97,Rouen,114083,1556,115639.0,0.0,7,,0.0,2.0,9.0,2.0,B01
202200037308,28,2,2022,17:30,1,76.0,76540,2,1,1.0,4.0,Quai Jean Moulin,"49,4353337152","1,0920882225",,76.076540,76540,Seine-Maritime,28.0,Normandie,50.0,4.0,2.0,4,1.0,28,Normandie,76,3,97,Rouen,114083,1556,115639.0,3.0,7,,0.0,2.0,1.0,2.0,A01
202200037309,7,4,2022,10:00,1,76.0,76351,2,3,1.0,6.0,BELLOT,"49,4852900000","0,1273600000",,76.076351,76351,Seine-Maritime,28.0,Normandie,50.0,4.0,2.0,2,1.0,28,Normandie,76,2,96,LeHavre,166058,1780,167838.0,2.0,7,,1.0,0.0,0.0,0.0,A01
202200037310,6,4,2022,19:00,1,76.0,76351,2,3,2.0,3.0,SOCRATE,"49,5164600000","0,1560900000",,76.076351,76351,Seine-Maritime,28.0,Normandie,50.0,4.0,2.0,3,2.0,28,Normandie,76,2,96,LeHavre,166058,1780,167838.0,2.0,7,,0.0,2.0,0.0,23.0,B01
202200037310,6,4,2022,19:00,1,76.0,76351,2,3,2.0,3.0,SOCRATE,"49,5164600000","0,1560900000",,76.076351,76351,Seine-Maritime,28.0,Normandie,50.0,4.0,2.0,3,2.0,28,Normandie,76,2,96,LeHavre,166058,1780,167838.0,1.0,7,,0.0,2.0,0.0,16.0,A01
202200037461,1,4,2022,11:55,1,76.0,76517,1,2,1.0,3.0,D47,"49,5221370000","1,1362370000",,76.076517,76517,Seine-Maritime,28.0,Normandie,80.0,3.0,2.0,2,1.0,28,Normandie,76,3,2,Quincampoix,3110,68,3178.0,1.0,7,,8.0,2.0,6.0,1.0,B01
202200037461,1,4,2022,11:55,1,76.0,76517,1,2,1.0,3.0,D47,"49,5221370000","1,1362370000",,76.076517,76517,Seine-Maritime,28.0,Normandie,80.0,3.0,2.0,2,1.0,28,Normandie,76,3,2,Quincampoix,3110,68,3178.0,1.0,7,,0.0,2.0,3.0,19.0,A01
202200037575,2,11,2022,20:50,3,76.0,76242,1,1,2.0,2.0,Route de Paris,"49,4582290000","1,7243060000",,76.076242,76242,Seine-Maritime,28.0,Normandie,80.0,3.0,2.0,2,2.0,28,Normandie,76,1,12,Ernemont-la-Villette,207,4,211.0,2.0,2,,0.0,0.0,4.0,1.0,B01
202200037575,2,11,2022,20:50,3,76.0,76242,1,1,2.0,2.0,Route de Paris,"49,4582290000","1,7243060000",,76.076242,76242,Seine-Maritime,28.0,Normandie,80.0,3.0,2.0,2,2.0,28,Normandie,76,1,12,Ernemont-la-Villette,207,4,211.0,2.0,7,,0.0,2.0,2.0,1.0,A01
202200037629,1,11,2022,10:05,1,76.0,76322,2,2,1.0,3.0,Avenue des Canadiens,"49,4092700000","1,0707600000",,76.076322,76322,Seine-Maritime,28.0,Normandie,50.0,7.0,2.0,2,1.0,28,Normandie,76,3,13,LeGrand-Quevilly,25975,225,26200.0,0.0,7,,0.0,2.0,0.0,0.0,A01
202200037629,1,11,2022,10:05,1,76.0,76322,2,2,1.0,3.0,Avenue des Canadiens,"49,4092700000","1,0707600000",,76.076322,76322,Seine-Maritime,28.0,Normandie,50.0,7.0,2.0,2,1.0,28,Normandie,76,3,13,LeGrand-Quevilly,25975,225,26200.0,0.0,7,,0.0,2.0,6.0,0.0,B01
202200037864,27,9,2022,17:50,1,76.0,76351,2,3,1.0,6.0,FELIX FAURE,"49,5000100000","0,1042900000",,76.076351,76351,Seine-Maritime,28.0,Normandie,50.0,4.0,2.0,2,1.0,28,Normandie,76,2,96,LeHavre,166058,1780,167838.0,2.0,7,,0.0,1.0,1.0,15.0,A01
202200037915,23,9,2022,20:00,5,76.0,76351,1,1,3.0,1.0,N 282,"49,5019400000","0,1895700000",,76.076351,76351,Seine-Maritime,28.0,Normandie,70.0,2.0,2.0,2,2.0,28,Normandie,76,2,96,LeHavre,166058,1780,167838.0,2.0,7,,0.0,2.0,1.0,5.0,A01
202200037915,23,9,2022,20:00,5,76.0,76351,1,1,3.0,1.0,N 282,"49,5019400000","0,1895700000",,76.076351,76351,Seine-Maritime,28.0,Normandie,70.0,2.0,2.0,2,2.0,28,Normandie,76,2,96,LeHavre,166058,1780,167838.0,1.0,10,,0.0,2.0,1.0,1.0,B01
202200037916,23,9,2022,18:00,1,76.0,76351,2,2,1.0,7.0,GUSTAVE BRINDEAU (RUE),"49,4936800000","0,1388900000",,76.076351,76351,Seine-Maritime,28.0,Normandie,50.0,4.0,2.0,2,2.0,28,Normandie,76,2,96,LeHavre,166058,1780,167838.0,0.0,30,,0.0,0.0,0.0,0.0,A01
202200037917,25,9,2022,05:17,5,76.0,76351,2,1,2.0,6.0,GENERAL FERRIE (AVENUE),"49,5030900000","0,1812600000",,76.076351,76351,Seine-Maritime,28.0,Normandie,50.0,4.0,2.0,2,2.0,28,Normandie,76,2,96,LeHavre,166058,1780,167838.0,0.0,7,,6.0,0.0,1.0,14.0,A01
202200038024,3,12,2022,04:45,5,76.0,76305,2,3,1.0,1.0,OUDALLE (ROUTE),"49,5027100000","0,2112250000",,76.076305,76305,Seine-Maritime,28.0,Normandie,50.0,3.0,-1.0,0,1.0,28,Normandie,76,2,16,Gonfreville-l'Orcher,8961,44,9005.0,2.0,10,,0.0,2.0,1.0,11.0,A01
202200038024,3,12,2022,04:45,5,76.0,76305,2,3,1.0,1.0,OUDALLE (ROUTE),"49,5027100000","0,2112250000",,76.076305,76305,Seine-Maritime,28.0,Normandie,50.0,3.0,-1.0,0,1.0,28,Normandie,76,2,16,Gonfreville-l'Orcher,8961,44,9005.0,1.0,10,,0.0,2.0,1.0,1.0,B01
202200038078,16,1,2022,17:30,1,76.0,76467,2,6,3.0,6.0,rue de la gare,"49,8216130000","0,7021730000",,76.076467,76467,Seine-Maritime,28.0,Normandie,30.0,3.0,2.0,2,2.0,28,Normandie,76,1,33,NévilLe1339,19,1358,,1.0,7,,6.0,0.0,1.0,0.0,A01
202200038081,13,1,2022,14:00,1,76.0,76146,2,1,1.0,6.0,Parc d Activite des Cateliers,"49,5897350000","1,3473210000",,76.076146,76146,Seine-Maritime,28.0,Normandie,-1.0,6.0,-1.0, -1,1.0,28,Normandie,76,3,21,Buchy,2805,108,2913.0,0.0,3,,0.0,1.0,1.0,26.0,A01
202200038282,2,12,2022,20:35,3,76.0,76548,1,1,1.0,1.0,D93,"49,4633830000","1,3399030000",,76.076548,76548,Seine-Maritime,28.0,Normandie,80.0,3.0,2.0,2,1.0,28,Normandie,76,3,21,Ry,775,16,791.0,1.0,7,,0.0,0.0,1.0,24.0,A01