Num_Acc,jour,mois,an,hrmn,lum,dep,com,agg,int,atm,col,adr,lat,long,gps,com_insee_temp,com_insee,departmentName,regionCode,regionName,vma,catr,circ,nbv,surf,Code,Region,Departement,Arrondissement,Code_Canton,Nom_Commune,Population_municipaLe,Population_comptee_a_part,Population_Totale,senc,catv,occutc,obs,obsm,choc,manv,num_veh
202200038282,2,12,2022,20:35,3,76.0,76548,1,1,1.0,1.0,D93,"49,4633830000","1,3399030000",,76.076548,76548,Seine-Maritime,28.0,Normandie,80.0,3.0,2.0,2,1.0,28,Normandie,76,3,21,Ry,775,16,791.0,1.0,7,,1.0,0.0,1.0,0.0,B01
202200038446,14,7,2022,21:10,1,76.0,76484,1,6,1.0,3.0,Route des Essarts,"49,3514700000","1,0286670000",,76.076484,76484,Seine-Maritime,28.0,Normandie,80.0,7.0,1.0,2,1.0,28,Normandie,76,3,31,Oissel,12367,83,12450.0,3.0,7,,0.0,2.0,2.0,1.0,B01
202200038446,14,7,2022,21:10,1,76.0,76484,1,6,1.0,3.0,Route des Essarts,"49,3514700000","1,0286670000",,76.076484,76484,Seine-Maritime,28.0,Normandie,80.0,7.0,1.0,2,1.0,28,Normandie,76,3,31,Oissel,12367,83,12450.0,3.0,7,,0.0,2.0,3.0,26.0,A01
202200038448,14,7,2022,16:40,1,76.0,76497,1,1,1.0,7.0,N338 - Sud 3,"49,3910525364","1,0418002397",,76.076497,76497,Seine-Maritime,28.0,Normandie,110.0,2.0,3.0,4,9.0,28,Normandie,76,3,13,Petit-Couronne,8688,175,8863.0,1.0,99,,0.0,0.0,9.0,1.0,A01
202200038577,23,8,2022,08:25,1,76.0,76540,2,2,1.0,3.0,Quai Pierre Corneille,"49,4381100000","1,0919300000",,76.076540,76540,Seine-Maritime,28.0,Normandie,50.0,4.0,2.0,2,1.0,28,Normandie,76,3,97,Rouen,114083,1556,115639.0,3.0,7,,0.0,2.0,1.0,15.0,A01
202200038577,23,8,2022,08:25,1,76.0,76540,2,2,1.0,3.0,Quai Pierre Corneille,"49,4381100000","1,0919300000",,76.076540,76540,Seine-Maritime,28.0,Normandie,50.0,4.0,2.0,2,1.0,28,Normandie,76,3,97,Rouen,114083,1556,115639.0,3.0,32,,0.0,2.0,8.0,1.0,B01
202200038590,15,7,2022,00:10,3,76.0,76615,1,1,1.0,6.0,Route de la Garenne,"49,5970610000","0,2026780000",,76.076615,76615,Seine-Maritime,28.0,Normandie,80.0,3.0,2.0,2,1.0,28,Normandie,76,2,26,Saint-Martin-du-Bec,643,24,667.0,1.0,33,,2.0,0.0,1.0,1.0,A01
202200038994,20,8,2022,15:05,1,76.0,76351,2,4,1.0,3.0,LOUIS BLANC,"49,5088200000","0,1351000000",,76.076351,76351,Seine-Maritime,28.0,Normandie,50.0,4.0,2.0,4,1.0,28,Normandie,76,2,96,LeHavre,166058,1780,167838.0,2.0,20,,0.0,2.0,1.0,16.0,A01
202200038994,20,8,2022,15:05,1,76.0,76351,2,4,1.0,3.0,LOUIS BLANC,"49,5088200000","0,1351000000",,76.076351,76351,Seine-Maritime,28.0,Normandie,50.0,4.0,2.0,4,1.0,28,Normandie,76,2,96,LeHavre,166058,1780,167838.0,2.0,50,,0.0,2.0,8.0,1.0,B01
202200039060,26,2,2022,15:50,1,76.0,76113,2,3,7.0,3.0,D93,"49,5195010000","1,3568760000",,76.076113,76113,Seine-Maritime,28.0,Normandie,50.0,3.0,2.0,2,1.0,28,Normandie,76,3,21,Boissay,415,7,422.0,1.0,7,,0.0,2.0,1.0,1.0,A01
202200039060,26,2,2022,15:50,1,76.0,76113,2,3,7.0,3.0,D93,"49,5195010000","1,3568760000",,76.076113,76113,Seine-Maritime,28.0,Normandie,50.0,3.0,2.0,2,1.0,28,Normandie,76,3,21,Boissay,415,7,422.0,2.0,20,,0.0,2.0,8.0,15.0,B01
202200039078,14,6,2022,21:30,1,76.0,76540,2,1,7.0,1.0,Avenue de la Grand Mare,"49,4601000000","1,1330000000",,76.076540,76540,Seine-Maritime,28.0,Normandie,30.0,7.0,2.0,2,1.0,28,Normandie,76,3,97,Rouen,114083,1556,115639.0,3.0,7,,0.0,2.0,3.0,1.0,B01
202200039078,14,6,2022,21:30,1,76.0,76540,2,1,7.0,1.0,Avenue de la Grand Mare,"49,4601000000","1,1330000000",,76.076540,76540,Seine-Maritime,28.0,Normandie,30.0,7.0,2.0,2,1.0,28,Normandie,76,3,97,Rouen,114083,1556,115639.0,3.0,7,,0.0,2.0,3.0,1.0,A01
202200039083,14,6,2022,11:25,1,76.0,76351,2,2,1.0,3.0,DENFERT ROCHEREAU (RUE),"49,4878000000","0,1382600000",,76.076351,76351,Seine-Maritime,28.0,Normandie,50.0,4.0,2.0,2,1.0,28,Normandie,76,2,96,LeHavre,166058,1780,167838.0,1.0,7,,0.0,2.0,3.0,23.0,B01
202200039083,14,6,2022,11:25,1,76.0,76351,2,2,1.0,3.0,DENFERT ROCHEREAU (RUE),"49,4878000000","0,1382600000",,76.076351,76351,Seine-Maritime,28.0,Normandie,50.0,4.0,2.0,2,1.0,28,Normandie,76,2,96,LeHavre,166058,1780,167838.0,2.0,7,,0.0,2.0,3.0,0.0,A01
202200039085,13,6,2022,13:40,1,76.0,76351,2,9,1.0,1.0,PONT VII (ROUTE DU),"49,4907600000","0,1817600000",,76.076351,76351,Seine-Maritime,28.0,Normandie,50.0,4.0,2.0,2,1.0,28,Normandie,76,2,96,LeHavre,166058,1780,167838.0,3.0,33,,0.0,2.0,3.0,1.0,B01
202200039085,13,6,2022,13:40,1,76.0,76351,2,9,1.0,1.0,PONT VII (ROUTE DU),"49,4907600000","0,1817600000",,76.076351,76351,Seine-Maritime,28.0,Normandie,50.0,4.0,2.0,2,1.0,28,Normandie,76,2,96,LeHavre,166058,1780,167838.0,3.0,14,,0.0,2.0,3.0,15.0,A01
202200039087,10,4,2022,16:20,1,76.0,76351,2,1,1.0,1.0,JULES DURAND (BD),"49,4918400000","0,1654000000",,76.076351,76351,Seine-Maritime,28.0,Normandie,50.0,3.0,2.0,2,1.0,28,Normandie,76,2,96,LeHavre,166058,1780,167838.0,1.0,7,,0.0,2.0,1.0,0.0,A01
202200039087,10,4,2022,16:20,1,76.0,76351,2,1,1.0,1.0,JULES DURAND (BD),"49,4918400000","0,1654000000",,76.076351,76351,Seine-Maritime,28.0,Normandie,50.0,3.0,2.0,2,1.0,28,Normandie,76,2,96,LeHavre,166058,1780,167838.0,2.0,7,,0.0,2.0,8.0,1.0,B01
202200039090,14,6,2022,07:18,2,76.0,76576,1,6,1.0,6.0,D6015,"49,5540780000","0,4426400000",,76.076576,76576,Seine-Maritime,28.0,Normandie,80.0,3.0,2.0,2,1.0,28,Normandie,76,2,3,Saint-Eustache-la-Forêt,1233,16,1249.0,2.0,7,,0.0,1.0,3.0,16.0,A01
202200039136,6,4,2022,21:55,5,76.0,76497,2,1,2.0,6.0,Rue Aristide Briand,"49,3895500000","1,0230600000",,76.076497,76497,Seine-Maritime,28.0,Normandie,50.0,7.0,2.0,2,2.0,28,Normandie,76,3,13,Petit-Couronne,8688,175,8863.0,1.0,7,,0.0,1.0,0.0,26.0,A01
202200039185,5,4,2022,17:25,1,76.0,76351,2,1,1.0,6.0,VERDUN (RUE DE),"49,5022600000","0,1848500000",,76.076351,76351,Seine-Maritime,28.0,Normandie,50.0,3.0,1.0,2,1.0,28,Normandie,76,2,96,LeHavre,166058,1780,167838.0,3.0,1,,0.0,2.0,0.0,1.0,B01
202200039185,5,4,2022,17:25,1,76.0,76351,2,1,1.0,6.0,VERDUN (RUE DE),"49,5022600000","0,1848500000",,76.076351,76351,Seine-Maritime,28.0,Normandie,50.0,3.0,1.0,2,1.0,28,Normandie,76,2,96,LeHavre,166058,1780,167838.0,3.0,7,,0.0,2.0,8.0,11.0,A01
202200039384,7,4,2022,00:01,3,76.0,76464,1,1,2.0,7.0,Rue de la Vente Pouchet,"49,3799280000","1,2622150000",,76.076464,76464,Seine-Maritime,28.0,Normandie,80.0,4.0,2.0,2,2.0,28,Normandie,76,3,21,La Neuville-Chant-d'Oisel,2377,38,2415.0,3.0,7,,0.0,0.0,2.0,1.0,A01
202200039386,1,4,2022,20:00,1,76.0,76448,2,1,1.0,2.0,Rue de la Mairie,"49,4076520000","1,2405950000",,76.076448,76448,Seine-Maritime,28.0,Normandie,30.0,4.0,2.0,2,1.0,28,Normandie,76,3,21,Montmain,1448,36,1484.0,1.0,33,,0.0,2.0,3.0,2.0,B01
202200039386,1,4,2022,20:00,1,76.0,76448,2,1,1.0,2.0,Rue de la Mairie,"49,4076520000","1,2405950000",,76.076448,76448,Seine-Maritime,28.0,Normandie,30.0,4.0,2.0,2,1.0,28,Normandie,76,3,21,Montmain,1448,36,1484.0,1.0,7,,0.0,0.0,5.0,15.0,A01
202200039444,29,10,2022,05:55,5,76.0,76351,2,4,1.0,6.0,RENE PERROCHON,"49,5059600000","0,1217400000",,76.076351,76351,Seine-Maritime,28.0,Normandie,50.0,4.0,2.0,2,2.0,28,Normandie,76,2,96,LeHavre,166058,1780,167838.0,0.0,7,,0.0,1.0,1.0,1.0,A01
202200039446,29,10,2022,14:00,1,76.0,76351,2,3,1.0,3.0,PAUL LUCAS,"49,4972100000","0,0959300000",,76.076351,76351,Seine-Maritime,28.0,Normandie,50.0,4.0,1.0,1,1.0,28,Normandie,76,2,96,LeHavre,166058,1780,167838.0,2.0,7,,0.0,2.0,2.0,15.0,B01
202200039446,29,10,2022,14:00,1,76.0,76351,2,3,1.0,3.0,PAUL LUCAS,"49,4972100000","0,0959300000",,76.076351,76351,Seine-Maritime,28.0,Normandie,50.0,4.0,1.0,1,1.0,28,Normandie,76,2,96,LeHavre,166058,1780,167838.0,1.0,30,,0.0,2.0,2.0,1.0,A01
202200039837,15,1,2022,20:45,3,76.0,76618,1,1,1.0,7.0,D113,"49,9575710000","1,2141180000",,76.076618,76618,Seine-Maritime,28.0,Normandie,80.0,3.0,2.0,2,1.0,28,Normandie,76,1,8,Petit-Caux,9625,210,9835.0,1.0,7,,13.0,0.0,0.0,1.0,A01
202200040114,5,12,2022,18:00,5,76.0,76322,1,1,1.0,2.0,N338 - Sud 3,"49,4125000000","1,0419000000",,76.076322,76322,Seine-Maritime,28.0,Normandie,90.0,2.0,3.0,5,1.0,28,Normandie,76,3,13,LeGrand-Quevilly,25975,225,26200.0,2.0,7,,0.0,2.0,3.0,9.0,A01
202200040114,5,12,2022,18:00,5,76.0,76322,1,1,1.0,2.0,N338 - Sud 3,"49,4125000000","1,0419000000",,76.076322,76322,Seine-Maritime,28.0,Normandie,90.0,2.0,3.0,5,1.0,28,Normandie,76,3,13,LeGrand-Quevilly,25975,225,26200.0,2.0,15,,0.0,2.0,5.0,1.0,B01
202200040185,23,9,2022,19:40,1,76.0,76481,1,1,2.0,2.0,RD 6382,"49,5325080000","0,1173930000",,76.076481,76481,Seine-Maritime,28.0,Normandie,90.0,3.0,3.0,4,3.0,28,Normandie,76,2,26,Octeville-sur-Mer,6122,119,6241.0,2.0,7,,0.0,2.0,4.0,1.0,B01
202200040185,23,9,2022,19:40,1,76.0,76481,1,1,2.0,2.0,RD 6382,"49,5325080000","0,1173930000",,76.076481,76481,Seine-Maritime,28.0,Normandie,90.0,3.0,3.0,4,3.0,28,Normandie,76,2,26,Octeville-sur-Mer,6122,119,6241.0,2.0,10,,0.0,2.0,1.0,1.0,A01
202200040189,23,9,2022,12:40,1,76.0,76341,1,4,1.0,3.0,RD 6382,"49,5222400000","0,1858300000",,76.076341,76341,Seine-Maritime,28.0,Normandie,70.0,3.0,3.0,4,1.0,28,Normandie,76,2,15,Harfleur,8315,53,8368.0,1.0,7,,0.0,2.0,2.0,1.0,A01
202200040189,23,9,2022,12:40,1,76.0,76341,1,4,1.0,3.0,RD 6382,"49,5222400000","0,1858300000",,76.076341,76341,Seine-Maritime,28.0,Normandie,70.0,3.0,3.0,4,1.0,28,Normandie,76,2,15,Harfleur,8315,53,8368.0,1.0,7,,0.0,2.0,6.0,0.0,Z01
202200040193,11,9,2022,17:00,1,76.0,76341,1,1,1.0,2.0,RD 6015,"49,5082900000","0,1964500000",,76.076341,76341,Seine-Maritime,28.0,Normandie,70.0,3.0,3.0,9,1.0,28,Normandie,76,2,15,Harfleur,8315,53,8368.0,2.0,7,,0.0,2.0,4.0,1.0,B01
202200040193,11,9,2022,17:00,1,76.0,76341,1,1,1.0,2.0,RD 6015,"49,5082900000","0,1964500000",,76.076341,76341,Seine-Maritime,28.0,Normandie,70.0,3.0,3.0,9,1.0,28,Normandie,76,2,15,Harfleur,8315,53,8368.0,2.0,7,,0.0,2.0,1.0,2.0,Z01
202200040239,4,12,2022,18:55,5,76.0,76540,2,3,1.0,3.0,Pont Jeanne d'Arc,"49,4387662913","1,0885262489",,76.076540,76540,Seine-Maritime,28.0,Normandie,50.0,7.0,2.0,5,1.0,28,Normandie,76,3,97,Rouen,114083,1556,115639.0,3.0,7,,0.0,2.0,3.0,1.0,B01
202200040239,4,12,2022,18:55,5,76.0,76540,2,3,1.0,3.0,Pont Jeanne d'Arc,"49,4387662913","1,0885262489",,76.076540,76540,Seine-Maritime,28.0,Normandie,50.0,7.0,2.0,5,1.0,28,Normandie,76,3,97,Rouen,114083,1556,115639.0,3.0,80,,0.0,2.0,7.0,1.0,A01
202200040240,3,12,2022,20:05,5,76.0,76259,2,1,1.0,6.0,BERIGNY (QUAI),"49,7599800000","0,3691600000",,76.076259,76259,Seine-Maritime,28.0,Normandie,30.0,3.0,2.0,0,1.0,28,Normandie,76,2,11,Fécamp,18016,269,18285.0,1.0,7,,0.0,1.0,1.0,19.0,A01
202200040241,4,12,2022,15:00,1,76.0,76026,2,1,1.0,7.0,CHAUSSEE (RUE DE LA),"49,8808900000","1,1326900000",,76.076026,76026,Seine-Maritime,28.0,Normandie,50.0,3.0,2.0,3,1.0,28,Normandie,76,1,8,Arques-la-BatailLe2480,44,2524,,2.0,36,,0.0,0.0,3.0,26.0,A01
202200040260,12,7,2022,19:10,1,76.0,76447,1,1,1.0,7.0,E0489A4,"49,5316300000","0,1858800000",,76.076447,76447,Seine-Maritime,28.0,Normandie,70.0,3.0,3.0,4,1.0,28,Normandie,76,2,15,Montivilliers,15457,203,15660.0,1.0,33,,0.0,0.0,8.0,13.0,A01
202200040263,12,7,2022,02:10,5,76.0,76351,2,1,1.0,6.0,PONT ROUGE,"49,4878300000","0,1849000000",,76.076351,76351,Seine-Maritime,28.0,Normandie,50.0,4.0,2.0,2,1.0,28,Normandie,76,2,96,LeHavre,166058,1780,167838.0,0.0,3,,8.0,0.0,2.0,14.0,A01
202200040461,22,8,2022,20:50,2,76.0,76224,2,1,1.0,6.0,257 Route de Criquetot,"49,6498980000","0,3224230000",,76.076224,76224,Seine-Maritime,28.0,Normandie,50.0,3.0,2.0,2,1.0,28,Normandie,76,2,32,ÉcrainvilLe969,19,988,,2.0,7,,6.0,0.0,3.0,1.0,A01
202200040489,13,7,2022,08:30,1,76.0,76517,2,2,1.0,3.0,Route de Neufchâtel,"49,5187871310","1,1793792844",,76.076517,76517,Seine-Maritime,28.0,Normandie,80.0,3.0,-1.0,2,1.0,28,Normandie,76,3,2,Quincampoix,3110,68,3178.0,2.0,7,,0.0,2.0,3.0,15.0,B01
202200040489,13,7,2022,08:30,1,76.0,76517,2,2,1.0,3.0,Route de Neufchâtel,"49,5187871310","1,1793792844",,76.076517,76517,Seine-Maritime,28.0,Normandie,80.0,3.0,-1.0,2,1.0,28,Normandie,76,3,2,Quincampoix,3110,68,3178.0,2.0,31,,0.0,2.0,2.0,17.0,A01
202200040508,25,2,2022,21:20,3,76.0,76714,1,1,1.0,1.0,route Départementale 6015,"49,5519720000","0,4131890000",,76.076714,76714,Seine-Maritime,28.0,Normandie,80.0,3.0,2.0,2,1.0,28,Normandie,76,2,32,LesTrois-Pierres,797,15,812.0,1.0,7,,0.0,2.0,1.0,13.0,A01
202200040508,25,2,2022,21:20,3,76.0,76714,1,1,1.0,1.0,route Départementale 6015,"49,5519720000","0,4131890000",,76.076714,76714,Seine-Maritime,28.0,Normandie,80.0,3.0,2.0,2,1.0,28,Normandie,76,2,32,LesTrois-Pierres,797,15,812.0,2.0,7,,0.0,2.0,1.0,1.0,B01
202200040556,24,2,2022,13:50,1,76.0,76540,2,1,2.0,6.0,Boulevard de l'Europe,"49,4278200000","1,0823500000",,76.076540,76540,Seine-Maritime,28.0,Normandie,50.0,4.0,2.0,5,2.0,28,Normandie,76,3,97,Rouen,114083,1556,115639.0,1.0,13,,0.0,1.0,7.0,1.0,A01
202200040632,21,8,2022,10:00,1,76.0,76451,2,1,1.0,6.0,72 Avenue du Mont aux Malades,"49,4688530000","1,0667110000",,76.076451,76451,Seine-Maritime,28.0,Normandie,50.0,4.0,2.0,2,1.0,28,Normandie,76,3,22,Mont-Saint-Aignan,20066,415,20481.0,2.0,7,,3.0,0.0,9.0,13.0,A01
202200040761,11,7,2022,11:05,1,76.0,76351,2,2,1.0,3.0,PIERRE GUILLAUME PETIT,"49,5184400000","0,0967500000",,76.076351,76351,Seine-Maritime,28.0,Normandie,30.0,4.0,2.0,1,1.0,28,Normandie,76,2,96,LeHavre,166058,1780,167838.0,1.0,7,,0.0,2.0,8.0,15.0,A01
202200040761,11,7,2022,11:05,1,76.0,76351,2,2,1.0,3.0,PIERRE GUILLAUME PETIT,"49,5184400000","0,0967500000",,76.076351,76351,Seine-Maritime,28.0,Normandie,30.0,4.0,2.0,1,1.0,28,Normandie,76,2,96,LeHavre,166058,1780,167838.0,2.0,1,,0.0,2.0,1.0,1.0,B01
202200040769,11,7,2022,16:37,1,76.0,76414,1,1,1.0,2.0,D1,"49,8962700000","1,1401500000",,76.076414,76414,Seine-Maritime,28.0,Normandie,80.0,3.0,2.0,2,1.0,28,Normandie,76,1,8,Martin-Église,1600,55,1655.0,2.0,10,,0.0,2.0,2.0,17.0,A01
202200040769,11,7,2022,16:37,1,76.0,76414,1,1,1.0,2.0,D1,"49,8962700000","1,1401500000",,76.076414,76414,Seine-Maritime,28.0,Normandie,80.0,3.0,2.0,2,1.0,28,Normandie,76,1,8,Martin-Église,1600,55,1655.0,2.0,80,,0.0,0.0,6.0,2.0,B01
202200040798,22,8,2022,16:15,1,76.0,76291,1,1,1.0,1.0,RD 104,"49,7158230000","0,3529570000",,76.076291,76291,Seine-Maritime,28.0,Normandie,80.0,3.0,2.0,2,1.0,28,Normandie,76,2,11,FrobervilLe1164,25,1189,,1.0,7,,0.0,2.0,1.0,1.0,B01
202200040798,22,8,2022,16:15,1,76.0,76291,1,1,1.0,1.0,RD 104,"49,7158230000","0,3529570000",,76.076291,76291,Seine-Maritime,28.0,Normandie,80.0,3.0,2.0,2,1.0,28,Normandie,76,2,11,FrobervilLe1164,25,1189,,2.0,7,,0.0,2.0,1.0,13.0,A01
202200041016,23,2,2022,19:15,5,76.0,76366,2,2,6.0,1.0,Route de Fresquiennes,"49,5097000000","1,0333600000",,76.076366,76366,Seine-Maritime,28.0,Normandie,50.0,7.0,2.0,2,1.0,28,Normandie,76,3,24,LeHoulme,4133,32,4165.0,0.0,7,,0.0,2.0,0.0,0.0,B01
202200041016,23,2,2022,19:15,5,76.0,76366,2,2,6.0,1.0,Route de Fresquiennes,"49,5097000000","1,0333600000",,76.076366,76366,Seine-Maritime,28.0,Normandie,50.0,7.0,2.0,2,1.0,28,Normandie,76,3,24,LeHoulme,4133,32,4165.0,0.0,7,,0.0,2.0,0.0,0.0,A01
202200041018,23,2,2022,07:50,2,76.0,76681,2,2,1.0,6.0,Avenue du 14 Juillet,"49,4095000000","1,0835400000",,76.076681,76681,Seine-Maritime,28.0,Normandie,50.0,7.0,2.0,2,1.0,28,Normandie,76,3,99,Sotteville-lès-Rouen,28965,475,29440.0,3.0,40,,0.0,1.0,2.0,1.0,A01
202200041082,20,8,2022,06:30,2,76.0,76486,1,1,1.0,6.0,D132,"49,3155000000","0,9861000000",,76.076486,76486,Seine-Maritime,28.0,Normandie,80.0,7.0,2.0,2,1.0,28,Normandie,76,3,9,Orival,860,5,865.0,1.0,7,,15.0,0.0,1.0,1.0,A01
202200041086,20,8,2022,07:00,1,76.0,76157,2,1,1.0,6.0,Cote de Canteleu,"49,4417800000","1,0320300000",,76.076157,76157,Seine-Maritime,28.0,Normandie,50.0,7.0,2.0,2,1.0,28,Normandie,76,3,4,Canteleu,13966,360,14326.0,3.0,7,,3.0,0.0,9.0,14.0,A01
202200041090,14,6,2022,18:00,1,76.0,76159,1,1,1.0,1.0,Departementale 925,"49,7870070000","0,6473030000",,76.076159,76159,Seine-Maritime,28.0,Normandie,80.0,3.0,2.0,2,1.0,28,Normandie,76,1,33,Cany-BarvilLe2947,46,2993,,1.0,7,,0.0,2.0,1.0,2.0,B01
202200041090,14,6,2022,18:00,1,76.0,76159,1,1,1.0,1.0,Departementale 925,"49,7870070000","0,6473030000",,76.076159,76159,Seine-Maritime,28.0,Normandie,80.0,3.0,2.0,2,1.0,28,Normandie,76,1,33,Cany-BarvilLe2947,46,2993,,2.0,7,,0.0,2.0,1.0,13.0,A01
202200041092,13,6,2022,08:00,2,76.0,76072,1,1,1.0,1.0,Route du Val de Saane,"49,7049650000","0,9853680000",,76.076072,76072,Seine-Maritime,28.0,Normandie,80.0,3.0,2.0,2,1.0,28,Normandie,76,1,20,Belleville-en-Caux,755,11,766.0,2.0,7,,0.0,2.0,1.0,13.0,A01
202200041092,13,6,2022,08:00,2,76.0,76072,1,1,1.0,1.0,Route du Val de Saane,"49,7049650000","0,9853680000",,76.076072,76072,Seine-Maritime,28.0,Normandie,80.0,3.0,2.0,2,1.0,28,Normandie,76,1,20,Belleville-en-Caux,755,11,766.0,1.0,7,,0.0,2.0,1.0,1.0,B01
202200041093,14,6,2022,07:35,1,76.0,76675,1,2,1.0,2.0,D927,"49,5934800000","1,0495160000",,76.076675,76675,Seine-Maritime,28.0,Normandie,80.0,3.0,2.0,2,1.0,28,Normandie,76,3,2,SiervilLe1108,16,1124,,2.0,7,,0.0,2.0,1.0,1.0,B01
202200041093,14,6,2022,07:35,1,76.0,76675,1,2,1.0,2.0,D927,"49,5934800000","1,0495160000",,76.076675,76675,Seine-Maritime,28.0,Normandie,80.0,3.0,2.0,2,1.0,28,Normandie,76,3,2,SiervilLe1108,16,1124,,2.0,7,,0.0,0.0,4.0,26.0,A01
202200041166,31,10,2022,18:10,4,76.0,76457,1,1,3.0,5.0,A13,"49,3383220000","0,9778260000",,76.076457,76457,Seine-Maritime,28.0,Normandie,130.0,1.0,3.0,5,2.0,28,Normandie,76,3,9,Moulineaux,932,16,948.0,1.0,7,,0.0,9.0,2.0,1.0,I01
202200041166,31,10,2022,18:10,4,76.0,76457,1,1,3.0,5.0,A13,"49,3383220000","0,9778260000",,76.076457,76457,Seine-Maritime,28.0,Normandie,130.0,1.0,3.0,5,2.0,28,Normandie,76,3,9,Moulineaux,932,16,948.0,1.0,7,,0.0,0.0,0.0,1.0,H01
202200041166,31,10,2022,18:10,4,76.0,76457,1,1,3.0,5.0,A13,"49,3383220000","0,9778260000",,76.076457,76457,Seine-Maritime,28.0,Normandie,130.0,1.0,3.0,5,2.0,28,Normandie,76,3,9,Moulineaux,932,16,948.0,1.0,7,,0.0,2.0,1.0,1.0,G01
202200041166,31,10,2022,18:10,4,76.0,76457,1,1,3.0,5.0,A13,"49,3383220000","0,9778260000",,76.076457,76457,Seine-Maritime,28.0,Normandie,130.0,1.0,3.0,5,2.0,28,Normandie,76,3,9,Moulineaux,932,16,948.0,1.0,7,,1.0,2.0,2.0,1.0,F01
202200041166,31,10,2022,18:10,4,76.0,76457,1,1,3.0,5.0,A13,"49,3383220000","0,9778260000",,76.076457,76457,Seine-Maritime,28.0,Normandie,130.0,1.0,3.0,5,2.0,28,Normandie,76,3,9,Moulineaux,932,16,948.0,1.0,7,,0.0,0.0,5.0,1.0,E01
202200041166,31,10,2022,18:10,4,76.0,76457,1,1,3.0,5.0,A13,"49,3383220000","0,9778260000",,76.076457,76457,Seine-Maritime,28.0,Normandie,130.0,1.0,3.0,5,2.0,28,Normandie,76,3,9,Moulineaux,932,16,948.0,1.0,7,,0.0,2.0,1.0,1.0,D01
202200041166,31,10,2022,18:10,4,76.0,76457,1,1,3.0,5.0,A13,"49,3383220000","0,9778260000",,76.076457,76457,Seine-Maritime,28.0,Normandie,130.0,1.0,3.0,5,2.0,28,Normandie,76,3,9,Moulineaux,932,16,948.0,1.0,7,,0.0,2.0,3.0,1.0,C01
202200041166,31,10,2022,18:10,4,76.0,76457,1,1,3.0,5.0,A13,"49,3383220000","0,9778260000",,76.076457,76457,Seine-Maritime,28.0,Normandie,130.0,1.0,3.0,5,2.0,28,Normandie,76,3,9,Moulineaux,932,16,948.0,1.0,7,,0.0,2.0,1.0,1.0,B01
202200041166,31,10,2022,18:10,4,76.0,76457,1,1,3.0,5.0,A13,"49,3383220000","0,9778260000",,76.076457,76457,Seine-Maritime,28.0,Normandie,130.0,1.0,3.0,5,2.0,28,Normandie,76,3,9,Moulineaux,932,16,948.0,1.0,33,,0.0,0.0,0.0,1.0,A01
202200041274,2,4,2022,13:40,1,76.0,76270,1,1,2.0,3.0,rue louis lumiere,"49,5289800000","0,1341900000",,76.076270,76270,Seine-Maritime,28.0,Normandie,70.0,3.0,2.0,4,2.0,28,Normandie,76,2,26,Fontaine-la-Mallet,2635,54,2689.0,3.0,7,,0.0,2.0,2.0,1.0,B01
202200041274,2,4,2022,13:40,1,76.0,76270,1,1,2.0,3.0,rue louis lumiere,"49,5289800000","0,1341900000",,76.076270,76270,Seine-Maritime,28.0,Normandie,70.0,3.0,2.0,4,2.0,28,Normandie,76,2,26,Fontaine-la-Mallet,2635,54,2689.0,3.0,1,,0.0,2.0,8.0,10.0,A01
202200041275,3,4,2022,13:20,1,76.0,76351,2,1,1.0,6.0,JEAN JAURES (AVENUE),"49,5001000000","0,1598200000",,76.076351,76351,Seine-Maritime,28.0,Normandie,50.0,4.0,2.0,2,1.0,28,Normandie,76,2,96,LeHavre,166058,1780,167838.0,2.0,31,,1.0,0.0,0.0,0.0,A01
202200041471,29,10,2022,19:10,5,76.0,76540,2,1,1.0,6.0,CORNEILLE. PONT PIERRE,"49,4417816672","1,1161697070",,76.076540,76540,Seine-Maritime,28.0,Normandie,50.0,4.0,3.0,5,1.0,28,Normandie,76,3,97,Rouen,114083,1556,115639.0,3.0,7,,0.0,1.0,2.0,19.0,A01
202200041585,13,5,2022,19:50,1,76.0,76231,2,1,1.0,6.0,Place du Champ de Foire,"49,2902400000","1,0128400000",,76.076231,76231,Seine-Maritime,28.0,Normandie,30.0,4.0,2.0,2,1.0,28,Normandie,76,3,9,Elbeuf,15951,138,16089.0,3.0,7,,0.0,1.0,1.0,1.0,A01
202200041586,13,5,2022,14:25,1,76.0,76216,2,2,1.0,3.0,Rue Jules Ferry,"49,4690100000","1,0442100000",,76.076216,76216,Seine-Maritime,28.0,Normandie,50.0,7.0,2.0,2,1.0,28,Normandie,76,3,22,Déville-lès-Rouen,10745,62,10807.0,2.0,7,,0.0,2.0,1.0,1.0,A01