Num_Acc,jour,mois,an,hrmn,lum,dep,com,agg,int,atm,col,adr,lat,long,gps,com_insee_temp,com_insee,departmentName,regionCode,regionName,vma,catr,circ,nbv,surf,Code,Region,Departement,Arrondissement,Code_Canton,Nom_Commune,Population_municipaLe,Population_comptee_a_part,Population_Totale,senc,catv,occutc,obs,obsm,choc,manv,num_veh
202200041586,13,5,2022,14:25,1,76.0,76216,2,2,1.0,3.0,Rue Jules Ferry,"49,4690100000","1,0442100000",,76.076216,76216,Seine-Maritime,28.0,Normandie,50.0,7.0,2.0,2,1.0,28,Normandie,76,3,22,Déville-lès-Rouen,10745,62,10807.0,2.0,7,,0.0,2.0,3.0,1.0,B01
202200041587,13,5,2022,16:00,1,76.0,76165,2,1,1.0,6.0,Rue de la République,"49,2808850271","1,0262399912",,76.076165,76165,Seine-Maritime,28.0,Normandie,50.0,6.0,-1.0, -1,1.0,28,Normandie,76,3,5,Caudebec-lès-Elbeuf,10135,69,10204.0,3.0,7,,0.0,1.0,1.0,15.0,A01
202200041588,13,5,2022,14:00,1,76.0,76322,1,1,1.0,2.0,N338 - Sud 3,"49,4189200000","1,0491600000",,76.076322,76322,Seine-Maritime,28.0,Normandie,90.0,2.0,3.0,5,1.0,28,Normandie,76,3,13,LeGrand-Quevilly,25975,225,26200.0,1.0,7,,0.0,2.0,0.0,1.0,B01
202200041588,13,5,2022,14:00,1,76.0,76322,1,1,1.0,2.0,N338 - Sud 3,"49,4189200000","1,0491600000",,76.076322,76322,Seine-Maritime,28.0,Normandie,90.0,2.0,3.0,5,1.0,28,Normandie,76,3,13,LeGrand-Quevilly,25975,225,26200.0,1.0,7,,0.0,2.0,0.0,9.0,A01
202200041589,13,5,2022,13:00,1,76.0,76681,2,3,1.0,6.0,Rue Gaston Contremoulins,"49,4206513924","1,0966844559",,76.076681,76681,Seine-Maritime,28.0,Normandie,50.0,4.0,2.0,2,1.0,28,Normandie,76,3,99,Sotteville-lès-Rouen,28965,475,29440.0,0.0,7,,0.0,1.0,4.0,26.0,A01
202200041590,7,5,2022,04:05,5,76.0,76575,2,1,1.0,6.0,Avenue des Canadiens,"49,4069700000","1,0692400000",,76.076575,76575,Seine-Maritime,28.0,Normandie,50.0,7.0,2.0,2,1.0,28,Normandie,76,3,98,Saint-Étienne-du-Rouvray,28508,225,28733.0,3.0,7,,2.0,0.0,9.0,1.0,A01
202200041591,13,5,2022,00:00,5,76.0,76351,2,1,1.0,7.0,PASTEUR,"49,5031800000","0,1276500000",,76.076351,76351,Seine-Maritime,28.0,Normandie,50.0,4.0,2.0,2,1.0,28,Normandie,76,2,96,LeHavre,166058,1780,167838.0,3.0,30,,12.0,0.0,0.0,9.0,A01
202200041735,12,1,2022,07:25,5,76.0,76351,2,3,1.0,6.0,Rue Jules Verne,"49,5084400000","0,1278400000",,76.076351,76351,Seine-Maritime,28.0,Normandie,50.0,4.0,2.0,2,2.0,28,Normandie,76,2,96,LeHavre,166058,1780,167838.0,2.0,7,,0.0,1.0,1.0,1.0,A01
202200041759,13,1,2022,14:40,1,76.0,76216,2,3,6.0,3.0,Route de Dieppe,"49,4754902548","1,0483324885",,76.076216,76216,Seine-Maritime,28.0,Normandie,50.0,7.0,2.0,2,1.0,28,Normandie,76,3,22,Déville-lès-Rouen,10745,62,10807.0,2.0,37,7.0,0.0,2.0,2.0,1.0,B01
202200041759,13,1,2022,14:40,1,76.0,76216,2,3,6.0,3.0,Route de Dieppe,"49,4754902548","1,0483324885",,76.076216,76216,Seine-Maritime,28.0,Normandie,50.0,7.0,2.0,2,1.0,28,Normandie,76,3,22,Déville-lès-Rouen,10745,62,10807.0,2.0,7,,0.0,2.0,3.0,15.0,A01
202200041830,11,1,2022,10:00,1,76.0,76244,1,1,1.0,2.0,A28,"49,6967000000","1,3591500000",,76.076244,76244,Seine-Maritime,28.0,Normandie,130.0,1.0,3.0,4,2.0,28,Normandie,76,1,23,EsclavelLes386,6,392,,1.0,17,,0.0,0.0,6.0,1.0,B01
202200041830,11,1,2022,10:00,1,76.0,76244,1,1,1.0,2.0,A28,"49,6967000000","1,3591500000",,76.076244,76244,Seine-Maritime,28.0,Normandie,130.0,1.0,3.0,4,2.0,28,Normandie,76,1,23,EsclavelLes386,6,392,,1.0,10,,0.0,2.0,2.0,14.0,A01
202200041834,13,1,2022,16:45,1,76.0,76007,2,1,7.0,6.0,Route des Cambres,"49,5733110000","1,0615750000",,76.076007,76007,Seine-Maritime,28.0,Normandie,50.0,4.0,2.0,2,1.0,28,Normandie,76,3,2,AnceaumevilLe685,10,695,,3.0,7,,15.0,0.0,7.0,2.0,A01
202200041906,13,1,2022,16:40,2,76.0,76250,1,1,1.0,6.0,384 Route du Ponant,"49,5641210000","0,3063810000",,76.076250,76250,Seine-Maritime,28.0,Normandie,80.0,3.0,2.0,2,1.0,28,Normandie,76,2,32,Étainhus,1210,28,1238.0,2.0,7,,0.0,1.0,2.0,1.0,A01
202200042019,26,9,2022,21:00,5,76.0,76196,2,4,1.0,3.0,Place du Général Leclerc,"49,6434950000","0,2659730000",,76.076196,76196,Seine-Maritime,28.0,Normandie,30.0,3.0,2.0,2,1.0,28,Normandie,76,2,26,Criquetot-l'Esneval,2567,82,2649.0,0.0,2,,0.0,2.0,1.0,1.0,A01
202200042019,26,9,2022,21:00,5,76.0,76196,2,4,1.0,3.0,Place du Général Leclerc,"49,6434950000","0,2659730000",,76.076196,76196,Seine-Maritime,28.0,Normandie,30.0,3.0,2.0,2,1.0,28,Normandie,76,2,26,Criquetot-l'Esneval,2567,82,2649.0,0.0,7,,0.0,2.0,1.0,15.0,B01
202200042367,20,8,2022,03:45,3,76.0,76517,1,1,1.0,6.0,A 28 - PK 093+400,"49,5119330000","1,1885400000",,76.076517,76517,Seine-Maritime,28.0,Normandie,110.0,1.0,3.0,4,1.0,28,Normandie,76,3,2,Quincampoix,3110,68,3178.0,1.0,7,,14.0,0.0,1.0,1.0,B01
202200042367,20,8,2022,03:45,3,76.0,76517,1,1,1.0,6.0,A 28 - PK 093+400,"49,5119330000","1,1885400000",,76.076517,76517,Seine-Maritime,28.0,Normandie,110.0,1.0,3.0,4,1.0,28,Normandie,76,3,2,Quincampoix,3110,68,3178.0,2.0,7,,4.0,0.0,3.0,13.0,A01
202200042376,1,12,2022,17:35,1,76.0,76351,2,1,1.0,3.0,LESUEUR (RUE),"49,4948500000","0,1226400000",,76.076351,76351,Seine-Maritime,28.0,Normandie,50.0,4.0,1.0,1,1.0,28,Normandie,76,2,96,LeHavre,166058,1780,167838.0,0.0,7,,0.0,2.0,2.0,1.0,A01
202200042376,1,12,2022,17:35,1,76.0,76351,2,1,1.0,3.0,LESUEUR (RUE),"49,4948500000","0,1226400000",,76.076351,76351,Seine-Maritime,28.0,Normandie,50.0,4.0,1.0,1,1.0,28,Normandie,76,2,96,LeHavre,166058,1780,167838.0,0.0,50,,0.0,2.0,1.0,19.0,B01
202200042384,21,8,2022,14:20,1,76.0,76748,2,1,1.0,7.0,Rue de Janville,"49,8216980000","0,6400660000",,76.076748,76748,Seine-Maritime,28.0,Normandie,50.0,4.0,2.0,2,1.0,28,Normandie,76,1,33,Vittefleur,657,8,665.0,3.0,1,,0.0,0.0,1.0,2.0,A01
202200042473,12,7,2022,19:00,1,76.0,76541,2,9,7.0,3.0,1582 Route de Duclair,"49,4998220000","0,9622380000",,76.076541,76541,Seine-Maritime,28.0,Normandie,50.0,3.0,2.0,2,1.0,28,Normandie,76,3,24,Roumare,1549,27,1576.0,2.0,7,,0.0,2.0,2.0,15.0,B01
202200042473,12,7,2022,19:00,1,76.0,76541,2,9,7.0,3.0,1582 Route de Duclair,"49,4998220000","0,9622380000",,76.076541,76541,Seine-Maritime,28.0,Normandie,50.0,3.0,2.0,2,1.0,28,Normandie,76,3,24,Roumare,1549,27,1576.0,1.0,32,,0.0,2.0,1.0,1.0,A01
202200042553,22,2,2022,08:00,1,76.0,76341,1,1,2.0,6.0,RD 982,"49,5039467791","0,1939318209",,76.076341,76341,Seine-Maritime,28.0,Normandie,50.0,3.0,2.0,4,2.0,28,Normandie,76,2,15,Harfleur,8315,53,8368.0,1.0,10,,0.0,1.0,2.0,1.0,A01
202200042560,21,2,2022,20:20,5,76.0,76351,2,1,1.0,6.0,VAL AUX CORNEILLES (AVENUE DU)°,"49,5091600000","0,1490600000",,76.076351,76351,Seine-Maritime,28.0,Normandie,50.0,4.0,2.0,2,1.0,28,Normandie,76,2,96,LeHavre,166058,1780,167838.0,2.0,7,,0.0,1.0,2.0,1.0,A01
202200042602,19,8,2022,17:30,1,76.0,76540,2,1,1.0,7.0,Pont Pierre Corneille,"49,4350700000","1,0942800000",,76.076540,76540,Seine-Maritime,28.0,Normandie,50.0,7.0,1.0,3,2.0,28,Normandie,76,3,97,Rouen,114083,1556,115639.0,3.0,32,,0.0,0.0,7.0,1.0,A01
202200042612,18,8,2022,18:50,1,76.0,76351,2,4,1.0,1.0,FLANDRES DUNKERQUE,"49,5124600000","0,1718600000",,76.076351,76351,Seine-Maritime,28.0,Normandie,50.0,4.0,2.0,1,1.0,28,Normandie,76,2,96,LeHavre,166058,1780,167838.0,1.0,7,,0.0,2.0,1.0,1.0,A01
202200042612,18,8,2022,18:50,1,76.0,76351,2,4,1.0,1.0,FLANDRES DUNKERQUE,"49,5124600000","0,1718600000",,76.076351,76351,Seine-Maritime,28.0,Normandie,50.0,4.0,2.0,1,1.0,28,Normandie,76,2,96,LeHavre,166058,1780,167838.0,2.0,30,,0.0,2.0,1.0,16.0,B01
202200042640,22,2,2022,16:00,1,76.0,76217,2,1,1.0,2.0,AVE CHARLES NICOLLE,"49,9250800000","1,1086500000",,76.076217,76217,Seine-Maritime,28.0,Normandie,50.0,9.0,2.0,4,1.0,28,Normandie,76,1,95,Dieppe,28358,455,28813.0,3.0,7,,0.0,2.0,6.0,26.0,B01
202200042640,22,2,2022,16:00,1,76.0,76217,2,1,1.0,2.0,AVE CHARLES NICOLLE,"49,9250800000","1,1086500000",,76.076217,76217,Seine-Maritime,28.0,Normandie,50.0,9.0,2.0,4,1.0,28,Normandie,76,1,95,Dieppe,28358,455,28813.0,3.0,30,,0.0,2.0,1.0,23.0,A01
202200042871,9,2,2022,04:00,3,76.0,76225,1,1,1.0,2.0,A29 pk063.500 direction le havre,"49,6348550000","0,6701230000",,76.076225,76225,Seine-Maritime,28.0,Normandie,130.0,1.0,3.0,4,2.0,28,Normandie,76,3,35,Écretteville-lès-Baons,360,5,365.0,2.0,17,,0.0,0.0,4.0,2.0,B01
202200042871,9,2,2022,04:00,3,76.0,76225,1,1,1.0,2.0,A29 pk063.500 direction le havre,"49,6348550000","0,6701230000",,76.076225,76225,Seine-Maritime,28.0,Normandie,130.0,1.0,3.0,4,2.0,28,Normandie,76,3,35,Écretteville-lès-Baons,360,5,365.0,2.0,7,,0.0,2.0,1.0,2.0,A01
202200042963,3,4,2022,02:15,5,76.0,76540,2,9,1.0,6.0,Avenue du Mont Riboudet,"49,4493279208","1,0642649978",,76.076540,76540,Seine-Maritime,28.0,Normandie,50.0,7.0,1.0,4,1.0,28,Normandie,76,3,97,Rouen,114083,1556,115639.0,1.0,7,,14.0,0.0,1.0,0.0,A01
202200043036,13,6,2022,19:50,1,76.0,76533,1,1,1.0,2.0,A29,"49,4803240000","0,2641870000",,76.076533,76533,Seine-Maritime,28.0,Normandie,110.0,1.0,3.0,4,1.0,28,Normandie,76,2,16,RogervilLe1706,19,1725,,2.0,7,,0.0,0.0,6.0,1.0,B01
202200043036,13,6,2022,19:50,1,76.0,76533,1,1,1.0,2.0,A29,"49,4803240000","0,2641870000",,76.076533,76533,Seine-Maritime,28.0,Normandie,110.0,1.0,3.0,4,1.0,28,Normandie,76,2,16,RogervilLe1706,19,1725,,2.0,33,,0.0,2.0,1.0,1.0,A01
202200043205,2,4,2022,11:15,1,76.0,76575,1,1,1.0,6.0,D418,"49,3737500000","1,0840200000",,76.076575,76575,Seine-Maritime,28.0,Normandie,110.0,7.0,3.0,5,1.0,28,Normandie,76,3,98,Saint-Étienne-du-Rouvray,28508,225,28733.0,2.0,7,,0.0,0.0,9.0,2.0,A01
202200043301,1,4,2022,19:45,2,76.0,76711,2,1,1.0,6.0,1 Rue du Docteur Pépin,"50,0591133422","1,3788941503",,76.076711,76711,Seine-Maritime,28.0,Normandie,30.0,4.0,2.0,2,1.0,28,Normandie,76,1,10,LeTréport,4424,91,4515.0,0.0,7,,1.0,1.0,2.0,1.0,A01
202200043328,3,4,2022,02:40,3,76.0,76082,1,1,1.0,6.0,"A29, Pk 47.500","49,6038690000","0,4801370000",,76.076082,76082,Seine-Maritime,28.0,Normandie,130.0,1.0,3.0,4,1.0,28,Normandie,76,2,3,Bernières,637,11,648.0,1.0,7,,3.0,0.0,0.0,1.0,A01
202200043370,27,10,2022,15:00,1,76.0,76231,2,1,1.0,3.0,Rue du Port,"49,2921800000","1,0209400000",,76.076231,76231,Seine-Maritime,28.0,Normandie,50.0,7.0,2.0,2,1.0,28,Normandie,76,3,9,Elbeuf,15951,138,16089.0,3.0,33,,0.0,9.0,1.0,17.0,A01
202200043370,27,10,2022,15:00,1,76.0,76231,2,1,1.0,3.0,Rue du Port,"49,2921800000","1,0209400000",,76.076231,76231,Seine-Maritime,28.0,Normandie,50.0,7.0,2.0,2,1.0,28,Normandie,76,3,9,Elbeuf,15951,138,16089.0,3.0,1,,0.0,2.0,0.0,0.0,B01
202200043372,28,10,2022,06:20,5,76.0,76540,2,3,1.0,2.0,Quai du Havre (Haut),"49,4408000000","1,0829700000",,76.076540,76540,Seine-Maritime,28.0,Normandie,50.0,7.0,1.0,2,1.0,28,Normandie,76,3,97,Rouen,114083,1556,115639.0,1.0,15,,0.0,2.0,0.0,0.0,B01
202200043372,28,10,2022,06:20,5,76.0,76540,2,3,1.0,2.0,Quai du Havre (Haut),"49,4408000000","1,0829700000",,76.076540,76540,Seine-Maritime,28.0,Normandie,50.0,7.0,1.0,2,1.0,28,Normandie,76,3,97,Rouen,114083,1556,115639.0,1.0,7,,14.0,0.0,2.0,1.0,A01
202200043507,11,5,2022,08:40,1,76.0,76351,2,2,1.0,3.0,IRENE JOLIOT CURIE (RUE),"49,5154100000","0,1053200000",,76.076351,76351,Seine-Maritime,28.0,Normandie,50.0,4.0,2.0,2,1.0,28,Normandie,76,2,96,LeHavre,166058,1780,167838.0,3.0,7,,0.0,2.0,1.0,1.0,B01
202200043507,11,5,2022,08:40,1,76.0,76351,2,2,1.0,3.0,IRENE JOLIOT CURIE (RUE),"49,5154100000","0,1053200000",,76.076351,76351,Seine-Maritime,28.0,Normandie,50.0,4.0,2.0,2,1.0,28,Normandie,76,2,96,LeHavre,166058,1780,167838.0,3.0,7,,0.0,2.0,1.0,1.0,A01
202200043652,12,1,2022,11:05,1,76.0,76157,1,1,2.0,7.0,Cote Guy de Maupassant,"49,4454100000","1,0415600000",,76.076157,76157,Seine-Maritime,28.0,Normandie,70.0,7.0,2.0,2,2.0,28,Normandie,76,3,4,Canteleu,13966,360,14326.0,0.0,7,,16.0,0.0,0.0,0.0,A01
202200043653,11,1,2022,21:40,5,76.0,76351,2,2,1.0,3.0,ANATOLE FRANCE,"49,4960300000","0,1191400000",,76.076351,76351,Seine-Maritime,28.0,Normandie,50.0,4.0,2.0,2,2.0,28,Normandie,76,2,96,LeHavre,166058,1780,167838.0,0.0,7,,0.0,2.0,1.0,1.0,Z01
202200043653,11,1,2022,21:40,5,76.0,76351,2,2,1.0,3.0,ANATOLE FRANCE,"49,4960300000","0,1191400000",,76.076351,76351,Seine-Maritime,28.0,Normandie,50.0,4.0,2.0,2,2.0,28,Normandie,76,2,96,LeHavre,166058,1780,167838.0,0.0,2,,0.0,2.0,1.0,1.0,A01
202200043756,12,1,2022,08:25,2,76.0,76424,1,1,5.0,1.0,Rue Bernard Leger,"49,7658610000","1,4881970000",,76.076424,76424,Seine-Maritime,28.0,Normandie,80.0,3.0,2.0,2,1.0,28,Normandie,76,1,23,Ménonval,231,2,233.0,1.0,10,,0.0,2.0,1.0,1.0,B01
202200043756,12,1,2022,08:25,2,76.0,76424,1,1,5.0,1.0,Rue Bernard Leger,"49,7658610000","1,4881970000",,76.076424,76424,Seine-Maritime,28.0,Normandie,80.0,3.0,2.0,2,1.0,28,Normandie,76,1,23,Ménonval,231,2,233.0,2.0,7,,0.0,2.0,1.0,5.0,A01
202200043786,11,1,2022,07:40,5,76.0,76351,2,1,1.0,6.0,Rue de la Cavée Verte,"49,5072000000","0,1222500000",,76.076351,76351,Seine-Maritime,28.0,Normandie,30.0,4.0,2.0,2,1.0,28,Normandie,76,2,96,LeHavre,166058,1780,167838.0,0.0,7,,0.0,1.0,1.0,1.0,A01
202200043787,10,1,2022,19:20,5,76.0,76351,1,1,1.0,6.0,route de l'estuaire,"49,4617181021","0,1812580973",,76.076351,76351,Seine-Maritime,28.0,Normandie,50.0,5.0,2.0,4,1.0,28,Normandie,76,2,96,LeHavre,166058,1780,167838.0,3.0,30,,12.0,0.0,0.0,0.0,A01
202200043788,7,1,2022,14:00,1,76.0,76351,2,2,1.0,4.0,Rue Louis Lumière,"49,5241600000","0,1229400000",,76.076351,76351,Seine-Maritime,28.0,Normandie,50.0,3.0,2.0,2,1.0,28,Normandie,76,2,96,LeHavre,166058,1780,167838.0,1.0,7,,0.0,2.0,1.0,0.0,A01
202200043788,7,1,2022,14:00,1,76.0,76351,2,2,1.0,4.0,Rue Louis Lumière,"49,5241600000","0,1229400000",,76.076351,76351,Seine-Maritime,28.0,Normandie,50.0,3.0,2.0,2,1.0,28,Normandie,76,2,96,LeHavre,166058,1780,167838.0,1.0,7,,0.0,2.0,4.0,0.0,B01
202200043788,7,1,2022,14:00,1,76.0,76351,2,2,1.0,4.0,Rue Louis Lumière,"49,5241600000","0,1229400000",,76.076351,76351,Seine-Maritime,28.0,Normandie,50.0,3.0,2.0,2,1.0,28,Normandie,76,2,96,LeHavre,166058,1780,167838.0,1.0,7,,0.0,2.0,4.0,0.0,C01
202200043788,7,1,2022,14:00,1,76.0,76351,2,2,1.0,4.0,Rue Louis Lumière,"49,5241600000","0,1229400000",,76.076351,76351,Seine-Maritime,28.0,Normandie,50.0,3.0,2.0,2,1.0,28,Normandie,76,2,96,LeHavre,166058,1780,167838.0,1.0,7,,0.0,2.0,0.0,0.0,D01
202200043789,11,1,2022,13:00,1,76.0,76217,2,2,1.0,6.0,AVENUE JEAN JAURES,"49,9136400000","1,0724900000",,76.076217,76217,Seine-Maritime,28.0,Normandie,50.0,4.0,2.0,2,1.0,28,Normandie,76,1,95,Dieppe,28358,455,28813.0,3.0,7,,0.0,1.0,1.0,15.0,A01
202200043833,24,9,2022,15:00,1,76.0,76540,2,1,8.0,6.0,Route de Darnetal,"49,4410452402","1,1235746741",,76.076540,76540,Seine-Maritime,28.0,Normandie,50.0,7.0,2.0,2,2.0,28,Normandie,76,3,97,Rouen,114083,1556,115639.0,2.0,37,1.0,9.0,2.0,5.0,1.0,A01
202200043919,24,9,2022,21:00,5,76.0,76709,2,1,1.0,7.0,Rue Raymond Brétéché,"49,4851630000","0,8060800000",,76.076709,76709,Seine-Maritime,28.0,Normandie,50.0,7.0,2.0,2,2.0,28,Normandie,76,3,1,LeTrait,4780,38,4818.0,0.0,50,,0.0,0.0,0.0,1.0,A01
202200044141,11,7,2022,15:50,1,76.0,76103,2,3,1.0,3.0,Route de Paris,"49,4279900000","1,1176000000",,76.076103,76103,Seine-Maritime,28.0,Normandie,30.0,7.0,2.0,2,1.0,28,Normandie,76,3,6,Bonsecours,6455,95,6550.0,0.0,7,,0.0,2.0,3.0,16.0,A01
202200044141,11,7,2022,15:50,1,76.0,76103,2,3,1.0,3.0,Route de Paris,"49,4279900000","1,1176000000",,76.076103,76103,Seine-Maritime,28.0,Normandie,30.0,7.0,2.0,2,1.0,28,Normandie,76,3,6,Bonsecours,6455,95,6550.0,0.0,33,,0.0,2.0,2.0,1.0,B01
202200044143,10,7,2022,01:30,3,76.0,76270,1,1,1.0,4.0,D6382,"49,5292300000","0,1479100000",,76.076270,76270,Seine-Maritime,28.0,Normandie,90.0,3.0,3.0,4,1.0,28,Normandie,76,2,26,Fontaine-la-Mallet,2635,54,2689.0,1.0,7,,0.0,2.0,4.0,23.0,C01
202200044143,10,7,2022,01:30,3,76.0,76270,1,1,1.0,4.0,D6382,"49,5292300000","0,1479100000",,76.076270,76270,Seine-Maritime,28.0,Normandie,90.0,3.0,3.0,4,1.0,28,Normandie,76,2,26,Fontaine-la-Mallet,2635,54,2689.0,1.0,7,,0.0,2.0,4.0,23.0,B01
202200044143,10,7,2022,01:30,3,76.0,76270,1,1,1.0,4.0,D6382,"49,5292300000","0,1479100000",,76.076270,76270,Seine-Maritime,28.0,Normandie,90.0,3.0,3.0,4,1.0,28,Normandie,76,2,26,Fontaine-la-Mallet,2635,54,2689.0,1.0,7,,1.0,0.0,0.0,0.0,A01
202200044145,8,7,2022,13:50,1,76.0,76351,2,2,1.0,3.0,CASIMIR DELAVIGNE,"49,4938600000","0,1183700000",,76.076351,76351,Seine-Maritime,28.0,Normandie,50.0,4.0,2.0,2,1.0,28,Normandie,76,2,96,LeHavre,166058,1780,167838.0,1.0,2,,0.0,2.0,6.0,1.0,B01
202200044145,8,7,2022,13:50,1,76.0,76351,2,2,1.0,3.0,CASIMIR DELAVIGNE,"49,4938600000","0,1183700000",,76.076351,76351,Seine-Maritime,28.0,Normandie,50.0,4.0,2.0,2,1.0,28,Normandie,76,2,96,LeHavre,166058,1780,167838.0,1.0,10,,0.0,2.0,3.0,1.0,A01
202200044367,18,8,2022,11:45,1,76.0,76540,2,1,1.0,6.0,Rampe Saint Hilaire,"49,4461200000","1,1081700000",,76.076540,76540,Seine-Maritime,28.0,Normandie,50.0,4.0,2.0,3,1.0,28,Normandie,76,3,97,Rouen,114083,1556,115639.0,3.0,1,,0.0,1.0,1.0,1.0,A01
202200044371,17,8,2022,19:50,1,76.0,76322,1,1,2.0,3.0,N338 - Sud 3,"49,4046900000","1,0348800000",,76.076322,76322,Seine-Maritime,28.0,Normandie,90.0,2.0,3.0,6,2.0,28,Normandie,76,3,13,LeGrand-Quevilly,25975,225,26200.0,0.0,17,,0.0,2.0,2.0,0.0,B01
202200044371,17,8,2022,19:50,1,76.0,76322,1,1,2.0,3.0,N338 - Sud 3,"49,4046900000","1,0348800000",,76.076322,76322,Seine-Maritime,28.0,Normandie,90.0,2.0,3.0,6,2.0,28,Normandie,76,3,13,LeGrand-Quevilly,25975,225,26200.0,0.0,7,,0.0,2.0,3.0,1.0,A01
202200044373,17,8,2022,02:25,5,76.0,76447,2,4,1.0,6.0,FAUBOURG ASSIQUET,"49,5469700000","0,1957500000",,76.076447,76447,Seine-Maritime,28.0,Normandie,50.0,3.0,2.0,2,1.0,28,Normandie,76,2,15,Montivilliers,15457,203,15660.0,0.0,30,,8.0,0.0,2.0,14.0,A01
202200044380,18,8,2022,10:30,1,76.0,76217,2,4,1.0,3.0,Avenue Leon Gambetta,"49,9177000000","1,0742800000",,76.076217,76217,Seine-Maritime,28.0,Normandie,50.0,3.0,2.0,3,1.0,28,Normandie,76,1,95,Dieppe,28358,455,28813.0,2.0,7,,0.0,2.0,8.0,15.0,B01
202200044380,18,8,2022,10:30,1,76.0,76217,2,4,1.0,3.0,Avenue Leon Gambetta,"49,9177000000","1,0742800000",,76.076217,76217,Seine-Maritime,28.0,Normandie,50.0,3.0,2.0,3,1.0,28,Normandie,76,1,95,Dieppe,28358,455,28813.0,2.0,33,,0.0,2.0,1.0,17.0,A01
202200044405,18,2,2022,07:25,2,76.0,76351,2,2,1.0,3.0,PONTS (DES),"49,5209483681","0,1245074719",,76.076351,76351,Seine-Maritime,28.0,Normandie,50.0,4.0,2.0,2,1.0,28,Normandie,76,2,96,LeHavre,166058,1780,167838.0,3.0,7,,0.0,2.0,8.0,0.0,B01
202200044405,18,2,2022,07:25,2,76.0,76351,2,2,1.0,3.0,PONTS (DES),"49,5209483681","0,1245074719",,76.076351,76351,Seine-Maritime,28.0,Normandie,50.0,4.0,2.0,2,1.0,28,Normandie,76,2,96,LeHavre,166058,1780,167838.0,3.0,7,,0.0,2.0,1.0,0.0,A01
202200044553,12,7,2022,08:50,1,76.0,76558,2,1,1.0,1.0,17 Rue de l'Eglise,"49,3664540000","1,1583710000",,76.076558,76558,Seine-Maritime,28.0,Normandie,30.0,7.0,2.0,2,1.0,28,Normandie,76,3,6,Saint-Aubin-CellovilLe1181,8,1189,,2.0,30,,0.0,2.0,1.0,13.0,B01
202200044553,12,7,2022,08:50,1,76.0,76558,2,1,1.0,1.0,17 Rue de l'Eglise,"49,3664540000","1,1583710000",,76.076558,76558,Seine-Maritime,28.0,Normandie,30.0,7.0,2.0,2,1.0,28,Normandie,76,3,6,Saint-Aubin-CellovilLe1181,8,1189,,1.0,7,,0.0,2.0,1.0,1.0,A01
202200044654,1,4,2022,14:50,1,76.0,76351,2,1,9.0,6.0,JULES DURAND (BD),"49,4899000000","0,1567700000",,76.076351,76351,Seine-Maritime,28.0,Normandie,50.0,3.0,2.0,2,2.0,28,Normandie,76,2,96,LeHavre,166058,1780,167838.0,1.0,30,,0.0,2.0,1.0,0.0,A01
202200044654,1,4,2022,14:50,1,76.0,76351,2,1,9.0,6.0,JULES DURAND (BD),"49,4899000000","0,1567700000",,76.076351,76351,Seine-Maritime,28.0,Normandie,50.0,3.0,2.0,2,2.0,28,Normandie,76,2,96,LeHavre,166058,1780,167838.0,2.0,17,,0.0,0.0,0.0,0.0,B01
202200044658,1,4,2022,10:00,1,76.0,76351,2,9,2.0,3.0,ROBERT SCHUMAN (PLACE),"49,5139300000","0,1619800000",,76.076351,76351,Seine-Maritime,28.0,Normandie,50.0,6.0,-1.0, -1,2.0,28,Normandie,76,2,96,LeHavre,166058,1780,167838.0,3.0,7,,0.0,2.0,0.0,0.0,B01
202200044658,1,4,2022,10:00,1,76.0,76351,2,9,2.0,3.0,ROBERT SCHUMAN (PLACE),"49,5139300000","0,1619800000",,76.076351,76351,Seine-Maritime,28.0,Normandie,50.0,6.0,-1.0, -1,2.0,28,Normandie,76,2,96,LeHavre,166058,1780,167838.0,3.0,30,,0.0,2.0,0.0,0.0,A01
202200044806,12,6,2022,18:45,1,76.0,76146,2,3,1.0,3.0,Grande Rue,"49,5844420000","1,3570420000",,76.076146,76146,Seine-Maritime,28.0,Normandie,50.0,3.0,2.0,2,1.0,28,Normandie,76,3,21,Buchy,2805,108,2913.0,1.0,2,,0.0,2.0,1.0,1.0,B01
202200044806,12,6,2022,18:45,1,76.0,76146,2,3,1.0,3.0,Grande Rue,"49,5844420000","1,3570420000",,76.076146,76146,Seine-Maritime,28.0,Normandie,50.0,3.0,2.0,2,1.0,28,Normandie,76,3,21,Buchy,2805,108,2913.0,2.0,7,,0.0,0.0,2.0,15.0,A01
202200044810,11,6,2022,15:00,1,76.0,76100,2,1,1.0,7.0,D7,"49,5024700000","1,2974610000",,76.076100,76100,Seine-Maritime,28.0,Normandie,50.0,3.0,2.0,2,1.0,28,Normandie,76,3,21,Blainville-Crevon,1227,19,1246.0,1.0,7,,13.0,0.0,1.0,1.0,A01
202200045040,14,8,2022,06:35,1,76.0,76351,2,4,1.0,7.0,INGOUVILLE (RUE),"49,4986900000","0,1070900000",,76.076351,76351,Seine-Maritime,28.0,Normandie,50.0,4.0,2.0,2,1.0,28,Normandie,76,2,96,LeHavre,166058,1780,167838.0,0.0,2,,0.0,0.0,0.0,14.0,A01