Num_Acc,jour,mois,an,hrmn,lum,dep,com,agg,int,atm,col,adr,lat,long,gps,com_insee_temp,com_insee,departmentName,regionCode,regionName,vma,catr,circ,nbv,surf,Code,Region,Departement,Arrondissement,Code_Canton,Nom_Commune,Population_municipaLe,Population_comptee_a_part,Population_Totale,senc,catv,occutc,obs,obsm,choc,manv,num_veh
202200045044,17,8,2022,19:09,1,76.0,76114,2,9,1.0,3.0,MICHEL LOUISE (RUE),"49,5683164873","0,4854100943",,76.076114,76114,Seine-Maritime,28.0,Normandie,50.0,4.0,1.0,2,1.0,28,Normandie,76,2,3,Bolbec,11635,147,11782.0,3.0,50,,0.0,2.0,0.0,0.0,B01
202200045044,17,8,2022,19:09,1,76.0,76114,2,9,1.0,3.0,MICHEL LOUISE (RUE),"49,5683164873","0,4854100943",,76.076114,76114,Seine-Maritime,28.0,Normandie,50.0,4.0,1.0,2,1.0,28,Normandie,76,2,3,Bolbec,11635,147,11782.0,3.0,7,,0.0,2.0,5.0,1.0,A01
202200045137,26,10,2022,18:25,1,76.0,76351,2,1,1.0,6.0,VERDUN (RUE DE),"49,5023600000","0,1866800000",,76.076351,76351,Seine-Maritime,28.0,Normandie,50.0,3.0,-1.0,3,1.0,28,Normandie,76,2,96,LeHavre,166058,1780,167838.0,2.0,31,,0.0,0.0,0.0,0.0,A01
202200045141,27,10,2022,18:15,1,76.0,76217,2,1,1.0,3.0,GAMBETTA (AVENUE),"49,9217300000","1,0732400000",,76.076217,76217,Seine-Maritime,28.0,Normandie,30.0,3.0,3.0,3,1.0,28,Normandie,76,1,95,Dieppe,28358,455,28813.0,2.0,33,,0.0,2.0,0.0,0.0,B01
202200045141,27,10,2022,18:15,1,76.0,76217,2,1,1.0,3.0,GAMBETTA (AVENUE),"49,9217300000","1,0732400000",,76.076217,76217,Seine-Maritime,28.0,Normandie,30.0,3.0,3.0,3,1.0,28,Normandie,76,1,95,Dieppe,28358,455,28813.0,1.0,7,,0.0,2.0,3.0,15.0,A01
202200045147,27,10,2022,15:45,1,76.0,76217,2,2,1.0,3.0,Normandie Sussex (Avenue),"49,9181800000","1,0872000000",,76.076217,76217,Seine-Maritime,28.0,Normandie,50.0,4.0,3.0,4,1.0,28,Normandie,76,1,95,Dieppe,28358,455,28813.0,0.0,10,,0.0,2.0,1.0,1.0,A01
202200045147,27,10,2022,15:45,1,76.0,76217,2,2,1.0,3.0,Normandie Sussex (Avenue),"49,9181800000","1,0872000000",,76.076217,76217,Seine-Maritime,28.0,Normandie,50.0,4.0,3.0,4,1.0,28,Normandie,76,1,95,Dieppe,28358,455,28813.0,3.0,7,,0.0,2.0,6.0,15.0,B01
202200045151,27,10,2022,08:00,2,76.0,76217,2,6,2.0,3.0,POISSONNERIE (ARCADES DE LA ),"49,9264200000","1,0800500000",,76.076217,76217,Seine-Maritime,28.0,Normandie,30.0,3.0,1.0,2,2.0,28,Normandie,76,1,95,Dieppe,28358,455,28813.0,2.0,7,,0.0,2.0,2.0,15.0,A01
202200045151,27,10,2022,08:00,2,76.0,76217,2,6,2.0,3.0,POISSONNERIE (ARCADES DE LA ),"49,9264200000","1,0800500000",,76.076217,76217,Seine-Maritime,28.0,Normandie,30.0,3.0,1.0,2,2.0,28,Normandie,76,1,95,Dieppe,28358,455,28813.0,3.0,80,,0.0,2.0,5.0,16.0,B01
202200045283,31,3,2022,17:05,1,76.0,76540,2,2,2.0,6.0,Avenue du Mont Riboudet,"49,4464130000","1,0707940000",,76.076540,76540,Seine-Maritime,28.0,Normandie,50.0,7.0,1.0,3,2.0,28,Normandie,76,3,97,Rouen,114083,1556,115639.0,1.0,37,1.0,0.0,1.0,2.0,26.0,A01
202200045459,8,5,2022,04:00,5,76.0,76165,2,1,1.0,6.0,Rue de la Porte Verte,"49,2849700000","1,0276900000",,76.076165,76165,Seine-Maritime,28.0,Normandie,50.0,4.0,2.0,2,1.0,28,Normandie,76,3,5,Caudebec-lès-Elbeuf,10135,69,10204.0,0.0,7,,9.0,0.0,9.0,19.0,A01
202200045460,10,5,2022,17:40,1,76.0,76351,2,4,1.0,4.0,BERNARD LACHEVRE,"49,5196400000","0,1106300000",,76.076351,76351,Seine-Maritime,28.0,Normandie,50.0,4.0,2.0,2,1.0,28,Normandie,76,2,96,LeHavre,166058,1780,167838.0,0.0,7,,0.0,2.0,1.0,2.0,A01
202200045460,10,5,2022,17:40,1,76.0,76351,2,4,1.0,4.0,BERNARD LACHEVRE,"49,5196400000","0,1106300000",,76.076351,76351,Seine-Maritime,28.0,Normandie,50.0,4.0,2.0,2,1.0,28,Normandie,76,2,96,LeHavre,166058,1780,167838.0,0.0,7,,0.0,2.0,4.0,23.0,B01
202200045460,10,5,2022,17:40,1,76.0,76351,2,4,1.0,4.0,BERNARD LACHEVRE,"49,5196400000","0,1106300000",,76.076351,76351,Seine-Maritime,28.0,Normandie,50.0,4.0,2.0,2,1.0,28,Normandie,76,2,96,LeHavre,166058,1780,167838.0,0.0,7,,0.0,2.0,4.0,23.0,C01
202200045592,12,1,2022,19:55,3,76.0,76618,1,1,5.0,6.0,43 rue des champs,"49,9350430000","1,2779440000",,76.076618,76618,Seine-Maritime,28.0,Normandie,80.0,3.0,-1.0,2,6.0,28,Normandie,76,1,8,Petit-Caux,9625,210,9835.0,2.0,7,,13.0,0.0,9.0,1.0,A01
202200045652,10,1,2022,21:10,3,76.0,76540,2,1,1.0,6.0,Boulevard Gambetta,"49,4372917489","1,1035922170",,76.076540,76540,Seine-Maritime,28.0,Normandie,30.0,4.0,2.0,2,1.0,28,Normandie,76,3,97,Rouen,114083,1556,115639.0,3.0,3,,0.0,1.0,1.0,15.0,A01
202200045653,9,1,2022,04:30,3,76.0,76447,1,1,1.0,1.0,RAOUL DUFY,"49,5635430046","0,1596826315",,76.076447,76447,Seine-Maritime,28.0,Normandie,70.0,3.0,2.0,2,2.0,28,Normandie,76,2,15,Montivilliers,15457,203,15660.0,2.0,7,,0.0,2.0,1.0,1.0,B01
202200045653,9,1,2022,04:30,3,76.0,76447,1,1,1.0,1.0,RAOUL DUFY,"49,5635430046","0,1596826315",,76.076447,76447,Seine-Maritime,28.0,Normandie,70.0,3.0,2.0,2,2.0,28,Normandie,76,2,15,Montivilliers,15457,203,15660.0,1.0,7,,0.0,2.0,1.0,13.0,A01
202200045810,23,9,2022,10:45,1,76.0,76686,1,2,1.0,3.0,Intersection D10 / rue des pivoines,"49,7534690000","0,5389680000",,76.076686,76686,Seine-Maritime,28.0,Normandie,80.0,3.0,2.0,1,1.0,28,Normandie,76,2,11,Theuville-aux-Maillots,530,8,538.0,3.0,21,,0.0,2.0,1.0,26.0,A01
202200045810,23,9,2022,10:45,1,76.0,76686,1,2,1.0,3.0,Intersection D10 / rue des pivoines,"49,7534690000","0,5389680000",,76.076686,76686,Seine-Maritime,28.0,Normandie,80.0,3.0,2.0,1,1.0,28,Normandie,76,2,11,Theuville-aux-Maillots,530,8,538.0,3.0,7,,8.0,0.0,8.0,26.0,B01
202200045878,23,9,2022,22:50,3,76.0,76164,1,1,2.0,6.0,D490,"49,5328820000","0,7547090000",,76.076164,76164,Seine-Maritime,28.0,Normandie,80.0,3.0,2.0,2,2.0,28,Normandie,76,3,25,Rives-en-Seine,4078,66,4144.0,2.0,7,,2.0,0.0,0.0,26.0,A01
202200045981,22,9,2022,21:15,5,76.0,76178,2,6,1.0,1.0,Rue de la Résistance,"49,3200600000","1,0444600000",,76.076178,76178,Seine-Maritime,28.0,Normandie,30.0,7.0,1.0,1,1.0,28,Normandie,76,3,5,Cléon,4907,30,4937.0,0.0,7,,0.0,2.0,1.0,1.0,B01
202200045981,22,9,2022,21:15,5,76.0,76178,2,6,1.0,1.0,Rue de la Résistance,"49,3200600000","1,0444600000",,76.076178,76178,Seine-Maritime,28.0,Normandie,30.0,7.0,1.0,1,1.0,28,Normandie,76,3,5,Cléon,4907,30,4937.0,0.0,7,,0.0,2.0,1.0,5.0,A01
202200045984,22,9,2022,10:15,1,76.0,76351,2,6,1.0,6.0,GEORGES BRAQUE (RUE),"49,4952100000","0,1053500000",,76.076351,76351,Seine-Maritime,28.0,Normandie,50.0,4.0,2.0,2,1.0,28,Normandie,76,2,96,LeHavre,166058,1780,167838.0,2.0,50,,6.0,0.0,0.0,0.0,A01
202200046151,18,8,2022,15:30,1,76.0,76100,2,3,1.0,3.0,Route de Saint-Arnoult,"49,4943540000","1,2876430000",,76.076100,76100,Seine-Maritime,28.0,Normandie,70.0,3.0,2.0,2,1.0,28,Normandie,76,3,21,Blainville-Crevon,1227,19,1246.0,1.0,33,,0.0,2.0,3.0,16.0,A01
202200046151,18,8,2022,15:30,1,76.0,76100,2,3,1.0,3.0,Route de Saint-Arnoult,"49,4943540000","1,2876430000",,76.076100,76100,Seine-Maritime,28.0,Normandie,70.0,3.0,2.0,2,1.0,28,Normandie,76,3,21,Blainville-Crevon,1227,19,1246.0,3.0,7,,0.0,0.0,6.0,1.0,B01
202200046216,10,6,2022,13:00,1,76.0,76484,2,2,1.0,1.0,Avenue du Général de Gaulle,"49,3428330000","1,0903600000",,76.076484,76484,Seine-Maritime,28.0,Normandie,50.0,7.0,2.0,2,1.0,28,Normandie,76,3,31,Oissel,12367,83,12450.0,3.0,1,,0.0,2.0,3.0,13.0,B01
202200046216,10,6,2022,13:00,1,76.0,76484,2,2,1.0,1.0,Avenue du Général de Gaulle,"49,3428330000","1,0903600000",,76.076484,76484,Seine-Maritime,28.0,Normandie,50.0,7.0,2.0,2,1.0,28,Normandie,76,3,31,Oissel,12367,83,12450.0,3.0,7,,0.0,2.0,1.0,15.0,A01
202200046221,10,6,2022,08:00,1,76.0,76322,2,6,1.0,2.0,Avenue Franklin Roosevelt,"49,3996223985","1,0561949225",,76.076322,76322,Seine-Maritime,28.0,Normandie,50.0,4.0,1.0,1,1.0,28,Normandie,76,3,13,LeGrand-Quevilly,25975,225,26200.0,3.0,7,,0.0,2.0,4.0,0.0,B01
202200046221,10,6,2022,08:00,1,76.0,76322,2,6,1.0,2.0,Avenue Franklin Roosevelt,"49,3996223985","1,0561949225",,76.076322,76322,Seine-Maritime,28.0,Normandie,50.0,4.0,1.0,1,1.0,28,Normandie,76,3,13,LeGrand-Quevilly,25975,225,26200.0,3.0,7,,0.0,2.0,1.0,1.0,A01
202200046232,10,7,2022,08:08,1,76.0,76322,2,2,1.0,2.0,Boulevard Maurice Ravel,"49,4080100000","1,0458500000",,76.076322,76322,Seine-Maritime,28.0,Normandie,50.0,7.0,2.0,2,1.0,28,Normandie,76,3,13,LeGrand-Quevilly,25975,225,26200.0,3.0,7,,0.0,2.0,4.0,23.0,B01
202200046232,10,7,2022,08:08,1,76.0,76322,2,2,1.0,2.0,Boulevard Maurice Ravel,"49,4080100000","1,0458500000",,76.076322,76322,Seine-Maritime,28.0,Normandie,50.0,7.0,2.0,2,1.0,28,Normandie,76,3,13,LeGrand-Quevilly,25975,225,26200.0,3.0,7,,0.0,2.0,1.0,2.0,A01
202200046234,9,7,2022,18:15,1,76.0,76319,2,1,1.0,6.0,Rue des Mesliers,"49,3578070000","1,0133770000",,76.076319,76319,Seine-Maritime,28.0,Normandie,50.0,4.0,2.0,2,1.0,28,Normandie,76,3,9,Grand-Couronne,9726,177,9903.0,1.0,7,,15.0,0.0,1.0,0.0,A01
202200046240,9,7,2022,06:15,1,76.0,76540,2,2,1.0,1.0,Rue du Vieux Palais,"49,4418400000","1,0862200000",,76.076540,76540,Seine-Maritime,28.0,Normandie,5.0,4.0,1.0,1,1.0,28,Normandie,76,3,97,Rouen,114083,1556,115639.0,3.0,10,,0.0,2.0,1.0,1.0,B01
202200046240,9,7,2022,06:15,1,76.0,76540,2,2,1.0,1.0,Rue du Vieux Palais,"49,4418400000","1,0862200000",,76.076540,76540,Seine-Maritime,28.0,Normandie,5.0,4.0,1.0,1,1.0,28,Normandie,76,3,97,Rouen,114083,1556,115639.0,3.0,31,,0.0,2.0,1.0,1.0,A01
202200046245,9,7,2022,09:00,1,76.0,76108,2,1,7.0,2.0,Route de Neufchâtel,"49,4845400000","1,1354500000",,76.076108,76108,Seine-Maritime,28.0,Normandie,50.0,7.0,2.0,2,1.0,28,Normandie,76,3,2,Bois-Guillaume,14262,361,14623.0,2.0,7,,0.0,2.0,5.0,2.0,B01
202200046245,9,7,2022,09:00,1,76.0,76108,2,1,7.0,2.0,Route de Neufchâtel,"49,4845400000","1,1354500000",,76.076108,76108,Seine-Maritime,28.0,Normandie,50.0,7.0,2.0,2,1.0,28,Normandie,76,3,2,Bois-Guillaume,14262,361,14623.0,2.0,33,,0.0,2.0,1.0,2.0,A01
202200046255,7,7,2022,18:15,1,76.0,76540,2,2,1.0,3.0,Avenue Jean Rondeaux,"49,4389400000","1,0800200000",,76.076540,76540,Seine-Maritime,28.0,Normandie,50.0,7.0,2.0,4,1.0,28,Normandie,76,3,97,Rouen,114083,1556,115639.0,3.0,43,,0.0,2.0,8.0,15.0,A01
202200046255,7,7,2022,18:15,1,76.0,76540,2,2,1.0,3.0,Avenue Jean Rondeaux,"49,4389400000","1,0800200000",,76.076540,76540,Seine-Maritime,28.0,Normandie,50.0,7.0,2.0,4,1.0,28,Normandie,76,3,97,Rouen,114083,1556,115639.0,3.0,7,,0.0,2.0,1.0,1.0,B01
202200046259,5,7,2022,18:00,1,76.0,76351,2,1,1.0,3.0,VERDUN (RUE DE),"49,5024020000","0,1766700000",,76.076351,76351,Seine-Maritime,28.0,Normandie,50.0,4.0,2.0,3,1.0,28,Normandie,76,2,96,LeHavre,166058,1780,167838.0,1.0,33,,0.0,2.0,1.0,1.0,B01
202200046259,5,7,2022,18:00,1,76.0,76351,2,1,1.0,3.0,VERDUN (RUE DE),"49,5024020000","0,1766700000",,76.076351,76351,Seine-Maritime,28.0,Normandie,50.0,4.0,2.0,3,1.0,28,Normandie,76,2,96,LeHavre,166058,1780,167838.0,1.0,50,,0.0,2.0,8.0,11.0,A01
202200046264,12,6,2022,17:20,1,76.0,76351,2,6,1.0,3.0,VAUBAN,"49,4889400000","0,1198700000",,76.076351,76351,Seine-Maritime,28.0,Normandie,50.0,4.0,2.0,2,1.0,28,Normandie,76,2,96,LeHavre,166058,1780,167838.0,3.0,50,,0.0,2.0,1.0,0.0,B01
202200046264,12,6,2022,17:20,1,76.0,76351,2,6,1.0,3.0,VAUBAN,"49,4889400000","0,1198700000",,76.076351,76351,Seine-Maritime,28.0,Normandie,50.0,4.0,2.0,2,1.0,28,Normandie,76,2,96,LeHavre,166058,1780,167838.0,3.0,7,,0.0,2.0,5.0,0.0,A01
202200046268,10,6,2022,13:10,1,76.0,76481,1,1,1.0,2.0,D6382,"49,5329507937","0,1153805852",,76.076481,76481,Seine-Maritime,28.0,Normandie,90.0,3.0,3.0,4,1.0,28,Normandie,76,2,26,Octeville-sur-Mer,6122,119,6241.0,1.0,7,,2.0,2.0,1.0,0.0,A01
202200046268,10,6,2022,13:10,1,76.0,76481,1,1,1.0,2.0,D6382,"49,5329507937","0,1153805852",,76.076481,76481,Seine-Maritime,28.0,Normandie,90.0,3.0,3.0,4,1.0,28,Normandie,76,2,26,Octeville-sur-Mer,6122,119,6241.0,1.0,7,,0.0,2.0,4.0,0.0,B01
202200046377,16,8,2022,11:00,1,76.0,76322,2,1,1.0,6.0,Avenue des Provinces,"49,4083400000","1,0507300000",,76.076322,76322,Seine-Maritime,28.0,Normandie,50.0,4.0,2.0,3,1.0,28,Normandie,76,3,13,LeGrand-Quevilly,25975,225,26200.0,3.0,7,,0.0,1.0,1.0,1.0,A01
202200046382,13,8,2022,13:50,1,76.0,76351,2,1,1.0,6.0,CLEMENCEAU (BD),"49,4904100000","0,0973800000",,76.076351,76351,Seine-Maritime,28.0,Normandie,50.0,4.0,2.0,2,1.0,28,Normandie,76,2,96,LeHavre,166058,1780,167838.0,2.0,10,,0.0,1.0,2.0,1.0,A01
202200046625,16,8,2022,20:25,1,76.0,76688,2,1,1.0,7.0,Route de Valmont,"49,7415520000","0,5108210000",,76.076688,76688,Seine-Maritime,28.0,Normandie,50.0,3.0,2.0,2,1.0,28,Normandie,76,2,11,ThiergevilLe399,11,410,,1.0,2,,0.0,0.0,1.0,1.0,A01
202200046629,16,8,2022,22:20,5,76.0,76550,1,1,1.0,6.0,La Grande Voie,"49,3761000000","0,9289240000",,76.076550,76550,Seine-Maritime,28.0,Normandie,50.0,7.0,2.0,2,1.0,28,Normandie,76,3,4,Sahurs,1219,17,1236.0,3.0,7,,8.0,0.0,3.0,2.0,A01
202200046664,28,10,2022,09:50,1,76.0,76243,1,1,1.0,3.0,Rue des Prairies,"49,5321720000","1,3613820000",,76.076243,76243,Seine-Maritime,28.0,Normandie,80.0,3.0,2.0,2,1.0,28,Normandie,76,3,21,Ernemont-sur-Buchy,294,2,296.0,1.0,7,,0.0,2.0,2.0,17.0,A01
202200046664,28,10,2022,09:50,1,76.0,76243,1,1,1.0,3.0,Rue des Prairies,"49,5321720000","1,3613820000",,76.076243,76243,Seine-Maritime,28.0,Normandie,80.0,3.0,2.0,2,1.0,28,Normandie,76,3,21,Ernemont-sur-Buchy,294,2,296.0,1.0,1,,0.0,2.0,8.0,1.0,B01
202200046753,11,6,2022,16:03,1,76.0,76594,1,3,1.0,3.0,rd6015 rk23+500,"49,4946540000","1,0118690000",,76.076594,76594,Seine-Maritime,28.0,Normandie,80.0,3.0,2.0,3,1.0,28,Normandie,76,3,24,Saint-Jean-du-Cardonnay,1340,27,1367.0,1.0,33,,0.0,2.0,7.0,1.0,A01
202200046753,11,6,2022,16:03,1,76.0,76594,1,3,1.0,3.0,rd6015 rk23+500,"49,4946540000","1,0118690000",,76.076594,76594,Seine-Maritime,28.0,Normandie,80.0,3.0,2.0,3,1.0,28,Normandie,76,3,24,Saint-Jean-du-Cardonnay,1340,27,1367.0,1.0,33,,0.0,2.0,6.0,9.0,B01
202200046892,30,3,2022,12:29,1,76.0,76217,2,1,8.0,6.0,REPUBLIQUE (AVENUE DE LA),"49,9267000000","1,0954000000",,76.076217,76217,Seine-Maritime,28.0,Normandie,50.0,4.0,4.0,3,1.0,28,Normandie,76,1,95,Dieppe,28358,455,28813.0,1.0,7,,0.0,1.0,2.0,1.0,A01
202200046896,21,3,2022,01:15,5,76.0,76681,2,1,2.0,2.0,Boulevard Industriel,"49,4217400000","1,1065100000",,76.076681,76681,Seine-Maritime,28.0,Normandie,70.0,7.0,3.0,4,2.0,28,Normandie,76,3,99,Sotteville-lès-Rouen,28965,475,29440.0,1.0,7,,0.0,2.0,1.0,2.0,A01
202200046896,21,3,2022,01:15,5,76.0,76681,2,1,2.0,2.0,Boulevard Industriel,"49,4217400000","1,1065100000",,76.076681,76681,Seine-Maritime,28.0,Normandie,70.0,7.0,3.0,4,2.0,28,Normandie,76,3,99,Sotteville-lès-Rouen,28965,475,29440.0,1.0,14,,0.0,2.0,4.0,23.0,B01
202200047009,26,10,2022,10:20,1,76.0,76540,2,7,6.0,6.0,Place du General de Gaulle,"49,4437300000","1,0953300000",,76.076540,76540,Seine-Maritime,28.0,Normandie,30.0,4.0,2.0,2,1.0,28,Normandie,76,3,97,Rouen,114083,1556,115639.0,0.0,7,,0.0,1.0,1.0,16.0,A01
202200047012,25,10,2022,20:05,3,76.0,76447,2,1,2.0,2.0,RD 489,"49,5326600000","0,1863500000",,76.076447,76447,Seine-Maritime,28.0,Normandie,50.0,3.0,1.0,1,2.0,28,Normandie,76,2,15,Montivilliers,15457,203,15660.0,2.0,10,,3.0,2.0,1.0,2.0,A01
202200047012,25,10,2022,20:05,3,76.0,76447,2,1,2.0,2.0,RD 489,"49,5326600000","0,1863500000",,76.076447,76447,Seine-Maritime,28.0,Normandie,50.0,3.0,1.0,1,2.0,28,Normandie,76,2,15,Montivilliers,15457,203,15660.0,2.0,10,,0.0,2.0,4.0,1.0,B01
202200047014,25,10,2022,17:00,1,76.0,76305,2,1,1.0,7.0,INDUSTRIELLE (ROUTE),"49,4875700000","0,2081100000",,76.076305,76305,Seine-Maritime,28.0,Normandie,50.0,4.0,2.0,2,1.0,28,Normandie,76,2,16,Gonfreville-l'Orcher,8961,44,9005.0,0.0,33,,0.0,0.0,0.0,14.0,A01
202200047196,29,3,2022,22:05,5,76.0,76351,2,1,1.0,7.0,FRANCOIS 1ER (BD),"49,4953400000","0,0961400000",,76.076351,76351,Seine-Maritime,28.0,Normandie,50.0,4.0,2.0,2,1.0,28,Normandie,76,2,96,LeHavre,166058,1780,167838.0,0.0,30,,11.0,0.0,1.0,1.0,A01
202200047200,29,3,2022,17:07,1,76.0,76351,2,9,1.0,3.0,CAVEE VERTE (RUE DE LA),"49,5067600000","0,1200500000",,76.076351,76351,Seine-Maritime,28.0,Normandie,50.0,4.0,2.0,2,1.0,28,Normandie,76,2,96,LeHavre,166058,1780,167838.0,3.0,33,,0.0,2.0,1.0,1.0,B01
202200047200,29,3,2022,17:07,1,76.0,76351,2,9,1.0,3.0,CAVEE VERTE (RUE DE LA),"49,5067600000","0,1200500000",,76.076351,76351,Seine-Maritime,28.0,Normandie,50.0,4.0,2.0,2,1.0,28,Normandie,76,2,96,LeHavre,166058,1780,167838.0,3.0,7,,0.0,2.0,7.0,15.0,A01
202200047203,30,3,2022,21:00,5,76.0,76026,2,1,1.0,6.0,CHAUSSEE (RUE DE LA),"49,8805500000","1,1299900000",,76.076026,76026,Seine-Maritime,28.0,Normandie,50.0,4.0,-1.0,2,1.0,28,Normandie,76,1,8,Arques-la-BatailLe2480,44,2524,,3.0,7,,6.0,0.0,1.0,26.0,A01
202200047374,6,5,2022,12:30,1,76.0,76540,2,1,1.0,6.0,Rue Jean Lecanuet,"49,4439000000","1,0962500000",,76.076540,76540,Seine-Maritime,28.0,Normandie,30.0,4.0,2.0,2,1.0,28,Normandie,76,3,97,Rouen,114083,1556,115639.0,0.0,10,,0.0,1.0,1.0,15.0,A01
202200047375,20,4,2022,16:06,1,76.0,76540,2,2,1.0,2.0,Avenue du Grand Cours,"49,4255400000","1,1057700000",,76.076540,76540,Seine-Maritime,28.0,Normandie,70.0,7.0,3.0,4,1.0,28,Normandie,76,3,97,Rouen,114083,1556,115639.0,1.0,33,,0.0,2.0,4.0,2.0,B01
202200047375,20,4,2022,16:06,1,76.0,76540,2,2,1.0,2.0,Avenue du Grand Cours,"49,4255400000","1,1057700000",,76.076540,76540,Seine-Maritime,28.0,Normandie,70.0,7.0,3.0,4,1.0,28,Normandie,76,3,97,Rouen,114083,1556,115639.0,1.0,7,,0.0,2.0,1.0,2.0,A01
202200047376,9,5,2022,17:26,1,76.0,76217,2,1,1.0,6.0,VICTOIRE (DE LA),"49,9262100000","1,0986600000",,76.076217,76217,Seine-Maritime,28.0,Normandie,30.0,4.0,1.0,1,1.0,28,Normandie,76,1,95,Dieppe,28358,455,28813.0,1.0,7,,0.0,1.0,1.0,1.0,A01
202200047377,4,5,2022,14:50,1,76.0,76217,2,3,1.0,3.0,VERDUN (BOULEVARD DE),"49,9304900000","1,0821300000",,76.076217,76217,Seine-Maritime,28.0,Normandie,30.0,4.0,2.0,2,1.0,28,Normandie,76,1,95,Dieppe,28358,455,28813.0,1.0,7,,0.0,2.0,8.0,15.0,A01
202200047377,4,5,2022,14:50,1,76.0,76217,2,3,1.0,3.0,VERDUN (BOULEVARD DE),"49,9304900000","1,0821300000",,76.076217,76217,Seine-Maritime,28.0,Normandie,30.0,4.0,2.0,2,1.0,28,Normandie,76,1,95,Dieppe,28358,455,28813.0,1.0,2,,0.0,2.0,1.0,1.0,B01
202200047486,8,1,2022,15:55,1,76.0,76259,2,1,3.0,2.0,Rue Gustave Couturier,"49,7527000000","0,3917500000",,76.076259,76259,Seine-Maritime,28.0,Normandie,50.0,4.0,3.0,2,2.0,28,Normandie,76,2,11,Fécamp,18016,269,18285.0,3.0,7,,0.0,2.0,4.0,2.0,B01
202200047486,8,1,2022,15:55,1,76.0,76259,2,1,3.0,2.0,Rue Gustave Couturier,"49,7527000000","0,3917500000",,76.076259,76259,Seine-Maritime,28.0,Normandie,50.0,4.0,3.0,2,2.0,28,Normandie,76,2,11,Fécamp,18016,269,18285.0,3.0,7,,0.0,2.0,1.0,2.0,A01
202200047513,10,1,2022,13:15,1,76.0,76624,2,9,1.0,6.0,rue robert le franc,"49,8759400000","1,2382870000",,76.076624,76624,Seine-Maritime,28.0,Normandie,50.0,3.0,3.0,2,1.0,28,Normandie,76,1,8,Saint-Nicolas-d'Aliermont,3764,59,3823.0,1.0,7,,0.0,1.0,1.0,2.0,A01
202200047524,8,1,2022,18:15,3,76.0,76667,1,1,3.0,5.0,rn 27,"49,8494330000","1,0712740000",,76.076667,76667,Seine-Maritime,28.0,Normandie,90.0,2.0,2.0,2,3.0,28,Normandie,76,1,7,SauquevilLe346,10,356,,2.0,7,,3.0,2.0,1.0,5.0,A01
202200047524,8,1,2022,18:15,3,76.0,76667,1,1,3.0,5.0,rn 27,"49,8494330000","1,0712740000",,76.076667,76667,Seine-Maritime,28.0,Normandie,90.0,2.0,2.0,2,3.0,28,Normandie,76,1,7,SauquevilLe346,10,356,,1.0,7,,0.0,2.0,1.0,1.0,B01
202200047524,8,1,2022,18:15,3,76.0,76667,1,1,3.0,5.0,rn 27,"49,8494330000","1,0712740000",,76.076667,76667,Seine-Maritime,28.0,Normandie,90.0,2.0,2.0,2,3.0,28,Normandie,76,1,7,SauquevilLe346,10,356,,1.0,7,,0.0,2.0,1.0,1.0,C01
202200047581,8,1,2022,11:20,1,76.0,76005,2,1,2.0,6.0,Route de Paris,"49,4182900000","1,1178900000",,76.076005,76005,Seine-Maritime,28.0,Normandie,30.0,7.0,2.0,2,2.0,28,Normandie,76,3,6,Amfreville-la-Mi-Voie,3296,30,3326.0,2.0,7,,1.0,0.0,1.0,14.0,A01
202200047762,21,9,2022,10:30,1,76.0,76709,2,1,1.0,6.0,280 Rue Raymond Brétéché,"49,4829460000","0,8079010000",,76.076709,76709,Seine-Maritime,28.0,Normandie,50.0,7.0,2.0,2,1.0,28,Normandie,76,3,1,LeTrait,4780,38,4818.0,0.0,7,,0.0,1.0,4.0,26.0,A01
202200047765,17,9,2022,17:10,1,76.0,76312,2,1,1.0,6.0,Boulevard des Capucins,"49,4845690000","1,7172570000",,76.076312,76312,Seine-Maritime,28.0,Normandie,50.0,2.0,2.0,2,1.0,28,Normandie,76,1,12,Gournay-en-Bray,5944,85,6029.0,0.0,7,,0.0,1.0,1.0,1.0,A01
202200047842,18,2,2022,18:00,2,76.0,76391,1,1,6.0,1.0,Rue Frété,"49,3021080000","0,9717720000",,76.076391,76391,Seine-Maritime,28.0,Normandie,80.0,4.0,2.0,2,1.0,28,Normandie,76,3,9,La Londe,2362,71,2433.0,1.0,10,,0.0,2.0,1.0,13.0,A01
202200047842,18,2,2022,18:00,2,76.0,76391,1,1,6.0,1.0,Rue Frété,"49,3021080000","0,9717720000",,76.076391,76391,Seine-Maritime,28.0,Normandie,80.0,4.0,2.0,2,1.0,28,Normandie,76,3,9,La Londe,2362,71,2433.0,2.0,7,,0.0,2.0,1.0,1.0,B01
202200047846,18,2,2022,01:00,5,76.0,76231,2,9,2.0,6.0,Rue Sevestre Aine,"49,2899100000","1,0009400000",,76.076231,76231,Seine-Maritime,28.0,Normandie,50.0,4.0,2.0,2,2.0,28,Normandie,76,3,9,Elbeuf,15951,138,16089.0,3.0,7,,1.0,0.0,1.0,26.0,A01