Num_Acc,jour,mois,an,hrmn,lum,dep,com,agg,int,atm,col,adr,lat,long,gps,com_insee_temp,com_insee,departmentName,regionCode,regionName,vma,catr,circ,nbv,surf,Code,Region,Departement,Arrondissement,Code_Canton,Nom_Commune,Population_municipaLe,Population_comptee_a_part,Population_Totale,senc,catv,occutc,obs,obsm,choc,manv,num_veh
202200047973,9,6,2022,17:20,1,76.0,76540,2,1,1.0,6.0,Rue d'Emendreville,"49,4290400000","1,0951800000",,76.076540,76540,Seine-Maritime,28.0,Normandie,30.0,4.0,1.0,1,1.0,28,Normandie,76,3,97,Rouen,114083,1556,115639.0,3.0,7,,8.0,1.0,2.0,1.0,A01
202200048230,18,2,2022,10:15,1,76.0,76258,2,2,6.0,6.0,Rue Charles de Gaulle,"49,6521200000","0,5920710000",,76.076258,76258,Seine-Maritime,28.0,Normandie,50.0,3.0,2.0,2,2.0,28,Normandie,76,2,33,Terres-de-Caux,4208,112,4320.0,1.0,7,,0.0,1.0,2.0,16.0,A01
202200048309,16,8,2022,14:10,1,76.0,76647,1,3,1.0,2.0,D6015,"49,5378540000","0,3719260000",,76.076647,76647,Seine-Maritime,28.0,Normandie,70.0,3.0,2.0,2,1.0,28,Normandie,76,2,32,Saint-Romain-de-Colbosc,4436,43,4479.0,1.0,80,,0.0,2.0,3.0,15.0,B01
202200048309,16,8,2022,14:10,1,76.0,76647,1,3,1.0,2.0,D6015,"49,5378540000","0,3719260000",,76.076647,76647,Seine-Maritime,28.0,Normandie,70.0,3.0,2.0,2,1.0,28,Normandie,76,2,32,Saint-Romain-de-Colbosc,4436,43,4479.0,1.0,14,,0.0,0.0,5.0,17.0,A01
202200048320,11,2,2022,16:55,1,76.0,76618,2,1,7.0,3.0,Rue de la Grand Mare,"49,9360130000","1,3175120000",,76.076618,76618,Seine-Maritime,28.0,Normandie,50.0,3.0,2.0,2,1.0,28,Normandie,76,1,8,Petit-Caux,9625,210,9835.0,3.0,7,,1.0,0.0,1.0,1.0,B01
202200048320,11,2,2022,16:55,1,76.0,76618,2,1,7.0,3.0,Rue de la Grand Mare,"49,9360130000","1,3175120000",,76.076618,76618,Seine-Maritime,28.0,Normandie,50.0,3.0,2.0,2,1.0,28,Normandie,76,1,8,Petit-Caux,9625,210,9835.0,3.0,21,,0.0,0.0,3.0,24.0,A01
202200048342,27,10,2022,04:50,3,76.0,76647,1,1,1.0,1.0,D6015,"49,5392390000","0,3759380000",,76.076647,76647,Seine-Maritime,28.0,Normandie,-1.0,3.0,2.0,2,1.0,28,Normandie,76,2,32,Saint-Romain-de-Colbosc,4436,43,4479.0,1.0,7,,0.0,2.0,3.0,21.0,A01
202200048342,27,10,2022,04:50,3,76.0,76647,1,1,1.0,1.0,D6015,"49,5392390000","0,3759380000",,76.076647,76647,Seine-Maritime,28.0,Normandie,-1.0,3.0,2.0,2,1.0,28,Normandie,76,2,32,Saint-Romain-de-Colbosc,4436,43,4479.0,2.0,7,,0.0,2.0,3.0,0.0,B01
202200048360,14,8,2022,23:20,4,76.0,76165,2,3,1.0,3.0,Rue de la République,"49,2837200000","1,0168500000",,76.076165,76165,Seine-Maritime,28.0,Normandie,30.0,4.0,1.0,1,1.0,28,Normandie,76,3,5,Caudebec-lès-Elbeuf,10135,69,10204.0,1.0,50,,0.0,2.0,1.0,19.0,B01
202200048360,14,8,2022,23:20,4,76.0,76165,2,3,1.0,3.0,Rue de la République,"49,2837200000","1,0168500000",,76.076165,76165,Seine-Maritime,28.0,Normandie,30.0,4.0,1.0,1,1.0,28,Normandie,76,3,5,Caudebec-lès-Elbeuf,10135,69,10204.0,2.0,7,,1.0,2.0,3.0,16.0,A01
202200048483,19,2,2022,10:30,1,76.0,76261,1,1,1.0,6.0,D921,"49,5774880000","1,5427500000",,76.076261,76261,Seine-Maritime,28.0,Normandie,80.0,3.0,2.0,2,2.0,28,Normandie,76,1,12,La Ferté-Saint-Samson,444,11,455.0,1.0,7,,13.0,0.0,3.0,0.0,A01
202200048577,24,10,2022,08:05,1,76.0,76217,2,6,2.0,3.0,ARQUES (CHAUSSEE DE L'),"49,9154250000","1,0947790000",,76.076217,76217,Seine-Maritime,28.0,Normandie,50.0,4.0,1.0,2,2.0,28,Normandie,76,1,95,Dieppe,28358,455,28813.0,1.0,2,,0.0,2.0,1.0,15.0,B01
202200048577,24,10,2022,08:05,1,76.0,76217,2,6,2.0,3.0,ARQUES (CHAUSSEE DE L'),"49,9154250000","1,0947790000",,76.076217,76217,Seine-Maritime,28.0,Normandie,50.0,4.0,1.0,2,2.0,28,Normandie,76,1,95,Dieppe,28358,455,28813.0,1.0,7,,0.0,2.0,3.0,15.0,A01
202200048714,15,8,2022,19:35,1,76.0,76381,1,1,1.0,1.0,D7,"49,7745483535","1,6181015968",,76.076381,76381,Seine-Maritime,28.0,Normandie,80.0,3.0,2.0,2,1.0,28,Normandie,76,1,12,Landes-Vieilles-et-Neuves,127,1,128.0,2.0,2,,0.0,2.0,1.0,17.0,A01
202200048714,15,8,2022,19:35,1,76.0,76381,1,1,1.0,1.0,D7,"49,7745483535","1,6181015968",,76.076381,76381,Seine-Maritime,28.0,Normandie,80.0,3.0,2.0,2,1.0,28,Normandie,76,1,12,Landes-Vieilles-et-Neuves,127,1,128.0,1.0,7,,0.0,2.0,1.0,1.0,B01
202200048719,14,8,2022,14:30,1,76.0,76245,1,1,1.0,7.0,Zone d'activité du Polen,"49,5504050000","1,0474990000",,76.076245,76245,Seine-Maritime,28.0,Normandie,50.0,5.0,2.0,2,1.0,28,Normandie,76,3,24,Eslettes,1641,16,1657.0,0.0,2,,0.0,0.0,4.0,26.0,A01
202200048737,15,2,2022,19:45,5,76.0,76351,2,2,2.0,6.0,WINSTON CHURCHILL,"49,4940800000","0,1384600000",,76.076351,76351,Seine-Maritime,28.0,Normandie,50.0,4.0,2.0,7,2.0,28,Normandie,76,2,96,LeHavre,166058,1780,167838.0,0.0,7,,0.0,1.0,1.0,1.0,A01
202200048839,10,6,2022,14:00,1,76.0,76086,1,1,1.0,1.0,Rue de la cailloutière,"49,6656672821","0,9993106127",,76.076086,76086,Seine-Maritime,28.0,Normandie,80.0,4.0,2.0,2,1.0,28,Normandie,76,1,20,Bertrimont,217,2,219.0,3.0,2,,0.0,2.0,1.0,1.0,A01
202200048839,10,6,2022,14:00,1,76.0,76086,1,1,1.0,1.0,Rue de la cailloutière,"49,6656672821","0,9993106127",,76.076086,76086,Seine-Maritime,28.0,Normandie,80.0,4.0,2.0,2,1.0,28,Normandie,76,1,20,Bertrimont,217,2,219.0,3.0,10,,0.0,2.0,3.0,1.0,B01
202200048890,14,8,2022,10:55,1,76.0,76147,1,1,1.0,6.0,DEPARTEMENTALE 48 PK/PR20+150,"49,7343836638","1,3802486658",,76.076147,76147,Seine-Maritime,28.0,Normandie,80.0,3.0,2.0,2,1.0,28,Normandie,76,1,23,Bully,883,22,905.0,1.0,7,,2.0,0.0,3.0,1.0,A01
202200048992,25,10,2022,18:55,5,76.0,76675,2,1,1.0,7.0,1810 Route des Huniers,"49,6045100000","1,0373070000",,76.076675,76675,Seine-Maritime,28.0,Normandie,-1.0,4.0,2.0,1,2.0,28,Normandie,76,3,2,SiervilLe1108,16,1124,,3.0,2,,0.0,0.0,7.0,1.0,A01
202200049014,29,3,2022,20:20,5,76.0,76231,2,1,6.0,3.0,Rue des Martyrs,"49,2879900000","1,0071000000",,76.076231,76231,Seine-Maritime,28.0,Normandie,50.0,4.0,2.0,2,1.0,28,Normandie,76,3,9,Elbeuf,15951,138,16089.0,0.0,7,,1.0,0.0,3.0,20.0,A01
202200049014,29,3,2022,20:20,5,76.0,76231,2,1,6.0,3.0,Rue des Martyrs,"49,2879900000","1,0071000000",,76.076231,76231,Seine-Maritime,28.0,Normandie,50.0,4.0,2.0,2,1.0,28,Normandie,76,3,9,Elbeuf,15951,138,16089.0,0.0,50,,1.0,2.0,1.0,1.0,B01
202200049016,29,3,2022,09:50,2,76.0,76575,1,6,2.0,1.0,Boulevard Lénine,"49,3678760000","1,1067500000",,76.076575,76575,Seine-Maritime,28.0,Normandie,50.0,7.0,1.0,3,2.0,28,Normandie,76,3,98,Saint-Étienne-du-Rouvray,28508,225,28733.0,1.0,50,,12.0,0.0,8.0,19.0,B01
202200049016,29,3,2022,09:50,2,76.0,76575,1,6,2.0,1.0,Boulevard Lénine,"49,3678760000","1,1067500000",,76.076575,76575,Seine-Maritime,28.0,Normandie,50.0,7.0,1.0,3,2.0,28,Normandie,76,3,98,Saint-Étienne-du-Rouvray,28508,225,28733.0,1.0,7,,11.0,9.0,1.0,26.0,A01
202200049019,28,3,2022,19:20,1,76.0,76552,2,3,1.0,1.0,ALBERT DUBOSC,"49,5050833758","0,0862517953",,76.076552,76552,Seine-Maritime,28.0,Normandie,40.0,3.0,2.0,2,1.0,28,Normandie,76,2,19,Sainte-Adresse,7116,188,7304.0,2.0,80,,0.0,2.0,1.0,0.0,A01
202200049019,28,3,2022,19:20,1,76.0,76552,2,3,1.0,1.0,ALBERT DUBOSC,"49,5050833758","0,0862517953",,76.076552,76552,Seine-Maritime,28.0,Normandie,40.0,3.0,2.0,2,1.0,28,Normandie,76,2,19,Sainte-Adresse,7116,188,7304.0,2.0,43,,0.0,2.0,1.0,0.0,B01
202200049020,28,3,2022,17:15,1,76.0,76351,2,1,1.0,6.0,CLEMENT MARICAL,"49,4994000000","0,0947100000",,76.076351,76351,Seine-Maritime,28.0,Normandie,50.0,4.0,1.0,1,1.0,28,Normandie,76,2,96,LeHavre,166058,1780,167838.0,0.0,7,,1.0,0.0,1.0,13.0,A01
202200049194,11,5,2022,07:45,1,76.0,76159,2,1,7.0,6.0,Route d Ocqueville,"49,7887570000","0,6424160000",,76.076159,76159,Seine-Maritime,28.0,Normandie,30.0,4.0,2.0,2,1.0,28,Normandie,76,1,33,Cany-BarvilLe2947,46,2993,,0.0,7,,0.0,1.0,3.0,1.0,A01
202200049323,8,5,2022,21:50,5,76.0,76600,2,4,1.0,3.0,ETRETAT ( ROUTE D'),"49,7506247535","0,3637236357",,76.076600,76600,Seine-Maritime,28.0,Normandie,50.0,3.0,2.0,2,1.0,28,Normandie,76,2,11,Saint-Léonard,1713,34,1747.0,3.0,7,,0.0,2.0,2.0,9.0,B01
202200049323,8,5,2022,21:50,5,76.0,76600,2,4,1.0,3.0,ETRETAT ( ROUTE D'),"49,7506247535","0,3637236357",,76.076600,76600,Seine-Maritime,28.0,Normandie,50.0,3.0,2.0,2,1.0,28,Normandie,76,2,11,Saint-Léonard,1713,34,1747.0,2.0,7,,15.0,2.0,2.0,21.0,A01
202200049422,7,1,2022,01:40,5,76.0,76351,2,1,1.0,6.0,CLEMENT MARICAL,"49,5018961151","0,0975872576",,76.076351,76351,Seine-Maritime,28.0,Normandie,50.0,4.0,1.0,1,2.0,28,Normandie,76,2,96,LeHavre,166058,1780,167838.0,0.0,7,,1.0,0.0,1.0,13.0,A01
202200049776,29,11,2022,14:35,1,76.0,76355,1,1,1.0,1.0,Rue Paul Cauchy,"49,7017970000","0,7034090000",,76.076355,76355,Seine-Maritime,28.0,Normandie,80.0,3.0,2.0,2,1.0,28,Normandie,76,3,35,Héricourt-en-Caux,959,13,972.0,1.0,7,,0.0,2.0,3.0,0.0,A01
202200049776,29,11,2022,14:35,1,76.0,76355,1,1,1.0,1.0,Rue Paul Cauchy,"49,7017970000","0,7034090000",,76.076355,76355,Seine-Maritime,28.0,Normandie,80.0,3.0,2.0,2,1.0,28,Normandie,76,3,35,Héricourt-en-Caux,959,13,972.0,2.0,7,,0.0,2.0,3.0,0.0,B01
202200049779,29,11,2022,14:00,1,76.0,76400,2,1,1.0,6.0,Rue du General de Gaulle,"49,8284830000","0,9124530000",,76.076400,76400,Seine-Maritime,28.0,Normandie,50.0,3.0,2.0,2,1.0,28,Normandie,76,1,20,Luneray,2170,36,2206.0,1.0,7,,0.0,1.0,7.0,1.0,A01
202200049928,24,10,2022,17:30,1,76.0,76540,2,2,1.0,3.0,Boulevard des Belges,"49,4441100000","1,0854700000",,76.076540,76540,Seine-Maritime,28.0,Normandie,50.0,7.0,2.0,4,1.0,28,Normandie,76,3,97,Rouen,114083,1556,115639.0,1.0,1,,0.0,0.0,1.0,1.0,B01
202200049928,24,10,2022,17:30,1,76.0,76540,2,2,1.0,3.0,Boulevard des Belges,"49,4441100000","1,0854700000",,76.076540,76540,Seine-Maritime,28.0,Normandie,50.0,7.0,2.0,4,1.0,28,Normandie,76,3,97,Rouen,114083,1556,115639.0,1.0,7,,0.0,0.0,2.0,16.0,A01
202200049933,23,10,2022,21:55,5,76.0,76296,1,1,1.0,7.0,LIBERATION (RUE DE LA ),"49,5173300000","0,2463200000",,76.076296,76296,Seine-Maritime,28.0,Normandie,70.0,3.0,2.0,2,1.0,28,Normandie,76,2,16,GainnevilLe2511,39,2550,,0.0,33,,0.0,0.0,0.0,0.0,A01
202200049938,24,10,2022,07:40,2,76.0,76414,2,1,1.0,3.0,LOUIS BLERIOT (RUE ),"49,9249581323","1,1216488481",,76.076414,76414,Seine-Maritime,28.0,Normandie,50.0,4.0,2.0,2,1.0,28,Normandie,76,1,8,Martin-Église,1600,55,1655.0,3.0,3,,0.0,2.0,2.0,15.0,B01
202200049938,24,10,2022,07:40,2,76.0,76414,2,1,1.0,3.0,LOUIS BLERIOT (RUE ),"49,9249581323","1,1216488481",,76.076414,76414,Seine-Maritime,28.0,Normandie,50.0,4.0,2.0,2,1.0,28,Normandie,76,1,8,Martin-Église,1600,55,1655.0,3.0,33,,0.0,2.0,3.0,17.0,A01
202200050058,25,11,2022,08:00,2,76.0,76259,2,9,1.0,6.0,VALMONT ( ROUTE DE),"49,7541738429","0,4059219358",,76.076259,76259,Seine-Maritime,28.0,Normandie,50.0,3.0,2.0,2,2.0,28,Normandie,76,2,11,Fécamp,18016,269,18285.0,3.0,7,,0.0,1.0,2.0,1.0,A01
202200050104,18,9,2022,20:50,3,76.0,76033,2,1,1.0,6.0,D925,"49,6810970000","0,3615190000",,76.076033,76033,Seine-Maritime,28.0,Normandie,70.0,3.0,2.0,2,1.0,28,Normandie,76,2,32,Auberville-la-Renault,453,9,462.0,1.0,33,,0.0,6.0,1.0,1.0,A01
202200050122,16,2,2022,17:10,1,76.0,76540,2,1,2.0,3.0,Avenue Jean Rondeaux,"49,4371100000","1,0786400000",,76.076540,76540,Seine-Maritime,28.0,Normandie,50.0,7.0,2.0,4,2.0,28,Normandie,76,3,97,Rouen,114083,1556,115639.0,3.0,60,,0.0,2.0,1.0,19.0,A01
202200050122,16,2,2022,17:10,1,76.0,76540,2,1,2.0,3.0,Avenue Jean Rondeaux,"49,4371100000","1,0786400000",,76.076540,76540,Seine-Maritime,28.0,Normandie,50.0,7.0,2.0,4,2.0,28,Normandie,76,3,97,Rouen,114083,1556,115639.0,3.0,13,,0.0,2.0,1.0,1.0,B01
202200050129,16,2,2022,06:50,5,76.0,76575,2,1,2.0,3.0,Rue Julian Grimau,"49,3892000000","1,0916410000",,76.076575,76575,Seine-Maritime,28.0,Normandie,50.0,4.0,2.0,2,2.0,28,Normandie,76,3,98,Saint-Étienne-du-Rouvray,28508,225,28733.0,0.0,7,,0.0,2.0,3.0,15.0,A01
202200050129,16,2,2022,06:50,5,76.0,76575,2,1,2.0,3.0,Rue Julian Grimau,"49,3892000000","1,0916410000",,76.076575,76575,Seine-Maritime,28.0,Normandie,50.0,4.0,2.0,2,2.0,28,Normandie,76,3,98,Saint-Étienne-du-Rouvray,28508,225,28733.0,0.0,7,,0.0,2.0,2.0,17.0,B01
202200050142,14,8,2022,20:12,1,76.0,76206,1,1,2.0,6.0,D74,"49,6759459320","0,2506685257",,76.076206,76206,Seine-Maritime,28.0,Normandie,80.0,3.0,2.0,2,2.0,28,Normandie,76,2,26,CuvervilLe342,8,350,,1.0,33,,5.0,0.0,8.0,26.0,A01
202200050145,4,6,2022,23:15,5,76.0,76351,2,2,1.0,5.0,VERDUN (RUE DE),"49,5014100000","0,1500300000",,76.076351,76351,Seine-Maritime,28.0,Normandie,50.0,3.0,2.0,2,2.0,28,Normandie,76,2,96,LeHavre,166058,1780,167838.0,0.0,7,,6.0,2.0,7.0,1.0,A01
202200050145,4,6,2022,23:15,5,76.0,76351,2,2,1.0,5.0,VERDUN (RUE DE),"49,5014100000","0,1500300000",,76.076351,76351,Seine-Maritime,28.0,Normandie,50.0,3.0,2.0,2,2.0,28,Normandie,76,2,96,LeHavre,166058,1780,167838.0,0.0,7,,0.0,2.0,8.0,23.0,B01
202200050145,4,6,2022,23:15,5,76.0,76351,2,2,1.0,5.0,VERDUN (RUE DE),"49,5014100000","0,1500300000",,76.076351,76351,Seine-Maritime,28.0,Normandie,50.0,3.0,2.0,2,2.0,28,Normandie,76,2,96,LeHavre,166058,1780,167838.0,0.0,7,,0.0,2.0,7.0,23.0,C01
202200050151,4,6,2022,15:20,1,76.0,76351,2,3,1.0,6.0,VALLEE (RUE DE LA),"49,4936700000","0,1525600000",,76.076351,76351,Seine-Maritime,28.0,Normandie,50.0,4.0,2.0,2,1.0,28,Normandie,76,2,96,LeHavre,166058,1780,167838.0,0.0,7,,0.0,1.0,1.0,1.0,A01
202200050155,7,6,2022,15:00,1,76.0,76329,1,1,1.0,7.0,BEAUCHENE (RUE DE),"49,5562300000","0,5013500000",,76.076329,76329,Seine-Maritime,28.0,Normandie,50.0,4.0,2.0,1,1.0,28,Normandie,76,2,3,Gruchet-le-Valasse,3074,39,3113.0,3.0,1,,0.0,0.0,8.0,1.0,A01
202200050257,27,11,2022,04:15,5,76.0,76178,2,2,2.0,3.0,Rue de Tourville,"49,3087500000","1,0383300000",,76.076178,76178,Seine-Maritime,28.0,Normandie,50.0,7.0,2.0,4,2.0,28,Normandie,76,3,5,Cléon,4907,30,4937.0,3.0,7,,0.0,2.0,1.0,1.0,B01
202200050257,27,11,2022,04:15,5,76.0,76178,2,2,2.0,3.0,Rue de Tourville,"49,3087500000","1,0383300000",,76.076178,76178,Seine-Maritime,28.0,Normandie,50.0,7.0,2.0,4,2.0,28,Normandie,76,3,5,Cléon,4907,30,4937.0,3.0,7,,0.0,2.0,7.0,15.0,A01
202200050264,26,11,2022,11:20,1,76.0,76447,2,1,1.0,6.0, ECARTS (CHEM DES ),"49,5649200000","0,1994700000",,76.076447,76447,Seine-Maritime,28.0,Normandie,50.0,4.0,-1.0,1,1.0,28,Normandie,76,2,15,Montivilliers,15457,203,15660.0,1.0,1,,0.0,2.0,0.0,1.0,A01
202200050264,26,11,2022,11:20,1,76.0,76447,2,1,1.0,6.0, ECARTS (CHEM DES ),"49,5649200000","0,1994700000",,76.076447,76447,Seine-Maritime,28.0,Normandie,50.0,4.0,-1.0,1,1.0,28,Normandie,76,2,15,Montivilliers,15457,203,15660.0,1.0,1,,0.0,2.0,0.0,1.0,B01
202200050269,25,11,2022,09:15,1,76.0,76447,2,1,1.0,6.0,René Coty,"49,5438100000","0,1913400000",,76.076447,76447,Seine-Maritime,28.0,Normandie,30.0,4.0,1.0,1,1.0,28,Normandie,76,2,15,Montivilliers,15457,203,15660.0,2.0,7,,0.0,1.0,0.0,0.0,Z01
202200050356,30,3,2022,14:20,1,76.0,76684,1,1,2.0,6.0,D39,"49,4853010000","0,4633030000",,76.076684,76684,Seine-Maritime,28.0,Normandie,70.0,3.0,2.0,2,2.0,28,Normandie,76,2,3,TancarvilLe1218,24,1242,,1.0,7,,2.0,0.0,1.0,1.0,A01
202200050455,25,10,2022,08:45,1,76.0,76452,2,9,1.0,6.0,Place de l Abbe Kerebel,"49,5476030000","1,0735950000",,76.076452,76452,Seine-Maritime,28.0,Normandie,10.0,9.0,1.0,2,2.0,28,Normandie,76,3,2,MontvilLe4595,51,4646,,3.0,7,,0.0,0.0,2.0,1.0,A01
202200050468,27,3,2022,19:30,1,76.0,76351,2,1,1.0,6.0,ALBERT 1ER,"49,4974400000","0,0923300000",,76.076351,76351,Seine-Maritime,28.0,Normandie,50.0,4.0,3.0,4,1.0,28,Normandie,76,2,96,LeHavre,166058,1780,167838.0,2.0,7,,0.0,1.0,2.0,0.0,A01
202200050640,13,8,2022,00:10,5,76.0,76484,1,1,1.0,1.0,Route des Roches,"49,3262800000","1,0418100000",,76.076484,76484,Seine-Maritime,28.0,Normandie,50.0,7.0,2.0,2,1.0,28,Normandie,76,3,31,Oissel,12367,83,12450.0,3.0,7,,0.0,2.0,0.0,0.0,B01
202200050640,13,8,2022,00:10,5,76.0,76484,1,1,1.0,1.0,Route des Roches,"49,3262800000","1,0418100000",,76.076484,76484,Seine-Maritime,28.0,Normandie,50.0,7.0,2.0,2,1.0,28,Normandie,76,3,31,Oissel,12367,83,12450.0,3.0,33,,0.0,2.0,3.0,1.0,A01
202200050647,11,8,2022,14:15,1,76.0,76351,2,2,1.0,3.0,MARECHAL JOFFRE (RUE),"49,5000000000","0,1298300000",,76.076351,76351,Seine-Maritime,28.0,Normandie,50.0,4.0,2.0,2,1.0,28,Normandie,76,2,96,LeHavre,166058,1780,167838.0,0.0,7,,0.0,2.0,1.0,1.0,B01
202200050647,11,8,2022,14:15,1,76.0,76351,2,2,1.0,3.0,MARECHAL JOFFRE (RUE),"49,5000000000","0,1298300000",,76.076351,76351,Seine-Maritime,28.0,Normandie,50.0,4.0,2.0,2,1.0,28,Normandie,76,2,96,LeHavre,166058,1780,167838.0,0.0,50,,0.0,2.0,1.0,1.0,A01
202200050658,28,3,2022,07:45,1,76.0,76552,2,1,1.0,6.0,PRESIDENT FELIX FAURE (BD),"49,5048800000","0,0803500000",,76.076552,76552,Seine-Maritime,28.0,Normandie,50.0,3.0,2.0,2,1.0,28,Normandie,76,2,19,Sainte-Adresse,7116,188,7304.0,2.0,60,,0.0,0.0,0.0,0.0,A01
202200050666,25,3,2022,22:35,5,76.0,76447,2,1,1.0,1.0,D6382,"49,5254504862","0,1830781402",,76.076447,76447,Seine-Maritime,28.0,Normandie,50.0,3.0,2.0,2,1.0,28,Normandie,76,2,15,Montivilliers,15457,203,15660.0,1.0,30,,0.0,2.0,1.0,13.0,A01
202200050666,25,3,2022,22:35,5,76.0,76447,2,1,1.0,1.0,D6382,"49,5254504862","0,1830781402",,76.076447,76447,Seine-Maritime,28.0,Normandie,50.0,3.0,2.0,2,1.0,28,Normandie,76,2,15,Montivilliers,15457,203,15660.0,2.0,1,,0.0,2.0,1.0,1.0,B01
202200050766,20,9,2022,16:20,1,76.0,76322,2,1,1.0,6.0,Avenue Léon Blum,"49,4072300000","1,0484900000",,76.076322,76322,Seine-Maritime,28.0,Normandie,50.0,4.0,2.0,2,1.0,28,Normandie,76,3,13,LeGrand-Quevilly,25975,225,26200.0,3.0,7,,0.0,1.0,2.0,26.0,A01
202200050782,19,9,2022,14:27,1,76.0,76341,2,6,1.0,4.0,RD 6015,"49,5109900000","0,1995400000",,76.076341,76341,Seine-Maritime,28.0,Normandie,50.0,3.0,3.0,6,1.0,28,Normandie,76,2,15,Harfleur,8315,53,8368.0,1.0,7,,0.0,2.0,2.0,12.0,A01
202200050782,19,9,2022,14:27,1,76.0,76341,2,6,1.0,4.0,RD 6015,"49,5109900000","0,1995400000",,76.076341,76341,Seine-Maritime,28.0,Normandie,50.0,3.0,3.0,6,1.0,28,Normandie,76,2,15,Harfleur,8315,53,8368.0,1.0,10,,0.0,2.0,3.0,2.0,B01
202200050782,19,9,2022,14:27,1,76.0,76341,2,6,1.0,4.0,RD 6015,"49,5109900000","0,1995400000",,76.076341,76341,Seine-Maritime,28.0,Normandie,50.0,3.0,3.0,6,1.0,28,Normandie,76,2,15,Harfleur,8315,53,8368.0,1.0,7,,0.0,2.0,4.0,2.0,C01
202200050782,19,9,2022,14:27,1,76.0,76341,2,6,1.0,4.0,RD 6015,"49,5109900000","0,1995400000",,76.076341,76341,Seine-Maritime,28.0,Normandie,50.0,3.0,3.0,6,1.0,28,Normandie,76,2,15,Harfleur,8315,53,8368.0,1.0,17,,0.0,2.0,4.0,1.0,D01
202200050791,19,9,2022,08:27,1,76.0,76351,2,1,1.0,3.0,Boulevard Jules Durand,"49,4897400000","0,1549200000",,76.076351,76351,Seine-Maritime,28.0,Normandie,50.0,3.0,2.0,2,1.0,28,Normandie,76,2,96,LeHavre,166058,1780,167838.0,1.0,7,,0.0,2.0,3.0,16.0,A01
202200050791,19,9,2022,08:27,1,76.0,76351,2,1,1.0,3.0,Boulevard Jules Durand,"49,4897400000","0,1549200000",,76.076351,76351,Seine-Maritime,28.0,Normandie,50.0,3.0,2.0,2,1.0,28,Normandie,76,2,96,LeHavre,166058,1780,167838.0,2.0,1,,0.0,2.0,1.0,1.0,B01
202200050990,10,5,2022,15:50,1,76.0,76517,1,2,1.0,1.0,Route de la Mare aux Loups,"49,5222000000","1,1363120000",,76.076517,76517,Seine-Maritime,28.0,Normandie,80.0,3.0,-1.0,2,1.0,28,Normandie,76,3,2,Quincampoix,3110,68,3178.0,1.0,7,,0.0,2.0,1.0,19.0,A01
202200050990,10,5,2022,15:50,1,76.0,76517,1,2,1.0,1.0,Route de la Mare aux Loups,"49,5222000000","1,1363120000",,76.076517,76517,Seine-Maritime,28.0,Normandie,80.0,3.0,-1.0,2,1.0,28,Normandie,76,3,2,Quincampoix,3110,68,3178.0,2.0,32,,0.0,2.0,8.0,1.0,B01
202200051044,6,1,2022,18:50,5,76.0,76402,2,1,1.0,1.0,Rue Georges Pellerin,"49,5260700000","1,0362000000",,76.076402,76402,Seine-Maritime,28.0,Normandie,50.0,7.0,2.0,2,1.0,28,Normandie,76,3,24,Malaunay,6143,49,6192.0,1.0,7,,0.0,1.0,3.0,1.0,A01
202200051044,6,1,2022,18:50,5,76.0,76402,2,1,1.0,1.0,Rue Georges Pellerin,"49,5260700000","1,0362000000",,76.076402,76402,Seine-Maritime,28.0,Normandie,50.0,7.0,2.0,2,1.0,28,Normandie,76,3,24,Malaunay,6143,49,6192.0,2.0,7,,0.0,2.0,3.0,1.0,B01
202200051048,6,1,2022,15:05,1,76.0,76095,2,1,1.0,3.0,Route de Neufchatel,"49,4576466867","1,1081765592",,76.076095,76095,Seine-Maritime,28.0,Normandie,50.0,7.0,2.0,2,1.0,28,Normandie,76,3,2,Bihorel,8199,164,8363.0,0.0,33,,0.0,2.0,1.0,1.0,B01
202200051048,6,1,2022,15:05,1,76.0,76095,2,1,1.0,3.0,Route de Neufchatel,"49,4576466867","1,1081765592",,76.076095,76095,Seine-Maritime,28.0,Normandie,50.0,7.0,2.0,2,1.0,28,Normandie,76,3,2,Bihorel,8199,164,8363.0,0.0,7,,0.0,2.0,1.0,10.0,A01
202200051093,13,8,2022,12:35,1,76.0,76456,1,1,1.0,1.0,Rue du Bois Saint-Jacques,"49,6433527520","0,8429217337",,76.076456,76456,Seine-Maritime,28.0,Normandie,80.0,3.0,2.0,2,1.0,28,Normandie,76,3,35,MottevilLe771,11,782,,1.0,7,,0.0,2.0,1.0,13.0,A01
202200051093,13,8,2022,12:35,1,76.0,76456,1,1,1.0,1.0,Rue du Bois Saint-Jacques,"49,6433527520","0,8429217337",,76.076456,76456,Seine-Maritime,28.0,Normandie,80.0,3.0,2.0,2,1.0,28,Normandie,76,3,35,MottevilLe771,11,782,,2.0,1,,0.0,2.0,1.0,1.0,B01