Num_Acc,jour,mois,an,hrmn,lum,dep,com,agg,int,atm,col,adr,lat,long,gps,com_insee_temp,com_insee,departmentName,regionCode,regionName,vma,catr,circ,nbv,surf,Code,Region,Departement,Arrondissement,Code_Canton,Nom_Commune,Population_municipaLe,Population_comptee_a_part,Population_Totale,senc,catv,occutc,obs,obsm,choc,manv,num_veh
202100003595,10,12,2021,06:45,3,76.0,76319,1,1,3.0,3.0,RN 138,"49,3608825616","1,0365517155",,76.076319,76319,Seine-Maritime,28.0,Normandie,90.0,2.0,1.0,2,2.0,28,Normandie,76,3,9,Grand-Couronne,9726,177,9903.0,1.0,7,,0.0,2.0,1.0,0.0,A01
202100003596,10,12,2021,05:45,5,76.0,76540,2,2,2.0,2.0,BOURSE. QUAI (HAUT) DE LA,"49,4381500000","1,0915600000",,76.076540,76540,Seine-Maritime,28.0,Normandie,50.0,7.0,2.0,1,2.0,28,Normandie,76,3,97,Rouen,114083,1556,115639.0,2.0,38,6.0,0.0,2.0,5.0,2.0,B01
202100003596,10,12,2021,05:45,5,76.0,76540,2,2,2.0,2.0,BOURSE. QUAI (HAUT) DE LA,"49,4381500000","1,0915600000",,76.076540,76540,Seine-Maritime,28.0,Normandie,50.0,7.0,2.0,1,2.0,28,Normandie,76,3,97,Rouen,114083,1556,115639.0,2.0,10,,0.0,2.0,1.0,0.0,Z01
202100003597,9,12,2021,12:20,1,76.0,76552,2,1,1.0,6.0,EDITH CAVELL,"49,5080700000","0,0837500000",,76.076552,76552,Seine-Maritime,28.0,Normandie,50.0,3.0,2.0,2,2.0,28,Normandie,76,2,19,Sainte-Adresse,7116,188,7304.0,2.0,7,,12.0,1.0,2.0,14.0,A01
202100003598,9,12,2021,19:45,3,76.0,76565,1,3,2.0,6.0,RD 54,"49,8713200000","1,0805400000",,76.076565,76565,Seine-Maritime,28.0,Normandie,80.0,3.0,2.0,2,2.0,28,Normandie,76,1,7,Saint-Aubin-sur-Scie,1202,101,1303.0,3.0,7,,0.0,0.0,8.0,21.0,A01
202100003598,9,12,2021,19:45,3,76.0,76565,1,3,2.0,6.0,RD 54,"49,8713200000","1,0805400000",,76.076565,76565,Seine-Maritime,28.0,Normandie,80.0,3.0,2.0,2,2.0,28,Normandie,76,1,7,Saint-Aubin-sur-Scie,1202,101,1303.0,3.0,20,,0.0,0.0,8.0,21.0,B01
202100003599,9,12,2021,12:45,1,76.0,76565,1,1,1.0,3.0,RD 915,"49,8781510000","1,0949510000",,76.076565,76565,Seine-Maritime,28.0,Normandie,80.0,3.0,2.0,2,2.0,28,Normandie,76,1,7,Saint-Aubin-sur-Scie,1202,101,1303.0,2.0,7,,0.0,2.0,1.0,1.0,B01
202100003599,9,12,2021,12:45,1,76.0,76565,1,1,1.0,3.0,RD 915,"49,8781510000","1,0949510000",,76.076565,76565,Seine-Maritime,28.0,Normandie,80.0,3.0,2.0,2,2.0,28,Normandie,76,1,7,Saint-Aubin-sur-Scie,1202,101,1303.0,1.0,7,,0.0,2.0,7.0,1.0,A01
202100003759,11,12,2021,17:15,3,76.0,76562,1,1,2.0,1.0,Ferme de Milan,"49,8832290000","1,1822100000",,76.076562,76562,Seine-Maritime,28.0,Normandie,80.0,3.0,2.0,2,2.0,28,Normandie,76,1,8,Saint-Aubin-le-Cauf,835,22,857.0,1.0,33,,0.0,2.0,1.0,5.0,A01
202100003759,11,12,2021,17:15,3,76.0,76562,1,1,2.0,1.0,Ferme de Milan,"49,8832290000","1,1822100000",,76.076562,76562,Seine-Maritime,28.0,Normandie,80.0,3.0,2.0,2,2.0,28,Normandie,76,1,8,Saint-Aubin-le-Cauf,835,22,857.0,2.0,7,,0.0,2.0,3.0,1.0,B01
202100003762,11,12,2021,18:50,3,76.0,76404,1,1,8.0,5.0,D925,"49,5854400000","0,2504750000",,76.076404,76404,Seine-Maritime,28.0,Normandie,80.0,3.0,2.0,2,1.0,28,Normandie,76,2,26,Manéglise,1264,23,1287.0,1.0,33,,0.0,2.0,1.0,17.0,A01
202100003762,11,12,2021,18:50,3,76.0,76404,1,1,8.0,5.0,D925,"49,5854400000","0,2504750000",,76.076404,76404,Seine-Maritime,28.0,Normandie,80.0,3.0,2.0,2,1.0,28,Normandie,76,2,26,Manéglise,1264,23,1287.0,2.0,7,,0.0,2.0,3.0,1.0,B01
202100003762,11,12,2021,18:50,3,76.0,76404,1,1,8.0,5.0,D925,"49,5854400000","0,2504750000",,76.076404,76404,Seine-Maritime,28.0,Normandie,80.0,3.0,2.0,2,1.0,28,Normandie,76,2,26,Manéglise,1264,23,1287.0,1.0,7,,0.0,2.0,8.0,2.0,C01
202100003866,9,12,2021,07:15,3,76.0,76280,1,1,2.0,1.0,D1314,"49,8235390000","1,4182230000",,76.076280,76280,Seine-Maritime,28.0,Normandie,70.0,3.0,2.0,2,2.0,28,Normandie,76,1,23,FréauvilLe140,1,141,,2.0,10,,9.0,2.0,1.0,1.0,B01
202100003866,9,12,2021,07:15,3,76.0,76280,1,1,2.0,1.0,D1314,"49,8235390000","1,4182230000",,76.076280,76280,Seine-Maritime,28.0,Normandie,70.0,3.0,2.0,2,2.0,28,Normandie,76,1,23,FréauvilLe140,1,141,,1.0,7,,0.0,2.0,1.0,13.0,A01
202100003873,10,12,2021,12:15,1,76.0,76584,1,1,1.0,7.0,A28,"49,7491640000","1,4792920000",,76.076584,76584,Seine-Maritime,28.0,Normandie,-1.0,1.0,2.0,4,1.0,28,Normandie,76,1,23,Saint-Germain-sur-Eaulne,222,4,226.0,2.0,15,,4.0,0.0,2.0,1.0,A01
202100004002,7,12,2021,08:30,1,76.0,76497,1,1,5.0,2.0,RN 138,"49,3656310844","1,0394851863",,76.076497,76497,Seine-Maritime,28.0,Normandie,110.0,2.0,1.0,3,2.0,28,Normandie,76,3,13,Petit-Couronne,8688,175,8863.0,1.0,7,,0.0,2.0,4.0,2.0,B01
202100004002,7,12,2021,08:30,1,76.0,76497,1,1,5.0,2.0,RN 138,"49,3656310844","1,0394851863",,76.076497,76497,Seine-Maritime,28.0,Normandie,110.0,2.0,1.0,3,2.0,28,Normandie,76,3,13,Petit-Couronne,8688,175,8863.0,1.0,10,,0.0,2.0,1.0,2.0,A01
202100004003,6,12,2021,23:00,5,76.0,76351,2,1,1.0,6.0,AMIRAL MOUCHEZ (BD),"49,4876900000","0,1468400000",,76.076351,76351,Seine-Maritime,28.0,Normandie,50.0,3.0,2.0,2,1.0,28,Normandie,76,2,96,LeHavre,166058,1780,167838.0,0.0,7,,8.0,0.0,0.0,0.0,A01
202100004004,8,12,2021,19:35,3,76.0,76576,1,1,1.0,6.0,Cite Radieuse,"49,5581800000","0,4473900000",,76.076576,76576,Seine-Maritime,28.0,Normandie,80.0,3.0,2.0,2,2.0,28,Normandie,76,2,3,Saint-Eustache-la-Forêt,1233,16,1249.0,3.0,7,,2.0,0.0,1.0,14.0,A01
202100004190,7,12,2021,09:00,1,76.0,76489,1,1,1.0,1.0,Route de la Vallée,"49,5026110000","0,2969960000",,76.076489,76489,Seine-Maritime,28.0,Normandie,70.0,4.0,2.0,2,2.0,28,Normandie,76,2,32,OudalLe479,12,491,,3.0,7,,0.0,2.0,1.0,13.0,A01
202100004190,7,12,2021,09:00,1,76.0,76489,1,1,1.0,1.0,Route de la Vallée,"49,5026110000","0,2969960000",,76.076489,76489,Seine-Maritime,28.0,Normandie,70.0,4.0,2.0,2,2.0,28,Normandie,76,2,32,OudalLe479,12,491,,3.0,7,,0.0,2.0,1.0,1.0,B01
202100004231,6,12,2021,07:50,5,76.0,76540,2,2,2.0,6.0,MARNE. BOULEVARD DE LA,"49,4459200000","1,0866100000",,76.076540,76540,Seine-Maritime,28.0,Normandie,50.0,7.0,2.0,4,2.0,28,Normandie,76,3,97,Rouen,114083,1556,115639.0,2.0,7,,0.0,1.0,7.0,1.0,A01
202100004232,5,12,2021,19:25,5,76.0,76486,2,1,3.0,6.0,CORNEILLE. RUE PIERRE ET THOMAS,"49,3043700000","0,9926100000",,76.076486,76486,Seine-Maritime,28.0,Normandie,50.0,7.0,2.0,2,2.0,28,Normandie,76,3,9,Orival,860,5,865.0,0.0,7,,0.0,1.0,1.0,1.0,A01
202100004233,5,12,2021,21:15,5,76.0,76481,2,6,3.0,3.0,RD 6382,"49,5313900000","0,1075000000",,76.076481,76481,Seine-Maritime,28.0,Normandie,90.0,3.0,3.0,4,2.0,28,Normandie,76,2,26,Octeville-sur-Mer,6122,119,6241.0,0.0,7,,0.0,2.0,1.0,6.0,A01
202100004233,5,12,2021,21:15,5,76.0,76481,2,6,3.0,3.0,RD 6382,"49,5313900000","0,1075000000",,76.076481,76481,Seine-Maritime,28.0,Normandie,90.0,3.0,3.0,4,2.0,28,Normandie,76,2,26,Octeville-sur-Mer,6122,119,6241.0,0.0,7,,0.0,2.0,2.0,1.0,B01
202100004234,5,12,2021,19:40,5,76.0,76341,2,1,2.0,6.0,GENERAL LECLERC (AVENUE),"49,5058984832","0,1963725686",,76.076341,76341,Seine-Maritime,28.0,Normandie,50.0,3.0,2.0,2,2.0,28,Normandie,76,2,15,Harfleur,8315,53,8368.0,0.0,7,,0.0,1.0,1.0,1.0,Z01
202100004235,3,12,2021,22:30,5,76.0,76270,2,1,3.0,6.0,LOUIS LUMIERE,"49,5271800000","0,1258700000",,76.076270,76270,Seine-Maritime,28.0,Normandie,50.0,3.0,2.0,2,2.0,28,Normandie,76,2,26,Fontaine-la-Mallet,2635,54,2689.0,1.0,7,,8.0,0.0,1.0,14.0,A01
202100004456,7,12,2021,08:15,2,76.0,76197,1,1,1.0,3.0,RN 27 PK033.000,"49,7740860000","1,0638710000",,76.076197,76197,Seine-Maritime,28.0,Normandie,110.0,2.0,3.0,2,1.0,28,Normandie,76,1,20,Criquetot-sur-LonguevilLe217,2,219,,1.0,10,,0.0,2.0,8.0,1.0,B01
202100004456,7,12,2021,08:15,2,76.0,76197,1,1,1.0,3.0,RN 27 PK033.000,"49,7740860000","1,0638710000",,76.076197,76197,Seine-Maritime,28.0,Normandie,110.0,2.0,3.0,2,1.0,28,Normandie,76,1,20,Criquetot-sur-LonguevilLe217,2,219,,1.0,7,,0.0,2.0,2.0,12.0,A01
202100004719,3,12,2021,23:40,5,76.0,76561,2,6,3.0,1.0,Rue Marechal Leclerc,"49,3019000000","1,0125500000",,76.076561,76561,Seine-Maritime,28.0,Normandie,50.0,7.0,2.0,4,2.0,28,Normandie,76,3,5,Saint-Aubin-lès-Elbeuf,8428,75,8503.0,3.0,7,,0.0,2.0,6.0,1.0,B01
202100004719,3,12,2021,23:40,5,76.0,76561,2,6,3.0,1.0,Rue Marechal Leclerc,"49,3019000000","1,0125500000",,76.076561,76561,Seine-Maritime,28.0,Normandie,50.0,7.0,2.0,4,2.0,28,Normandie,76,3,5,Saint-Aubin-lès-Elbeuf,8428,75,8503.0,2.0,7,,2.0,2.0,3.0,6.0,A01
202100004720,3,12,2021,18:58,5,76.0,76540,2,1,3.0,6.0,CAUCHOISE. PLACE,"49,4459000000","1,0865000000",,76.076540,76540,Seine-Maritime,28.0,Normandie,50.0,7.0,2.0,4,2.0,28,Normandie,76,3,97,Rouen,114083,1556,115639.0,2.0,7,,0.0,1.0,1.0,1.0,A01
202100004721,3,12,2021,18:00,5,76.0,76429,2,2,3.0,6.0,PARIS. ROUTE DE,"49,4059900000","1,1431200000",,76.076429,76429,Seine-Maritime,28.0,Normandie,50.0,7.0,2.0,2,2.0,28,Normandie,76,3,21,LeMesnil-Esnard,7980,353,8333.0,3.0,7,,0.0,1.0,1.0,1.0,A01
202100004722,3,12,2021,03:00,5,76.0,76351,2,1,2.0,7.0,WINSTON CHURCHILL,"49,4932700000","0,1346700000",,76.076351,76351,Seine-Maritime,28.0,Normandie,50.0,4.0,3.0,4,2.0,28,Normandie,76,2,96,LeHavre,166058,1780,167838.0,0.0,30,,0.0,0.0,7.0,14.0,A01
202100005046,2,12,2021,17:30,5,76.0,76319,2,1,1.0,3.0,SEELZE. RUE DE,"49,3488200000","0,9972600000",,76.076319,76319,Seine-Maritime,28.0,Normandie,50.0,4.0,2.0,2,1.0,28,Normandie,76,3,9,Grand-Couronne,9726,177,9903.0,0.0,31,,0.0,2.0,6.0,0.0,A01
202100005046,2,12,2021,17:30,5,76.0,76319,2,1,1.0,3.0,SEELZE. RUE DE,"49,3488200000","0,9972600000",,76.076319,76319,Seine-Maritime,28.0,Normandie,50.0,4.0,2.0,2,1.0,28,Normandie,76,3,9,Grand-Couronne,9726,177,9903.0,0.0,10,,0.0,2.0,6.0,0.0,B01
202100005047,28,11,2021,17:25,2,76.0,76540,2,1,1.0,6.0,JOFFRE. PLACE,"49,4349300000","1,0862700000",,76.076540,76540,Seine-Maritime,28.0,Normandie,30.0,6.0,-1.0,-1,1.0,28,Normandie,76,3,97,Rouen,114083,1556,115639.0,0.0,7,,0.0,1.0,1.0,20.0,A01
202100005257,30,11,2021,18:03,5,76.0,76351,2,2,1.0,7.0,JULES GUESDE (RUE),"49,5100800000","0,1183500000",,76.076351,76351,Seine-Maritime,28.0,Normandie,50.0,4.0,2.0,2,1.0,28,Normandie,76,2,96,LeHavre,166058,1780,167838.0,0.0,31,,0.0,0.0,0.0,14.0,A01
202100005589,1,12,2021,08:00,2,76.0,76442,1,4,2.0,3.0,d58,"49,9941453646","1,4714089036",,76.076442,76442,Seine-Maritime,28.0,Normandie,80.0,3.0,2.0,2,2.0,28,Normandie,76,1,10,Monchy-sur-Eu,566,12,578.0,2.0,30,,0.0,2.0,1.0,16.0,B01
202100005589,1,12,2021,08:00,2,76.0,76442,1,4,2.0,3.0,d58,"49,9941453646","1,4714089036",,76.076442,76442,Seine-Maritime,28.0,Normandie,80.0,3.0,2.0,2,2.0,28,Normandie,76,1,10,Monchy-sur-Eu,566,12,578.0,1.0,7,,0.0,2.0,3.0,1.0,A01
202100005675,29,11,2021,10:39,1,76.0,76245,1,9,1.0,5.0,A 151 - PK 005+650,"49,5457760000","1,0373500000",,76.076245,76245,Seine-Maritime,28.0,Normandie,130.0,1.0,3.0,4,1.0,28,Normandie,76,3,24,Eslettes,1641,16,1657.0,2.0,7,,0.0,9.0,4.0,2.0,A01
202100005675,29,11,2021,10:39,1,76.0,76245,1,9,1.0,5.0,A 151 - PK 005+650,"49,5457760000","1,0373500000",,76.076245,76245,Seine-Maritime,28.0,Normandie,130.0,1.0,3.0,4,1.0,28,Normandie,76,3,24,Eslettes,1641,16,1657.0,2.0,7,,0.0,2.0,1.0,1.0,B01
202100005675,29,11,2021,10:39,1,76.0,76245,1,9,1.0,5.0,A 151 - PK 005+650,"49,5457760000","1,0373500000",,76.076245,76245,Seine-Maritime,28.0,Normandie,130.0,1.0,3.0,4,1.0,28,Normandie,76,3,24,Eslettes,1641,16,1657.0,2.0,15,,0.0,2.0,1.0,1.0,C01
202100005747,28,11,2021,07:55,1,76.0,76681,2,2,2.0,3.0,INDUSTRIEL. BOULEVARD (CD 18E),"49,4032000000","1,1106000000",,76.076681,76681,Seine-Maritime,28.0,Normandie,70.0,7.0,4.0,5,2.0,28,Normandie,76,3,99,Sotteville-lès-Rouen,28965,475,29440.0,1.0,7,,0.0,2.0,0.0,15.0,A01
202100005747,28,11,2021,07:55,1,76.0,76681,2,2,2.0,3.0,INDUSTRIEL. BOULEVARD (CD 18E),"49,4032000000","1,1106000000",,76.076681,76681,Seine-Maritime,28.0,Normandie,70.0,7.0,4.0,5,2.0,28,Normandie,76,3,99,Sotteville-lès-Rouen,28965,475,29440.0,1.0,7,,0.0,2.0,3.0,1.0,B01
202100005748,28,11,2021,01:50,5,76.0,76540,2,1,2.0,7.0,Avenue de Bretagne,"49,4311500000","1,0800500000",,76.076540,76540,Seine-Maritime,28.0,Normandie,50.0,7.0,1.0,3,2.0,28,Normandie,76,3,97,Rouen,114083,1556,115639.0,2.0,7,,6.0,0.0,1.0,2.0,A01
202100005903,26,11,2021,10:13,1,76.0,76351,2,2,1.0,6.0,BOIS AU COQ (AVENUE),"49,5125500000","0,1256800000",,76.076351,76351,Seine-Maritime,28.0,Normandie,50.0,4.0,2.0,5,2.0,28,Normandie,76,2,96,LeHavre,166058,1780,167838.0,2.0,40,,0.0,1.0,0.0,1.0,A01
202100006137,27,11,2021,14:00,1,76.0,76355,1,1,4.0,1.0,D131,"49,6821590000","0,7108180000",,76.076355,76355,Seine-Maritime,28.0,Normandie,80.0,3.0,2.0,2,2.0,28,Normandie,76,3,35,Héricourt-en-Caux,959,13,972.0,2.0,7,,0.0,2.0,3.0,1.0,B01
202100006137,27,11,2021,14:00,1,76.0,76355,1,1,4.0,1.0,D131,"49,6821590000","0,7108180000",,76.076355,76355,Seine-Maritime,28.0,Normandie,80.0,3.0,2.0,2,2.0,28,Normandie,76,3,35,Héricourt-en-Caux,959,13,972.0,1.0,10,,0.0,2.0,1.0,13.0,A01
202100006399,9,11,2021,12:15,1,76.0,76540,2,2,1.0,6.0,CONSTANTINE. RUE DE,"49,4480300000","1,0718100000",,76.076540,76540,Seine-Maritime,28.0,Normandie,30.0,4.0,1.0,1,1.0,28,Normandie,76,3,97,Rouen,114083,1556,115639.0,0.0,7,,0.0,1.0,1.0,16.0,A01
202100006400,23,11,2021,17:51,2,76.0,76351,2,1,1.0,2.0,GUSTAVE NICOLLE,"49,4919000000","0,1492000000",,76.076351,76351,Seine-Maritime,28.0,Normandie,50.0,4.0,2.0,2,1.0,28,Normandie,76,2,96,LeHavre,166058,1780,167838.0,3.0,7,,0.0,2.0,4.0,1.0,B01
202100006400,23,11,2021,17:51,2,76.0,76351,2,1,1.0,2.0,GUSTAVE NICOLLE,"49,4919000000","0,1492000000",,76.076351,76351,Seine-Maritime,28.0,Normandie,50.0,4.0,2.0,2,1.0,28,Normandie,76,2,96,LeHavre,166058,1780,167838.0,3.0,7,,0.0,2.0,1.0,1.0,A01
202100006501,23,11,2021,07:45,1,76.0,76144,1,2,1.0,3.0,Route de Veules,"49,7640090000","0,8809980000",,76.076144,76144,Seine-Maritime,28.0,Normandie,80.0,3.0,2.0,2,1.0,28,Normandie,76,3,35,Bretteville-Saint-Laurent,161,2,163.0,1.0,2,,0.0,2.0,2.0,1.0,A01
202100006501,23,11,2021,07:45,1,76.0,76144,1,2,1.0,3.0,Route de Veules,"49,7640090000","0,8809980000",,76.076144,76144,Seine-Maritime,28.0,Normandie,80.0,3.0,2.0,2,1.0,28,Normandie,76,3,35,Bretteville-Saint-Laurent,161,2,163.0,1.0,7,,0.0,2.0,2.0,19.0,B01
202100006529,25,11,2021,12:00,1,76.0,76566,2,1,2.0,6.0,Rue Andre Marie,"49,5980900000","0,9746930000",,76.076566,76566,Seine-Maritime,28.0,Normandie,50.0,3.0,2.0,2,2.0,28,Normandie,76,3,24,Sainte-Austreberthe,665,6,671.0,2.0,15,,0.0,1.0,7.0,20.0,A01
202100006530,24,11,2021,18:00,3,76.0,76473,1,1,1.0,1.0,D490,"49,4941270000","0,7502870000",,76.076473,76473,Seine-Maritime,28.0,Normandie,80.0,3.0,2.0,2,1.0,28,Normandie,76,3,25,Notre-Dame-de-Bliquetuit,817,11,828.0,1.0,7,,0.0,2.0,1.0,13.0,A01
202100006530,24,11,2021,18:00,3,76.0,76473,1,1,1.0,1.0,D490,"49,4941270000","0,7502870000",,76.076473,76473,Seine-Maritime,28.0,Normandie,80.0,3.0,2.0,2,1.0,28,Normandie,76,3,25,Notre-Dame-de-Bliquetuit,817,11,828.0,2.0,7,,0.0,2.0,1.0,1.0,B01
202100006608,22,11,2021,17:25,5,76.0,76498,2,1,1.0,1.0,SEMARD. RUE PIERRE,"49,4175100000","1,0731700000",,76.076498,76498,Seine-Maritime,28.0,Normandie,30.0,4.0,2.0,2,1.0,28,Normandie,76,3,27,LePetit-Quevilly,21782,274,22056.0,3.0,7,,0.0,2.0,1.0,1.0,A01
202100006608,22,11,2021,17:25,5,76.0,76498,2,1,1.0,1.0,SEMARD. RUE PIERRE,"49,4175100000","1,0731700000",,76.076498,76498,Seine-Maritime,28.0,Normandie,30.0,4.0,2.0,2,1.0,28,Normandie,76,3,27,LePetit-Quevilly,21782,274,22056.0,3.0,1,,0.0,2.0,1.0,0.0,B01
202100006609,21,11,2021,19:55,5,76.0,76351,2,2,2.0,3.0,LOUIS LUMIERE,"49,5215700000","0,1169900000",,76.076351,76351,Seine-Maritime,28.0,Normandie,50.0,3.0,2.0,2,2.0,28,Normandie,76,2,96,LeHavre,166058,1780,167838.0,2.0,7,,0.0,2.0,3.0,0.0,B01
202100006609,21,11,2021,19:55,5,76.0,76351,2,2,2.0,3.0,LOUIS LUMIERE,"49,5215700000","0,1169900000",,76.076351,76351,Seine-Maritime,28.0,Normandie,50.0,3.0,2.0,2,2.0,28,Normandie,76,2,96,LeHavre,166058,1780,167838.0,1.0,7,,0.0,2.0,2.0,0.0,A01
202100006844,22,11,2021,19:10,5,76.0,76238,2,2,1.0,1.0,rue aristide briand,"49,5632840000","0,2237180000",,76.076238,76238,Seine-Maritime,28.0,Normandie,30.0,3.0,2.0,2,1.0,28,Normandie,76,2,26,ÉpouvilLe2641,38,2679,,2.0,7,,0.0,9.0,3.0,15.0,A01
202100006844,22,11,2021,19:10,5,76.0,76238,2,2,1.0,1.0,rue aristide briand,"49,5632840000","0,2237180000",,76.076238,76238,Seine-Maritime,28.0,Normandie,30.0,3.0,2.0,2,1.0,28,Normandie,76,2,26,ÉpouvilLe2641,38,2679,,1.0,1,,0.0,2.0,1.0,1.0,B01
202100007012,20,11,2021,13:00,1,76.0,76231,2,1,1.0,6.0,VERDUN. RUE DE,"49,2893300000","1,0058750000",,76.076231,76231,Seine-Maritime,28.0,Normandie,50.0,4.0,1.0,1,1.0,28,Normandie,76,3,9,Elbeuf,15951,138,16089.0,1.0,7,,0.0,1.0,3.0,2.0,A01
202100007120,18,11,2021,17:00,2,76.0,76447,2,1,1.0,6.0,MARECHAL FOCH,"49,5404100000","0,1874800000",,76.076447,76447,Seine-Maritime,28.0,Normandie,50.0,3.0,2.0,2,1.0,28,Normandie,76,2,15,Montivilliers,15457,203,15660.0,1.0,7,,0.0,1.0,8.0,1.0,A01
202100007181,19,11,2021,11:40,1,76.0,76540,2,1,1.0,6.0,EUROPE. BOULEVARD DE L',"49,4261600000","1,0870900000",,76.076540,76540,Seine-Maritime,28.0,Normandie,50.0,4.0,2.0,4,1.0,28,Normandie,76,3,97,Rouen,114083,1556,115639.0,1.0,7,,0.0,1.0,1.0,16.0,A01
202100007182,12,11,2021,13:10,1,76.0,76322,1,1,1.0,2.0,ROCADE Nord-Est,"49,4069500000","1,0368700000",,76.076322,76322,Seine-Maritime,28.0,Normandie,90.0,2.0,4.0,4,1.0,28,Normandie,76,3,13,LeGrand-Quevilly,25975,225,26200.0,1.0,7,,0.0,2.0,2.0,1.0,B01
202100007182,12,11,2021,13:10,1,76.0,76322,1,1,1.0,2.0,ROCADE Nord-Est,"49,4069500000","1,0368700000",,76.076322,76322,Seine-Maritime,28.0,Normandie,90.0,2.0,4.0,4,1.0,28,Normandie,76,3,13,LeGrand-Quevilly,25975,225,26200.0,1.0,7,,0.0,2.0,1.0,1.0,A01
202100007183,11,11,2021,06:45,5,76.0,76322,1,1,1.0,2.0,VOIE RAPIDE SUD 3 (RN 338),"49,4153900000","1,0452900000",,76.076322,76322,Seine-Maritime,28.0,Normandie,90.0,2.0,3.0,3,1.0,28,Normandie,76,3,13,LeGrand-Quevilly,25975,225,26200.0,1.0,7,,4.0,2.0,4.0,1.0,B01
202100007183,11,11,2021,06:45,5,76.0,76322,1,1,1.0,2.0,VOIE RAPIDE SUD 3 (RN 338),"49,4153900000","1,0452900000",,76.076322,76322,Seine-Maritime,28.0,Normandie,90.0,2.0,3.0,3,1.0,28,Normandie,76,3,13,LeGrand-Quevilly,25975,225,26200.0,1.0,7,,4.0,2.0,9.0,0.0,A01
202100007184,18,11,2021,10:00,1,76.0,76351,2,2,1.0,6.0,LENINGRAD (BD DE),"49,4942610000","0,1384140000",,76.076351,76351,Seine-Maritime,28.0,Normandie,50.0,4.0,2.0,5,1.0,28,Normandie,76,2,96,LeHavre,166058,1780,167838.0,3.0,7,,0.0,1.0,1.0,1.0,A01
202100007185,17,11,2021,22:45,5,76.0,76351,2,1,1.0,7.0,FERRER (RUE),"49,4892000000","0,1392300000",,76.076351,76351,Seine-Maritime,28.0,Normandie,50.0,4.0,2.0,2,1.0,28,Normandie,76,2,96,LeHavre,166058,1780,167838.0,0.0,1,,0.0,0.0,0.0,1.0,A01
202100007186,14,11,2021,17:59,2,76.0,76329,1,1,2.0,7.0,D6015,"49,5675243317","0,4889298160",,76.076329,76329,Seine-Maritime,28.0,Normandie,50.0,3.0,2.0,3,2.0,28,Normandie,76,2,3,Gruchet-le-Valasse,3074,39,3113.0,1.0,30,,11.0,0.0,0.0,26.0,A01
202100007477,18,11,2021,19:30,3,76.0,76424,1,1,1.0,6.0,autoroute A 28 PK 053.400 en direction Abbeville,"49,7603340000","1,4847260000",,76.076424,76424,Seine-Maritime,28.0,Normandie,130.0,1.0,1.0,4,1.0,28,Normandie,76,1,23,Ménonval,231,2,233.0,2.0,7,,1.0,0.0,6.0,21.0,A01
202100007505,19,11,2021,19:00,3,76.0,76305,1,1,1.0,2.0,A131,"49,4969880000","0,2303080000",,76.076305,76305,Seine-Maritime,28.0,Normandie,110.0,1.0,4.0,2,1.0,28,Normandie,76,2,16,Gonfreville-l'Orcher,8961,44,9005.0,2.0,7,,0.0,2.0,1.0,11.0,A01
202100007505,19,11,2021,19:00,3,76.0,76305,1,1,1.0,2.0,A131,"49,4969880000","0,2303080000",,76.076305,76305,Seine-Maritime,28.0,Normandie,110.0,1.0,4.0,2,1.0,28,Normandie,76,2,16,Gonfreville-l'Orcher,8961,44,9005.0,2.0,32,,0.0,0.0,4.0,1.0,B01
202100007531,19,11,2021,00:00,3,76.0,76465,1,1,1.0,7.0,D1314,"49,7218300000","1,4701080000",,76.076465,76465,Seine-Maritime,28.0,Normandie,80.0,3.0,2.0,2,1.0,28,Normandie,76,1,23,Neuville-Ferrières,546,9,555.0,2.0,10,,13.0,0.0,1.0,1.0,A01
202100007582,17,11,2021,22:00,5,76.0,76540,2,1,1.0,2.0,DARNETAL. ROUTE DE,"49,4419800000","1,1164900000",,76.076540,76540,Seine-Maritime,28.0,Normandie,50.0,7.0,2.0,2,1.0,28,Normandie,76,3,97,Rouen,114083,1556,115639.0,0.0,30,,0.0,2.0,1.0,1.0,B01
202100007582,17,11,2021,22:00,5,76.0,76540,2,1,1.0,2.0,DARNETAL. ROUTE DE,"49,4419800000","1,1164900000",,76.076540,76540,Seine-Maritime,28.0,Normandie,50.0,7.0,2.0,2,1.0,28,Normandie,76,3,97,Rouen,114083,1556,115639.0,1.0,7,,0.0,2.0,6.0,1.0,A01
202100007583,14,11,2021,20:30,5,76.0,76486,2,1,1.0,2.0,ROCHES. ROUTE DES (CD 18),"49,3220000000","1,0140000000",,76.076486,76486,Seine-Maritime,28.0,Normandie,50.0,7.0,2.0,2,2.0,28,Normandie,76,3,9,Orival,860,5,865.0,0.0,7,,0.0,2.0,1.0,1.0,A01
202100007583,14,11,2021,20:30,5,76.0,76486,2,1,1.0,2.0,ROCHES. ROUTE DES (CD 18),"49,3220000000","1,0140000000",,76.076486,76486,Seine-Maritime,28.0,Normandie,50.0,7.0,2.0,2,2.0,28,Normandie,76,3,9,Orival,860,5,865.0,0.0,7,,0.0,2.0,4.0,1.0,B01