Num_Acc,jour,mois,an,hrmn,lum,dep,com,agg,int,atm,col,adr,lat,long,gps,com_insee_temp,com_insee,departmentName,regionCode,regionName,vma,catr,circ,nbv,surf,Code,Region,Departement,Arrondissement,Code_Canton,Nom_Commune,Population_municipaLe,Population_comptee_a_part,Population_Totale,senc,catv,occutc,obs,obsm,choc,manv,num_veh
202100007584,9,11,2021,23:25,5,76.0,76103,2,1,1.0,7.0,PARIS. ROUTE DE,"49,4169500000","1,1328400000",,76.076103,76103,Seine-Maritime,28.0,Normandie,50.0,7.0,2.0,3,1.0,28,Normandie,76,3,6,Bonsecours,6455,95,6550.0,2.0,7,,12.0,0.0,1.0,1.0,A01
202100007585,16,11,2021,15:25,1,76.0,76351,2,1,1.0,3.0,REPUBLIQUE (COURS DE LA),"49,4923600000","0,1238550000",,76.076351,76351,Seine-Maritime,28.0,Normandie,50.0,4.0,3.0,4,1.0,28,Normandie,76,2,96,LeHavre,166058,1780,167838.0,3.0,7,,0.0,2.0,5.0,14.0,A01
202100007585,16,11,2021,15:25,1,76.0,76351,2,1,1.0,3.0,REPUBLIQUE (COURS DE LA),"49,4923600000","0,1238550000",,76.076351,76351,Seine-Maritime,28.0,Normandie,50.0,4.0,3.0,4,1.0,28,Normandie,76,2,96,LeHavre,166058,1780,167838.0,3.0,1,,0.0,2.0,1.0,1.0,B01
202100007779,15,11,2021,21:00,5,76.0,76540,2,2,1.0,1.0,MARNE. BOULEVARD DE LA,"49,4471700000","1,0935700000",,76.076540,76540,Seine-Maritime,28.0,Normandie,50.0,7.0,2.0,6,1.0,28,Normandie,76,3,97,Rouen,114083,1556,115639.0,2.0,1,,0.0,2.0,5.0,15.0,A01
202100007779,15,11,2021,21:00,5,76.0,76540,2,2,1.0,1.0,MARNE. BOULEVARD DE LA,"49,4471700000","1,0935700000",,76.076540,76540,Seine-Maritime,28.0,Normandie,50.0,7.0,2.0,6,1.0,28,Normandie,76,3,97,Rouen,114083,1556,115639.0,2.0,7,,0.0,2.0,2.0,1.0,B01
202100007780,14,11,2021,03:20,5,76.0,76231,2,2,2.0,1.0,HENRI. RUE,"49,2906960000","1,0097380000",,76.076231,76231,Seine-Maritime,28.0,Normandie,50.0,7.0,2.0,3,2.0,28,Normandie,76,3,9,Elbeuf,15951,138,16089.0,0.0,7,,0.0,2.0,1.0,1.0,A01
202100007780,14,11,2021,03:20,5,76.0,76231,2,2,2.0,1.0,HENRI. RUE,"49,2906960000","1,0097380000",,76.076231,76231,Seine-Maritime,28.0,Normandie,50.0,7.0,2.0,3,2.0,28,Normandie,76,3,9,Elbeuf,15951,138,16089.0,0.0,7,,0.0,2.0,1.0,1.0,B01
202100007926,10,11,2021,16:30,1,76.0,76462,1,1,8.0,3.0,Rue de la Vieille Côte,"49,7407760000","1,4699150000",,76.076462,76462,Seine-Maritime,28.0,Normandie,80.0,4.0,2.0,2,1.0,28,Normandie,76,1,23,Neufchâtel-en-Bray,4680,213,4893.0,3.0,7,,0.0,0.0,2.0,17.0,A01
202100007926,10,11,2021,16:30,1,76.0,76462,1,1,8.0,3.0,Rue de la Vieille Côte,"49,7407760000","1,4699150000",,76.076462,76462,Seine-Maritime,28.0,Normandie,80.0,4.0,2.0,2,1.0,28,Normandie,76,1,23,Neufchâtel-en-Bray,4680,213,4893.0,3.0,30,,0.0,0.0,8.0,13.0,B01
202100007990,15,11,2021,13:28,1,76.0,76270,1,1,1.0,1.0,RD 52,"49,5331911105","0,1460018524",,76.076270,76270,Seine-Maritime,28.0,Normandie,50.0,3.0,2.0,2,1.0,28,Normandie,76,2,26,Fontaine-la-Mallet,2635,54,2689.0,1.0,7,,0.0,2.0,2.0,1.0,B01
202100007990,15,11,2021,13:28,1,76.0,76270,1,1,1.0,1.0,RD 52,"49,5331911105","0,1460018524",,76.076270,76270,Seine-Maritime,28.0,Normandie,50.0,3.0,2.0,2,1.0,28,Normandie,76,2,26,Fontaine-la-Mallet,2635,54,2689.0,2.0,2,,0.0,2.0,1.0,13.0,A01
202100007991,13,11,2021,17:21,5,76.0,76351,2,2,2.0,3.0,BOIS AU COQ (AVENUE),"49,5185000000","0,1167000000",,76.076351,76351,Seine-Maritime,28.0,Normandie,50.0,4.0,3.0,4,2.0,28,Normandie,76,2,96,LeHavre,166058,1780,167838.0,0.0,10,,0.0,2.0,2.0,15.0,B01
202100007991,13,11,2021,17:21,5,76.0,76351,2,2,2.0,3.0,BOIS AU COQ (AVENUE),"49,5185000000","0,1167000000",,76.076351,76351,Seine-Maritime,28.0,Normandie,50.0,4.0,3.0,4,2.0,28,Normandie,76,2,96,LeHavre,166058,1780,167838.0,3.0,2,,0.0,2.0,1.0,1.0,A01
202100007992,12,11,2021,18:10,5,76.0,76351,2,3,1.0,6.0,FRANCOIS 1ER (BD),"49,4924000000","0,0988000000",,76.076351,76351,Seine-Maritime,28.0,Normandie,50.0,4.0,3.0,4,2.0,28,Normandie,76,2,96,LeHavre,166058,1780,167838.0,0.0,7,,0.0,1.0,1.0,1.0,A01
202100007993,8,11,2021,13:25,1,76.0,76351,2,1,1.0,2.0,AMIRAL MOUCHEZ (BD),"49,4866000000","0,1418900000",,76.076351,76351,Seine-Maritime,28.0,Normandie,50.0,4.0,2.0,2,1.0,28,Normandie,76,2,96,LeHavre,166058,1780,167838.0,0.0,30,,0.0,2.0,1.0,2.0,A01
202100007993,8,11,2021,13:25,1,76.0,76351,2,1,1.0,2.0,AMIRAL MOUCHEZ (BD),"49,4866000000","0,1418900000",,76.076351,76351,Seine-Maritime,28.0,Normandie,50.0,4.0,2.0,2,1.0,28,Normandie,76,2,96,LeHavre,166058,1780,167838.0,3.0,7,,0.0,2.0,4.0,23.0,B01
202100008173,15,11,2021,12:30,1,76.0,76595,1,4,1.0,6.0,départementale 139,"49,6356720000","0,1905070000",,76.076595,76595,Seine-Maritime,28.0,Normandie,80.0,3.0,2.0,2,1.0,28,Normandie,76,2,26,Saint-Jouin-Bruneval,1829,35,1864.0,2.0,7,,0.0,2.0,7.0,1.0,A01
202100008173,15,11,2021,12:30,1,76.0,76595,1,4,1.0,6.0,départementale 139,"49,6356720000","0,1905070000",,76.076595,76595,Seine-Maritime,28.0,Normandie,80.0,3.0,2.0,2,1.0,28,Normandie,76,2,26,Saint-Jouin-Bruneval,1829,35,1864.0,3.0,1,,0.0,2.0,8.0,15.0,B01
202100008453,10,11,2021,23:15,5,76.0,76410,2,1,1.0,7.0,8 MAI 1945. RUE DU,"49,4808300000","1,0366700000",,76.076410,76410,Seine-Maritime,28.0,Normandie,30.0,7.0,2.0,2,1.0,28,Normandie,76,3,4,Maromme,11024,122,11146.0,3.0,2,,15.0,0.0,1.0,1.0,A01
202100008650,10,11,2021,20:50,3,76.0,76239,1,1,8.0,7.0,A29,"49,5436967228","0,3296662404",,76.076239,76239,Seine-Maritime,28.0,Normandie,130.0,1.0,3.0,4,1.0,28,Normandie,76,2,32,Épretot,783,13,796.0,2.0,7,,0.0,0.0,9.0,12.0,A01
202100008700,6,11,2021,20:50,5,76.0,76351,2,2,1.0,3.0,JULES TELLIER,"49,4983400000","0,1234700000",,76.076351,76351,Seine-Maritime,28.0,Normandie,50.0,4.0,2.0,2,1.0,28,Normandie,76,2,96,LeHavre,166058,1780,167838.0,1.0,30,,0.0,2.0,1.0,0.0,A01
202100008700,6,11,2021,20:50,5,76.0,76351,2,2,1.0,3.0,JULES TELLIER,"49,4983400000","0,1234700000",,76.076351,76351,Seine-Maritime,28.0,Normandie,50.0,4.0,2.0,2,1.0,28,Normandie,76,2,96,LeHavre,166058,1780,167838.0,2.0,30,,0.0,2.0,3.0,0.0,B01
202100008905,8,11,2021,16:30,1,76.0,76314,2,1,1.0,1.0,530 Route d Etainhus,"49,5718890000","0,3294330000",,76.076314,76314,Seine-Maritime,28.0,Normandie,50.0,3.0,3.0,2,1.0,28,Normandie,76,2,32,GraimbouvilLe612,13,625,,2.0,20,,0.0,2.0,3.0,1.0,B01
202100008905,8,11,2021,16:30,1,76.0,76314,2,1,1.0,1.0,530 Route d Etainhus,"49,5718890000","0,3294330000",,76.076314,76314,Seine-Maritime,28.0,Normandie,50.0,3.0,3.0,2,1.0,28,Normandie,76,2,32,GraimbouvilLe612,13,625,,1.0,7,,0.0,2.0,3.0,1.0,A01
202100008937,7,11,2021,20:00,5,76.0,76231,2,3,1.0,3.0,POUSSIN. RUE NICOLAS,"49,2859940000","1,0034110000",,76.076231,76231,Seine-Maritime,28.0,Normandie,50.0,4.0,2.0,2,1.0,28,Normandie,76,3,9,Elbeuf,15951,138,16089.0,0.0,7,,0.0,2.0,8.0,15.0,B01
202100008937,7,11,2021,20:00,5,76.0,76231,2,3,1.0,3.0,POUSSIN. RUE NICOLAS,"49,2859940000","1,0034110000",,76.076231,76231,Seine-Maritime,28.0,Normandie,50.0,4.0,2.0,2,1.0,28,Normandie,76,3,9,Elbeuf,15951,138,16089.0,0.0,7,,0.0,2.0,1.0,15.0,A01
202100008938,7,11,2021,07:00,5,76.0,76540,2,1,1.0,2.0,PARIS. QUAI DE,"49,4366600000","1,0997400000",,76.076540,76540,Seine-Maritime,28.0,Normandie,50.0,7.0,2.0,4,2.0,28,Normandie,76,3,97,Rouen,114083,1556,115639.0,1.0,7,,9.0,0.0,3.0,1.0,A01
202100008938,7,11,2021,07:00,5,76.0,76540,2,1,1.0,2.0,PARIS. QUAI DE,"49,4366600000","1,0997400000",,76.076540,76540,Seine-Maritime,28.0,Normandie,50.0,7.0,2.0,4,2.0,28,Normandie,76,3,97,Rouen,114083,1556,115639.0,1.0,30,,0.0,2.0,4.0,1.0,B01
202100009078,6,11,2021,19:30,5,76.0,76540,2,2,1.0,3.0,EUROPE. BOULEVARD DE L',"49,4282000000","1,0809800000",,76.076540,76540,Seine-Maritime,28.0,Normandie,50.0,4.0,2.0,4,1.0,28,Normandie,76,3,97,Rouen,114083,1556,115639.0,0.0,32,,0.0,2.0,1.0,1.0,A01
202100009078,6,11,2021,19:30,5,76.0,76540,2,2,1.0,3.0,EUROPE. BOULEVARD DE L',"49,4282000000","1,0809800000",,76.076540,76540,Seine-Maritime,28.0,Normandie,50.0,4.0,2.0,4,1.0,28,Normandie,76,3,97,Rouen,114083,1556,115639.0,0.0,3,,0.0,2.0,1.0,1.0,B01
202100009079,5,11,2021,18:30,5,76.0,76322,2,1,8.0,6.0,SATIE. RUE ERIK,"49,4070300000","1,0459300000",,76.076322,76322,Seine-Maritime,28.0,Normandie,30.0,4.0,2.0,2,1.0,28,Normandie,76,3,13,LeGrand-Quevilly,25975,225,26200.0,2.0,7,,0.0,1.0,2.0,15.0,A01
202100009146,7,11,2021,16:30,1,76.0,76436,2,1,1.0,3.0,1525 Route du Manoir,"49,4126170000","0,8643820000",,76.076436,76436,Seine-Maritime,28.0,Normandie,50.0,7.0,2.0,2,1.0,28,Normandie,76,3,1,LeMesnil-sous-Jumièges,614,4,618.0,2.0,33,,0.0,2.0,5.0,2.0,B01
202100009146,7,11,2021,16:30,1,76.0,76436,2,1,1.0,3.0,1525 Route du Manoir,"49,4126170000","0,8643820000",,76.076436,76436,Seine-Maritime,28.0,Normandie,50.0,7.0,2.0,2,1.0,28,Normandie,76,3,1,LeMesnil-sous-Jumièges,614,4,618.0,2.0,7,,0.0,2.0,3.0,9.0,A01
202100009224,5,11,2021,17:45,5,76.0,76217,1,6,1.0,4.0,D485,"49,9227500000","1,1112200000",,76.076217,76217,Seine-Maritime,28.0,Normandie,50.0,3.0,-1.0,6,1.0,28,Normandie,76,1,95,Dieppe,28358,455,28813.0,1.0,10,,0.0,2.0,4.0,2.0,C01
202100009224,5,11,2021,17:45,5,76.0,76217,1,6,1.0,4.0,D485,"49,9227500000","1,1112200000",,76.076217,76217,Seine-Maritime,28.0,Normandie,50.0,3.0,-1.0,6,1.0,28,Normandie,76,1,95,Dieppe,28358,455,28813.0,1.0,7,,0.0,2.0,4.0,0.0,B01
202100009224,5,11,2021,17:45,5,76.0,76217,1,6,1.0,4.0,D485,"49,9227500000","1,1112200000",,76.076217,76217,Seine-Maritime,28.0,Normandie,50.0,3.0,-1.0,6,1.0,28,Normandie,76,1,95,Dieppe,28358,455,28813.0,1.0,7,,0.0,2.0,1.0,26.0,A01
202100009373,5,11,2021,17:15,1,76.0,76239,1,1,1.0,4.0,D39,"49,5533110000","0,3311240000",,76.076239,76239,Seine-Maritime,28.0,Normandie,70.0,3.0,2.0,2,1.0,28,Normandie,76,2,32,Épretot,783,13,796.0,2.0,7,,0.0,2.0,1.0,1.0,A01
202100009373,5,11,2021,17:15,1,76.0,76239,1,1,1.0,4.0,D39,"49,5533110000","0,3311240000",,76.076239,76239,Seine-Maritime,28.0,Normandie,70.0,3.0,2.0,2,1.0,28,Normandie,76,2,32,Épretot,783,13,796.0,2.0,33,,0.0,2.0,4.0,1.0,B01
202100009373,5,11,2021,17:15,1,76.0,76239,1,1,1.0,4.0,D39,"49,5533110000","0,3311240000",,76.076239,76239,Seine-Maritime,28.0,Normandie,70.0,3.0,2.0,2,1.0,28,Normandie,76,2,32,Épretot,783,13,796.0,2.0,7,,0.0,2.0,4.0,1.0,C01
202100009418,4,11,2021,17:00,1,76.0,76640,2,3,2.0,3.0,GRIOLET. RUE DE,"49,2809610000","1,0391970000",,76.076640,76640,Seine-Maritime,28.0,Normandie,50.0,4.0,2.0,2,2.0,28,Normandie,76,3,5,Saint-Pierre-lès-Elbeuf,8285,87,8372.0,0.0,2,,0.0,2.0,4.0,1.0,B01
202100009418,4,11,2021,17:00,1,76.0,76640,2,3,2.0,3.0,GRIOLET. RUE DE,"49,2809610000","1,0391970000",,76.076640,76640,Seine-Maritime,28.0,Normandie,50.0,4.0,2.0,2,2.0,28,Normandie,76,3,5,Saint-Pierre-lès-Elbeuf,8285,87,8372.0,0.0,7,,0.0,2.0,1.0,15.0,A01
202100009539,5,11,2021,15:00,1,76.0,76718,1,1,1.0,5.0,D6015,"49,6156530000","0,6982430000",,76.076718,76718,Seine-Maritime,28.0,Normandie,80.0,3.0,2.0,3,1.0,28,Normandie,76,3,35,ValliquervilLe1423,38,1461,,2.0,10,,0.0,2.0,3.0,13.0,A01
202100009539,5,11,2021,15:00,1,76.0,76718,1,1,1.0,5.0,D6015,"49,6156530000","0,6982430000",,76.076718,76718,Seine-Maritime,28.0,Normandie,80.0,3.0,2.0,3,1.0,28,Normandie,76,3,35,ValliquervilLe1423,38,1461,,1.0,7,,0.0,2.0,3.0,1.0,B01
202100009539,5,11,2021,15:00,1,76.0,76718,1,1,1.0,5.0,D6015,"49,6156530000","0,6982430000",,76.076718,76718,Seine-Maritime,28.0,Normandie,80.0,3.0,2.0,3,1.0,28,Normandie,76,3,35,ValliquervilLe1423,38,1461,,2.0,10,,0.0,2.0,1.0,1.0,C01
202100009652,4,11,2021,08:20,1,76.0,76258,1,1,2.0,3.0,Route Departementale 926,"49,6805830000","0,5589080000",,76.076258,76258,Seine-Maritime,28.0,Normandie,80.0,3.0,2.0,2,2.0,28,Normandie,76,2,33,Terres-de-Caux,4208,112,4320.0,1.0,7,,0.0,9.0,2.0,1.0,B01
202100009652,4,11,2021,08:20,1,76.0,76258,1,1,2.0,3.0,Route Departementale 926,"49,6805830000","0,5589080000",,76.076258,76258,Seine-Maritime,28.0,Normandie,80.0,3.0,2.0,2,2.0,28,Normandie,76,2,33,Terres-de-Caux,4208,112,4320.0,1.0,2,,0.0,0.0,8.0,10.0,A01
202100009745,30,10,2021,05:57,5,76.0,76351,2,3,1.0,3.0,JEAN JAURES (AVENUE),"49,4982700000","0,1481400000",,76.076351,76351,Seine-Maritime,28.0,Normandie,50.0,4.0,2.0,3,2.0,28,Normandie,76,2,96,LeHavre,166058,1780,167838.0,0.0,3,,0.0,2.0,3.0,1.0,B01
202100009745,30,10,2021,05:57,5,76.0,76351,2,3,1.0,3.0,JEAN JAURES (AVENUE),"49,4982700000","0,1481400000",,76.076351,76351,Seine-Maritime,28.0,Normandie,50.0,4.0,2.0,3,2.0,28,Normandie,76,2,96,LeHavre,166058,1780,167838.0,0.0,7,,0.0,2.0,1.0,15.0,A01
202100009746,29,10,2021,20:41,5,76.0,76447,2,1,1.0,6.0,FAUBOURG ASSIQUET,"49,5474000000","0,1961000000",,76.076447,76447,Seine-Maritime,28.0,Normandie,50.0,3.0,2.0,2,1.0,28,Normandie,76,2,15,Montivilliers,15457,203,15660.0,2.0,32,,6.0,0.0,7.0,14.0,A01
202100009854,3,11,2021,01:25,3,76.0,76682,1,1,1.0,7.0,a13,"49,3200240000","1,1026270000",,76.076682,76682,Seine-Maritime,28.0,Normandie,110.0,1.0,3.0,5,1.0,28,Normandie,76,3,5,Sotteville-sous-le-Val,742,4,746.0,2.0,15,,0.0,0.0,0.0,1.0,A01
202100009901,1,11,2021,10:30,1,76.0,76319,1,1,1.0,7.0,RN 138,"49,3540300000","1,0297500000",,76.076319,76319,Seine-Maritime,28.0,Normandie,90.0,2.0,3.0,2,1.0,28,Normandie,76,3,9,Grand-Couronne,9726,177,9903.0,1.0,7,,13.0,0.0,1.0,1.0,A01
202100009949,20,10,2021,20:15,3,76.0,76063,1,2,3.0,3.0,D23,"49,7255890000","0,9956790000",,76.076063,76063,Seine-Maritime,28.0,Normandie,80.0,3.0,2.0,2,2.0,28,Normandie,76,1,20,Beauval-en-Caux,463,10,473.0,2.0,7,,0.0,2.0,1.0,19.0,A01
202100009949,20,10,2021,20:15,3,76.0,76063,1,2,3.0,3.0,D23,"49,7255890000","0,9956790000",,76.076063,76063,Seine-Maritime,28.0,Normandie,80.0,3.0,2.0,2,2.0,28,Normandie,76,1,20,Beauval-en-Caux,463,10,473.0,1.0,7,,13.0,0.0,5.0,1.0,B01
202100010012,31,10,2021,18:55,5,76.0,76259,2,9,1.0,3.0,BERIGNY (QUAI),"49,7601700000","0,3690700000",,76.076259,76259,Seine-Maritime,28.0,Normandie,50.0,3.0,2.0,2,1.0,28,Normandie,76,2,11,Fécamp,18016,269,18285.0,1.0,31,,0.0,2.0,1.0,1.0,A01
202100010012,31,10,2021,18:55,5,76.0,76259,2,9,1.0,3.0,BERIGNY (QUAI),"49,7601700000","0,3690700000",,76.076259,76259,Seine-Maritime,28.0,Normandie,50.0,3.0,2.0,2,1.0,28,Normandie,76,2,11,Fécamp,18016,269,18285.0,1.0,7,,0.0,2.0,5.0,19.0,B01
202100010138,30,10,2021,21:40,5,76.0,76540,2,2,1.0,3.0,LA FAYETTE. RUE,"49,4325100000","1,0895000000",,76.076540,76540,Seine-Maritime,28.0,Normandie,30.0,4.0,1.0,1,1.0,28,Normandie,76,3,97,Rouen,114083,1556,115639.0,3.0,7,,0.0,2.0,3.0,1.0,A01
202100010138,30,10,2021,21:40,5,76.0,76540,2,2,1.0,3.0,LA FAYETTE. RUE,"49,4325100000","1,0895000000",,76.076540,76540,Seine-Maritime,28.0,Normandie,30.0,4.0,1.0,1,1.0,28,Normandie,76,3,97,Rouen,114083,1556,115639.0,3.0,1,,0.0,2.0,1.0,1.0,B01
202100010202,30,10,2021,20:30,3,76.0,76020,1,9,1.0,7.0,Route de Bourg Achard,"49,4414840000","0,8885760000",,76.076020,76020,Seine-Maritime,28.0,Normandie,80.0,7.0,2.0,2,1.0,28,Normandie,76,3,1,Anneville-AmbourvilLe1168,18,1186,,1.0,2,,0.0,0.0,0.0,13.0,A01
202100010261,29,10,2021,21:30,3,76.0,76540,2,2,1.0,6.0,CHAMPLAIN. AVENUE,"49,4347000000","1,0934700000",,76.076540,76540,Seine-Maritime,28.0,Normandie,30.0,4.0,1.0,3,2.0,28,Normandie,76,3,97,Rouen,114083,1556,115639.0,3.0,37,1.0,0.0,1.0,1.0,16.0,A01
202100010405,30,10,2021,11:10,1,76.0,76435,1,1,8.0,7.0,D78,"49,9668875276","1,4559657289",,76.076435,76435,Seine-Maritime,28.0,Normandie,70.0,3.0,2.0,2,2.0,28,Normandie,76,1,10,LeMesnil-Réaume,797,16,813.0,2.0,10,,13.0,0.0,2.0,1.0,A01
202100010447,29,10,2021,12:00,1,76.0,76385,1,1,1.0,7.0,Route de Pavilly,"49,5988900000","0,9448600000",,76.076385,76385,Seine-Maritime,28.0,Normandie,80.0,3.0,2.0,2,2.0,28,Normandie,76,3,24,Limésy,1471,54,1525.0,1.0,7,,2.0,0.0,1.0,1.0,A01
202100010495,28,10,2021,20:00,3,76.0,76540,2,2,1.0,5.0,MERIDIENNE. RUE,"49,4257800000","1,0826100000",,76.076540,76540,Seine-Maritime,28.0,Normandie,30.0,4.0,2.0,3,1.0,28,Normandie,76,3,97,Rouen,114083,1556,115639.0,3.0,7,,0.0,2.0,4.0,1.0,A01
202100010495,28,10,2021,20:00,3,76.0,76540,2,2,1.0,5.0,MERIDIENNE. RUE,"49,4257800000","1,0826100000",,76.076540,76540,Seine-Maritime,28.0,Normandie,30.0,4.0,2.0,3,1.0,28,Normandie,76,3,97,Rouen,114083,1556,115639.0,3.0,7,,0.0,2.0,3.0,1.0,B01
202100010495,28,10,2021,20:00,3,76.0,76540,2,2,1.0,5.0,MERIDIENNE. RUE,"49,4257800000","1,0826100000",,76.076540,76540,Seine-Maritime,28.0,Normandie,30.0,4.0,2.0,3,1.0,28,Normandie,76,3,97,Rouen,114083,1556,115639.0,3.0,7,,0.0,2.0,0.0,0.0,Z01
202100010496,27,10,2021,22:00,5,76.0,76351,2,1,1.0,7.0,RENE COTY,"49,4981400000","0,1156400000",,76.076351,76351,Seine-Maritime,28.0,Normandie,30.0,4.0,2.0,2,1.0,28,Normandie,76,2,96,LeHavre,166058,1780,167838.0,1.0,33,,0.0,0.0,0.0,0.0,A01
202100010497,28,10,2021,15:40,1,76.0,76026,1,6,1.0,3.0,RD 54B,"49,8759700000","1,1173300000",,76.076026,76026,Seine-Maritime,28.0,Normandie,80.0,3.0,1.0,2,1.0,28,Normandie,76,1,8,Arques-la-BatailLe2480,44,2524,,0.0,7,,0.0,2.0,7.0,16.0,B01
202100010497,28,10,2021,15:40,1,76.0,76026,1,6,1.0,3.0,RD 54B,"49,8759700000","1,1173300000",,76.076026,76026,Seine-Maritime,28.0,Normandie,80.0,3.0,1.0,2,1.0,28,Normandie,76,1,8,Arques-la-BatailLe2480,44,2524,,2.0,10,,0.0,2.0,3.0,9.0,A01
202100010694,27,10,2021,09:00,1,76.0,76540,2,2,1.0,3.0,GAMBETTA. BOULEVARD,"49,4386793600","1,1079317167",,76.076540,76540,Seine-Maritime,28.0,Normandie,50.0,7.0,2.0,2,1.0,28,Normandie,76,3,97,Rouen,114083,1556,115639.0,3.0,7,,0.0,2.0,1.0,16.0,A01
202100010694,27,10,2021,09:00,1,76.0,76540,2,2,1.0,3.0,GAMBETTA. BOULEVARD,"49,4386793600","1,1079317167",,76.076540,76540,Seine-Maritime,28.0,Normandie,50.0,7.0,2.0,2,1.0,28,Normandie,76,3,97,Rouen,114083,1556,115639.0,3.0,1,,0.0,2.0,1.0,19.0,B01
202100010778,27,10,2021,17:00,1,76.0,76374,1,1,1.0,7.0,Rue Guy de Maupassant,"50,0103450000","1,4956050000",,76.076374,76374,Seine-Maritime,28.0,Normandie,-1.0,9.0,-1.0,2,1.0,28,Normandie,76,1,10,InchevilLe1170,16,1186,,3.0,2,,0.0,0.0,0.0,0.0,A01
202100010865,25,10,2021,16:00,1,76.0,76351,2,3,1.0,3.0,GUINEE (QUAI DE LA),"49,4885600000","0,1212300000",,76.076351,76351,Seine-Maritime,28.0,Normandie,50.0,4.0,2.0,2,1.0,28,Normandie,76,2,96,LeHavre,166058,1780,167838.0,3.0,50,,0.0,2.0,1.0,19.0,A01
202100010865,25,10,2021,16:00,1,76.0,76351,2,3,1.0,3.0,GUINEE (QUAI DE LA),"49,4885600000","0,1212300000",,76.076351,76351,Seine-Maritime,28.0,Normandie,50.0,4.0,2.0,2,1.0,28,Normandie,76,2,96,LeHavre,166058,1780,167838.0,3.0,10,,0.0,2.0,6.0,0.0,B01
202100011063,25,10,2021,13:28,1,76.0,76540,2,3,1.0,6.0,PORET DE BLOSSEVILLE. RUE,"49,4380400000","1,0829300000",,76.076540,76540,Seine-Maritime,28.0,Normandie,30.0,4.0,2.0,2,2.0,28,Normandie,76,3,97,Rouen,114083,1556,115639.0,1.0,7,,0.0,1.0,2.0,1.0,A01
202100011064,24,10,2021,00:00,5,76.0,76351,2,1,1.0,6.0,VIVIANI,"49,4929000000","0,1555700000",,76.076351,76351,Seine-Maritime,28.0,Normandie,50.0,4.0,2.0,2,1.0,28,Normandie,76,2,96,LeHavre,166058,1780,167838.0,0.0,7,,8.0,0.0,3.0,13.0,A01
202100011065,22,10,2021,18:00,1,76.0,76351,2,1,1.0,6.0,CHARLES ROMME,"49,5151700000","0,1719100000",,76.076351,76351,Seine-Maritime,28.0,Normandie,50.0,4.0,2.0,2,1.0,28,Normandie,76,2,96,LeHavre,166058,1780,167838.0,3.0,7,,0.0,1.0,0.0,0.0,Z01
202100011197,24,10,2021,11:35,1,76.0,76108,2,1,1.0,6.0,NEUFCHATEL. ROUTE DE (RN 28),"49,4586900000","1,1086800000",,76.076108,76108,Seine-Maritime,28.0,Normandie,50.0,7.0,2.0,2,1.0,28,Normandie,76,3,2,Bois-Guillaume,14262,361,14623.0,0.0,7,,1.0,1.0,1.0,20.0,A01
202100011270,25,10,2021,12:10,1,76.0,76646,1,2,1.0,5.0,D925,"49,8097490000","0,6684490000",,76.076646,76646,Seine-Maritime,28.0,Normandie,80.0,3.0,2.0,2,1.0,28,Normandie,76,1,33,Saint-Riquier-ès-Plains,620,14,634.0,1.0,7,,0.0,2.0,3.0,1.0,C01
202100011270,25,10,2021,12:10,1,76.0,76646,1,2,1.0,5.0,D925,"49,8097490000","0,6684490000",,76.076646,76646,Seine-Maritime,28.0,Normandie,80.0,3.0,2.0,2,1.0,28,Normandie,76,1,33,Saint-Riquier-ès-Plains,620,14,634.0,1.0,7,,0.0,2.0,2.0,21.0,A01
202100011270,25,10,2021,12:10,1,76.0,76646,1,2,1.0,5.0,D925,"49,8097490000","0,6684490000",,76.076646,76646,Seine-Maritime,28.0,Normandie,80.0,3.0,2.0,2,1.0,28,Normandie,76,1,33,Saint-Riquier-ès-Plains,620,14,634.0,1.0,7,,0.0,2.0,3.0,1.0,D01
202100011270,25,10,2021,12:10,1,76.0,76646,1,2,1.0,5.0,D925,"49,8097490000","0,6684490000",,76.076646,76646,Seine-Maritime,28.0,Normandie,80.0,3.0,2.0,2,1.0,28,Normandie,76,1,33,Saint-Riquier-ès-Plains,620,14,634.0,2.0,7,,0.0,2.0,1.0,1.0,B01
202100011270,25,10,2021,12:10,1,76.0,76646,1,2,1.0,5.0,D925,"49,8097490000","0,6684490000",,76.076646,76646,Seine-Maritime,28.0,Normandie,80.0,3.0,2.0,2,1.0,28,Normandie,76,1,33,Saint-Riquier-ès-Plains,620,14,634.0,1.0,7,,0.0,2.0,6.0,15.0,E01
202100011271,23,10,2021,10:20,1,76.0,76655,2,9,8.0,6.0,Place du Marché,"49,8686510000","0,7133760000",,76.076655,76655,Seine-Maritime,28.0,Normandie,50.0,6.0,-1.0,-1,1.0,28,Normandie,76,1,33,Saint-Valery-en-Caux,3915,162,4077.0,3.0,7,,0.0,1.0,1.0,15.0,A01
202100011453,24,10,2021,12:00,1,76.0,76709,1,1,1.0,3.0,rue worms route de la marre pigeonniere,"49,4800038175","0,8181484043",,76.076709,76709,Seine-Maritime,28.0,Normandie,-1.0,9.0,-1.0,2,6.0,28,Normandie,76,3,1,LeTrait,4780,38,4818.0,0.0,33,,0.0,0.0,0.0,1.0,A01