Num_Acc,jour,mois,an,hrmn,lum,dep,com,agg,int,atm,col,adr,lat,long,gps,com_insee_temp,com_insee,departmentName,regionCode,regionName,vma,catr,circ,nbv,surf,Code,Region,Departement,Arrondissement,Code_Canton,Nom_Commune,Population_municipaLe,Population_comptee_a_part,Population_Totale,senc,catv,occutc,obs,obsm,choc,manv,num_veh
202100011453,24,10,2021,12:00,1,76.0,76709,1,1,1.0,3.0,rue worms route de la marre pigeonniere,"49,4800038175","0,8181484043",,76.076709,76709,Seine-Maritime,28.0,Normandie,-1.0,9.0,-1.0,2,6.0,28,Normandie,76,3,1,LeTrait,4780,38,4818.0,3.0,33,,0.0,2.0,0.0,2.0,B01
202100011553,22,10,2021,15:59,1,76.0,76540,2,1,1.0,6.0,BOISGUILBERT. QUAI DE,"49,4420700000","1,0776200000",,76.076540,76540,Seine-Maritime,28.0,Normandie,30.0,4.0,1.0,1,1.0,28,Normandie,76,3,97,Rouen,114083,1556,115639.0,0.0,50,,0.0,1.0,1.0,1.0,A01
202100011554,22,10,2021,07:45,5,76.0,76575,2,2,1.0,6.0,RENAN. RUE ERNEST,"49,3985260000","1,0741400000",,76.076575,76575,Seine-Maritime,28.0,Normandie,50.0,4.0,2.0,2,1.0,28,Normandie,76,3,98,Saint-Étienne-du-Rouvray,28508,225,28733.0,3.0,7,,0.0,1.0,2.0,1.0,A01
202100011754,20,10,2021,17:55,1,76.0,76351,2,1,1.0,6.0,FELIX FAURE,"49,5000600000","0,1006700000",,76.076351,76351,Seine-Maritime,28.0,Normandie,50.0,4.0,2.0,2,1.0,28,Normandie,76,2,96,LeHavre,166058,1780,167838.0,2.0,7,,0.0,1.0,1.0,0.0,A01
202100011785,20,10,2021,10:30,1,76.0,76391,1,1,1.0,7.0,CD 132,"49,3091043973","0,9789617483",,76.076391,76391,Seine-Maritime,28.0,Normandie,80.0,7.0,2.0,2,2.0,28,Normandie,76,3,9,La Londe,2362,71,2433.0,1.0,7,,12.0,0.0,1.0,1.0,A01
202100011786,20,10,2021,11:00,1,76.0,76351,2,3,1.0,3.0,EDITH PIAF (RUE),"49,5232000000","0,1138200000",,76.076351,76351,Seine-Maritime,28.0,Normandie,30.0,4.0,1.0,1,1.0,28,Normandie,76,2,96,LeHavre,166058,1780,167838.0,0.0,7,,0.0,2.0,3.0,15.0,B01
202100011786,20,10,2021,11:00,1,76.0,76351,2,3,1.0,3.0,EDITH PIAF (RUE),"49,5232000000","0,1138200000",,76.076351,76351,Seine-Maritime,28.0,Normandie,30.0,4.0,1.0,1,1.0,28,Normandie,76,2,96,LeHavre,166058,1780,167838.0,0.0,50,,0.0,2.0,3.0,5.0,A01
202100011787,19,10,2021,16:45,1,76.0,76351,2,3,1.0,3.0,VERDUN (RUE DE),"49,5022000000","0,1846800000",,76.076351,76351,Seine-Maritime,28.0,Normandie,50.0,3.0,2.0,3,1.0,28,Normandie,76,2,96,LeHavre,166058,1780,167838.0,1.0,7,,0.0,2.0,2.0,15.0,A01
202100011787,19,10,2021,16:45,1,76.0,76351,2,3,1.0,3.0,VERDUN (RUE DE),"49,5022000000","0,1846800000",,76.076351,76351,Seine-Maritime,28.0,Normandie,50.0,3.0,2.0,3,1.0,28,Normandie,76,2,96,LeHavre,166058,1780,167838.0,2.0,7,,0.0,2.0,3.0,1.0,B01
202100011788,20,10,2021,16:20,1,76.0,76217,2,1,1.0,6.0,DUMAS (ALEXANDRE),"49,9258500000","1,0706000000",,76.076217,76217,Seine-Maritime,28.0,Normandie,30.0,9.0,-1.0,0,1.0,28,Normandie,76,1,95,Dieppe,28358,455,28813.0,3.0,1,,0.0,1.0,0.0,25.0,A01
202100011898,21,10,2021,12:15,1,76.0,76700,1,2,2.0,3.0,Route du Havre,"49,6788760000","1,0338040000",,76.076700,76700,Seine-Maritime,28.0,Normandie,70.0,3.0,2.0,2,2.0,28,Normandie,76,1,20,Tôtes,1575,30,1605.0,3.0,7,,0.0,0.0,8.0,9.0,C01
202100011898,21,10,2021,12:15,1,76.0,76700,1,2,2.0,3.0,Route du Havre,"49,6788760000","1,0338040000",,76.076700,76700,Seine-Maritime,28.0,Normandie,70.0,3.0,2.0,2,2.0,28,Normandie,76,1,20,Tôtes,1575,30,1605.0,1.0,10,,0.0,2.0,1.0,1.0,B01
202100011899,22,10,2021,10:45,1,76.0,76675,1,1,1.0,1.0,Route de Dieppe,"49,5746764911","1,0496097431",,76.076675,76675,Seine-Maritime,28.0,Normandie,80.0,3.0,2.0,2,1.0,28,Normandie,76,3,2,SiervilLe1108,16,1124,,1.0,7,,0.0,2.0,3.0,0.0,A01
202100011899,22,10,2021,10:45,1,76.0,76675,1,1,1.0,1.0,Route de Dieppe,"49,5746764911","1,0496097431",,76.076675,76675,Seine-Maritime,28.0,Normandie,80.0,3.0,2.0,2,1.0,28,Normandie,76,3,2,SiervilLe1108,16,1124,,2.0,7,,0.0,2.0,3.0,0.0,B01
202100011922,28,9,2021,07:50,2,76.0,76305,1,1,1.0,2.0,A131,"49,4969880000","0,2303080000",,76.076305,76305,Seine-Maritime,28.0,Normandie,-1.0,1.0,1.0,2,1.0,28,Normandie,76,2,16,Gonfreville-l'Orcher,8961,44,9005.0,1.0,7,,0.0,0.0,4.0,2.0,A01
202100011922,28,9,2021,07:50,2,76.0,76305,1,1,1.0,2.0,A131,"49,4969880000","0,2303080000",,76.076305,76305,Seine-Maritime,28.0,Normandie,-1.0,1.0,1.0,2,1.0,28,Normandie,76,2,16,Gonfreville-l'Orcher,8961,44,9005.0,1.0,7,,0.0,2.0,1.0,2.0,B01
202100012081,19,10,2021,07:40,2,76.0,76503,1,1,2.0,4.0,A151 - PK 01+950 - DIRECTION ROUEN,"49,5183131260","0,9991996036",,76.076503,76503,Seine-Maritime,28.0,Normandie,130.0,1.0,3.0,2,2.0,28,Normandie,76,3,24,Pissy-PôvilLe1281,20,1301,,2.0,7,,1.0,0.0,1.0,2.0,A01
202100012081,19,10,2021,07:40,2,76.0,76503,1,1,2.0,4.0,A151 - PK 01+950 - DIRECTION ROUEN,"49,5183131260","0,9991996036",,76.076503,76503,Seine-Maritime,28.0,Normandie,130.0,1.0,3.0,2,2.0,28,Normandie,76,3,24,Pissy-PôvilLe1281,20,1301,,2.0,10,,0.0,2.0,4.0,23.0,B01
202100012081,19,10,2021,07:40,2,76.0,76503,1,1,2.0,4.0,A151 - PK 01+950 - DIRECTION ROUEN,"49,5183131260","0,9991996036",,76.076503,76503,Seine-Maritime,28.0,Normandie,130.0,1.0,3.0,2,2.0,28,Normandie,76,3,24,Pissy-PôvilLe1281,20,1301,,2.0,7,,0.0,2.0,4.0,23.0,C01
202100012156,13,10,2021,07:46,2,76.0,76351,2,1,1.0,6.0,PABLO NERUDA (RUE),"49,5043400000","0,1543200000",,76.076351,76351,Seine-Maritime,28.0,Normandie,50.0,4.0,2.0,2,2.0,28,Normandie,76,2,96,LeHavre,166058,1780,167838.0,1.0,7,,0.0,1.0,1.0,0.0,A01
202100012184,18,10,2021,03:08,5,76.0,76540,2,1,1.0,7.0,DOCTEUR ANDRE CAUCHOIS. RUE DU,"49,4503100000","1,1255900000",,76.076540,76540,Seine-Maritime,28.0,Normandie,50.0,4.0,2.0,1,1.0,28,Normandie,76,3,97,Rouen,114083,1556,115639.0,0.0,7,,16.0,0.0,1.0,1.0,A01
202100012185,18,10,2021,08:30,1,76.0,76351,2,2,1.0,2.0,GUSTAVE BRINDEAU (RUE),"49,4879400000","0,1446400000",,76.076351,76351,Seine-Maritime,28.0,Normandie,50.0,4.0,2.0,2,1.0,28,Normandie,76,2,96,LeHavre,166058,1780,167838.0,1.0,7,,0.0,2.0,3.0,15.0,B01
202100012185,18,10,2021,08:30,1,76.0,76351,2,2,1.0,2.0,GUSTAVE BRINDEAU (RUE),"49,4879400000","0,1446400000",,76.076351,76351,Seine-Maritime,28.0,Normandie,50.0,4.0,2.0,2,1.0,28,Normandie,76,2,96,LeHavre,166058,1780,167838.0,1.0,33,,0.0,2.0,2.0,17.0,A01
202100012407,18,10,2021,10:36,1,76.0,76540,2,1,1.0,6.0,pont jeanne d arc,"49,4382600000","1,0883700000",,76.076540,76540,Seine-Maritime,28.0,Normandie,50.0,5.0,2.0,4,1.0,28,Normandie,76,3,97,Rouen,114083,1556,115639.0,0.0,40,,0.0,1.0,1.0,1.0,A01
202100012408,16,10,2021,18:00,1,76.0,76351,2,2,1.0,3.0,BLEUETS (DES),"49,5079200000","0,1570400000",,76.076351,76351,Seine-Maritime,28.0,Normandie,50.0,4.0,2.0,2,1.0,28,Normandie,76,2,96,LeHavre,166058,1780,167838.0,2.0,7,,0.0,2.0,8.0,0.0,B01
202100012408,16,10,2021,18:00,1,76.0,76351,2,2,1.0,3.0,BLEUETS (DES),"49,5079200000","0,1570400000",,76.076351,76351,Seine-Maritime,28.0,Normandie,50.0,4.0,2.0,2,1.0,28,Normandie,76,2,96,LeHavre,166058,1780,167838.0,1.0,7,,0.0,2.0,1.0,0.0,A01
202100012522,19,10,2021,12:20,1,76.0,76752,2,3,1.0,6.0,Place du General Leclerc,"49,6683393303","0,8974057312",,76.076752,76752,Seine-Maritime,28.0,Normandie,-1.0,3.0,2.0,2,1.0,28,Normandie,76,3,35,YervilLe2584,29,2613,,1.0,7,,0.0,1.0,1.0,15.0,A01
202100012586,17,10,2021,11:55,1,76.0,76714,1,2,1.0,3.0,D6015,"49,5453730000","0,3934480000",,76.076714,76714,Seine-Maritime,28.0,Normandie,80.0,3.0,2.0,2,1.0,28,Normandie,76,2,32,LesTrois-Pierres,797,15,812.0,1.0,7,,0.0,2.0,2.0,1.0,B01
202100012586,17,10,2021,11:55,1,76.0,76714,1,2,1.0,3.0,D6015,"49,5453730000","0,3934480000",,76.076714,76714,Seine-Maritime,28.0,Normandie,80.0,3.0,2.0,2,1.0,28,Normandie,76,2,32,LesTrois-Pierres,797,15,812.0,1.0,10,,0.0,2.0,3.0,19.0,A01
202100012639,17,10,2021,07:20,5,76.0,76545,2,3,1.0,3.0,CHAMP DE COURSES (RUE DU),"49,9084500000","1,0876900000",,76.076545,76545,Seine-Maritime,28.0,Normandie,50.0,3.0,-1.0,2,1.0,28,Normandie,76,1,7,Rouxmesnil-BouteilLes1814,33,1847,,0.0,7,,0.0,0.0,0.0,0.0,B01
202100012639,17,10,2021,07:20,5,76.0,76545,2,3,1.0,3.0,CHAMP DE COURSES (RUE DU),"49,9084500000","1,0876900000",,76.076545,76545,Seine-Maritime,28.0,Normandie,50.0,3.0,-1.0,2,1.0,28,Normandie,76,1,7,Rouxmesnil-BouteilLes1814,33,1847,,3.0,7,,0.0,2.0,1.0,9.0,A01
202100012820,16,10,2021,17:00,1,76.0,76681,1,1,1.0,2.0,EAUPLET. RUE D',"49,4208098964","1,1042458111",,76.076681,76681,Seine-Maritime,28.0,Normandie,50.0,4.0,3.0,4,1.0,28,Normandie,76,3,99,Sotteville-lès-Rouen,28965,475,29440.0,3.0,33,,0.0,2.0,1.0,1.0,A01
202100012820,16,10,2021,17:00,1,76.0,76681,1,1,1.0,2.0,EAUPLET. RUE D',"49,4208098964","1,1042458111",,76.076681,76681,Seine-Maritime,28.0,Normandie,50.0,4.0,3.0,4,1.0,28,Normandie,76,3,99,Sotteville-lès-Rouen,28965,475,29440.0,3.0,7,,0.0,2.0,4.0,0.0,B01
202100012998,16,10,2021,05:45,5,76.0,76312,2,1,5.0,1.0,Boulevard de Verdun,"49,4853747157","1,7283539265",,76.076312,76312,Seine-Maritime,28.0,Normandie,50.0,2.0,2.0,2,1.0,28,Normandie,76,1,12,Gournay-en-Bray,5944,85,6029.0,2.0,7,,0.0,2.0,3.0,1.0,B01
202100012998,16,10,2021,05:45,5,76.0,76312,2,1,5.0,1.0,Boulevard de Verdun,"49,4853747157","1,7283539265",,76.076312,76312,Seine-Maritime,28.0,Normandie,50.0,2.0,2.0,2,1.0,28,Normandie,76,1,12,Gournay-en-Bray,5944,85,6029.0,1.0,7,,0.0,2.0,3.0,17.0,A01
202100013150,15,10,2021,15:35,1,76.0,76715,1,1,1.0,3.0,D6015,"49,5967900000","0,6062650000",,76.076715,76715,Seine-Maritime,28.0,Normandie,80.0,3.0,2.0,2,1.0,28,Normandie,76,2,25,TrouvilLe626,8,634,,1.0,7,,0.0,2.0,3.0,13.0,A01
202100013150,15,10,2021,15:35,1,76.0,76715,1,1,1.0,3.0,D6015,"49,5967900000","0,6062650000",,76.076715,76715,Seine-Maritime,28.0,Normandie,80.0,3.0,2.0,2,1.0,28,Normandie,76,2,25,TrouvilLe626,8,634,,2.0,15,,0.0,2.0,3.0,1.0,B01
202100013231,14,10,2021,16:50,1,76.0,76575,2,1,1.0,6.0,ANEMONES. RUE DES,"49,3919030356","1,0914553373",,76.076575,76575,Seine-Maritime,28.0,Normandie,50.0,4.0,2.0,2,1.0,28,Normandie,76,3,98,Saint-Étienne-du-Rouvray,28508,225,28733.0,0.0,7,,0.0,1.0,1.0,1.0,A01
202100013232,14,10,2021,08:35,1,76.0,76382,1,1,1.0,3.0,D6015,"49,5879204449","0,5361843109",,76.076382,76382,Seine-Maritime,28.0,Normandie,70.0,3.0,2.0,2,1.0,28,Normandie,76,2,3,Lanquetot,1152,19,1171.0,3.0,1,,0.0,2.0,8.0,13.0,B01
202100013232,14,10,2021,08:35,1,76.0,76382,1,1,1.0,3.0,D6015,"49,5879204449","0,5361843109",,76.076382,76382,Seine-Maritime,28.0,Normandie,70.0,3.0,2.0,2,1.0,28,Normandie,76,2,3,Lanquetot,1152,19,1171.0,1.0,15,,0.0,2.0,2.0,2.0,A01
202100013439,14,10,2021,13:53,1,76.0,76509,1,1,1.0,3.0,1065 Route du Puits de l Aire,"49,4679990000","1,2301360000",,76.076509,76509,Seine-Maritime,28.0,Normandie,80.0,3.0,2.0,2,1.0,28,Normandie,76,3,21,Préaux,1863,32,1895.0,1.0,33,,0.0,2.0,1.0,1.0,A01
202100013439,14,10,2021,13:53,1,76.0,76509,1,1,1.0,3.0,1065 Route du Puits de l Aire,"49,4679990000","1,2301360000",,76.076509,76509,Seine-Maritime,28.0,Normandie,80.0,3.0,2.0,2,1.0,28,Normandie,76,3,21,Préaux,1863,32,1895.0,2.0,7,,0.0,0.0,3.0,15.0,B01
202100013607,12,10,2021,16:40,1,76.0,76322,2,3,1.0,6.0,RAVEL. BOULEVARD MAURICE,"49,4071600000","1,0451800000",,76.076322,76322,Seine-Maritime,28.0,Normandie,50.0,4.0,2.0,3,1.0,28,Normandie,76,3,13,LeGrand-Quevilly,25975,225,26200.0,0.0,7,,0.0,1.0,2.0,16.0,A01
202100013608,12,10,2021,12:40,1,76.0,76351,2,2,1.0,3.0,RICHELIEU,"49,4891700000","0,1086500000",,76.076351,76351,Seine-Maritime,28.0,Normandie,50.0,4.0,2.0,2,1.0,28,Normandie,76,2,96,LeHavre,166058,1780,167838.0,0.0,7,,0.0,2.0,3.0,1.0,B01
202100013608,12,10,2021,12:40,1,76.0,76351,2,2,1.0,3.0,RICHELIEU,"49,4891700000","0,1086500000",,76.076351,76351,Seine-Maritime,28.0,Normandie,50.0,4.0,2.0,2,1.0,28,Normandie,76,2,96,LeHavre,166058,1780,167838.0,0.0,7,,0.0,2.0,2.0,1.0,A01
202100013609,11,10,2021,19:30,1,76.0,76351,2,2,1.0,3.0,JULES LECESNE (RUE),"49,4931390000","0,1201700000",,76.076351,76351,Seine-Maritime,28.0,Normandie,50.0,4.0,2.0,2,1.0,28,Normandie,76,2,96,LeHavre,166058,1780,167838.0,0.0,7,,0.0,2.0,1.0,1.0,B01
202100013609,11,10,2021,19:30,1,76.0,76351,2,2,1.0,3.0,JULES LECESNE (RUE),"49,4931390000","0,1201700000",,76.076351,76351,Seine-Maritime,28.0,Normandie,50.0,4.0,2.0,2,1.0,28,Normandie,76,2,96,LeHavre,166058,1780,167838.0,0.0,7,,0.0,2.0,6.0,19.0,A01
202100013610,10,10,2021,00:30,5,76.0,76351,2,1,1.0,2.0,ALBERT 1ER,"49,4977600000","0,0921600000",,76.076351,76351,Seine-Maritime,28.0,Normandie,50.0,4.0,3.0,4,1.0,28,Normandie,76,2,96,LeHavre,166058,1780,167838.0,2.0,7,,0.0,2.0,4.0,0.0,B01
202100013610,10,10,2021,00:30,5,76.0,76351,2,1,1.0,2.0,ALBERT 1ER,"49,4977600000","0,0921600000",,76.076351,76351,Seine-Maritime,28.0,Normandie,50.0,4.0,3.0,4,1.0,28,Normandie,76,2,96,LeHavre,166058,1780,167838.0,2.0,7,,0.0,2.0,1.0,2.0,A01
202100013832,11,10,2021,19:30,3,76.0,76540,2,1,1.0,6.0,TOUR DE BEURRE. RUE DE LA,"49,4391070000","1,0933400000",,76.076540,76540,Seine-Maritime,28.0,Normandie,30.0,4.0,1.0,1,1.0,28,Normandie,76,3,97,Rouen,114083,1556,115639.0,0.0,7,,1.0,0.0,7.0,4.0,Z01
202100013833,11,10,2021,18:10,1,76.0,76540,2,3,1.0,2.0,SERRES. AVENUE OLIVIER DE,"49,4490100000","1,1200000000",,76.076540,76540,Seine-Maritime,28.0,Normandie,50.0,4.0,2.0,2,1.0,28,Normandie,76,3,97,Rouen,114083,1556,115639.0,0.0,10,,0.0,2.0,1.0,1.0,A01
202100013833,11,10,2021,18:10,1,76.0,76540,2,3,1.0,2.0,SERRES. AVENUE OLIVIER DE,"49,4490100000","1,1200000000",,76.076540,76540,Seine-Maritime,28.0,Normandie,50.0,4.0,2.0,2,1.0,28,Normandie,76,3,97,Rouen,114083,1556,115639.0,0.0,1,,0.0,2.0,7.0,1.0,B01
202100013834,10,10,2021,22:40,5,76.0,76540,2,1,1.0,6.0,BELGES. BOULEVARD DES,"49,4432000000","1,0847100000",,76.076540,76540,Seine-Maritime,28.0,Normandie,50.0,7.0,2.0,4,1.0,28,Normandie,76,3,97,Rouen,114083,1556,115639.0,2.0,7,,0.0,1.0,1.0,1.0,A01
202100013835,9,10,2021,04:20,5,76.0,76447,2,3,1.0,6.0,Avenue Antoine de Saint-Exupéry,"49,5499600000","0,1764000000",,76.076447,76447,Seine-Maritime,28.0,Normandie,50.0,3.0,2.0,2,1.0,28,Normandie,76,2,15,Montivilliers,15457,203,15660.0,2.0,7,,1.0,0.0,0.0,0.0,A01
202100013836,8,10,2021,18:10,1,76.0,76351,2,1,1.0,6.0,RENE BAZILLE,"49,5060900000","0,1233200000",,76.076351,76351,Seine-Maritime,28.0,Normandie,50.0,4.0,2.0,1,1.0,28,Normandie,76,2,96,LeHavre,166058,1780,167838.0,3.0,10,,1.0,0.0,0.0,0.0,A01
202100013929,12,10,2021,08:15,1,76.0,76591,1,2,1.0,3.0,Route de Gournay,"49,4516740000","1,2102070000",,76.076591,76591,Seine-Maritime,28.0,Normandie,80.0,2.0,2.0,2,1.0,28,Normandie,76,3,6,Saint-Jacques-sur-Darnétal,3152,49,3201.0,2.0,33,,0.0,2.0,2.0,1.0,A01
202100013929,12,10,2021,08:15,1,76.0,76591,1,2,1.0,3.0,Route de Gournay,"49,4516740000","1,2102070000",,76.076591,76591,Seine-Maritime,28.0,Normandie,80.0,2.0,2.0,2,1.0,28,Normandie,76,3,6,Saint-Jacques-sur-Darnétal,3152,49,3201.0,2.0,7,,0.0,2.0,3.0,19.0,B01
202100013992,9,10,2021,20:10,5,76.0,76259,2,9,1.0,6.0,BERIGNY (QUAI),"49,7600797515","0,3694863617",,76.076259,76259,Seine-Maritime,28.0,Normandie,50.0,3.0,3.0,2,1.0,28,Normandie,76,2,11,Fécamp,18016,269,18285.0,2.0,7,,0.0,1.0,2.0,26.0,A01
202100013993,9,10,2021,18:50,1,76.0,76217,2,2,1.0,3.0,AVENUE JEAN JAURES,"49,9150517270","1,0747497529",,76.076217,76217,Seine-Maritime,28.0,Normandie,-1.0,3.0,2.0,-1,1.0,28,Normandie,76,1,95,Dieppe,28358,455,28813.0,3.0,7,,15.0,0.0,3.0,15.0,A01
202100013993,9,10,2021,18:50,1,76.0,76217,2,2,1.0,3.0,AVENUE JEAN JAURES,"49,9150517270","1,0747497529",,76.076217,76217,Seine-Maritime,28.0,Normandie,-1.0,3.0,2.0,-1,1.0,28,Normandie,76,1,95,Dieppe,28358,455,28813.0,3.0,34,,0.0,2.0,1.0,1.0,B01
202100014045,11,10,2021,18:55,1,76.0,76255,2,1,1.0,6.0,Route de Mers,"50,0601188372","1,4117049074",,76.076255,76255,Seine-Maritime,28.0,Normandie,50.0,3.0,2.0,2,1.0,28,Normandie,76,1,10,Eu,6591,197,6788.0,1.0,33,,2.0,0.0,1.0,1.0,A01
202100014293,9,10,2021,16:30,1,76.0,76164,1,1,1.0,1.0,D81,"49,5199430000","0,6942200000",,76.076164,76164,Seine-Maritime,28.0,Normandie,70.0,3.0,2.0,2,1.0,28,Normandie,76,3,25,Rives-en-Seine,4078,66,4144.0,1.0,7,,0.0,2.0,8.0,1.0,B01
202100014293,9,10,2021,16:30,1,76.0,76164,1,1,1.0,1.0,D81,"49,5199430000","0,6942200000",,76.076164,76164,Seine-Maritime,28.0,Normandie,70.0,3.0,2.0,2,1.0,28,Normandie,76,3,25,Rives-en-Seine,4078,66,4144.0,2.0,33,,0.0,2.0,8.0,5.0,A01
202100014294,10,10,2021,03:30,3,76.0,76678,1,1,5.0,7.0,D915,"49,6401380000","1,4329520000",,76.076678,76678,Seine-Maritime,28.0,Normandie,80.0,3.0,2.0,2,1.0,28,Normandie,76,1,23,Sommery,834,10,844.0,2.0,7,,7.0,0.0,9.0,1.0,A01
202100014305,8,10,2021,14:20,1,76.0,76391,1,1,1.0,6.0,138 RN,"49,3270100000","0,9095600000",,76.076391,76391,Seine-Maritime,28.0,Normandie,80.0,7.0,2.0,2,1.0,28,Normandie,76,3,9,La Londe,2362,71,2433.0,2.0,7,,0.0,1.0,3.0,1.0,A01
202100014306,7,10,2021,10:00,1,76.0,76351,2,2,1.0,6.0,GEORGES LAFAURIE (RUE),"49,5017600000","0,1160200000",,76.076351,76351,Seine-Maritime,28.0,Normandie,50.0,4.0,2.0,5,1.0,28,Normandie,76,2,96,LeHavre,166058,1780,167838.0,2.0,7,,0.0,1.0,2.0,0.0,A01
202100014342,8,10,2021,09:00,1,76.0,76540,2,2,1.0,3.0,SAINT GERVAIS. CAVEE,"49,4499100000","1,0838100000",,76.076540,76540,Seine-Maritime,28.0,Normandie,30.0,4.0,1.0,2,1.0,28,Normandie,76,3,97,Rouen,114083,1556,115639.0,0.0,2,,0.0,2.0,2.0,1.0,A01
202100014342,8,10,2021,09:00,1,76.0,76540,2,2,1.0,3.0,SAINT GERVAIS. CAVEE,"49,4499100000","1,0838100000",,76.076540,76540,Seine-Maritime,28.0,Normandie,30.0,4.0,1.0,2,1.0,28,Normandie,76,3,97,Rouen,114083,1556,115639.0,0.0,7,,0.0,2.0,3.0,15.0,B01
202100014468,9,10,2021,11:40,1,76.0,76738,1,1,7.0,3.0,D919,"49,5825040000","1,3036390000",,76.076738,76738,Seine-Maritime,28.0,Normandie,80.0,3.0,2.0,2,1.0,28,Normandie,76,3,21,Vieux-Manoir,771,11,782.0,2.0,7,,0.0,2.0,3.0,11.0,B01
202100014468,9,10,2021,11:40,1,76.0,76738,1,1,7.0,3.0,D919,"49,5825040000","1,3036390000",,76.076738,76738,Seine-Maritime,28.0,Normandie,80.0,3.0,2.0,2,1.0,28,Normandie,76,3,21,Vieux-Manoir,771,11,782.0,2.0,33,,0.0,2.0,2.0,17.0,A01
202100014522,9,10,2021,11:30,1,76.0,76718,1,1,1.0,3.0,Route Departementale 6015,"49,6180300000","0,7411910000",,76.076718,76718,Seine-Maritime,28.0,Normandie,70.0,3.0,2.0,2,1.0,28,Normandie,76,3,35,ValliquervilLe1423,38,1461,,1.0,7,,0.0,2.0,8.0,15.0,B01
202100014522,9,10,2021,11:30,1,76.0,76718,1,1,1.0,3.0,Route Departementale 6015,"49,6180300000","0,7411910000",,76.076718,76718,Seine-Maritime,28.0,Normandie,70.0,3.0,2.0,2,1.0,28,Normandie,76,3,35,ValliquervilLe1423,38,1461,,1.0,31,,0.0,2.0,2.0,17.0,A01
202100014573,6,10,2021,17:45,1,76.0,76305,1,1,1.0,7.0,ESTUAIRE,"49,4578625851","0,2096468210",,76.076305,76305,Seine-Maritime,28.0,Normandie,70.0,4.0,2.0,2,1.0,28,Normandie,76,2,16,Gonfreville-l'Orcher,8961,44,9005.0,3.0,10,,0.0,0.0,0.0,0.0,A01
202100014574,6,10,2021,09:10,1,76.0,76351,2,4,1.0,6.0,FELIX FAURE,"49,5017000000","0,1164400000",,76.076351,76351,Seine-Maritime,28.0,Normandie,50.0,4.0,2.0,2,2.0,28,Normandie,76,2,96,LeHavre,166058,1780,167838.0,0.0,7,,0.0,1.0,3.0,15.0,A01
202100014575,7,10,2021,07:55,2,76.0,76349,2,2,1.0,3.0,DIEPPE (ROUTE DE),"49,9014700000","1,0517300000",,76.076349,76349,Seine-Maritime,28.0,Normandie,50.0,3.0,2.0,2,1.0,28,Normandie,76,1,7,Hautot-sur-Mer,1887,46,1933.0,2.0,30,,0.0,2.0,1.0,1.0,B01
202100014575,7,10,2021,07:55,2,76.0,76349,2,2,1.0,3.0,DIEPPE (ROUTE DE),"49,9014700000","1,0517300000",,76.076349,76349,Seine-Maritime,28.0,Normandie,50.0,3.0,2.0,2,1.0,28,Normandie,76,1,7,Hautot-sur-Mer,1887,46,1933.0,1.0,7,,0.0,2.0,2.0,15.0,A01
202100014717,7,10,2021,19:20,2,76.0,76420,2,2,1.0,3.0,rte de rouen,"49,6043533270","1,4862053096",,76.076420,76420,Seine-Maritime,28.0,Normandie,70.0,3.0,2.0,2,1.0,28,Normandie,76,1,12,Mauquenchy,363,5,368.0,1.0,7,,3.0,2.0,8.0,19.0,A01
202100014717,7,10,2021,19:20,2,76.0,76420,2,2,1.0,3.0,rte de rouen,"49,6043533270","1,4862053096",,76.076420,76420,Seine-Maritime,28.0,Normandie,70.0,3.0,2.0,2,1.0,28,Normandie,76,1,12,Mauquenchy,363,5,368.0,1.0,7,,0.0,2.0,3.0,19.0,B01
202100014995,10,9,2021,15:40,1,76.0,76178,2,1,1.0,6.0,EGLISE. RUE DE L',"49,3143200000","1,0330000000",,76.076178,76178,Seine-Maritime,28.0,Normandie,50.0,4.0,2.0,2,1.0,28,Normandie,76,3,5,Cléon,4907,30,4937.0,0.0,10,,0.0,1.0,2.0,2.0,A01
202100014996,3,10,2021,08:00,3,76.0,76481,2,6,2.0,6.0,RD 6382,"49,5315000000","0,1034200000",,76.076481,76481,Seine-Maritime,28.0,Normandie,50.0,3.0,3.0,4,2.0,28,Normandie,76,2,26,Octeville-sur-Mer,6122,119,6241.0,2.0,7,,12.0,1.0,1.0,19.0,A01
202100014997,3,10,2021,06:30,5,76.0,76351,2,2,2.0,1.0,MARECHAL JOFFRE (RUE),"49,4985900000","0,1181600000",,76.076351,76351,Seine-Maritime,28.0,Normandie,30.0,4.0,2.0,2,2.0,28,Normandie,76,2,96,LeHavre,166058,1780,167838.0,2.0,30,,0.0,2.0,2.0,1.0,B01
202100014997,3,10,2021,06:30,5,76.0,76351,2,2,2.0,1.0,MARECHAL JOFFRE (RUE),"49,4985900000","0,1181600000",,76.076351,76351,Seine-Maritime,28.0,Normandie,30.0,4.0,2.0,2,2.0,28,Normandie,76,2,96,LeHavre,166058,1780,167838.0,1.0,7,,0.0,2.0,1.0,5.0,A01
202100015260,2,10,2021,17:40,1,76.0,76611,1,2,3.0,3.0,D467,"49,6506120000","0,8774690000",,76.076611,76611,Seine-Maritime,28.0,Normandie,80.0,3.0,2.0,2,2.0,28,Normandie,76,3,35,Saint-Martin-aux-Arbres,314,9,323.0,1.0,7,,0.0,2.0,2.0,1.0,A01