Num_Acc,jour,mois,an,hrmn,lum,dep,com,agg,int,atm,col,adr,lat,long,gps,com_insee_temp,com_insee,departmentName,regionCode,regionName,vma,catr,circ,nbv,surf,Code,Region,Departement,Arrondissement,Code_Canton,Nom_Commune,Population_municipaLe,Population_comptee_a_part,Population_Totale,senc,catv,occutc,obs,obsm,choc,manv,num_veh
202100015260,2,10,2021,17:40,1,76.0,76611,1,2,3.0,3.0,D467,"49,6506120000","0,8774690000",,76.076611,76611,Seine-Maritime,28.0,Normandie,80.0,3.0,2.0,2,2.0,28,Normandie,76,3,35,Saint-Martin-aux-Arbres,314,9,323.0,2.0,7,,15.0,2.0,1.0,1.0,B01
202100015463,17,6,2021,18:15,1,76.0,76239,1,1,1.0,6.0,A29 - PK 30+500,"49,5374790000","0,3167040000",,76.076239,76239,Seine-Maritime,28.0,Normandie,130.0,1.0,3.0,3,1.0,28,Normandie,76,2,32,Épretot,783,13,796.0,1.0,7,,0.0,0.0,9.0,1.0,A01
202100015518,2,10,2021,13:43,1,76.0,76429,2,1,2.0,7.0,PARIS. ROUTE DE (RN 14),"49,4065100000","1,1520700000",,76.076429,76429,Seine-Maritime,28.0,Normandie,50.0,6.0,-1.0,-1,2.0,28,Normandie,76,3,21,LeMesnil-Esnard,7980,353,8333.0,3.0,33,,6.0,0.0,1.0,26.0,A01
202100015519,30,9,2021,15:55,1,76.0,76351,2,1,1.0,6.0,LUCIEN CORBEAUX (AVENUE),"49,4854200000","0,1155200000",,76.076351,76351,Seine-Maritime,28.0,Normandie,50.0,4.0,2.0,2,1.0,28,Normandie,76,2,96,LeHavre,166058,1780,167838.0,3.0,33,,11.0,0.0,0.0,0.0,A01
202100015785,24,8,2021,18:22,1,76.0,76281,1,4,1.0,1.0,1 Rue de Freneuse,"49,5201220000","0,5748540000",,76.076281,76281,Seine-Maritime,28.0,Normandie,90.0,3.0,2.0,3,1.0,28,Normandie,76,2,25,La Frénaye,2081,44,2125.0,1.0,7,,0.0,2.0,2.0,15.0,A01
202100015785,24,8,2021,18:22,1,76.0,76281,1,4,1.0,1.0,1 Rue de Freneuse,"49,5201220000","0,5748540000",,76.076281,76281,Seine-Maritime,28.0,Normandie,90.0,3.0,2.0,3,1.0,28,Normandie,76,2,25,La Frénaye,2081,44,2125.0,2.0,7,,0.0,2.0,1.0,1.0,B01
202100015887,30,9,2021,19:00,2,76.0,76095,2,2,1.0,3.0,JUIN. AVENUE DU MARECHAL,"49,4620800000","1,1262200000",,76.076095,76095,Seine-Maritime,28.0,Normandie,50.0,7.0,2.0,4,1.0,28,Normandie,76,3,2,Bihorel,8199,164,8363.0,1.0,7,,0.0,2.0,1.0,1.0,A01
202100015887,30,9,2021,19:00,2,76.0,76095,2,2,1.0,3.0,JUIN. AVENUE DU MARECHAL,"49,4620800000","1,1262200000",,76.076095,76095,Seine-Maritime,28.0,Normandie,50.0,7.0,2.0,4,1.0,28,Normandie,76,3,2,Bihorel,8199,164,8363.0,3.0,7,,0.0,2.0,8.0,1.0,B01
202100015989,30,9,2021,11:40,1,76.0,76208,1,1,1.0,5.0,Route de Dampierre,"49,5030850000","1,7073660000",,76.076208,76208,Seine-Maritime,28.0,Normandie,80.0,3.0,2.0,2,1.0,28,Normandie,76,1,12,Cuy-Saint-Fiacre,642,9,651.0,1.0,33,,0.0,2.0,1.0,1.0,B01
202100015989,30,9,2021,11:40,1,76.0,76208,1,1,1.0,5.0,Route de Dampierre,"49,5030850000","1,7073660000",,76.076208,76208,Seine-Maritime,28.0,Normandie,80.0,3.0,2.0,2,1.0,28,Normandie,76,1,12,Cuy-Saint-Fiacre,642,9,651.0,2.0,7,,0.0,2.0,3.0,1.0,C01
202100015989,30,9,2021,11:40,1,76.0,76208,1,1,1.0,5.0,Route de Dampierre,"49,5030850000","1,7073660000",,76.076208,76208,Seine-Maritime,28.0,Normandie,80.0,3.0,2.0,2,1.0,28,Normandie,76,1,12,Cuy-Saint-Fiacre,642,9,651.0,2.0,7,,0.0,2.0,7.0,17.0,A01
202100016119,29,9,2021,23:55,5,76.0,76540,2,1,1.0,6.0,RENARD. RUE DU,"49,4489700000","1,0793200000",,76.076540,76540,Seine-Maritime,28.0,Normandie,30.0,4.0,1.0,1,1.0,28,Normandie,76,3,97,Rouen,114083,1556,115639.0,0.0,7,,1.0,0.0,1.0,1.0,A01
202100016120,28,9,2021,18:00,1,76.0,76351,2,2,1.0,3.0,LA MAILLERAYE (DE),"49,4878200000","0,1017600000",,76.076351,76351,Seine-Maritime,28.0,Normandie,50.0,4.0,2.0,2,1.0,28,Normandie,76,2,96,LeHavre,166058,1780,167838.0,2.0,7,,0.0,2.0,2.0,0.0,B01
202100016120,28,9,2021,18:00,1,76.0,76351,2,2,1.0,3.0,LA MAILLERAYE (DE),"49,4878200000","0,1017600000",,76.076351,76351,Seine-Maritime,28.0,Normandie,50.0,4.0,2.0,2,1.0,28,Normandie,76,2,96,LeHavre,166058,1780,167838.0,2.0,7,,0.0,2.0,1.0,0.0,A01
202100016437,27,9,2021,12:45,1,76.0,76351,2,2,1.0,6.0,REPUBLIQUE (COURS DE LA),"49,4960800000","0,1268400000",,76.076351,76351,Seine-Maritime,28.0,Normandie,50.0,4.0,2.0,4,1.0,28,Normandie,76,2,96,LeHavre,166058,1780,167838.0,2.0,7,,0.0,1.0,1.0,0.0,A01
202100016461,28,9,2021,00:25,5,76.0,76540,2,2,1.0,3.0,RONDEAUX. AVENUE JEAN,"49,4338800000","1,0761100000",,76.076540,76540,Seine-Maritime,28.0,Normandie,50.0,2.0,2.0,4,1.0,28,Normandie,76,3,97,Rouen,114083,1556,115639.0,2.0,7,,0.0,2.0,1.0,13.0,B01
202100016461,28,9,2021,00:25,5,76.0,76540,2,2,1.0,3.0,RONDEAUX. AVENUE JEAN,"49,4338800000","1,0761100000",,76.076540,76540,Seine-Maritime,28.0,Normandie,50.0,2.0,2.0,4,1.0,28,Normandie,76,3,97,Rouen,114083,1556,115639.0,2.0,7,,0.0,2.0,1.0,15.0,A01
202100016462,27,9,2021,18:05,1,76.0,76497,2,3,1.0,3.0,BRIAND. RUE ARISTIDE (CD 3),"49,3846100000","1,0216200000",,76.076497,76497,Seine-Maritime,28.0,Normandie,30.0,4.0,2.0,2,1.0,28,Normandie,76,3,13,Petit-Couronne,8688,175,8863.0,0.0,7,,0.0,2.0,1.0,1.0,A01
202100016462,27,9,2021,18:05,1,76.0,76497,2,3,1.0,3.0,BRIAND. RUE ARISTIDE (CD 3),"49,3846100000","1,0216200000",,76.076497,76497,Seine-Maritime,28.0,Normandie,30.0,4.0,2.0,2,1.0,28,Normandie,76,3,13,Petit-Couronne,8688,175,8863.0,0.0,31,,0.0,2.0,1.0,1.0,B01
202100016463,26,9,2021,01:00,3,76.0,76270,1,1,1.0,6.0,RD 31,"49,5528400000","0,1401500000",,76.076270,76270,Seine-Maritime,28.0,Normandie,50.0,3.0,2.0,2,1.0,28,Normandie,76,2,26,Fontaine-la-Mallet,2635,54,2689.0,1.0,7,,0.0,0.0,0.0,1.0,A01
202100016464,24,9,2021,20:30,5,76.0,76351,2,2,1.0,1.0,Rue Andreï Sakharov,"49,5048200000","0,1687700000",,76.076351,76351,Seine-Maritime,28.0,Normandie,50.0,4.0,2.0,3,1.0,28,Normandie,76,2,96,LeHavre,166058,1780,167838.0,2.0,33,,0.0,2.0,1.0,17.0,A01
202100016464,24,9,2021,20:30,5,76.0,76351,2,2,1.0,1.0,Rue Andreï Sakharov,"49,5048200000","0,1687700000",,76.076351,76351,Seine-Maritime,28.0,Normandie,50.0,4.0,2.0,3,1.0,28,Normandie,76,2,96,LeHavre,166058,1780,167838.0,2.0,7,,0.0,2.0,1.0,15.0,B01
202100016639,26,9,2021,03:30,5,76.0,76429,1,6,1.0,7.0,DARNETAL. ROUTE DE,"49,4123172891","1,1544024758",,76.076429,76429,Seine-Maritime,28.0,Normandie,80.0,7.0,2.0,2,2.0,28,Normandie,76,3,21,LeMesnil-Esnard,7980,353,8333.0,1.0,33,,16.0,0.0,7.0,1.0,A01
202100016703,26,9,2021,21:45,3,76.0,76141,1,1,1.0,4.0,D910,"49,6356200000","0,3850790000",,76.076141,76141,Seine-Maritime,28.0,Normandie,80.0,3.0,2.0,2,1.0,28,Normandie,76,2,32,Bréauté,1365,13,1378.0,2.0,7,,0.0,2.0,1.0,1.0,A01
202100016703,26,9,2021,21:45,3,76.0,76141,1,1,1.0,4.0,D910,"49,6356200000","0,3850790000",,76.076141,76141,Seine-Maritime,28.0,Normandie,80.0,3.0,2.0,2,1.0,28,Normandie,76,2,32,Bréauté,1365,13,1378.0,1.0,7,,0.0,2.0,1.0,17.0,B01
202100016703,26,9,2021,21:45,3,76.0,76141,1,1,1.0,4.0,D910,"49,6356200000","0,3850790000",,76.076141,76141,Seine-Maritime,28.0,Normandie,80.0,3.0,2.0,2,1.0,28,Normandie,76,2,32,Bréauté,1365,13,1378.0,1.0,7,,0.0,9.0,8.0,1.0,C01
202100016704,25,9,2021,15:20,1,76.0,76636,1,1,1.0,4.0,D43,"49,4959500000","0,9071870000",,76.076636,76636,Seine-Maritime,28.0,Normandie,80.0,7.0,2.0,2,1.0,28,Normandie,76,3,1,Saint-Pierre-de-VarengevilLe2299,33,2332,,2.0,33,,0.0,2.0,1.0,13.0,A01
202100016704,25,9,2021,15:20,1,76.0,76636,1,1,1.0,4.0,D43,"49,4959500000","0,9071870000",,76.076636,76636,Seine-Maritime,28.0,Normandie,80.0,7.0,2.0,2,1.0,28,Normandie,76,3,1,Saint-Pierre-de-VarengevilLe2299,33,2332,,2.0,33,,0.0,2.0,0.0,1.0,C01
202100016704,25,9,2021,15:20,1,76.0,76636,1,1,1.0,4.0,D43,"49,4959500000","0,9071870000",,76.076636,76636,Seine-Maritime,28.0,Normandie,80.0,7.0,2.0,2,1.0,28,Normandie,76,3,1,Saint-Pierre-de-VarengevilLe2299,33,2332,,1.0,7,,0.0,2.0,1.0,1.0,D01
202100016704,25,9,2021,15:20,1,76.0,76636,1,1,1.0,4.0,D43,"49,4959500000","0,9071870000",,76.076636,76636,Seine-Maritime,28.0,Normandie,80.0,7.0,2.0,2,1.0,28,Normandie,76,3,1,Saint-Pierre-de-VarengevilLe2299,33,2332,,1.0,7,,0.0,2.0,3.0,1.0,B01
202100016846,24,9,2021,18:30,2,76.0,76212,2,1,1.0,2.0,LEFEBVRE. RUE PIERRE,"49,4403000000","1,1478100000",,76.076212,76212,Seine-Maritime,28.0,Normandie,30.0,6.0,-1.0,-1,1.0,28,Normandie,76,3,6,Darnétal,9738,74,9812.0,0.0,7,,0.0,0.0,0.0,0.0,Z01
202100016846,24,9,2021,18:30,2,76.0,76212,2,1,1.0,2.0,LEFEBVRE. RUE PIERRE,"49,4403000000","1,1478100000",,76.076212,76212,Seine-Maritime,28.0,Normandie,30.0,6.0,-1.0,-1,1.0,28,Normandie,76,3,6,Darnétal,9738,74,9812.0,0.0,7,,0.0,2.0,7.0,1.0,A01
202100016847,23,9,2021,16:25,1,76.0,76319,2,3,1.0,6.0,Boulevard Maritime,"49,3658900000","1,0001900000",,76.076319,76319,Seine-Maritime,28.0,Normandie,50.0,4.0,2.0,2,1.0,28,Normandie,76,3,9,Grand-Couronne,9726,177,9903.0,0.0,15,,0.0,2.0,3.0,15.0,B01
202100016847,23,9,2021,16:25,1,76.0,76319,2,3,1.0,6.0,Boulevard Maritime,"49,3658900000","1,0001900000",,76.076319,76319,Seine-Maritime,28.0,Normandie,50.0,4.0,2.0,2,1.0,28,Normandie,76,3,9,Grand-Couronne,9726,177,9903.0,0.0,31,,0.0,2.0,1.0,17.0,A01
202100016848,23,9,2021,13:40,1,76.0,76561,2,6,1.0,3.0,FOCH. RUE DU MARECHAL,"49,3013700000","1,0230300000",,76.076561,76561,Seine-Maritime,28.0,Normandie,50.0,4.0,2.0,2,1.0,28,Normandie,76,3,5,Saint-Aubin-lès-Elbeuf,8428,75,8503.0,1.0,7,,0.0,2.0,2.0,9.0,B01
202100016848,23,9,2021,13:40,1,76.0,76561,2,6,1.0,3.0,FOCH. RUE DU MARECHAL,"49,3013700000","1,0230300000",,76.076561,76561,Seine-Maritime,28.0,Normandie,50.0,4.0,2.0,2,1.0,28,Normandie,76,3,5,Saint-Aubin-lès-Elbeuf,8428,75,8503.0,1.0,7,,0.0,2.0,3.0,1.0,A01
202100016849,22,9,2021,17:30,1,76.0,76351,2,6,1.0,7.0,SEIZIEME PORT (AVENUE DU),"49,4833700000","0,1649900000",,76.076351,76351,Seine-Maritime,28.0,Normandie,50.0,4.0,2.0,2,1.0,28,Normandie,76,2,96,LeHavre,166058,1780,167838.0,3.0,33,,0.0,0.0,8.0,0.0,A01
202100017277,24,9,2021,20:30,3,76.0,76533,1,1,1.0,3.0,A131,"49,4946490000","0,2665350000",,76.076533,76533,Seine-Maritime,28.0,Normandie,130.0,1.0,1.0,4,1.0,28,Normandie,76,2,16,RogervilLe1706,19,1725,,1.0,7,,0.0,2.0,2.0,1.0,A01
202100017277,24,9,2021,20:30,3,76.0,76533,1,1,1.0,3.0,A131,"49,4946490000","0,2665350000",,76.076533,76533,Seine-Maritime,28.0,Normandie,130.0,1.0,1.0,4,1.0,28,Normandie,76,2,16,RogervilLe1706,19,1725,,1.0,7,,0.0,2.0,6.0,1.0,B01
202100017423,22,9,2021,13:00,1,76.0,76429,2,2,1.0,2.0,REPUBLIQUE. RUE DE LA,"49,4107265551","1,1428678036",,76.076429,76429,Seine-Maritime,28.0,Normandie,50.0,7.0,2.0,2,1.0,28,Normandie,76,3,21,LeMesnil-Esnard,7980,353,8333.0,0.0,2,,0.0,0.0,0.0,0.0,B01
202100017423,22,9,2021,13:00,1,76.0,76429,2,2,1.0,2.0,REPUBLIQUE. RUE DE LA,"49,4107265551","1,1428678036",,76.076429,76429,Seine-Maritime,28.0,Normandie,50.0,7.0,2.0,2,1.0,28,Normandie,76,3,21,LeMesnil-Esnard,7980,353,8333.0,0.0,7,,0.0,2.0,1.0,1.0,A01
202100017424,21,9,2021,20:20,5,76.0,76575,2,3,1.0,6.0,GROUPE SCOLAIRE HENRI WALLON,"49,3950190000","1,0692000000",,76.076575,76575,Seine-Maritime,28.0,Normandie,30.0,4.0,2.0,2,1.0,28,Normandie,76,3,98,Saint-Étienne-du-Rouvray,28508,225,28733.0,0.0,7,,0.0,1.0,2.0,3.0,A01
202100017425,22,9,2021,01:55,5,76.0,76351,2,1,1.0,6.0,ABBE DE L'EPEE,"49,5022300000","0,1395200000",,76.076351,76351,Seine-Maritime,28.0,Normandie,50.0,4.0,2.0,2,1.0,28,Normandie,76,2,96,LeHavre,166058,1780,167838.0,0.0,7,,1.0,0.0,3.0,13.0,A01
202100017426,21,9,2021,19:15,1,76.0,76351,2,3,1.0,3.0,ALBERT SAMAIN,"49,5175000000","0,0895800000",,76.076351,76351,Seine-Maritime,28.0,Normandie,50.0,4.0,2.0,2,1.0,28,Normandie,76,2,96,LeHavre,166058,1780,167838.0,0.0,7,,0.0,2.0,1.0,15.0,A01
202100017426,21,9,2021,19:15,1,76.0,76351,2,3,1.0,3.0,ALBERT SAMAIN,"49,5175000000","0,0895800000",,76.076351,76351,Seine-Maritime,28.0,Normandie,50.0,4.0,2.0,2,1.0,28,Normandie,76,2,96,LeHavre,166058,1780,167838.0,0.0,32,,0.0,2.0,1.0,1.0,B01
202100017427,22,9,2021,12:30,1,76.0,76026,2,1,1.0,1.0,RD 54,"49,8808360000","1,1211370000",,76.076026,76026,Seine-Maritime,28.0,Normandie,50.0,3.0,2.0,2,1.0,28,Normandie,76,1,8,Arques-la-BatailLe2480,44,2524,,2.0,7,,0.0,2.0,1.0,1.0,B01
202100017427,22,9,2021,12:30,1,76.0,76026,2,1,1.0,1.0,RD 54,"49,8808360000","1,1211370000",,76.076026,76026,Seine-Maritime,28.0,Normandie,50.0,3.0,2.0,2,1.0,28,Normandie,76,1,8,Arques-la-BatailLe2480,44,2524,,1.0,7,,0.0,2.0,1.0,15.0,A01
202100017534,22,9,2021,20:53,3,76.0,76122,1,1,1.0,4.0,AUTOROUTE A 28 PK 48.500 en direction Rouen,"49,7959790906","1,5031930216",,76.076122,76122,Seine-Maritime,28.0,Normandie,130.0,1.0,3.0,4,1.0,28,Normandie,76,1,23,CallengevilLe502,8,510,,1.0,7,,4.0,0.0,0.0,0.0,A01
202100017534,22,9,2021,20:53,3,76.0,76122,1,1,1.0,4.0,AUTOROUTE A 28 PK 48.500 en direction Rouen,"49,7959790906","1,5031930216",,76.076122,76122,Seine-Maritime,28.0,Normandie,130.0,1.0,3.0,4,1.0,28,Normandie,76,1,23,CallengevilLe502,8,510,,1.0,15,,0.0,2.0,2.0,1.0,B01
202100017534,22,9,2021,20:53,3,76.0,76122,1,1,1.0,4.0,AUTOROUTE A 28 PK 48.500 en direction Rouen,"49,7959790906","1,5031930216",,76.076122,76122,Seine-Maritime,28.0,Normandie,130.0,1.0,3.0,4,1.0,28,Normandie,76,1,23,CallengevilLe502,8,510,,1.0,15,,0.0,2.0,2.0,1.0,C01
202100017621,20,9,2021,21:40,3,76.0,76351,2,2,1.0,2.0,LOUIS BLERIOT,"49,5304800000","0,0950300000",,76.076351,76351,Seine-Maritime,28.0,Normandie,50.0,3.0,2.0,3,1.0,28,Normandie,76,2,96,LeHavre,166058,1780,167838.0,1.0,32,,0.0,2.0,0.0,0.0,B01
202100017621,20,9,2021,21:40,3,76.0,76351,2,2,1.0,2.0,LOUIS BLERIOT,"49,5304800000","0,0950300000",,76.076351,76351,Seine-Maritime,28.0,Normandie,50.0,3.0,2.0,3,1.0,28,Normandie,76,2,96,LeHavre,166058,1780,167838.0,1.0,30,,0.0,2.0,0.0,0.0,A01
202100017622,19,9,2021,17:15,1,76.0,76351,2,1,2.0,3.0,EDOUARD VAILLANT,"49,5144320577","0,1769785383",,76.076351,76351,Seine-Maritime,28.0,Normandie,50.0,4.0,2.0,2,2.0,28,Normandie,76,2,96,LeHavre,166058,1780,167838.0,0.0,7,,0.0,2.0,1.0,1.0,B01
202100017622,19,9,2021,17:15,1,76.0,76351,2,1,2.0,3.0,EDOUARD VAILLANT,"49,5144320577","0,1769785383",,76.076351,76351,Seine-Maritime,28.0,Normandie,50.0,4.0,2.0,2,2.0,28,Normandie,76,2,96,LeHavre,166058,1780,167838.0,0.0,7,,0.0,2.0,2.0,15.0,A01
202100017719,21,9,2021,17:50,1,76.0,76059,2,1,1.0,1.0,Rue de Saulx,"49,9488750000","1,5479160000",,76.076059,76059,Seine-Maritime,28.0,Normandie,50.0,4.0,2.0,2,1.0,28,Normandie,76,1,10,Bazinval,422,11,433.0,3.0,2,,0.0,2.0,1.0,17.0,A01
202100017719,21,9,2021,17:50,1,76.0,76059,2,1,1.0,1.0,Rue de Saulx,"49,9488750000","1,5479160000",,76.076059,76059,Seine-Maritime,28.0,Normandie,50.0,4.0,2.0,2,1.0,28,Normandie,76,1,10,Bazinval,422,11,433.0,3.0,7,,0.0,2.0,3.0,1.0,B01
202100017760,25,8,2021,13:57,1,76.0,76276,1,1,1.0,7.0,78 Route de Gournay,"49,6005830000","1,5710120000",,76.076276,76276,Seine-Maritime,28.0,Normandie,80.0,3.0,2.0,2,1.0,28,Normandie,76,1,12,Forges-les-Eaux,3702,157,3859.0,0.0,7,,13.0,0.0,1.0,0.0,A01
202100017814,20,9,2021,17:55,1,76.0,76216,2,1,2.0,3.0,DIEPPE. ROUTE DE (RN 27),"49,4676570000","1,0509980000",,76.076216,76216,Seine-Maritime,28.0,Normandie,50.0,7.0,2.0,3,2.0,28,Normandie,76,3,22,Déville-lès-Rouen,10745,62,10807.0,3.0,7,,0.0,2.0,6.0,15.0,B01
202100017814,20,9,2021,17:55,1,76.0,76216,2,1,2.0,3.0,DIEPPE. ROUTE DE (RN 27),"49,4676570000","1,0509980000",,76.076216,76216,Seine-Maritime,28.0,Normandie,50.0,7.0,2.0,3,2.0,28,Normandie,76,3,22,Déville-lès-Rouen,10745,62,10807.0,3.0,32,,0.0,2.0,1.0,7.0,A01
202100017815,20,9,2021,17:10,1,76.0,76575,2,1,1.0,6.0,UNIVERSITE. AVENUE DE L',"49,3876478806","1,0631274059",,76.076575,76575,Seine-Maritime,28.0,Normandie,30.0,4.0,2.0,2,1.0,28,Normandie,76,3,98,Saint-Étienne-du-Rouvray,28508,225,28733.0,3.0,7,,0.0,1.0,1.0,1.0,A01
202100017816,20,9,2021,01:15,5,76.0,76351,2,1,1.0,6.0,VALLEE (RUE DE LA),"49,4945100000","0,1539300000",,76.076351,76351,Seine-Maritime,28.0,Normandie,50.0,4.0,2.0,2,1.0,28,Normandie,76,2,96,LeHavre,166058,1780,167838.0,2.0,7,,1.0,0.0,1.0,1.0,A01
202100017817,20,9,2021,02:00,5,76.0,76351,2,4,1.0,6.0,JENNER (PLACE),"49,5084900000","0,1369500000",,76.076351,76351,Seine-Maritime,28.0,Normandie,50.0,4.0,1.0,1,1.0,28,Normandie,76,2,96,LeHavre,166058,1780,167838.0,0.0,7,,12.0,0.0,1.0,1.0,A01
202100017818,17,9,2021,18:20,1,76.0,76552,2,1,1.0,6.0,PRESIDENT FELIX FAURE (BD),"49,5068600000","0,0754000000",,76.076552,76552,Seine-Maritime,28.0,Normandie,50.0,3.0,2.0,2,1.0,28,Normandie,76,2,19,Sainte-Adresse,7116,188,7304.0,0.0,50,,12.0,0.0,1.0,1.0,A01
202100017941,20,9,2021,16:05,1,76.0,76684,1,9,1.0,3.0,"nationale 182, Sens LE HAVRE / TANCARVILLE","49,4750890000","0,4623320000",,76.076684,76684,Seine-Maritime,28.0,Normandie,50.0,2.0,2.0,4,1.0,28,Normandie,76,2,3,TancarvilLe1218,24,1242,,2.0,99,,0.0,2.0,3.0,10.0,B01
202100017941,20,9,2021,16:05,1,76.0,76684,1,9,1.0,3.0,"nationale 182, Sens LE HAVRE / TANCARVILLE","49,4750890000","0,4623320000",,76.076684,76684,Seine-Maritime,28.0,Normandie,50.0,2.0,2.0,4,1.0,28,Normandie,76,2,3,TancarvilLe1218,24,1242,,2.0,7,,0.0,2.0,2.0,1.0,A01
202100017977,18,9,2021,13:00,1,76.0,76540,2,1,1.0,6.0,CAUCHOISE. PLACE,"49,4455100000","1,0861800000",,76.076540,76540,Seine-Maritime,28.0,Normandie,50.0,7.0,2.0,4,1.0,28,Normandie,76,3,97,Rouen,114083,1556,115639.0,2.0,7,,0.0,1.0,1.0,1.0,A01
202100017994,19,9,2021,02:20,5,76.0,76540,2,1,2.0,6.0,NANSEN. RUE FRIDTJOF,"49,4450937660","1,0631016610",,76.076540,76540,Seine-Maritime,28.0,Normandie,50.0,4.0,2.0,3,2.0,28,Normandie,76,3,97,Rouen,114083,1556,115639.0,2.0,7,,6.0,0.0,1.0,2.0,A01
202100018038,18,9,2021,14:00,1,76.0,76532,1,1,1.0,7.0,A28 - PK 81+600,"49,5936441902","1,2760538857",,76.076532,76532,Seine-Maritime,28.0,Normandie,130.0,1.0,3.0,4,1.0,28,Normandie,76,1,23,Rocquemont,778,17,795.0,2.0,7,,3.0,0.0,0.0,14.0,A01
202100018049,18,9,2021,23:30,3,76.0,76325,1,1,1.0,5.0,Route de Rouen,"49,6750290000","0,8224350000",,76.076325,76325,Seine-Maritime,28.0,Normandie,80.0,3.0,2.0,2,1.0,28,Normandie,76,3,35,GrémonvilLe449,5,454,,2.0,7,,0.0,2.0,3.0,1.0,C01
202100018049,18,9,2021,23:30,3,76.0,76325,1,1,1.0,5.0,Route de Rouen,"49,6750290000","0,8224350000",,76.076325,76325,Seine-Maritime,28.0,Normandie,80.0,3.0,2.0,2,1.0,28,Normandie,76,3,35,GrémonvilLe449,5,454,,1.0,7,,0.0,2.0,1.0,13.0,A01
202100018049,18,9,2021,23:30,3,76.0,76325,1,1,1.0,5.0,Route de Rouen,"49,6750290000","0,8224350000",,76.076325,76325,Seine-Maritime,28.0,Normandie,80.0,3.0,2.0,2,1.0,28,Normandie,76,3,35,GrémonvilLe449,5,454,,2.0,7,,0.0,2.0,3.0,1.0,B01
202100018050,17,9,2021,17:50,1,76.0,76482,2,4,1.0,6.0,Rue Jean Jaurès,"49,8691070000","1,0490440000",,76.076482,76482,Seine-Maritime,28.0,Normandie,30.0,3.0,2.0,2,1.0,28,Normandie,76,1,7,OffranvilLe3191,211,3402,,2.0,7,,0.0,1.0,2.0,15.0,A01
202100018102,18,9,2021,15:30,1,76.0,76540,2,1,1.0,6.0,MARNE. BOULEVARD DE LA,"49,4462500000","1,0891700000",,76.076540,76540,Seine-Maritime,28.0,Normandie,50.0,7.0,2.0,4,1.0,28,Normandie,76,3,97,Rouen,114083,1556,115639.0,1.0,7,,0.0,1.0,1.0,0.0,A01
202100018126,18,9,2021,02:15,5,76.0,76540,2,1,1.0,6.0,MAIL. RUE DU,"49,4299700000","1,0909900000",,76.076540,76540,Seine-Maritime,28.0,Normandie,30.0,4.0,1.0,1,1.0,28,Normandie,76,3,97,Rouen,114083,1556,115639.0,3.0,7,,1.0,0.0,1.0,2.0,A01
202100018239,18,9,2021,12:55,1,76.0,76179,1,1,1.0,6.0,Avenue du Parc,"49,5918870000","1,0965620000",,76.076179,76179,Seine-Maritime,28.0,Normandie,70.0,3.0,2.0,2,1.0,28,Normandie,76,3,2,Clères,1380,15,1395.0,1.0,33,,9.0,0.0,9.0,0.0,A01
202100018316,17,9,2021,12:20,1,76.0,76366,1,1,1.0,1.0,SAINT JEAN. ROUTE DE,"49,5100982686","1,0230374336",,76.076366,76366,Seine-Maritime,28.0,Normandie,80.0,7.0,2.0,2,1.0,28,Normandie,76,3,24,LeHoulme,4133,32,4165.0,0.0,7,,0.0,2.0,0.0,0.0,B01
202100018316,17,9,2021,12:20,1,76.0,76366,1,1,1.0,1.0,SAINT JEAN. ROUTE DE,"49,5100982686","1,0230374336",,76.076366,76366,Seine-Maritime,28.0,Normandie,80.0,7.0,2.0,2,1.0,28,Normandie,76,3,24,LeHoulme,4133,32,4165.0,0.0,33,,0.0,2.0,1.0,13.0,A01
202100018447,18,9,2021,17:10,1,76.0,76541,1,1,1.0,3.0,A150,"49,5191070000","0,9753370000",,76.076541,76541,Seine-Maritime,28.0,Normandie,130.0,1.0,3.0,4,1.0,28,Normandie,76,3,24,Roumare,1549,27,1576.0,2.0,7,,2.0,2.0,2.0,1.0,A01
202100018447,18,9,2021,17:10,1,76.0,76541,1,1,1.0,3.0,A150,"49,5191070000","0,9753370000",,76.076541,76541,Seine-Maritime,28.0,Normandie,130.0,1.0,3.0,4,1.0,28,Normandie,76,3,24,Roumare,1549,27,1576.0,2.0,7,,13.0,2.0,3.0,1.0,B01
202100018455,18,9,2021,00:00,3,76.0,76222,1,2,1.0,3.0,D63,"49,4930510000","0,8742280000",,76.076222,76222,Seine-Maritime,28.0,Normandie,80.0,7.0,2.0,2,1.0,28,Normandie,76,3,1,Duclair,4020,52,4072.0,1.0,2,,0.0,2.0,1.0,0.0,A01
202100018455,18,9,2021,00:00,3,76.0,76222,1,2,1.0,3.0,D63,"49,4930510000","0,8742280000",,76.076222,76222,Seine-Maritime,28.0,Normandie,80.0,7.0,2.0,2,1.0,28,Normandie,76,3,1,Duclair,4020,52,4072.0,1.0,7,,0.0,2.0,3.0,0.0,B01
202100018538,16,9,2021,08:20,1,76.0,76640,2,1,1.0,6.0,HALINE. RUE DE LA,"49,2739200000","1,0502800000",,76.076640,76640,Seine-Maritime,28.0,Normandie,50.0,4.0,2.0,2,1.0,28,Normandie,76,3,5,Saint-Pierre-lès-Elbeuf,8285,87,8372.0,3.0,7,,0.0,1.0,2.0,1.0,A01