Num_Acc,jour,mois,an,hrmn,lum,dep,com,agg,int,atm,col,adr,lat,long,gps,com_insee_temp,com_insee,departmentName,regionCode,regionName,vma,catr,circ,nbv,surf,Code,Region,Departement,Arrondissement,Code_Canton,Nom_Commune,Population_municipaLe,Population_comptee_a_part,Population_Totale,senc,catv,occutc,obs,obsm,choc,manv,num_veh
202100018539,16,9,2021,07:55,1,76.0,76540,2,3,1.0,3.0,CONSTANTINE. RUE DE,"49,4489700000","1,0668800000",,76.076540,76540,Seine-Maritime,28.0,Normandie,30.0,4.0,1.0,1,1.0,28,Normandie,76,3,97,Rouen,114083,1556,115639.0,0.0,33,,0.0,2.0,8.0,1.0,B01
202100018539,16,9,2021,07:55,1,76.0,76540,2,3,1.0,3.0,CONSTANTINE. RUE DE,"49,4489700000","1,0668800000",,76.076540,76540,Seine-Maritime,28.0,Normandie,30.0,4.0,1.0,1,1.0,28,Normandie,76,3,97,Rouen,114083,1556,115639.0,0.0,7,,0.0,2.0,0.0,1.0,A01
202100018661,16,9,2021,15:40,1,76.0,76489,1,1,1.0,2.0,N1029,"49,4644430000","0,2745720000",,76.076489,76489,Seine-Maritime,28.0,Normandie,90.0,2.0,3.0,4,1.0,28,Normandie,76,2,32,OudalLe479,12,491,,2.0,7,,0.0,2.0,4.0,23.0,A01
202100018661,16,9,2021,15:40,1,76.0,76489,1,1,1.0,2.0,N1029,"49,4644430000","0,2745720000",,76.076489,76489,Seine-Maritime,28.0,Normandie,90.0,2.0,3.0,4,1.0,28,Normandie,76,2,32,OudalLe479,12,491,,2.0,15,,0.0,2.0,1.0,1.0,B01
202100018742,14,9,2021,23:00,5,76.0,76351,2,1,2.0,6.0,REPUBLIQUE (COURS DE LA),"49,4959300000","0,1262500000",,76.076351,76351,Seine-Maritime,28.0,Normandie,50.0,4.0,2.0,4,2.0,28,Normandie,76,2,96,LeHavre,166058,1780,167838.0,0.0,50,,0.0,1.0,1.0,1.0,Z01
202100018743,14,9,2021,06:20,5,76.0,76351,2,1,2.0,6.0,LENINGRAD (BD DE),"49,5000500000","0,1724600000",,76.076351,76351,Seine-Maritime,28.0,Normandie,50.0,4.0,3.0,4,2.0,28,Normandie,76,2,96,LeHavre,166058,1780,167838.0,2.0,7,,7.0,0.0,2.0,14.0,A01
202100018900,14,9,2021,13:52,1,76.0,76540,2,2,2.0,6.0,TANGER. RUE DE,"49,4465600000","1,0765100000",,76.076540,76540,Seine-Maritime,28.0,Normandie,30.0,4.0,2.0,2,2.0,28,Normandie,76,3,97,Rouen,114083,1556,115639.0,0.0,7,,0.0,1.0,3.0,2.0,A01
202100019155,10,9,2021,13:15,1,76.0,76351,2,1,1.0,7.0,ANDRE CARETTE,"49,4894400000","0,1173800000",,76.076351,76351,Seine-Maritime,28.0,Normandie,50.0,4.0,1.0,3,2.0,28,Normandie,76,2,96,LeHavre,166058,1780,167838.0,1.0,31,,0.0,0.0,0.0,1.0,B01
202100019155,10,9,2021,13:15,1,76.0,76351,2,1,1.0,7.0,ANDRE CARETTE,"49,4894400000","0,1173800000",,76.076351,76351,Seine-Maritime,28.0,Normandie,50.0,4.0,1.0,3,2.0,28,Normandie,76,2,96,LeHavre,166058,1780,167838.0,1.0,7,,0.0,0.0,0.0,11.0,A01
202100019156,10,9,2021,07:30,2,76.0,76351,2,2,1.0,3.0,BERTHELOT (RUE),"49,4976500000","0,1361600000",,76.076351,76351,Seine-Maritime,28.0,Normandie,50.0,4.0,2.0,2,1.0,28,Normandie,76,2,96,LeHavre,166058,1780,167838.0,2.0,10,,0.0,2.0,2.0,0.0,A01
202100019156,10,9,2021,07:30,2,76.0,76351,2,2,1.0,3.0,BERTHELOT (RUE),"49,4976500000","0,1361600000",,76.076351,76351,Seine-Maritime,28.0,Normandie,50.0,4.0,2.0,2,1.0,28,Normandie,76,2,96,LeHavre,166058,1780,167838.0,1.0,30,,0.0,2.0,1.0,0.0,B01
202100019399,12,9,2021,11:55,1,76.0,76009,1,1,1.0,1.0,D149,"49,6868878991","0,6692440063",,76.076009,76009,Seine-Maritime,28.0,Normandie,80.0,3.0,2.0,2,1.0,28,Normandie,76,1,33,Ancourteville-sur-Héricourt,351,3,354.0,3.0,33,,0.0,2.0,1.0,1.0,A01
202100019399,12,9,2021,11:55,1,76.0,76009,1,1,1.0,1.0,D149,"49,6868878991","0,6692440063",,76.076009,76009,Seine-Maritime,28.0,Normandie,80.0,3.0,2.0,2,1.0,28,Normandie,76,1,33,Ancourteville-sur-Héricourt,351,3,354.0,3.0,7,,0.0,2.0,1.0,15.0,B01
202100019471,10,9,2021,21:17,5,76.0,76319,2,2,1.0,3.0,Avenue Jean Jaurès,"49,3482400000","0,9926900000",,76.076319,76319,Seine-Maritime,28.0,Normandie,50.0,7.0,2.0,2,1.0,28,Normandie,76,3,9,Grand-Couronne,9726,177,9903.0,2.0,7,,0.0,2.0,1.0,1.0,A01
202100019471,10,9,2021,21:17,5,76.0,76319,2,2,1.0,3.0,Avenue Jean Jaurès,"49,3482400000","0,9926900000",,76.076319,76319,Seine-Maritime,28.0,Normandie,50.0,7.0,2.0,2,1.0,28,Normandie,76,3,9,Grand-Couronne,9726,177,9903.0,0.0,7,,0.0,2.0,8.0,16.0,B01
202100019609,10,9,2021,06:45,5,76.0,76575,1,2,1.0,6.0,LENINE. BOULEVARD,"49,3812558274","1,1099462025",,76.076575,76575,Seine-Maritime,28.0,Normandie,70.0,7.0,3.0,5,1.0,28,Normandie,76,3,98,Saint-Étienne-du-Rouvray,28508,225,28733.0,1.0,7,,0.0,1.0,3.0,1.0,A01
202100019648,9,9,2021,17:55,1,76.0,76497,2,1,1.0,7.0,CD 3 (RUE ARISTIDE BRIAND),"49,3857700000","1,0220700000",,76.076497,76497,Seine-Maritime,28.0,Normandie,30.0,7.0,1.0,1,1.0,28,Normandie,76,3,13,Petit-Couronne,8688,175,8863.0,1.0,30,,3.0,0.0,8.0,1.0,A01
202100019649,9,9,2021,19:40,1,76.0,76231,2,6,1.0,2.0,BOURGTHEROULDE. RUE DE,"49,2888200000","0,9882900000",,76.076231,76231,Seine-Maritime,28.0,Normandie,50.0,7.0,2.0,2,1.0,28,Normandie,76,3,9,Elbeuf,15951,138,16089.0,2.0,7,,0.0,2.0,1.0,1.0,A01
202100019649,9,9,2021,19:40,1,76.0,76231,2,6,1.0,2.0,BOURGTHEROULDE. RUE DE,"49,2888200000","0,9882900000",,76.076231,76231,Seine-Maritime,28.0,Normandie,50.0,7.0,2.0,2,1.0,28,Normandie,76,3,9,Elbeuf,15951,138,16089.0,2.0,7,,0.0,2.0,4.0,1.0,B01
202100019650,9,9,2021,16:00,1,76.0,76447,2,1,2.0,7.0,BELLE ETOILE,"49,5377579448","0,1753690280",,76.076447,76447,Seine-Maritime,28.0,Normandie,500.0,3.0,2.0,3,2.0,28,Normandie,76,2,15,Montivilliers,15457,203,15660.0,0.0,1,,0.0,0.0,7.0,1.0,A01
202100019764,10,9,2021,19:10,1,76.0,76243,1,1,1.0,7.0,D93,"49,5445711238","1,3630642088",,76.076243,76243,Seine-Maritime,28.0,Normandie,80.0,3.0,2.0,2,1.0,28,Normandie,76,3,21,Ernemont-sur-Buchy,294,2,296.0,2.0,7,,13.0,0.0,3.0,1.0,A01
202100019936,9,9,2021,23:30,3,76.0,76279,1,2,1.0,3.0,Route de la Gare,"49,6103410000","0,6005790000",,76.076279,76279,Seine-Maritime,28.0,Normandie,80.0,3.0,2.0,2,1.0,28,Normandie,76,2,33,Foucart,349,0,349.0,0.0,7,,8.0,2.0,3.0,0.0,A01
202100019936,9,9,2021,23:30,3,76.0,76279,1,2,1.0,3.0,Route de la Gare,"49,6103410000","0,6005790000",,76.076279,76279,Seine-Maritime,28.0,Normandie,80.0,3.0,2.0,2,1.0,28,Normandie,76,2,33,Foucart,349,0,349.0,0.0,7,,8.0,2.0,1.0,0.0,B01
202100019952,9,9,2021,19:00,1,76.0,76143,1,1,1.0,1.0,D10A,"49,6545440000","0,3811100000",,76.076143,76143,Seine-Maritime,28.0,Normandie,80.0,3.0,2.0,2,1.0,28,Normandie,76,2,32,Bretteville-du-Grand-Caux,1374,24,1398.0,0.0,7,,0.0,2.0,2.0,1.0,A01
202100019952,9,9,2021,19:00,1,76.0,76143,1,1,1.0,1.0,D10A,"49,6545440000","0,3811100000",,76.076143,76143,Seine-Maritime,28.0,Normandie,80.0,3.0,2.0,2,1.0,28,Normandie,76,2,32,Bretteville-du-Grand-Caux,1374,24,1398.0,0.0,7,,0.0,2.0,3.0,1.0,B01
202100020141,8,9,2021,20:50,3,76.0,76202,1,1,1.0,7.0,D12,"49,7904250000","1,3790260000",,76.076202,76202,Seine-Maritime,28.0,Normandie,80.0,3.0,2.0,2,1.0,28,Normandie,76,1,23,CroixdalLe328,3,331,,1.0,10,,2.0,0.0,1.0,0.0,A01
202100020170,4,9,2021,17:35,1,76.0,76484,1,1,1.0,4.0,A13 - VOIE D'INSERTION,"49,3395993919","1,0711884499",,76.076484,76484,Seine-Maritime,28.0,Normandie,90.0,1.0,4.0,2,1.0,28,Normandie,76,3,31,Oissel,12367,83,12450.0,1.0,15,,0.0,2.0,7.0,2.0,C01
202100020170,4,9,2021,17:35,1,76.0,76484,1,1,1.0,4.0,A13 - VOIE D'INSERTION,"49,3395993919","1,0711884499",,76.076484,76484,Seine-Maritime,28.0,Normandie,90.0,1.0,4.0,2,1.0,28,Normandie,76,3,31,Oissel,12367,83,12450.0,1.0,7,,3.0,2.0,6.0,24.0,B01
202100020170,4,9,2021,17:35,1,76.0,76484,1,1,1.0,4.0,A13 - VOIE D'INSERTION,"49,3395993919","1,0711884499",,76.076484,76484,Seine-Maritime,28.0,Normandie,90.0,1.0,4.0,2,1.0,28,Normandie,76,3,31,Oissel,12367,83,12450.0,1.0,7,,1.0,2.0,2.0,18.0,A01
202100020217,10,5,2021,07:50,1,76.0,76305,2,1,1.0,1.0,CANAL BOSSIERE (ROUTE DU),"49,4970100000","0,1992500000",,76.076305,76305,Seine-Maritime,28.0,Normandie,50.0,4.0,2.0,2,1.0,28,Normandie,76,2,16,Gonfreville-l'Orcher,8961,44,9005.0,1.0,7,,0.0,2.0,1.0,0.0,B01
202100020217,10,5,2021,07:50,1,76.0,76305,2,1,1.0,1.0,CANAL BOSSIERE (ROUTE DU),"49,4970100000","0,1992500000",,76.076305,76305,Seine-Maritime,28.0,Normandie,50.0,4.0,2.0,2,1.0,28,Normandie,76,2,16,Gonfreville-l'Orcher,8961,44,9005.0,2.0,7,,0.0,2.0,1.0,0.0,A01
202100020250,7,9,2021,21:35,5,76.0,76157,2,3,1.0,5.0,CANAL. RUE DU (CD 51),"49,4602047155","1,0431905463",,76.076157,76157,Seine-Maritime,28.0,Normandie,50.0,7.0,2.0,2,1.0,28,Normandie,76,3,4,Canteleu,13966,360,14326.0,0.0,1,,0.0,2.0,1.0,1.0,C01
202100020250,7,9,2021,21:35,5,76.0,76157,2,3,1.0,5.0,CANAL. RUE DU (CD 51),"49,4602047155","1,0431905463",,76.076157,76157,Seine-Maritime,28.0,Normandie,50.0,7.0,2.0,2,1.0,28,Normandie,76,3,4,Canteleu,13966,360,14326.0,0.0,1,,0.0,2.0,1.0,1.0,B01
202100020250,7,9,2021,21:35,5,76.0,76157,2,3,1.0,5.0,CANAL. RUE DU (CD 51),"49,4602047155","1,0431905463",,76.076157,76157,Seine-Maritime,28.0,Normandie,50.0,7.0,2.0,2,1.0,28,Normandie,76,3,4,Canteleu,13966,360,14326.0,0.0,7,,0.0,9.0,3.0,16.0,A01
202100020251,6,9,2021,18:15,1,76.0,76351,1,4,1.0,2.0,GENERAL FERRIE (AVENUE),"49,5035200000","0,1794100000",,76.076351,76351,Seine-Maritime,28.0,Normandie,50.0,4.0,2.0,2,1.0,28,Normandie,76,2,96,LeHavre,166058,1780,167838.0,3.0,7,,0.0,2.0,1.0,1.0,A01
202100020251,6,9,2021,18:15,1,76.0,76351,1,4,1.0,2.0,GENERAL FERRIE (AVENUE),"49,5035200000","0,1794100000",,76.076351,76351,Seine-Maritime,28.0,Normandie,50.0,4.0,2.0,2,1.0,28,Normandie,76,2,96,LeHavre,166058,1780,167838.0,3.0,10,,0.0,2.0,1.0,1.0,B01
202100020252,4,9,2021,15:50,1,76.0,76351,2,2,1.0,3.0,FRILEUSE (AVENUE DE),"49,5090890000","0,1467090000",,76.076351,76351,Seine-Maritime,28.0,Normandie,50.0,4.0,2.0,2,1.0,28,Normandie,76,2,96,LeHavre,166058,1780,167838.0,3.0,10,,0.0,4.0,1.0,1.0,A01
202100020252,4,9,2021,15:50,1,76.0,76351,2,2,1.0,3.0,FRILEUSE (AVENUE DE),"49,5090890000","0,1467090000",,76.076351,76351,Seine-Maritime,28.0,Normandie,50.0,4.0,2.0,2,1.0,28,Normandie,76,2,96,LeHavre,166058,1780,167838.0,3.0,40,,0.0,2.0,1.0,1.0,B01
202100020253,14,7,2021,06:10,1,76.0,76351,2,1,1.0,2.0,SAINTE ADRESSE (DE),"49,4989500000","0,0943300000",,76.076351,76351,Seine-Maritime,28.0,Normandie,50.0,4.0,2.0,2,1.0,28,Normandie,76,2,96,LeHavre,166058,1780,167838.0,0.0,7,,0.0,2.0,4.0,23.0,B01
202100020253,14,7,2021,06:10,1,76.0,76351,2,1,1.0,2.0,SAINTE ADRESSE (DE),"49,4989500000","0,0943300000",,76.076351,76351,Seine-Maritime,28.0,Normandie,50.0,4.0,2.0,2,1.0,28,Normandie,76,2,96,LeHavre,166058,1780,167838.0,0.0,7,,0.0,2.0,1.0,2.0,A01
202100020496,4,9,2021,02:15,5,76.0,76351,2,4,1.0,6.0,MARECHAL JOFFRE (RUE),"49,5003100000","0,1267600000",,76.076351,76351,Seine-Maritime,28.0,Normandie,50.0,4.0,2.0,2,1.0,28,Normandie,76,2,96,LeHavre,166058,1780,167838.0,0.0,30,,2.0,0.0,1.0,15.0,A01
202100020497,27,8,2021,12:20,1,76.0,76351,2,6,1.0,3.0,MARCEAU (RUE),"49,4915100000","0,1322900000",,76.076351,76351,Seine-Maritime,28.0,Normandie,50.0,4.0,2.0,4,1.0,28,Normandie,76,2,96,LeHavre,166058,1780,167838.0,0.0,31,,0.0,2.0,7.0,1.0,B01
202100020497,27,8,2021,12:20,1,76.0,76351,2,6,1.0,3.0,MARCEAU (RUE),"49,4915100000","0,1322900000",,76.076351,76351,Seine-Maritime,28.0,Normandie,50.0,4.0,2.0,4,1.0,28,Normandie,76,2,96,LeHavre,166058,1780,167838.0,0.0,10,,0.0,2.0,1.0,9.0,A01
202100020498,5,9,2021,05:56,5,76.0,76351,2,1,1.0,6.0,HENRI CHANDELIER (PLACE),"49,5064000000","0,0999800000",,76.076351,76351,Seine-Maritime,28.0,Normandie,50.0,4.0,1.0,1,1.0,28,Normandie,76,2,96,LeHavre,166058,1780,167838.0,2.0,7,,9.0,0.0,1.0,0.0,A01
202100020499,3,9,2021,17:30,1,76.0,76351,2,1,1.0,3.0,SAULES (DES),"49,5125800000","0,1579000000",,76.076351,76351,Seine-Maritime,28.0,Normandie,50.0,4.0,2.0,1,1.0,28,Normandie,76,2,96,LeHavre,166058,1780,167838.0,1.0,7,,0.0,2.0,2.0,1.0,B01
202100020499,3,9,2021,17:30,1,76.0,76351,2,1,1.0,3.0,SAULES (DES),"49,5125800000","0,1579000000",,76.076351,76351,Seine-Maritime,28.0,Normandie,50.0,4.0,2.0,1,1.0,28,Normandie,76,2,96,LeHavre,166058,1780,167838.0,3.0,30,,0.0,2.0,1.0,9.0,A01
202100020610,7,9,2021,08:45,1,76.0,76488,1,2,1.0,2.0,D925,"49,7819400000","0,5839280000",,76.076488,76488,Seine-Maritime,28.0,Normandie,80.0,3.0,2.0,2,1.0,28,Normandie,76,1,33,OuainvilLe527,12,539,,1.0,15,,0.0,2.0,6.0,15.0,B01
202100020610,7,9,2021,08:45,1,76.0,76488,1,2,1.0,2.0,D925,"49,7819400000","0,5839280000",,76.076488,76488,Seine-Maritime,28.0,Normandie,80.0,3.0,2.0,2,1.0,28,Normandie,76,1,33,OuainvilLe527,12,539,,2.0,7,,0.0,2.0,3.0,17.0,A01
202100020611,6,9,2021,17:50,1,76.0,76304,2,3,7.0,3.0,Route de Goderville,"49,6514770000","0,4358210000",,76.076304,76304,Seine-Maritime,28.0,Normandie,50.0,3.0,2.0,2,1.0,28,Normandie,76,2,32,Gonfreville-Caillot,390,6,396.0,1.0,1,,0.0,2.0,7.0,0.0,B01
202100020611,6,9,2021,17:50,1,76.0,76304,2,3,7.0,3.0,Route de Goderville,"49,6514770000","0,4358210000",,76.076304,76304,Seine-Maritime,28.0,Normandie,50.0,3.0,2.0,2,1.0,28,Normandie,76,2,32,Gonfreville-Caillot,390,6,396.0,2.0,10,,0.0,9.0,1.0,1.0,A01
202100020612,7,9,2021,11:35,1,76.0,76383,1,1,1.0,3.0,Route de l Oree du Bois,"49,7467030000","0,9613360000",,76.076383,76383,Seine-Maritime,28.0,Normandie,80.0,3.0,2.0,2,1.0,28,Normandie,76,1,20,LestanvilLe94,1,95,,3.0,7,,0.0,2.0,3.0,1.0,B01
202100020612,7,9,2021,11:35,1,76.0,76383,1,1,1.0,3.0,Route de l Oree du Bois,"49,7467030000","0,9613360000",,76.076383,76383,Seine-Maritime,28.0,Normandie,80.0,3.0,2.0,2,1.0,28,Normandie,76,1,20,LestanvilLe94,1,95,,3.0,21,,0.0,2.0,8.0,1.0,A01
202100020620,6,9,2021,16:30,1,76.0,76192,2,3,1.0,6.0,Rue du Huit Mai 1945,"50,0166310000","1,3187380000",,76.076192,76192,Seine-Maritime,28.0,Normandie,50.0,3.0,2.0,2,1.0,28,Normandie,76,1,10,Criel-sur-Mer,2596,54,2650.0,1.0,7,,0.0,9.0,8.0,15.0,A01
202100020683,5,9,2021,11:55,1,76.0,76026,1,9,1.0,3.0,PRAIRIES (CHEMIN DES),"49,8765344824","1,1383992434",,76.076026,76026,Seine-Maritime,28.0,Normandie,30.0,4.0,2.0,1,1.0,28,Normandie,76,1,8,Arques-la-BatailLe2480,44,2524,,3.0,7,,0.0,2.0,2.0,1.0,B01
202100020683,5,9,2021,11:55,1,76.0,76026,1,9,1.0,3.0,PRAIRIES (CHEMIN DES),"49,8765344824","1,1383992434",,76.076026,76026,Seine-Maritime,28.0,Normandie,30.0,4.0,2.0,1,1.0,28,Normandie,76,1,8,Arques-la-BatailLe2480,44,2524,,3.0,1,,0.0,2.0,0.0,1.0,A01
202100020731,5,9,2021,18:18,1,76.0,76258,1,1,7.0,6.0,Route de Normanville,"49,6879817724","0,5688992143",,76.076258,76258,Seine-Maritime,28.0,Normandie,80.0,4.0,2.0,1,1.0,28,Normandie,76,2,33,Terres-de-Caux,4208,112,4320.0,3.0,7,,13.0,0.0,3.0,2.0,A01
202100020836,4,9,2021,16:05,1,76.0,76231,2,3,1.0,3.0,JAURES. RUE JEAN,"49,2906530000","1,0097480000",,76.076231,76231,Seine-Maritime,28.0,Normandie,50.0,4.0,2.0,2,1.0,28,Normandie,76,3,9,Elbeuf,15951,138,16089.0,0.0,31,,0.0,2.0,1.0,1.0,A01
202100020836,4,9,2021,16:05,1,76.0,76231,2,3,1.0,3.0,JAURES. RUE JEAN,"49,2906530000","1,0097480000",,76.076231,76231,Seine-Maritime,28.0,Normandie,50.0,4.0,2.0,2,1.0,28,Normandie,76,3,9,Elbeuf,15951,138,16089.0,0.0,7,,0.0,2.0,8.0,1.0,B01
202100020910,3,9,2021,16:23,1,76.0,76408,2,1,1.0,7.0,Route des Hortensias,"49,6115300000","0,3595880000",,76.076408,76408,Seine-Maritime,28.0,Normandie,80.0,4.0,2.0,1,1.0,28,Normandie,76,2,32,Manneville-la-Goupil,1052,14,1066.0,0.0,2,,0.0,0.0,2.0,16.0,A01
202100020911,4,9,2021,22:40,3,76.0,76734,1,1,1.0,6.0,CD 39,"49,6140050000","0,2879830000",,76.076734,76734,Seine-Maritime,28.0,Normandie,80.0,3.0,2.0,2,1.0,28,Normandie,76,2,26,Vergetot,440,11,451.0,1.0,33,,15.0,0.0,1.0,0.0,A01
202100020912,4,9,2021,15:25,1,76.0,76397,2,3,1.0,7.0,Rue du Pont Saint-Pierre,"49,7925340000","1,1087230000",,76.076397,76397,Seine-Maritime,28.0,Normandie,50.0,3.0,1.0,1,1.0,28,Normandie,76,1,20,Longueville-sur-Scie,936,15,951.0,2.0,2,,0.0,0.0,0.0,15.0,A01
202100021017,3,9,2021,16:40,1,76.0,76498,2,3,1.0,6.0,Rue Jacquard,"49,4303100000","1,0538000000",,76.076498,76498,Seine-Maritime,28.0,Normandie,30.0,4.0,2.0,2,1.0,28,Normandie,76,3,27,LePetit-Quevilly,21782,274,22056.0,1.0,7,,0.0,1.0,1.0,2.0,A01
202100021018,31,8,2021,08:30,1,76.0,76351,2,1,1.0,2.0,ETRETAT (D'),"49,4978060000","0,0964670000",,76.076351,76351,Seine-Maritime,28.0,Normandie,50.0,4.0,2.0,2,1.0,28,Normandie,76,2,96,LeHavre,166058,1780,167838.0,3.0,7,,0.0,2.0,1.0,1.0,A01
202100021018,31,8,2021,08:30,1,76.0,76351,2,1,1.0,2.0,ETRETAT (D'),"49,4978060000","0,0964670000",,76.076351,76351,Seine-Maritime,28.0,Normandie,50.0,4.0,2.0,2,1.0,28,Normandie,76,2,96,LeHavre,166058,1780,167838.0,3.0,1,,0.0,2.0,1.0,1.0,B01
202100021230,2,9,2021,15:30,1,76.0,76322,2,1,1.0,6.0,INDUSTRIE. RUE DE L',"49,4201240000","1,0330100000",,76.076322,76322,Seine-Maritime,28.0,Normandie,50.0,6.0,-1.0,0,1.0,28,Normandie,76,3,13,LeGrand-Quevilly,25975,225,26200.0,0.0,15,,0.0,1.0,7.0,4.0,A01
202100021231,1,9,2021,08:00,2,76.0,76351,2,2,1.0,3.0,GRAVILLE (BD DE),"49,4955600000","0,1471300000",,76.076351,76351,Seine-Maritime,28.0,Normandie,50.0,4.0,2.0,2,1.0,28,Normandie,76,2,96,LeHavre,166058,1780,167838.0,3.0,33,,0.0,2.0,1.0,1.0,B01
202100021231,1,9,2021,08:00,2,76.0,76351,2,2,1.0,3.0,GRAVILLE (BD DE),"49,4955600000","0,1471300000",,76.076351,76351,Seine-Maritime,28.0,Normandie,50.0,4.0,2.0,2,1.0,28,Normandie,76,2,96,LeHavre,166058,1780,167838.0,3.0,7,,0.0,2.0,1.0,1.0,A01
202100021595,31,8,2021,15:37,1,76.0,76540,2,1,2.0,2.0,CORNEILLE. PONT PIERRE,"49,4358360584","1,0954999924",,76.076540,76540,Seine-Maritime,28.0,Normandie,50.0,7.0,1.0,2,2.0,28,Normandie,76,3,97,Rouen,114083,1556,115639.0,1.0,7,,0.0,2.0,4.0,23.0,B01
202100021595,31,8,2021,15:37,1,76.0,76540,2,1,2.0,2.0,CORNEILLE. PONT PIERRE,"49,4358360584","1,0954999924",,76.076540,76540,Seine-Maritime,28.0,Normandie,50.0,7.0,1.0,2,2.0,28,Normandie,76,3,97,Rouen,114083,1556,115639.0,1.0,1,,0.0,2.0,1.0,2.0,A01
202100021692,31,8,2021,19:30,1,76.0,76419,1,1,1.0,7.0,D45,"49,3964380000","0,8812510000",,76.076419,76419,Seine-Maritime,28.0,Normandie,70.0,3.0,2.0,2,1.0,28,Normandie,76,3,1,Mauny,155,6,161.0,3.0,33,,16.0,0.0,1.0,1.0,A01
202100021840,31,8,2021,09:13,1,76.0,76328,1,1,1.0,6.0,D151,"49,6507090000","1,1791420000",,76.076328,76328,Seine-Maritime,28.0,Normandie,80.0,3.0,2.0,2,1.0,28,Normandie,76,3,23,GrigneusevilLe376,5,381,,2.0,7,,13.0,0.0,2.0,0.0,A01
202100021918,29,8,2021,20:40,1,76.0,76410,2,2,1.0,3.0,RN 27 (ROUTE DE DIEPPE),"49,4754000000","1,0481900000",,76.076410,76410,Seine-Maritime,28.0,Normandie,50.0,7.0,2.0,2,1.0,28,Normandie,76,3,4,Maromme,11024,122,11146.0,2.0,7,,0.0,2.0,1.0,1.0,B01
202100021918,29,8,2021,20:40,1,76.0,76410,2,2,1.0,3.0,RN 27 (ROUTE DE DIEPPE),"49,4754000000","1,0481900000",,76.076410,76410,Seine-Maritime,28.0,Normandie,50.0,7.0,2.0,2,1.0,28,Normandie,76,3,4,Maromme,11024,122,11146.0,3.0,7,,0.0,2.0,3.0,15.0,A01
202100022065,28,8,2021,15:20,1,76.0,76429,1,1,1.0,7.0,AMFREVILLE. ROUTE D',"49,3981000000","1,1424000000",,76.076429,76429,Seine-Maritime,28.0,Normandie,80.0,7.0,2.0,2,1.0,28,Normandie,76,3,21,LeMesnil-Esnard,7980,353,8333.0,1.0,33,,0.0,0.0,7.0,1.0,A01
202100022066,28,8,2021,07:10,2,76.0,76681,2,1,1.0,3.0,CD 18E (BOULEVARD INDUSTRIEL),"49,4165500000","1,1078500000",,76.076681,76681,Seine-Maritime,28.0,Normandie,70.0,7.0,3.0,4,1.0,28,Normandie,76,3,99,Sotteville-lès-Rouen,28965,475,29440.0,2.0,7,,0.0,2.0,1.0,5.0,A01
202100022066,28,8,2021,07:10,2,76.0,76681,2,1,1.0,3.0,CD 18E (BOULEVARD INDUSTRIEL),"49,4165500000","1,1078500000",,76.076681,76681,Seine-Maritime,28.0,Normandie,70.0,7.0,3.0,4,1.0,28,Normandie,76,3,99,Sotteville-lès-Rouen,28965,475,29440.0,2.0,7,,0.0,2.0,1.0,1.0,B01
202100022067,19,8,2021,16:10,1,76.0,76217,2,6,1.0,1.0,CURIE (RUE PIERRE),"49,9176100000","1,0772700000",,76.076217,76217,Seine-Maritime,28.0,Normandie,50.0,4.0,2.0,2,1.0,28,Normandie,76,1,95,Dieppe,28358,455,28813.0,2.0,7,,0.0,2.0,1.0,26.0,B01
202100022067,19,8,2021,16:10,1,76.0,76217,2,6,1.0,1.0,CURIE (RUE PIERRE),"49,9176100000","1,0772700000",,76.076217,76217,Seine-Maritime,28.0,Normandie,50.0,4.0,2.0,2,1.0,28,Normandie,76,1,95,Dieppe,28358,455,28813.0,2.0,2,,0.0,2.0,1.0,16.0,A01
202100022328,27,8,2021,03:10,3,76.0,76478,2,1,1.0,7.0,11 Route du Parc,"49,7461390000","1,1189600000",,76.076478,76478,Seine-Maritime,28.0,Normandie,-1.0,3.0,2.0,2,1.0,28,Normandie,76,1,20,Notre-Dame-du-Parc,190,1,191.0,1.0,33,,13.0,0.0,0.0,15.0,A01
202100022365,28,8,2021,11:10,1,76.0,76700,1,4,3.0,6.0,RN27 PR021.000,"49,6659668222","1,0435799696",,76.076700,76700,Seine-Maritime,28.0,Normandie,100.0,2.0,3.0,4,2.0,28,Normandie,76,1,20,Tôtes,1575,30,1605.0,1.0,7,,2.0,0.0,7.0,0.0,A01
202100022701,23,8,2021,16:00,1,76.0,76351,2,2,1.0,3.0,RICHELIEU,"49,4893700000","0,1029600000",,76.076351,76351,Seine-Maritime,28.0,Normandie,50.0,4.0,2.0,2,1.0,28,Normandie,76,2,96,LeHavre,166058,1780,167838.0,0.0,7,,0.0,2.0,1.0,1.0,A01
202100022701,23,8,2021,16:00,1,76.0,76351,2,2,1.0,3.0,RICHELIEU,"49,4893700000","0,1029600000",,76.076351,76351,Seine-Maritime,28.0,Normandie,50.0,4.0,2.0,2,1.0,28,Normandie,76,2,96,LeHavre,166058,1780,167838.0,0.0,1,,0.0,2.0,8.0,1.0,B01
202100022702,23,8,2021,20:45,1,76.0,76305,1,1,1.0,4.0,N 282,"49,4990500000","0,2015100000",,76.076305,76305,Seine-Maritime,28.0,Normandie,80.0,2.0,2.0,2,1.0,28,Normandie,76,2,16,Gonfreville-l'Orcher,8961,44,9005.0,2.0,7,,0.0,2.0,3.0,1.0,B01