Num_Acc,jour,mois,an,hrmn,lum,dep,com,agg,int,atm,col,adr,lat,long,gps,com_insee_temp,com_insee,departmentName,regionCode,regionName,vma,catr,circ,nbv,surf,Code,Region,Departement,Arrondissement,Code_Canton,Nom_Commune,Population_municipaLe,Population_comptee_a_part,Population_Totale,senc,catv,occutc,obs,obsm,choc,manv,num_veh
202100022702,23,8,2021,20:45,1,76.0,76305,1,1,1.0,4.0,N 282,"49,4990500000","0,2015100000",,76.076305,76305,Seine-Maritime,28.0,Normandie,80.0,2.0,2.0,2,1.0,28,Normandie,76,2,16,Gonfreville-l'Orcher,8961,44,9005.0,2.0,7,,0.0,2.0,1.0,1.0,C01
202100022702,23,8,2021,20:45,1,76.0,76305,1,1,1.0,4.0,N 282,"49,4990500000","0,2015100000",,76.076305,76305,Seine-Maritime,28.0,Normandie,80.0,2.0,2.0,2,1.0,28,Normandie,76,2,16,Gonfreville-l'Orcher,8961,44,9005.0,1.0,7,,0.0,2.0,1.0,13.0,A01
202100022905,22,8,2021,07:20,1,76.0,76540,2,6,1.0,7.0,EUROPE. BOULEVARD DE L',"49,4260400000","1,0868600000",,76.076540,76540,Seine-Maritime,28.0,Normandie,30.0,7.0,2.0,3,1.0,28,Normandie,76,3,97,Rouen,114083,1556,115639.0,0.0,7,,9.0,0.0,1.0,1.0,A01
202100022906,21,8,2021,16:00,1,76.0,76217,2,1,2.0,3.0,GAMBETTA (AVENUE),"49,9146520000","1,0748610000",,76.076217,76217,Seine-Maritime,28.0,Normandie,50.0,3.0,2.0,3,2.0,28,Normandie,76,1,95,Dieppe,28358,455,28813.0,1.0,7,,0.0,2.0,6.0,15.0,B01
202100022906,21,8,2021,16:00,1,76.0,76217,2,1,2.0,3.0,GAMBETTA (AVENUE),"49,9146520000","1,0748610000",,76.076217,76217,Seine-Maritime,28.0,Normandie,50.0,3.0,2.0,3,2.0,28,Normandie,76,1,95,Dieppe,28358,455,28813.0,1.0,2,,0.0,2.0,1.0,17.0,A01
202100023039,24,7,2021,20:15,1,76.0,76540,2,4,2.0,3.0,CAUCHOISE. PLACE,"49,4458900000","1,0864700000",,76.076540,76540,Seine-Maritime,28.0,Normandie,50.0,7.0,2.0,4,2.0,28,Normandie,76,3,97,Rouen,114083,1556,115639.0,1.0,30,,0.0,2.0,1.0,9.0,A01
202100023039,24,7,2021,20:15,1,76.0,76540,2,4,2.0,3.0,CAUCHOISE. PLACE,"49,4458900000","1,0864700000",,76.076540,76540,Seine-Maritime,28.0,Normandie,50.0,7.0,2.0,4,2.0,28,Normandie,76,3,97,Rouen,114083,1556,115639.0,1.0,7,,0.0,2.0,7.0,15.0,B01
202100023040,28,7,2021,05:55,2,76.0,76351,1,2,1.0,3.0,LAMBLARDIE (QUAI),"49,4895500000","0,1165200000",,76.076351,76351,Seine-Maritime,28.0,Normandie,50.0,4.0,2.0,2,1.0,28,Normandie,76,2,96,LeHavre,166058,1780,167838.0,0.0,50,,0.0,2.0,1.0,1.0,B01
202100023040,28,7,2021,05:55,2,76.0,76351,1,2,1.0,3.0,LAMBLARDIE (QUAI),"49,4895500000","0,1165200000",,76.076351,76351,Seine-Maritime,28.0,Normandie,50.0,4.0,2.0,2,1.0,28,Normandie,76,2,96,LeHavre,166058,1780,167838.0,0.0,10,,0.0,2.0,8.0,1.0,A01
202100023041,23,7,2021,22:30,3,76.0,76351,1,1,2.0,6.0,RD 6382G,"49,5245300000","0,1789100000",,76.076351,76351,Seine-Maritime,28.0,Normandie,70.0,3.0,3.0,4,2.0,28,Normandie,76,2,96,LeHavre,166058,1780,167838.0,2.0,7,,0.0,1.0,3.0,1.0,A01
202100023103,21,8,2021,19:29,1,76.0,76319,2,1,1.0,6.0,BRAQUE. RUE GEORGES,"49,3478900000","0,9972200000",,76.076319,76319,Seine-Maritime,28.0,Normandie,30.0,4.0,2.0,2,1.0,28,Normandie,76,3,9,Grand-Couronne,9726,177,9903.0,0.0,7,,0.0,1.0,0.0,1.0,A01
202100023104,21,8,2021,11:20,1,76.0,76217,2,1,1.0,2.0,Avenue des Canadiens,"49,9080000000","1,0770000000",,76.076217,76217,Seine-Maritime,28.0,Normandie,50.0,2.0,3.0,4,1.0,28,Normandie,76,1,95,Dieppe,28358,455,28813.0,2.0,33,,0.0,2.0,2.0,2.0,A01
202100023104,21,8,2021,11:20,1,76.0,76217,2,1,1.0,2.0,Avenue des Canadiens,"49,9080000000","1,0770000000",,76.076217,76217,Seine-Maritime,28.0,Normandie,50.0,2.0,3.0,4,1.0,28,Normandie,76,1,95,Dieppe,28358,455,28813.0,2.0,7,,0.0,2.0,6.0,2.0,B01
202100023260,20,8,2021,19:20,1,76.0,76575,2,9,1.0,6.0,LANGEVIN. RUE PAUL,"49,3865400000","1,0909220000",,76.076575,76575,Seine-Maritime,28.0,Normandie,50.0,4.0,2.0,-1,1.0,28,Normandie,76,3,98,Saint-Étienne-du-Rouvray,28508,225,28733.0,3.0,2,,0.0,2.0,0.0,0.0,B01
202100023260,20,8,2021,19:20,1,76.0,76575,2,9,1.0,6.0,LANGEVIN. RUE PAUL,"49,3865400000","1,0909220000",,76.076575,76575,Seine-Maritime,28.0,Normandie,50.0,4.0,2.0,-1,1.0,28,Normandie,76,3,98,Saint-Étienne-du-Rouvray,28508,225,28733.0,3.0,7,,0.0,2.0,0.0,0.0,A01
202100023261,19,8,2021,12:30,1,76.0,76217,2,1,1.0,3.0,REPUBLIQUE (AVENUE DE LA),"49,9249300000","1,1023700000",,76.076217,76217,Seine-Maritime,28.0,Normandie,50.0,4.0,2.0,2,1.0,28,Normandie,76,1,95,Dieppe,28358,455,28813.0,1.0,80,,0.0,2.0,8.0,13.0,B01
202100023261,19,8,2021,12:30,1,76.0,76217,2,1,1.0,3.0,REPUBLIQUE (AVENUE DE LA),"49,9249300000","1,1023700000",,76.076217,76217,Seine-Maritime,28.0,Normandie,50.0,4.0,2.0,2,1.0,28,Normandie,76,1,95,Dieppe,28358,455,28813.0,0.0,7,,0.0,9.0,7.0,17.0,A01
202100023337,21,8,2021,00:00,3,76.0,76529,1,1,1.0,1.0,CD 150,"49,7293440000","0,5661340000",,76.076529,76529,Seine-Maritime,28.0,Normandie,80.0,3.0,2.0,2,1.0,28,Normandie,76,2,11,RivilLe307,6,313,,3.0,7,,0.0,2.0,3.0,1.0,B01
202100023337,21,8,2021,00:00,3,76.0,76529,1,1,1.0,1.0,CD 150,"49,7293440000","0,5661340000",,76.076529,76529,Seine-Maritime,28.0,Normandie,80.0,3.0,2.0,2,1.0,28,Normandie,76,2,11,RivilLe307,6,313,,3.0,7,,0.0,2.0,2.0,13.0,A01
202100023412,2,8,2021,21:45,5,76.0,76498,2,6,2.0,7.0,Boulevard Charles de Gaulle,"49,4199190453","1,0611838102",,76.076498,76498,Seine-Maritime,28.0,Normandie,30.0,4.0,2.0,2,2.0,28,Normandie,76,3,27,LePetit-Quevilly,21782,274,22056.0,0.0,34,,0.0,0.0,0.0,0.0,A01
202100023572,18,8,2021,15:40,1,76.0,76451,2,1,1.0,6.0,PASTEUR. RUE LOUIS,"49,4569900000","1,0813200000",,76.076451,76451,Seine-Maritime,28.0,Normandie,50.0,4.0,2.0,2,1.0,28,Normandie,76,3,22,Mont-Saint-Aignan,20066,415,20481.0,0.0,7,,1.0,0.0,9.0,0.0,A01
202100023573,18,8,2021,17:31,1,76.0,76429,2,1,1.0,7.0,DARNETAL. ROUTE DE,"49,4177800000","1,1465300000",,76.076429,76429,Seine-Maritime,28.0,Normandie,50.0,7.0,2.0,2,1.0,28,Normandie,76,3,21,LeMesnil-Esnard,7980,353,8333.0,1.0,30,,5.0,0.0,1.0,0.0,A01
202100023686,16,8,2021,17:10,1,76.0,76351,2,3,1.0,2.0,WINSTON CHURCHILL,"49,4929200000","0,1337700000",,76.076351,76351,Seine-Maritime,28.0,Normandie,50.0,4.0,3.0,4,1.0,28,Normandie,76,2,96,LeHavre,166058,1780,167838.0,3.0,7,,0.0,2.0,4.0,2.0,B01
202100023686,16,8,2021,17:10,1,76.0,76351,2,3,1.0,2.0,WINSTON CHURCHILL,"49,4929200000","0,1337700000",,76.076351,76351,Seine-Maritime,28.0,Normandie,50.0,4.0,3.0,4,1.0,28,Normandie,76,2,96,LeHavre,166058,1780,167838.0,3.0,30,,0.0,2.0,1.0,2.0,A01
202100023687,16,8,2021,08:20,1,76.0,76351,2,1,2.0,5.0,PONT VI (DU),"49,4858400000","0,1632800000",,76.076351,76351,Seine-Maritime,28.0,Normandie,30.0,4.0,2.0,2,2.0,28,Normandie,76,2,96,LeHavre,166058,1780,167838.0,0.0,7,,0.0,2.0,4.0,23.0,C01
202100023687,16,8,2021,08:20,1,76.0,76351,2,1,2.0,5.0,PONT VI (DU),"49,4858400000","0,1632800000",,76.076351,76351,Seine-Maritime,28.0,Normandie,30.0,4.0,2.0,2,2.0,28,Normandie,76,2,96,LeHavre,166058,1780,167838.0,0.0,7,,0.0,2.0,4.0,23.0,B01
202100023687,16,8,2021,08:20,1,76.0,76351,2,1,2.0,5.0,PONT VI (DU),"49,4858400000","0,1632800000",,76.076351,76351,Seine-Maritime,28.0,Normandie,30.0,4.0,2.0,2,2.0,28,Normandie,76,2,96,LeHavre,166058,1780,167838.0,0.0,7,,0.0,2.0,1.0,2.0,A01
202100023803,17,8,2021,19:50,2,76.0,76682,1,1,1.0,6.0,autoroute A13 PK 109+400,"49,3213460000","1,1008210000",,76.076682,76682,Seine-Maritime,28.0,Normandie,110.0,1.0,1.0,5,1.0,28,Normandie,76,3,5,Sotteville-sous-le-Val,742,4,746.0,2.0,7,,4.0,0.0,3.0,0.0,A01
202100023862,14,8,2021,20:45,1,76.0,76341,2,3,1.0,3.0,FRIEDRICH ENGELS,"49,5132100000","0,1935000000",,76.076341,76341,Seine-Maritime,28.0,Normandie,50.0,3.0,2.0,2,1.0,28,Normandie,76,2,15,Harfleur,8315,53,8368.0,1.0,31,,0.0,2.0,7.0,1.0,B01
202100023862,14,8,2021,20:45,1,76.0,76341,2,3,1.0,3.0,FRIEDRICH ENGELS,"49,5132100000","0,1935000000",,76.076341,76341,Seine-Maritime,28.0,Normandie,50.0,3.0,2.0,2,1.0,28,Normandie,76,2,15,Harfleur,8315,53,8368.0,2.0,7,,0.0,2.0,1.0,15.0,A01
202100023863,13,8,2021,14:30,1,76.0,76351,2,2,1.0,3.0,GERANIUMS (DES),"49,5053700000","0,1633500000",,76.076351,76351,Seine-Maritime,28.0,Normandie,50.0,4.0,2.0,2,1.0,28,Normandie,76,2,96,LeHavre,166058,1780,167838.0,0.0,7,,0.0,2.0,8.0,1.0,B01
202100023863,13,8,2021,14:30,1,76.0,76351,2,2,1.0,3.0,GERANIUMS (DES),"49,5053700000","0,1633500000",,76.076351,76351,Seine-Maritime,28.0,Normandie,50.0,4.0,2.0,2,1.0,28,Normandie,76,2,96,LeHavre,166058,1780,167838.0,0.0,7,,0.0,2.0,1.0,1.0,A01
202100023864,16,8,2021,17:50,1,76.0,76217,2,9,1.0,6.0,Boulevard du General de Gaulle,"49,9237999923","1,0812393836",,76.076217,76217,Seine-Maritime,28.0,Normandie,30.0,3.0,1.0,1,1.0,28,Normandie,76,1,95,Dieppe,28358,455,28813.0,2.0,7,,0.0,1.0,3.0,15.0,A01
202100023934,17,8,2021,11:10,1,76.0,76735,1,1,1.0,1.0,D4,"49,8548910000","0,7758020000",,76.076735,76735,Seine-Maritime,28.0,Normandie,80.0,3.0,2.0,2,1.0,28,Normandie,76,1,33,Veules-les-Roses,520,13,533.0,1.0,33,,0.0,2.0,1.0,13.0,A01
202100023934,17,8,2021,11:10,1,76.0,76735,1,1,1.0,1.0,D4,"49,8548910000","0,7758020000",,76.076735,76735,Seine-Maritime,28.0,Normandie,80.0,3.0,2.0,2,1.0,28,Normandie,76,1,33,Veules-les-Roses,520,13,533.0,2.0,14,,0.0,2.0,3.0,1.0,B01
202100024001,14,8,2021,16:30,1,76.0,76476,1,8,1.0,6.0,KENNEDY (AVENUE),"49,4823642033","0,5546164513",,76.076476,76476,Seine-Maritime,28.0,Normandie,80.0,3.0,3.0,4,1.0,28,Normandie,76,2,25,Port-Jérôme-sur-Seine,10387,172,10559.0,3.0,7,,0.0,1.0,2.0,19.0,A01
202100024121,14,8,2021,08:30,1,76.0,76540,2,2,1.0,3.0,EUROPE. BOULEVARD DE L',"49,4269200000","1,0915000000",,76.076540,76540,Seine-Maritime,28.0,Normandie,50.0,4.0,2.0,4,1.0,28,Normandie,76,3,97,Rouen,114083,1556,115639.0,0.0,7,,0.0,2.0,1.0,15.0,A01
202100024121,14,8,2021,08:30,1,76.0,76540,2,2,1.0,3.0,EUROPE. BOULEVARD DE L',"49,4269200000","1,0915000000",,76.076540,76540,Seine-Maritime,28.0,Normandie,50.0,4.0,2.0,4,1.0,28,Normandie,76,3,97,Rouen,114083,1556,115639.0,0.0,2,,0.0,2.0,3.0,1.0,B01
202100024122,14,8,2021,01:35,5,76.0,76319,2,9,1.0,3.0,LEGER. RUE FERNAND,"49,3499770580","0,9984818101",,76.076319,76319,Seine-Maritime,28.0,Normandie,50.0,4.0,2.0,2,1.0,28,Normandie,76,3,9,Grand-Couronne,9726,177,9903.0,0.0,7,,0.0,2.0,3.0,1.0,B01
202100024122,14,8,2021,01:35,5,76.0,76319,2,9,1.0,3.0,LEGER. RUE FERNAND,"49,3499770580","0,9984818101",,76.076319,76319,Seine-Maritime,28.0,Normandie,50.0,4.0,2.0,2,1.0,28,Normandie,76,3,9,Grand-Couronne,9726,177,9903.0,0.0,7,,0.0,2.0,8.0,1.0,A01
202100024226,12,8,2021,19:00,1,76.0,76351,2,1,1.0,6.0,MONT LE COMTE (AVENUE DU),"49,5103900000","0,1792600000",,76.076351,76351,Seine-Maritime,28.0,Normandie,50.0,4.0,2.0,4,1.0,28,Normandie,76,2,96,LeHavre,166058,1780,167838.0,3.0,7,,0.0,1.0,1.0,0.0,A01
202100024249,13,8,2021,19:40,1,76.0,76231,2,1,1.0,6.0,Rue Henry,"49,2909300000","1,0073010000",,76.076231,76231,Seine-Maritime,28.0,Normandie,50.0,4.0,2.0,2,1.0,28,Normandie,76,3,9,Elbeuf,15951,138,16089.0,0.0,7,,0.0,1.0,1.0,1.0,A01
202100024355,13,8,2021,18:30,1,76.0,76291,1,1,1.0,7.0,D79,"49,7104460000","0,3388060000",,76.076291,76291,Seine-Maritime,28.0,Normandie,80.0,3.0,2.0,2,1.0,28,Normandie,76,2,11,FrobervilLe1164,25,1189,,2.0,31,,0.0,0.0,0.0,14.0,A01
202100024356,14,8,2021,14:25,1,76.0,76144,1,2,1.0,3.0,DÉPARTEMENTALE 103,"49,7589690000","0,8690040000",,76.076144,76144,Seine-Maritime,28.0,Normandie,80.0,3.0,2.0,2,1.0,28,Normandie,76,3,35,Bretteville-Saint-Laurent,161,2,163.0,1.0,7,,0.0,2.0,2.0,1.0,A01
202100024356,14,8,2021,14:25,1,76.0,76144,1,2,1.0,3.0,DÉPARTEMENTALE 103,"49,7589690000","0,8690040000",,76.076144,76144,Seine-Maritime,28.0,Normandie,80.0,3.0,2.0,2,1.0,28,Normandie,76,3,35,Bretteville-Saint-Laurent,161,2,163.0,3.0,99,,0.0,2.0,3.0,1.0,B01
202100024357,13,8,2021,09:40,1,76.0,76344,1,1,1.0,1.0,D929,"49,7565310000","1,7077980000",,76.076344,76344,Seine-Maritime,28.0,Normandie,80.0,3.0,2.0,2,1.0,28,Normandie,76,1,12,Haudricourt,440,9,449.0,1.0,7,,0.0,2.0,3.0,13.0,B01
202100024357,13,8,2021,09:40,1,76.0,76344,1,1,1.0,1.0,D929,"49,7565310000","1,7077980000",,76.076344,76344,Seine-Maritime,28.0,Normandie,80.0,3.0,2.0,2,1.0,28,Normandie,76,1,12,Haudricourt,440,9,449.0,2.0,7,,0.0,2.0,3.0,1.0,A01
202100024471,13,8,2021,12:30,1,76.0,76057,2,1,1.0,1.0,241 Rue de la Liberté,"49,5375580000","0,9628050000",,76.076057,76057,Seine-Maritime,28.0,Normandie,50.0,4.0,2.0,2,1.0,28,Normandie,76,3,1,Barentin,12154,238,12392.0,1.0,7,,0.0,2.0,2.0,15.0,A01
202100024471,13,8,2021,12:30,1,76.0,76057,2,1,1.0,1.0,241 Rue de la Liberté,"49,5375580000","0,9628050000",,76.076057,76057,Seine-Maritime,28.0,Normandie,50.0,4.0,2.0,2,1.0,28,Normandie,76,3,1,Barentin,12154,238,12392.0,2.0,33,,0.0,2.0,1.0,1.0,B01
202100024503,12,8,2021,17:20,1,76.0,76540,1,1,1.0,2.0,GRAND COURS. AVENUE DU,"49,4277937350","1,1028329359",,76.076540,76540,Seine-Maritime,28.0,Normandie,70.0,7.0,2.0,6,1.0,28,Normandie,76,3,97,Rouen,114083,1556,115639.0,1.0,33,,0.0,2.0,1.0,2.0,A01
202100024503,12,8,2021,17:20,1,76.0,76540,1,1,1.0,2.0,GRAND COURS. AVENUE DU,"49,4277937350","1,1028329359",,76.076540,76540,Seine-Maritime,28.0,Normandie,70.0,7.0,2.0,6,1.0,28,Normandie,76,3,97,Rouen,114083,1556,115639.0,1.0,10,,0.0,2.0,4.0,2.0,B01
202100024504,12,8,2021,18:00,1,76.0,76322,2,1,1.0,6.0,COTY. AVENUE RENE,"49,4036400000","1,0522200000",,76.076322,76322,Seine-Maritime,28.0,Normandie,30.0,4.0,2.0,2,1.0,28,Normandie,76,3,13,LeGrand-Quevilly,25975,225,26200.0,3.0,7,,1.0,0.0,2.0,14.0,A01
202100024505,11,8,2021,13:20,1,76.0,76351,2,2,1.0,3.0,LOUIS SIEFRIDT,"49,5090300000","0,1082700000",,76.076351,76351,Seine-Maritime,28.0,Normandie,50.0,4.0,2.0,2,1.0,28,Normandie,76,2,96,LeHavre,166058,1780,167838.0,2.0,30,,0.0,2.0,1.0,0.0,B01
202100024505,11,8,2021,13:20,1,76.0,76351,2,2,1.0,3.0,LOUIS SIEFRIDT,"49,5090300000","0,1082700000",,76.076351,76351,Seine-Maritime,28.0,Normandie,50.0,4.0,2.0,2,1.0,28,Normandie,76,2,96,LeHavre,166058,1780,167838.0,1.0,7,,0.0,2.0,2.0,0.0,A01
202100024506,11,8,2021,11:45,1,76.0,76351,2,2,1.0,3.0,JEAN BAPTISTE EYRIES,"49,4975300000","0,1155500000",,76.076351,76351,Seine-Maritime,28.0,Normandie,50.0,4.0,2.0,2,1.0,28,Normandie,76,2,96,LeHavre,166058,1780,167838.0,0.0,7,,0.0,2.0,2.0,1.0,B01
202100024506,11,8,2021,11:45,1,76.0,76351,2,2,1.0,3.0,JEAN BAPTISTE EYRIES,"49,4975300000","0,1155500000",,76.076351,76351,Seine-Maritime,28.0,Normandie,50.0,4.0,2.0,2,1.0,28,Normandie,76,2,96,LeHavre,166058,1780,167838.0,0.0,1,,0.0,2.0,1.0,5.0,A01
202100024507,10,8,2021,18:15,1,76.0,76447,1,3,1.0,2.0,FONTAINE LA MALLET (DE),"49,5430300000","0,1662100000",,76.076447,76447,Seine-Maritime,28.0,Normandie,80.0,3.0,2.0,2,1.0,28,Normandie,76,2,15,Montivilliers,15457,203,15660.0,1.0,33,,0.0,2.0,1.0,7.0,A01
202100024507,10,8,2021,18:15,1,76.0,76447,1,3,1.0,2.0,FONTAINE LA MALLET (DE),"49,5430300000","0,1662100000",,76.076447,76447,Seine-Maritime,28.0,Normandie,80.0,3.0,2.0,2,1.0,28,Normandie,76,2,15,Montivilliers,15457,203,15660.0,1.0,10,,0.0,2.0,4.0,15.0,B01
202100024595,11,8,2021,20:00,1,76.0,76540,2,9,1.0,3.0,GAMBETTA. BOULEVARD,"49,4386600000","1,1079700000",,76.076540,76540,Seine-Maritime,28.0,Normandie,50.0,9.0,2.0,2,1.0,28,Normandie,76,3,97,Rouen,114083,1556,115639.0,3.0,50,,0.0,2.0,1.0,0.0,A01
202100024595,11,8,2021,20:00,1,76.0,76540,2,9,1.0,3.0,GAMBETTA. BOULEVARD,"49,4386600000","1,1079700000",,76.076540,76540,Seine-Maritime,28.0,Normandie,50.0,9.0,2.0,2,1.0,28,Normandie,76,3,97,Rouen,114083,1556,115639.0,3.0,7,,0.0,2.0,0.0,0.0,B01
202100024596,11,8,2021,17:30,1,76.0,76575,1,1,1.0,2.0,LENINE. BOULEVARD,"49,3977900000","1,1116600000",,76.076575,76575,Seine-Maritime,28.0,Normandie,90.0,7.0,3.0,4,1.0,28,Normandie,76,3,98,Saint-Étienne-du-Rouvray,28508,225,28733.0,2.0,7,,0.0,2.0,4.0,26.0,A01
202100024596,11,8,2021,17:30,1,76.0,76575,1,1,1.0,2.0,LENINE. BOULEVARD,"49,3977900000","1,1116600000",,76.076575,76575,Seine-Maritime,28.0,Normandie,90.0,7.0,3.0,4,1.0,28,Normandie,76,3,98,Saint-Étienne-du-Rouvray,28508,225,28733.0,2.0,15,,0.0,2.0,1.0,26.0,Z01
202100024934,9,8,2021,18:26,1,76.0,76618,1,2,1.0,1.0,D925,"49,9365830000","1,1683700000",,76.076618,76618,Seine-Maritime,28.0,Normandie,-1.0,3.0,2.0,2,1.0,28,Normandie,76,1,8,Petit-Caux,9625,210,9835.0,2.0,7,,0.0,2.0,3.0,13.0,A01
202100024934,9,8,2021,18:26,1,76.0,76618,1,2,1.0,1.0,D925,"49,9365830000","1,1683700000",,76.076618,76618,Seine-Maritime,28.0,Normandie,-1.0,3.0,2.0,2,1.0,28,Normandie,76,1,8,Petit-Caux,9625,210,9835.0,1.0,7,,0.0,0.0,3.0,23.0,B01
202100024991,8,8,2021,00:43,5,76.0,76259,2,1,8.0,6.0,COTY ( RUE PRESIDENT RENE),"49,7571200000","0,3630300000",,76.076259,76259,Seine-Maritime,28.0,Normandie,30.0,3.0,2.0,2,1.0,28,Normandie,76,2,11,Fécamp,18016,269,18285.0,1.0,7,,1.0,0.0,1.0,14.0,A01
202100025034,9,8,2021,16:45,1,76.0,76515,2,1,1.0,6.0,front de mer,"49,9049760000","0,9250510000",,76.076515,76515,Seine-Maritime,28.0,Normandie,50.0,3.0,-1.0,2,1.0,28,Normandie,76,1,7,QuibervilLe532,14,546,,2.0,7,,0.0,1.0,2.0,1.0,A01
202100025262,30,9,2021,15:20,1,76.0,76497,2,1,1.0,2.0,CD 3 (RUE ARISTIDE BRIAND),"49,3952300000","1,0242630000",,76.076497,76497,Seine-Maritime,28.0,Normandie,50.0,7.0,2.0,3,1.0,28,Normandie,76,3,13,Petit-Couronne,8688,175,8863.0,0.0,33,,0.0,2.0,2.0,0.0,B01
202100025262,30,9,2021,15:20,1,76.0,76497,2,1,1.0,2.0,CD 3 (RUE ARISTIDE BRIAND),"49,3952300000","1,0242630000",,76.076497,76497,Seine-Maritime,28.0,Normandie,50.0,7.0,2.0,3,1.0,28,Normandie,76,3,13,Petit-Couronne,8688,175,8863.0,0.0,10,,0.0,2.0,1.0,0.0,A01
202100025263,5,8,2021,10:55,1,76.0,76351,2,1,1.0,2.0,PAUL DOUMER,"49,4924500000","0,1038800000",,76.076351,76351,Seine-Maritime,28.0,Normandie,50.0,4.0,2.0,2,1.0,28,Normandie,76,2,96,LeHavre,166058,1780,167838.0,0.0,33,,0.0,2.0,1.0,2.0,A01
202100025263,5,8,2021,10:55,1,76.0,76351,2,1,1.0,2.0,PAUL DOUMER,"49,4924500000","0,1038800000",,76.076351,76351,Seine-Maritime,28.0,Normandie,50.0,4.0,2.0,2,1.0,28,Normandie,76,2,96,LeHavre,166058,1780,167838.0,0.0,7,,0.0,2.0,4.0,23.0,B01
202100025264,4,8,2021,14:40,1,76.0,76351,2,3,1.0,3.0,AUGUSTE DELAUNE,"49,5004900000","0,1667200000",,76.076351,76351,Seine-Maritime,28.0,Normandie,50.0,4.0,2.0,2,1.0,28,Normandie,76,2,96,LeHavre,166058,1780,167838.0,2.0,7,,0.0,2.0,6.0,16.0,A01
202100025264,4,8,2021,14:40,1,76.0,76351,2,3,1.0,3.0,AUGUSTE DELAUNE,"49,5004900000","0,1667200000",,76.076351,76351,Seine-Maritime,28.0,Normandie,50.0,4.0,2.0,2,1.0,28,Normandie,76,2,96,LeHavre,166058,1780,167838.0,2.0,7,,0.0,2.0,1.0,1.0,B01
202100025430,5,8,2021,07:55,1,76.0,76540,2,1,1.0,6.0,LYONS LA FORET. RUE DE,"49,4379100000","1,1185700000",,76.076540,76540,Seine-Maritime,28.0,Normandie,30.0,4.0,-1.0,2,1.0,28,Normandie,76,3,97,Rouen,114083,1556,115639.0,3.0,7,,0.0,1.0,1.0,19.0,A01
202100025571,4,8,2021,14:00,1,76.0,76540,2,1,1.0,6.0,BEAUVOISINE. PLACE,"49,4485600000","1,0998800000",,76.076540,76540,Seine-Maritime,28.0,Normandie,50.0,7.0,2.0,4,1.0,28,Normandie,76,3,97,Rouen,114083,1556,115639.0,1.0,7,,0.0,1.0,2.0,1.0,A01
202100025663,5,8,2021,08:05,1,76.0,76058,1,2,1.0,3.0,RD78,"49,9929101211","1,4039738616",,76.076058,76058,Seine-Maritime,28.0,Normandie,80.0,3.0,2.0,2,1.0,28,Normandie,76,1,10,Baromesnil,214,5,219.0,1.0,7,,0.0,2.0,1.0,1.0,B01
202100025663,5,8,2021,08:05,1,76.0,76058,1,2,1.0,3.0,RD78,"49,9929101211","1,4039738616",,76.076058,76058,Seine-Maritime,28.0,Normandie,80.0,3.0,2.0,2,1.0,28,Normandie,76,1,10,Baromesnil,214,5,219.0,1.0,7,,0.0,2.0,3.0,19.0,A01
202100025838,3,8,2021,19:40,1,76.0,76164,2,1,1.0,1.0,Quai Guilbaud,"49,5245460000","0,7261470000",,76.076164,76164,Seine-Maritime,28.0,Normandie,30.0,3.0,2.0,2,1.0,28,Normandie,76,3,25,Rives-en-Seine,4078,66,4144.0,1.0,7,,0.0,2.0,1.0,2.0,B01
202100025838,3,8,2021,19:40,1,76.0,76164,2,1,1.0,1.0,Quai Guilbaud,"49,5245460000","0,7261470000",,76.076164,76164,Seine-Maritime,28.0,Normandie,30.0,3.0,2.0,2,1.0,28,Normandie,76,3,25,Rives-en-Seine,4078,66,4144.0,2.0,7,,0.0,2.0,1.0,13.0,A01
202100025945,3,8,2021,19:20,1,76.0,76535,1,3,1.0,2.0,chemin départemental 915,"49,6279130000","1,4854560000",,76.076535,76535,Seine-Maritime,28.0,Normandie,80.0,3.0,2.0,2,1.0,28,Normandie,76,1,12,Roncherolles-en-Bray,460,8,468.0,2.0,21,,0.0,0.0,5.0,15.0,B01
202100025945,3,8,2021,19:20,1,76.0,76535,1,3,1.0,2.0,chemin départemental 915,"49,6279130000","1,4854560000",,76.076535,76535,Seine-Maritime,28.0,Normandie,80.0,3.0,2.0,2,1.0,28,Normandie,76,1,12,Roncherolles-en-Bray,460,8,468.0,2.0,7,,0.0,2.0,3.0,17.0,A01
202100025959,1,8,2021,16:06,1,76.0,76282,2,1,1.0,6.0,BEAU SITE. RUE DU,"49,3032358371","1,0497978330",,76.076282,76282,Seine-Maritime,28.0,Normandie,80.0,4.0,2.0,1,1.0,28,Normandie,76,3,5,Freneuse,994,9,1003.0,3.0,33,,0.0,2.0,1.0,17.0,A01
202100025959,1,8,2021,16:06,1,76.0,76282,2,1,1.0,6.0,BEAU SITE. RUE DU,"49,3032358371","1,0497978330",,76.076282,76282,Seine-Maritime,28.0,Normandie,80.0,4.0,2.0,1,1.0,28,Normandie,76,3,5,Freneuse,994,9,1003.0,3.0,1,,0.0,2.0,0.0,0.0,B01