Num_Acc,jour,mois,an,hrmn,lum,dep,com,agg,int,atm,col,adr,lat,long,gps,com_insee_temp,com_insee,departmentName,regionCode,regionName,vma,catr,circ,nbv,surf,Code,Region,Departement,Arrondissement,Code_Canton,Nom_Commune,Population_municipaLe,Population_comptee_a_part,Population_Totale,senc,catv,occutc,obs,obsm,choc,manv,num_veh
202100026037,1,8,2021,16:15,1,76.0,76686,2,1,1.0,7.0,Rue des Chataigniers,"49,7674030000","0,5404600000",,76.076686,76686,Seine-Maritime,28.0,Normandie,-1.0,4.0,2.0,2,1.0,28,Normandie,76,2,11,Theuville-aux-Maillots,530,8,538.0,3.0,2,,8.0,0.0,7.0,21.0,A01
202100026038,1,8,2021,22:45,3,76.0,76068,1,1,1.0,7.0,Route de Valmont,"49,7037780000","0,4574780000",,76.076068,76068,Seine-Maritime,28.0,Normandie,80.0,3.0,2.0,2,1.0,28,Normandie,76,2,32,Bec-de-Mortagne,650,18,668.0,1.0,33,,0.0,0.0,8.0,1.0,A01
202100026414,29,7,2021,15:00,1,76.0,76681,2,2,1.0,1.0,BLUM. RUE LEON,"49,4215300000","1,0891800000",,76.076681,76681,Seine-Maritime,28.0,Normandie,30.0,4.0,2.0,2,1.0,28,Normandie,76,3,99,Sotteville-lès-Rouen,28965,475,29440.0,3.0,40,,0.0,2.0,0.0,0.0,A01
202100026414,29,7,2021,15:00,1,76.0,76681,2,2,1.0,1.0,BLUM. RUE LEON,"49,4215300000","1,0891800000",,76.076681,76681,Seine-Maritime,28.0,Normandie,30.0,4.0,2.0,2,1.0,28,Normandie,76,3,99,Sotteville-lès-Rouen,28965,475,29440.0,0.0,1,,0.0,4.0,1.0,26.0,B01
202100026416,9,5,2021,18:25,1,76.0,76351,1,1,3.0,6.0,PAULINE KERGOMARD,"49,5246000000","0,1121400000",,76.076351,76351,Seine-Maritime,28.0,Normandie,50.0,4.0,2.0,1,3.0,28,Normandie,76,2,96,LeHavre,166058,1780,167838.0,1.0,7,,0.0,1.0,1.0,1.0,A01
202100026628,26,7,2021,17:50,1,76.0,76457,1,3,8.0,3.0,GOSSELIN RUE,"49,3397000000","0,9617000000",,76.076457,76457,Seine-Maritime,28.0,Normandie,50.0,7.0,2.0,-1,1.0,28,Normandie,76,3,9,Moulineaux,932,16,948.0,0.0,1,,0.0,2.0,2.0,1.0,B01
202100026628,26,7,2021,17:50,1,76.0,76457,1,3,8.0,3.0,GOSSELIN RUE,"49,3397000000","0,9617000000",,76.076457,76457,Seine-Maritime,28.0,Normandie,50.0,7.0,2.0,-1,1.0,28,Normandie,76,3,9,Moulineaux,932,16,948.0,0.0,7,,0.0,2.0,1.0,11.0,A01
202100026629,24,7,2021,15:25,1,76.0,76351,1,1,1.0,6.0,JENNER (TUNNEL),"49,5026500000","0,1318800000",,76.076351,76351,Seine-Maritime,28.0,Normandie,50.0,4.0,3.0,3,1.0,28,Normandie,76,2,96,LeHavre,166058,1780,167838.0,2.0,7,,0.0,2.0,6.0,11.0,B01
202100026629,24,7,2021,15:25,1,76.0,76351,1,1,1.0,6.0,JENNER (TUNNEL),"49,5026500000","0,1318800000",,76.076351,76351,Seine-Maritime,28.0,Normandie,50.0,4.0,3.0,3,1.0,28,Normandie,76,2,96,LeHavre,166058,1780,167838.0,2.0,7,,0.0,2.0,2.0,1.0,A01
202100026711,28,7,2021,23:15,5,76.0,76315,2,1,1.0,3.0,Route de Cany,"49,7498952382","0,6360639887",,76.076315,76315,Seine-Maritime,28.0,Normandie,50.0,3.0,2.0,2,1.0,28,Normandie,76,1,33,Grainville-la-Teinturière,1072,18,1090.0,1.0,33,,0.0,2.0,8.0,1.0,B01
202100026711,28,7,2021,23:15,5,76.0,76315,2,1,1.0,3.0,Route de Cany,"49,7498952382","0,6360639887",,76.076315,76315,Seine-Maritime,28.0,Normandie,50.0,3.0,2.0,2,1.0,28,Normandie,76,1,33,Grainville-la-Teinturière,1072,18,1090.0,1.0,33,,0.0,2.0,7.0,2.0,A01
202100026712,28,7,2021,18:40,1,76.0,76603,1,5,1.0,3.0,Route de Bolbec,"49,6431890000","0,4634910000",,76.076603,76603,Seine-Maritime,28.0,Normandie,80.0,3.0,2.0,1,1.0,28,Normandie,76,2,32,Saint-Maclou-la-Brière,468,6,474.0,3.0,7,,0.0,2.0,3.0,16.0,B01
202100026712,28,7,2021,18:40,1,76.0,76603,1,5,1.0,3.0,Route de Bolbec,"49,6431890000","0,4634910000",,76.076603,76603,Seine-Maritime,28.0,Normandie,80.0,3.0,2.0,1,1.0,28,Normandie,76,2,32,Saint-Maclou-la-Brière,468,6,474.0,1.0,7,,0.0,2.0,2.0,1.0,A01
202100026789,27,7,2021,06:50,1,76.0,76351,2,2,2.0,3.0,DEMIDOFF (RUE),"49,4976500000","0,1365500000",,76.076351,76351,Seine-Maritime,28.0,Normandie,50.0,4.0,2.0,2,2.0,28,Normandie,76,2,96,LeHavre,166058,1780,167838.0,0.0,7,,0.0,2.0,3.0,1.0,B01
202100026789,27,7,2021,06:50,1,76.0,76351,2,2,2.0,3.0,DEMIDOFF (RUE),"49,4976500000","0,1365500000",,76.076351,76351,Seine-Maritime,28.0,Normandie,50.0,4.0,2.0,2,2.0,28,Normandie,76,2,96,LeHavre,166058,1780,167838.0,0.0,7,,1.0,2.0,1.0,17.0,A01
202100026790,23,7,2021,15:05,1,76.0,76481,1,1,1.0,6.0,Route de la Chênaie,"49,5307701258","0,1034474373",,76.076481,76481,Seine-Maritime,28.0,Normandie,30.0,4.0,2.0,2,1.0,28,Normandie,76,2,26,Octeville-sur-Mer,6122,119,6241.0,1.0,7,,1.0,0.0,3.0,1.0,A01
202100027029,26,7,2021,15:15,1,76.0,76533,1,1,1.0,6.0,route des falaises,"49,4959360000","0,2588440000",,76.076533,76533,Seine-Maritime,28.0,Normandie,80.0,3.0,2.0,1,1.0,28,Normandie,76,2,16,RogervilLe1706,19,1725,,1.0,13,,0.0,2.0,5.0,17.0,B01
202100027029,26,7,2021,15:15,1,76.0,76533,1,1,1.0,6.0,route des falaises,"49,4959360000","0,2588440000",,76.076533,76533,Seine-Maritime,28.0,Normandie,80.0,3.0,2.0,1,1.0,28,Normandie,76,2,16,RogervilLe1706,19,1725,,1.0,2,,3.0,2.0,8.0,0.0,A01
202100027248,24,7,2021,21:45,2,76.0,76624,2,1,8.0,6.0,Rue des Canadiens,"49,8767230000","1,2122970000",,76.076624,76624,Seine-Maritime,28.0,Normandie,50.0,3.0,2.0,2,1.0,28,Normandie,76,1,8,Saint-Nicolas-d'Aliermont,3764,59,3823.0,2.0,2,,15.0,0.0,7.0,1.0,A01
202100027251,24,7,2021,15:30,1,76.0,76424,1,1,1.0,7.0,Autoroute A 28 PK 052.200,"49,7604770000","1,4843990000",,76.076424,76424,Seine-Maritime,28.0,Normandie,130.0,1.0,1.0,2,1.0,28,Normandie,76,1,23,Ménonval,231,2,233.0,1.0,7,,15.0,0.0,1.0,1.0,A01
202100027343,23,7,2021,11:40,1,76.0,76341,2,1,1.0,7.0,GENERAL LECLERC (AVENUE),"49,5051700000","0,1955300000",,76.076341,76341,Seine-Maritime,28.0,Normandie,50.0,3.0,2.0,2,1.0,28,Normandie,76,2,15,Harfleur,8315,53,8368.0,2.0,32,,0.0,0.0,7.0,1.0,A01
202100027421,24,7,2021,11:00,1,76.0,76711,2,1,1.0,6.0,Rue de la Poissonnerie,"50,0627560000","1,3701580000",,76.076711,76711,Seine-Maritime,28.0,Normandie,-1.0,6.0,-1.0,-1,1.0,28,Normandie,76,1,10,LeTréport,4424,91,4515.0,3.0,7,,1.0,1.0,3.0,1.0,A01
202100027514,22,7,2021,09:53,1,76.0,76681,2,1,1.0,6.0,Rue Pierre Mendes-France,"49,4129300000","1,0923300000",,76.076681,76681,Seine-Maritime,28.0,Normandie,50.0,4.0,2.0,2,1.0,28,Normandie,76,3,99,Sotteville-lès-Rouen,28965,475,29440.0,0.0,7,,0.0,1.0,1.0,1.0,A01
202100027656,23,7,2021,17:00,1,76.0,76160,2,1,1.0,7.0,Rue de l Eglise,"49,5527540000","0,8234900000",,76.076160,76160,Seine-Maritime,28.0,Normandie,50.0,4.0,2.0,1,1.0,28,Normandie,76,3,24,Carville-la-Folletière,418,9,427.0,3.0,2,,15.0,0.0,1.0,1.0,A01
202100027712,21,7,2021,22:45,3,76.0,76497,1,1,1.0,6.0,D 418,"49,3817488295","1,0576486588",,76.076497,76497,Seine-Maritime,28.0,Normandie,90.0,7.0,3.0,4,1.0,28,Normandie,76,3,13,Petit-Couronne,8688,175,8863.0,0.0,7,,4.0,0.0,3.0,1.0,A01
202100027792,21,7,2021,17:20,1,76.0,76210,2,1,1.0,3.0,Route de Dieppe,"49,8616380000","1,1967160000",,76.076210,76210,Seine-Maritime,28.0,Normandie,50.0,3.0,2.0,2,1.0,28,Normandie,76,1,8,Dampierre-Saint-Nicolas,450,10,460.0,1.0,7,,0.0,2.0,3.0,25.0,B01
202100027792,21,7,2021,17:20,1,76.0,76210,2,1,1.0,3.0,Route de Dieppe,"49,8616380000","1,1967160000",,76.076210,76210,Seine-Maritime,28.0,Normandie,50.0,3.0,2.0,2,1.0,28,Normandie,76,1,8,Dampierre-Saint-Nicolas,450,10,460.0,1.0,33,,0.0,2.0,1.0,2.0,A01
202100027809,21,7,2021,22:45,3,76.0,76293,1,2,1.0,1.0,intersection RD 50 et RD 37,"49,7592691812","0,7967069767",,76.076293,76293,Seine-Maritime,28.0,Normandie,80.0,3.0,2.0,2,1.0,28,Normandie,76,3,35,Fultot,245,0,245.0,2.0,7,,0.0,2.0,1.0,1.0,B01
202100027809,21,7,2021,22:45,3,76.0,76293,1,2,1.0,1.0,intersection RD 50 et RD 37,"49,7592691812","0,7967069767",,76.076293,76293,Seine-Maritime,28.0,Normandie,80.0,3.0,2.0,2,1.0,28,Normandie,76,3,35,Fultot,245,0,245.0,2.0,33,,7.0,2.0,7.0,1.0,A01
202100027896,18,7,2021,07:10,1,76.0,76351,2,1,1.0,6.0,LENINGRAD (BD DE),"49,4999700000","0,1684500000",,76.076351,76351,Seine-Maritime,28.0,Normandie,50.0,3.0,3.0,4,1.0,28,Normandie,76,2,96,LeHavre,166058,1780,167838.0,2.0,7,,8.0,0.0,2.0,14.0,A01
202100027897,17,7,2021,18:40,1,76.0,76351,2,1,1.0,7.0,FRISSARD (QUAI),"49,4892500000","0,1228200000",,76.076351,76351,Seine-Maritime,28.0,Normandie,50.0,4.0,2.0,2,1.0,28,Normandie,76,2,96,LeHavre,166058,1780,167838.0,0.0,36,,0.0,0.0,7.0,10.0,A01
202100027898,17,7,2021,15:35,1,76.0,76351,2,1,1.0,6.0,LOUIS BLERIOT,"49,5257500000","0,0901600000",,76.076351,76351,Seine-Maritime,28.0,Normandie,50.0,3.0,2.0,2,1.0,28,Normandie,76,2,96,LeHavre,166058,1780,167838.0,0.0,33,,0.0,2.0,1.0,1.0,B01
202100027898,17,7,2021,15:35,1,76.0,76351,2,1,1.0,6.0,LOUIS BLERIOT,"49,5257500000","0,0901600000",,76.076351,76351,Seine-Maritime,28.0,Normandie,50.0,3.0,2.0,2,1.0,28,Normandie,76,2,96,LeHavre,166058,1780,167838.0,0.0,33,,0.0,2.0,8.0,10.0,A01
202100028003,20,7,2021,21:30,2,76.0,76189,2,1,1.0,1.0,Route des Calvaires,"49,8071530000","0,7224150000",,76.076189,76189,Seine-Maritime,28.0,Normandie,50.0,4.0,2.0,1,1.0,28,Normandie,76,1,33,Crasville-la-Mallet,177,4,181.0,3.0,10,,0.0,2.0,1.0,1.0,A01
202100028003,20,7,2021,21:30,2,76.0,76189,2,1,1.0,1.0,Route des Calvaires,"49,8071530000","0,7224150000",,76.076189,76189,Seine-Maritime,28.0,Normandie,50.0,4.0,2.0,1,1.0,28,Normandie,76,1,33,Crasville-la-Mallet,177,4,181.0,3.0,1,,0.0,2.0,1.0,1.0,B01
202100028004,20,7,2021,18:50,1,76.0,76312,2,1,7.0,7.0,Rue de l Abreuvoir,"49,4881030000","1,7254650000",,76.076312,76312,Seine-Maritime,28.0,Normandie,50.0,3.0,2.0,2,1.0,28,Normandie,76,1,12,Gournay-en-Bray,5944,85,6029.0,0.0,33,,12.0,0.0,1.0,1.0,A01
202100028010,20,7,2021,23:00,5,76.0,76507,2,1,1.0,6.0,16 Route d Eu,"50,0411050000","1,4399280000",,76.076507,76507,Seine-Maritime,28.0,Normandie,50.0,3.0,2.0,2,1.0,28,Normandie,76,1,10,Ponts-et-Marais,819,15,834.0,1.0,2,,11.0,0.0,0.0,1.0,A01
202100028107,19,7,2021,21:26,5,76.0,76540,2,1,1.0,6.0,HAVRE. QUAI (HAUT) DU,"49,4408400000","1,0829400000",,76.076540,76540,Seine-Maritime,28.0,Normandie,50.0,7.0,1.0,4,1.0,28,Normandie,76,3,97,Rouen,114083,1556,115639.0,1.0,17,,12.0,0.0,7.0,11.0,A01
202100028108,18,7,2021,02:10,5,76.0,76540,2,2,1.0,6.0,CORNEILLE. PONT PIERRE,"49,4349800000","1,0940500000",,76.076540,76540,Seine-Maritime,28.0,Normandie,50.0,7.0,1.0,2,1.0,28,Normandie,76,3,97,Rouen,114083,1556,115639.0,1.0,7,,0.0,1.0,1.0,1.0,A01
202100028109,18,7,2021,21:20,1,76.0,76351,1,2,1.0,3.0,Boulevard de Léningrad,"49,4985900000","0,1593500000",,76.076351,76351,Seine-Maritime,28.0,Normandie,50.0,4.0,3.0,8,1.0,28,Normandie,76,2,96,LeHavre,166058,1780,167838.0,2.0,7,,0.0,2.0,3.0,15.0,B01
202100028109,18,7,2021,21:20,1,76.0,76351,1,2,1.0,3.0,Boulevard de Léningrad,"49,4985900000","0,1593500000",,76.076351,76351,Seine-Maritime,28.0,Normandie,50.0,4.0,3.0,8,1.0,28,Normandie,76,2,96,LeHavre,166058,1780,167838.0,2.0,30,,0.0,2.0,1.0,1.0,A01
202100028359,18,7,2021,19:00,1,76.0,76021,1,1,1.0,7.0,Route de Mentheville,"49,6887640000","0,4165690000",,76.076021,76021,Seine-Maritime,28.0,Normandie,80.0,3.0,2.0,2,1.0,28,Normandie,76,2,32,Annouville-Vilmesnil,455,3,458.0,1.0,32,,0.0,0.0,0.0,1.0,A01
202100028460,18,7,2021,00:15,5,76.0,76540,2,1,1.0,3.0,CORNEILLE. QUAI (HAUT) PIERRE,"49,4377100000","1,0939400000",,76.076540,76540,Seine-Maritime,28.0,Normandie,50.0,7.0,2.0,6,1.0,28,Normandie,76,3,97,Rouen,114083,1556,115639.0,2.0,33,,0.0,2.0,1.0,1.0,B01
202100028460,18,7,2021,00:15,5,76.0,76540,2,1,1.0,3.0,CORNEILLE. QUAI (HAUT) PIERRE,"49,4377100000","1,0939400000",,76.076540,76540,Seine-Maritime,28.0,Normandie,50.0,7.0,2.0,6,1.0,28,Normandie,76,3,97,Rouen,114083,1556,115639.0,2.0,7,,0.0,2.0,3.0,20.0,A01
202100028807,15,7,2021,19:25,1,76.0,76178,2,2,1.0,1.0,CD 7 (ROUTE DE TOURVILLE),"49,3085400000","1,0384800000",,76.076178,76178,Seine-Maritime,28.0,Normandie,50.0,7.0,2.0,2,1.0,28,Normandie,76,3,5,Cléon,4907,30,4937.0,2.0,7,,0.0,2.0,2.0,15.0,A01
202100028807,15,7,2021,19:25,1,76.0,76178,2,2,1.0,1.0,CD 7 (ROUTE DE TOURVILLE),"49,3085400000","1,0384800000",,76.076178,76178,Seine-Maritime,28.0,Normandie,50.0,7.0,2.0,2,1.0,28,Normandie,76,3,5,Cléon,4907,30,4937.0,1.0,7,,0.0,2.0,1.0,1.0,B01
202100028808,13,7,2021,23:59,5,76.0,76351,2,1,1.0,6.0,CRONSTADT (DE),"49,5047420000","0,1161110000",,76.076351,76351,Seine-Maritime,28.0,Normandie,50.0,4.0,3.0,4,1.0,28,Normandie,76,2,96,LeHavre,166058,1780,167838.0,1.0,33,,1.0,2.0,1.0,1.0,A01
202100028808,13,7,2021,23:59,5,76.0,76351,2,1,1.0,6.0,CRONSTADT (DE),"49,5047420000","0,1161110000",,76.076351,76351,Seine-Maritime,28.0,Normandie,50.0,4.0,3.0,4,1.0,28,Normandie,76,2,96,LeHavre,166058,1780,167838.0,1.0,7,,0.0,2.0,8.0,1.0,C01
202100028809,12,7,2021,02:12,5,76.0,76114,2,3,1.0,6.0,RD 149,"49,5914431743","0,4856514931",,76.076114,76114,Seine-Maritime,28.0,Normandie,50.0,3.0,2.0,2,1.0,28,Normandie,76,2,3,Bolbec,11635,147,11782.0,3.0,7,,3.0,0.0,1.0,19.0,A01
202100028965,14,7,2021,06:00,1,76.0,76410,2,1,1.0,6.0,GARSTEDT. RUE DE,"49,4815180000","1,0339610000",,76.076410,76410,Seine-Maritime,28.0,Normandie,50.0,4.0,-1.0,2,1.0,28,Normandie,76,3,4,Maromme,11024,122,11146.0,0.0,7,,2.0,0.0,7.0,1.0,A01
202100029015,15,7,2021,16:45,1,76.0,76019,1,1,1.0,7.0,D23,"49,8418750000","1,0865360000",,76.076019,76019,Seine-Maritime,28.0,Normandie,70.0,3.0,2.0,2,1.0,28,Normandie,76,1,20,Anneville-sur-Scie,418,10,428.0,0.0,33,,0.0,0.0,6.0,1.0,A01
202100029016,15,7,2021,05:09,3,76.0,76120,1,2,1.0,2.0,Route de Mathonville,"49,6034503100","1,3956561400",,76.076120,76120,Seine-Maritime,28.0,Normandie,80.0,3.0,2.0,2,1.0,28,Normandie,76,3,21,Bosc-Bordel,447,10,457.0,2.0,7,,9.0,0.0,5.0,1.0,A01
202100029016,15,7,2021,05:09,3,76.0,76120,1,2,1.0,2.0,Route de Mathonville,"49,6034503100","1,3956561400",,76.076120,76120,Seine-Maritime,28.0,Normandie,80.0,3.0,2.0,2,1.0,28,Normandie,76,3,21,Bosc-Bordel,447,10,457.0,1.0,10,,0.0,2.0,1.0,0.0,B01
202100029096,13,7,2021,15:00,1,76.0,76429,2,1,8.0,7.0,PARIS. ROUTE DE,"49,4161000000","1,1338100000",,76.076429,76429,Seine-Maritime,28.0,Normandie,50.0,7.0,2.0,2,1.0,28,Normandie,76,3,21,LeMesnil-Esnard,7980,353,8333.0,1.0,7,,0.0,1.0,1.0,1.0,A01
202100029097,12,7,2021,10:23,1,76.0,76351,1,2,2.0,6.0,Boulevard de Léningrad,"49,5002400000","0,1710200000",,76.076351,76351,Seine-Maritime,28.0,Normandie,50.0,4.0,3.0,8,2.0,28,Normandie,76,2,96,LeHavre,166058,1780,167838.0,2.0,7,,0.0,1.0,1.0,1.0,A01
202100029282,9,7,2021,12:42,1,76.0,76351,2,3,1.0,3.0,SAINTE ADRESSE (DE),"49,4998600000","0,0925500000",,76.076351,76351,Seine-Maritime,28.0,Normandie,50.0,4.0,2.0,2,1.0,28,Normandie,76,2,96,LeHavre,166058,1780,167838.0,3.0,30,,0.0,2.0,3.0,1.0,B01
202100029282,9,7,2021,12:42,1,76.0,76351,2,3,1.0,3.0,SAINTE ADRESSE (DE),"49,4998600000","0,0925500000",,76.076351,76351,Seine-Maritime,28.0,Normandie,50.0,4.0,2.0,2,1.0,28,Normandie,76,2,96,LeHavre,166058,1780,167838.0,3.0,7,,0.0,2.0,3.0,15.0,A01
202100029581,10,7,2021,16:00,1,76.0,76540,2,7,1.0,3.0,SAINT PAUL. PLACE,"49,4341600000","1,1059350000",,76.076540,76540,Seine-Maritime,28.0,Normandie,30.0,4.0,2.0,2,1.0,28,Normandie,76,3,97,Rouen,114083,1556,115639.0,3.0,7,,0.0,2.0,1.0,1.0,A01
202100029581,10,7,2021,16:00,1,76.0,76540,2,7,1.0,3.0,SAINT PAUL. PLACE,"49,4341600000","1,1059350000",,76.076540,76540,Seine-Maritime,28.0,Normandie,30.0,4.0,2.0,2,1.0,28,Normandie,76,3,97,Rouen,114083,1556,115639.0,0.0,50,,0.0,2.0,0.0,0.0,B01
202100029691,11,7,2021,08:30,1,76.0,76660,1,1,1.0,3.0,pont de normandie,"49,4526208982","0,2713590860",,76.076660,76660,Seine-Maritime,28.0,Normandie,70.0,2.0,3.0,4,1.0,28,Normandie,76,2,32,SandouvilLe800,11,811,,1.0,1,,0.0,2.0,3.0,2.0,B01
202100029691,11,7,2021,08:30,1,76.0,76660,1,1,1.0,3.0,pont de normandie,"49,4526208982","0,2713590860",,76.076660,76660,Seine-Maritime,28.0,Normandie,70.0,2.0,3.0,4,1.0,28,Normandie,76,2,32,SandouvilLe800,11,811,,1.0,7,,0.0,2.0,2.0,2.0,A01
202100029755,9,7,2021,09:15,1,76.0,76575,2,1,1.0,3.0,SEMARD. RUE PIERRE,"49,3940000000","1,0933300000",,76.076575,76575,Seine-Maritime,28.0,Normandie,500.0,4.0,2.0,2,1.0,28,Normandie,76,3,98,Saint-Étienne-du-Rouvray,28508,225,28733.0,0.0,7,,0.0,2.0,1.0,1.0,A01
202100029755,9,7,2021,09:15,1,76.0,76575,2,1,1.0,3.0,SEMARD. RUE PIERRE,"49,3940000000","1,0933300000",,76.076575,76575,Seine-Maritime,28.0,Normandie,500.0,4.0,2.0,2,1.0,28,Normandie,76,3,98,Saint-Étienne-du-Rouvray,28508,225,28733.0,0.0,33,,0.0,2.0,1.0,1.0,B01
202100029756,9,7,2021,03:25,5,76.0,76540,2,1,1.0,2.0,BOULET. QUAI GASTON,"49,4429100000","1,0781000000",,76.076540,76540,Seine-Maritime,28.0,Normandie,30.0,7.0,1.0,1,1.0,28,Normandie,76,3,97,Rouen,114083,1556,115639.0,1.0,7,,0.0,2.0,3.0,20.0,B01
202100029756,9,7,2021,03:25,5,76.0,76540,2,1,1.0,2.0,BOULET. QUAI GASTON,"49,4429100000","1,0781000000",,76.076540,76540,Seine-Maritime,28.0,Normandie,30.0,7.0,1.0,1,1.0,28,Normandie,76,3,97,Rouen,114083,1556,115639.0,1.0,7,,1.0,0.0,1.0,14.0,A01
202100029757,8,7,2021,17:45,1,76.0,76351,1,3,1.0,3.0,Rue Louis Lumière,"49,5270600000","0,1300200000",,76.076351,76351,Seine-Maritime,28.0,Normandie,50.0,3.0,2.0,3,1.0,28,Normandie,76,2,96,LeHavre,166058,1780,167838.0,1.0,7,,0.0,2.0,2.0,15.0,A01
202100029757,8,7,2021,17:45,1,76.0,76351,1,3,1.0,3.0,Rue Louis Lumière,"49,5270600000","0,1300200000",,76.076351,76351,Seine-Maritime,28.0,Normandie,50.0,3.0,2.0,3,1.0,28,Normandie,76,2,96,LeHavre,166058,1780,167838.0,2.0,2,,0.0,2.0,8.0,0.0,B01
202100030160,7,7,2021,15:25,1,76.0,76681,2,1,1.0,6.0,GARIBALDI. RUE,"49,4155000000","1,0913400000",,76.076681,76681,Seine-Maritime,28.0,Normandie,30.0,4.0,2.0,1,1.0,28,Normandie,76,3,99,Sotteville-lès-Rouen,28965,475,29440.0,0.0,7,,0.0,1.0,4.0,5.0,A01
202100030318,5,7,2021,16:05,1,76.0,76351,2,2,3.0,6.0,VALLEE (RUE DE LA),"49,4952400000","0,1554200000",,76.076351,76351,Seine-Maritime,28.0,Normandie,50.0,4.0,2.0,2,2.0,28,Normandie,76,2,96,LeHavre,166058,1780,167838.0,2.0,7,,0.0,1.0,7.0,0.0,A01
202100030348,5,7,2021,15:20,1,76.0,76270,1,1,1.0,6.0,RD 6382,"49,5260720000","0,1538180000",,76.076270,76270,Seine-Maritime,28.0,Normandie,90.0,3.0,3.0,4,1.0,28,Normandie,76,2,26,Fontaine-la-Mallet,2635,54,2689.0,2.0,7,,4.0,0.0,1.0,1.0,A01
202100030497,7,7,2021,14:40,1,76.0,76647,1,1,1.0,3.0,Route de Lillebonne,"49,5258070000","0,3828800000",,76.076647,76647,Seine-Maritime,28.0,Normandie,80.0,3.0,2.0,2,1.0,28,Normandie,76,2,32,Saint-Romain-de-Colbosc,4436,43,4479.0,1.0,1,,0.0,2.0,8.0,10.0,B01
202100030497,7,7,2021,14:40,1,76.0,76647,1,1,1.0,3.0,Route de Lillebonne,"49,5258070000","0,3828800000",,76.076647,76647,Seine-Maritime,28.0,Normandie,80.0,3.0,2.0,2,1.0,28,Normandie,76,2,32,Saint-Romain-de-Colbosc,4436,43,4479.0,1.0,7,,0.0,2.0,1.0,17.0,A01
202100030537,5,7,2021,08:20,1,76.0,76575,2,1,2.0,1.0,Z.A. DU MADRILLET,"49,3822000000","1,0735100000",,76.076575,76575,Seine-Maritime,28.0,Normandie,30.0,4.0,2.0,2,2.0,28,Normandie,76,3,98,Saint-Étienne-du-Rouvray,28508,225,28733.0,0.0,10,,0.0,2.0,3.0,1.0,A01
202100030537,5,7,2021,08:20,1,76.0,76575,2,1,2.0,1.0,Z.A. DU MADRILLET,"49,3822000000","1,0735100000",,76.076575,76575,Seine-Maritime,28.0,Normandie,30.0,4.0,2.0,2,2.0,28,Normandie,76,3,98,Saint-Étienne-du-Rouvray,28508,225,28733.0,0.0,7,,0.0,2.0,0.0,1.0,B01
202100030538,3,7,2021,19:30,1,76.0,76351,2,1,2.0,1.0,VAL AUX CORNEILLES (AVENUE DU)°,"49,5091500000","0,1490500000",,76.076351,76351,Seine-Maritime,28.0,Normandie,50.0,4.0,2.0,2,2.0,28,Normandie,76,2,96,LeHavre,166058,1780,167838.0,2.0,7,,0.0,2.0,3.0,13.0,A01
202100030538,3,7,2021,19:30,1,76.0,76351,2,1,2.0,1.0,VAL AUX CORNEILLES (AVENUE DU)°,"49,5091500000","0,1490500000",,76.076351,76351,Seine-Maritime,28.0,Normandie,50.0,4.0,2.0,2,2.0,28,Normandie,76,2,96,LeHavre,166058,1780,167838.0,1.0,7,,0.0,2.0,3.0,1.0,B01
202100030539,3,7,2021,16:30,1,76.0,76341,1,1,1.0,4.0,D6382,"49,5090307430","0,1976645784",,76.076341,76341,Seine-Maritime,28.0,Normandie,70.0,3.0,1.0,1,2.0,28,Normandie,76,2,15,Harfleur,8315,53,8368.0,1.0,7,,0.0,2.0,1.0,1.0,A01
202100030539,3,7,2021,16:30,1,76.0,76341,1,1,1.0,4.0,D6382,"49,5090307430","0,1976645784",,76.076341,76341,Seine-Maritime,28.0,Normandie,70.0,3.0,1.0,1,2.0,28,Normandie,76,2,15,Harfleur,8315,53,8368.0,1.0,7,,0.0,2.0,4.0,1.0,B01
202100030539,3,7,2021,16:30,1,76.0,76341,1,1,1.0,4.0,D6382,"49,5090307430","0,1976645784",,76.076341,76341,Seine-Maritime,28.0,Normandie,70.0,3.0,1.0,1,2.0,28,Normandie,76,2,15,Harfleur,8315,53,8368.0,1.0,7,,0.0,2.0,4.0,1.0,C01
202100030825,4,7,2021,19:45,1,76.0,76575,2,1,1.0,6.0,RENAN. RUE ERNEST,"49,3986200000","1,0657100000",,76.076575,76575,Seine-Maritime,28.0,Normandie,50.0,4.0,2.0,2,1.0,28,Normandie,76,3,98,Saint-Étienne-du-Rouvray,28508,225,28733.0,3.0,7,,0.0,2.0,1.0,13.0,A01
202100030826,4,7,2021,20:10,1,76.0,76575,2,1,1.0,7.0,CHATEAU BLANC,"49,3931100000","1,0704400000",,76.076575,76575,Seine-Maritime,28.0,Normandie,50.0,4.0,2.0,2,1.0,28,Normandie,76,3,98,Saint-Étienne-du-Rouvray,28508,225,28733.0,0.0,32,,15.0,0.0,1.0,1.0,A01
202100030827,3,7,2021,13:50,1,76.0,76259,2,7,1.0,1.0,RICHARD ( PLACE DES DUCS),"49,7552800000","0,3800000000",,76.076259,76259,Seine-Maritime,28.0,Normandie,50.0,4.0,2.0,4,1.0,28,Normandie,76,2,11,Fécamp,18016,269,18285.0,3.0,50,,0.0,2.0,1.0,5.0,B01