Num_Acc,jour,mois,an,hrmn,lum,dep,com,agg,int,atm,col,adr,lat,long,gps,com_insee_temp,com_insee,departmentName,regionCode,regionName,vma,catr,circ,nbv,surf,Code,Region,Departement,Arrondissement,Code_Canton,Nom_Commune,Population_municipaLe,Population_comptee_a_part,Population_Totale,senc,catv,occutc,obs,obsm,choc,manv,num_veh
202100030827,3,7,2021,13:50,1,76.0,76259,2,7,1.0,1.0,RICHARD ( PLACE DES DUCS),"49,7552800000","0,3800000000",,76.076259,76259,Seine-Maritime,28.0,Normandie,50.0,4.0,2.0,4,1.0,28,Normandie,76,2,11,Fécamp,18016,269,18285.0,3.0,7,,0.0,2.0,3.0,15.0,A01
202100030832,1,7,2021,12:27,1,76.0,76351,2,3,1.0,6.0,ETRETAT (D'),"49,4980100000","0,0959600000",,76.076351,76351,Seine-Maritime,28.0,Normandie,50.0,4.0,2.0,2,1.0,28,Normandie,76,2,96,LeHavre,166058,1780,167838.0,2.0,7,,0.0,1.0,7.0,1.0,A01
202100030947,5,7,2021,05:30,2,76.0,76678,1,1,1.0,6.0,Route de la Cavée,"49,6323360000","1,4801660000",,76.076678,76678,Seine-Maritime,28.0,Normandie,70.0,3.0,2.0,2,2.0,28,Normandie,76,1,23,Sommery,834,10,844.0,2.0,7,,2.0,0.0,3.0,16.0,A01
202100030948,2,7,2021,04:35,3,76.0,76672,1,1,5.0,7.0,Route de Gaillefontaine,"49,6154885042","1,5539555526",,76.076672,76672,Seine-Maritime,28.0,Normandie,80.0,3.0,2.0,2,1.0,28,Normandie,76,1,12,Serqueux,957,15,972.0,1.0,7,,6.0,0.0,1.0,1.0,A01
202100030990,29,6,2021,12:30,1,76.0,76540,2,1,1.0,3.0,EMENDREVILLE. RUE D',"49,4295600000","1,0961100000",,76.076540,76540,Seine-Maritime,28.0,Normandie,30.0,4.0,2.0,1,1.0,28,Normandie,76,3,97,Rouen,114083,1556,115639.0,0.0,99,,0.0,2.0,8.0,1.0,B01
202100030990,29,6,2021,12:30,1,76.0,76540,2,1,1.0,3.0,EMENDREVILLE. RUE D',"49,4295600000","1,0961100000",,76.076540,76540,Seine-Maritime,28.0,Normandie,30.0,4.0,2.0,1,1.0,28,Normandie,76,3,97,Rouen,114083,1556,115639.0,0.0,7,,0.0,2.0,1.0,9.0,A01
202100031232,3,7,2021,14:10,1,76.0,76201,1,1,2.0,3.0,N31,"49,4581940000","1,4103700000",,76.076201,76201,Seine-Maritime,28.0,Normandie,80.0,2.0,2.0,3,2.0,28,Normandie,76,1,12,Croisy-sur-AndelLe524,4,528,,2.0,7,,0.0,2.0,2.0,1.0,A01
202100031232,3,7,2021,14:10,1,76.0,76201,1,1,2.0,3.0,N31,"49,4581940000","1,4103700000",,76.076201,76201,Seine-Maritime,28.0,Normandie,80.0,2.0,2.0,3,2.0,28,Normandie,76,1,12,Croisy-sur-AndelLe524,4,528,,1.0,7,,0.0,2.0,2.0,13.0,B01
202100031348,3,7,2021,09:50,1,76.0,76441,2,4,2.0,7.0,D49,"49,9445580000","1,5907750000",,76.076441,76441,Seine-Maritime,28.0,Normandie,-1.0,3.0,2.0,2,2.0,28,Normandie,76,1,10,Monchaux-Soreng,616,10,626.0,1.0,33,,15.0,0.0,1.0,1.0,A01
202100031398,2,7,2021,16:40,1,76.0,76533,2,1,1.0,6.0,Côte de Rogerville,"49,5014820000","0,2687630000",,76.076533,76533,Seine-Maritime,28.0,Normandie,50.0,3.0,2.0,2,1.0,28,Normandie,76,2,16,RogervilLe1706,19,1725,,2.0,7,,0.0,2.0,2.0,1.0,B01
202100031398,2,7,2021,16:40,1,76.0,76533,2,1,1.0,6.0,Côte de Rogerville,"49,5014820000","0,2687630000",,76.076533,76533,Seine-Maritime,28.0,Normandie,50.0,3.0,2.0,2,1.0,28,Normandie,76,2,16,RogervilLe1706,19,1725,,1.0,33,,0.0,2.0,4.0,5.0,A01
202100031841,26,6,2021,18:30,1,76.0,76351,1,1,2.0,6.0,Rue Gustave Brindeau,"49,4896600000","0,1421900000",,76.076351,76351,Seine-Maritime,28.0,Normandie,50.0,4.0,2.0,1,2.0,28,Normandie,76,2,96,LeHavre,166058,1780,167838.0,1.0,7,,0.0,1.0,1.0,1.0,A01
202100031842,26,6,2021,21:30,5,76.0,76447,2,1,2.0,6.0,GEORGES CLEMENCEAU,"49,5499400000","0,2001900000",,76.076447,76447,Seine-Maritime,28.0,Normandie,50.0,3.0,2.0,3,2.0,28,Normandie,76,2,15,Montivilliers,15457,203,15660.0,1.0,7,,1.0,0.0,1.0,1.0,A01
202100031843,26,6,2021,02:00,5,76.0,76447,2,1,1.0,6.0,PRESIDENT WILSON,"49,5407500000","0,1794100000",,76.076447,76447,Seine-Maritime,28.0,Normandie,50.0,4.0,2.0,2,2.0,28,Normandie,76,2,15,Montivilliers,15457,203,15660.0,2.0,7,,1.0,0.0,3.0,0.0,A01
202100031967,27,6,2021,17:21,1,76.0,76131,1,1,1.0,7.0,Côte de la Maison Brûlée (D132),"49,3481950000","0,9310840000",,76.076131,76131,Seine-Maritime,28.0,Normandie,80.0,7.0,2.0,-1,1.0,28,Normandie,76,3,9,La BouilLe710,10,720,,2.0,33,,3.0,0.0,0.0,0.0,A01
202100032252,25,6,2021,13:25,1,76.0,76540,2,1,1.0,6.0,JEANNE D'ARC. RUE,"49,4423600000","1,0907000000",,76.076540,76540,Seine-Maritime,28.0,Normandie,30.0,4.0,-1.0,2,1.0,28,Normandie,76,3,97,Rouen,114083,1556,115639.0,0.0,1,,0.0,1.0,7.0,0.0,A01
202100032253,25,6,2021,04:40,5,76.0,76540,2,2,1.0,3.0,RONDEAUX. AVENUE JEAN,"49,4343800000","1,0762000000",,76.076540,76540,Seine-Maritime,28.0,Normandie,50.0,2.0,2.0,4,1.0,28,Normandie,76,3,97,Rouen,114083,1556,115639.0,3.0,1,,0.0,2.0,2.0,1.0,A01
202100032253,25,6,2021,04:40,5,76.0,76540,2,2,1.0,3.0,RONDEAUX. AVENUE JEAN,"49,4343800000","1,0762000000",,76.076540,76540,Seine-Maritime,28.0,Normandie,50.0,2.0,2.0,4,1.0,28,Normandie,76,3,97,Rouen,114083,1556,115639.0,3.0,7,,0.0,2.0,1.0,1.0,B01
202100032363,24,6,2021,17:30,1,76.0,76280,1,1,1.0,7.0,D1314,"49,8265570000","1,4108200000",,76.076280,76280,Seine-Maritime,28.0,Normandie,70.0,3.0,-1.0,2,1.0,28,Normandie,76,1,23,FréauvilLe140,1,141,,2.0,7,,16.0,0.0,0.0,17.0,A01
202100032377,26,6,2021,08:00,1,76.0,76581,1,2,8.0,3.0,Route de la Plaine,"49,5284300000","1,3371500000",,76.076581,76581,Seine-Maritime,28.0,Normandie,80.0,3.0,2.0,2,1.0,28,Normandie,76,3,21,Saint-Germain-des-Essourts,381,9,390.0,2.0,7,,0.0,2.0,6.0,1.0,A01
202100032377,26,6,2021,08:00,1,76.0,76581,1,2,8.0,3.0,Route de la Plaine,"49,5284300000","1,3371500000",,76.076581,76581,Seine-Maritime,28.0,Normandie,80.0,3.0,2.0,2,1.0,28,Normandie,76,3,21,Saint-Germain-des-Essourts,381,9,390.0,2.0,31,,0.0,2.0,1.0,1.0,B01
202100032653,23,6,2021,21:38,2,76.0,76540,2,1,1.0,2.0,BOISGUILBERT. QUAI DE,"49,4408300000","1,0816600000",,76.076540,76540,Seine-Maritime,28.0,Normandie,50.0,7.0,1.0,5,1.0,28,Normandie,76,3,97,Rouen,114083,1556,115639.0,2.0,33,,0.0,2.0,4.0,2.0,B01
202100032653,23,6,2021,21:38,2,76.0,76540,2,1,1.0,2.0,BOISGUILBERT. QUAI DE,"49,4408300000","1,0816600000",,76.076540,76540,Seine-Maritime,28.0,Normandie,50.0,7.0,1.0,5,1.0,28,Normandie,76,3,97,Rouen,114083,1556,115639.0,2.0,7,,0.0,2.0,2.0,1.0,A01
202100032954,23,6,2021,17:30,1,76.0,76159,2,1,1.0,3.0,Route de Barville,"49,7847600000","0,6406400000",,76.076159,76159,Seine-Maritime,28.0,Normandie,50.0,3.0,2.0,2,1.0,28,Normandie,76,1,33,Cany-BarvilLe2947,46,2993,,1.0,33,,0.0,2.0,2.0,17.0,B01
202100032954,23,6,2021,17:30,1,76.0,76159,2,1,1.0,3.0,Route de Barville,"49,7847600000","0,6406400000",,76.076159,76159,Seine-Maritime,28.0,Normandie,50.0,3.0,2.0,2,1.0,28,Normandie,76,1,33,Cany-BarvilLe2947,46,2993,,1.0,7,,0.0,2.0,3.0,20.0,A01
202100033030,20,6,2021,17:15,1,76.0,76351,1,1,1.0,7.0,BIGNE A FOSSE,"49,5303600000","0,1099500000",,76.076351,76351,Seine-Maritime,28.0,Normandie,50.0,4.0,2.0,2,1.0,28,Normandie,76,2,96,LeHavre,166058,1780,167838.0,1.0,43,,12.0,0.0,2.0,1.0,A01
202100033113,17,6,2021,15:10,1,76.0,76298,1,1,1.0,7.0,D486,"49,7340866397","0,3886145353",,76.076298,76298,Seine-Maritime,28.0,Normandie,80.0,3.0,2.0,2,1.0,28,Normandie,76,2,11,GanzevilLe463,14,477,,0.0,7,,16.0,0.0,9.0,17.0,A01
202100033152,21,6,2021,14:30,1,76.0,76758,2,4,1.0,6.0,Rue Edmond Labbé,"49,6168300000","0,7520600000",,76.076758,76758,Seine-Maritime,28.0,Normandie,50.0,3.0,2.0,2,1.0,28,Normandie,76,3,35,Yvetot,11385,208,11593.0,2.0,7,,0.0,1.0,1.0,1.0,A01
202100033153,21,6,2021,19:17,2,76.0,76055,1,1,3.0,1.0,D37,"49,6377320000","0,7681100000",,76.076055,76055,Seine-Maritime,28.0,Normandie,80.0,3.0,2.0,2,2.0,28,Normandie,76,3,35,Baons-le-Comte,335,8,343.0,2.0,7,,0.0,2.0,3.0,1.0,B01
202100033153,21,6,2021,19:17,2,76.0,76055,1,1,3.0,1.0,D37,"49,6377320000","0,7681100000",,76.076055,76055,Seine-Maritime,28.0,Normandie,80.0,3.0,2.0,2,2.0,28,Normandie,76,3,35,Baons-le-Comte,335,8,343.0,1.0,7,,0.0,2.0,3.0,13.0,A01
202100033322,12,6,2021,06:15,1,76.0,76351,2,1,1.0,6.0,JENNER (TUNNEL),"49,5054900000","0,1341900000",,76.076351,76351,Seine-Maritime,28.0,Normandie,50.0,4.0,1.0,-1,1.0,28,Normandie,76,2,96,LeHavre,166058,1780,167838.0,0.0,1,,4.0,0.0,0.0,13.0,A01
202100033386,19,6,2021,17:11,1,76.0,76322,2,1,1.0,1.0,RAVEL. BOULEVARD MAURICE,"49,4059202286","1,0441843048",,76.076322,76322,Seine-Maritime,28.0,Normandie,50.0,4.0,2.0,2,2.0,28,Normandie,76,3,13,LeGrand-Quevilly,25975,225,26200.0,0.0,50,,0.0,2.0,8.0,0.0,B01
202100033386,19,6,2021,17:11,1,76.0,76322,2,1,1.0,1.0,RAVEL. BOULEVARD MAURICE,"49,4059202286","1,0441843048",,76.076322,76322,Seine-Maritime,28.0,Normandie,50.0,4.0,2.0,2,2.0,28,Normandie,76,3,13,LeGrand-Quevilly,25975,225,26200.0,0.0,7,,0.0,2.0,1.0,0.0,A01
202100033550,18,6,2021,20:10,1,76.0,76319,1,1,1.0,5.0,CD 13,"49,3654000000","1,0197300000",,76.076319,76319,Seine-Maritime,28.0,Normandie,70.0,7.0,2.0,0,2.0,28,Normandie,76,3,9,Grand-Couronne,9726,177,9903.0,0.0,7,,0.0,2.0,1.0,0.0,C01
202100033550,18,6,2021,20:10,1,76.0,76319,1,1,1.0,5.0,CD 13,"49,3654000000","1,0197300000",,76.076319,76319,Seine-Maritime,28.0,Normandie,70.0,7.0,2.0,0,2.0,28,Normandie,76,3,9,Grand-Couronne,9726,177,9903.0,0.0,7,,0.0,2.0,1.0,0.0,B01
202100033550,18,6,2021,20:10,1,76.0,76319,1,1,1.0,5.0,CD 13,"49,3654000000","1,0197300000",,76.076319,76319,Seine-Maritime,28.0,Normandie,70.0,7.0,2.0,0,2.0,28,Normandie,76,3,9,Grand-Couronne,9726,177,9903.0,0.0,7,,0.0,2.0,1.0,0.0,A01
202100033551,18,6,2021,03:44,5,76.0,76259,2,1,1.0,6.0,COUTURIER ( RUE GUSTAVE),"49,7525200000","0,3931700000",,76.076259,76259,Seine-Maritime,28.0,Normandie,50.0,4.0,2.0,2,1.0,28,Normandie,76,2,11,Fécamp,18016,269,18285.0,2.0,7,,1.0,0.0,2.0,14.0,A01
202100033552,18,6,2021,08:35,1,76.0,76351,2,2,1.0,3.0,COMMANDANT COUSTEAU ,"49,5226780000","0,0909846000",,76.076351,76351,Seine-Maritime,28.0,Normandie,50.0,4.0,2.0,2,1.0,28,Normandie,76,2,96,LeHavre,166058,1780,167838.0,1.0,7,,0.0,2.0,3.0,0.0,B01
202100033552,18,6,2021,08:35,1,76.0,76351,2,2,1.0,3.0,COMMANDANT COUSTEAU ,"49,5226780000","0,0909846000",,76.076351,76351,Seine-Maritime,28.0,Normandie,50.0,4.0,2.0,2,1.0,28,Normandie,76,2,96,LeHavre,166058,1780,167838.0,2.0,7,,0.0,2.0,1.0,0.0,A01
202100033703,18,6,2021,16:00,1,76.0,76183,1,1,3.0,1.0,D150,"49,7446170000","0,4725620000",,76.076183,76183,Seine-Maritime,28.0,Normandie,80.0,3.0,2.0,2,2.0,28,Normandie,76,2,11,CollevilLe767,19,786,,1.0,7,,0.0,2.0,1.0,1.0,A01
202100033703,18,6,2021,16:00,1,76.0,76183,1,1,3.0,1.0,D150,"49,7446170000","0,4725620000",,76.076183,76183,Seine-Maritime,28.0,Normandie,80.0,3.0,2.0,2,2.0,28,Normandie,76,2,11,CollevilLe767,19,786,,2.0,7,,0.0,2.0,1.0,1.0,B01
202100033915,17,6,2021,18:00,1,76.0,76404,2,1,1.0,7.0,D52,"49,5649290000","0,2550500000",,76.076404,76404,Seine-Maritime,28.0,Normandie,70.0,3.0,2.0,2,1.0,28,Normandie,76,2,26,Manéglise,1264,23,1287.0,2.0,31,,0.0,0.0,1.0,1.0,A01
202100034005,16,6,2021,19:15,1,76.0,76561,2,3,1.0,3.0,MONNET. RUE JEAN,"49,3015132409","1,0368280727",,76.076561,76561,Seine-Maritime,28.0,Normandie,30.0,4.0,2.0,2,1.0,28,Normandie,76,3,5,Saint-Aubin-lès-Elbeuf,8428,75,8503.0,0.0,50,,0.0,2.0,3.0,15.0,B01
202100034005,16,6,2021,19:15,1,76.0,76561,2,3,1.0,3.0,MONNET. RUE JEAN,"49,3015132409","1,0368280727",,76.076561,76561,Seine-Maritime,28.0,Normandie,30.0,4.0,2.0,2,1.0,28,Normandie,76,3,5,Saint-Aubin-lès-Elbeuf,8428,75,8503.0,0.0,7,,0.0,2.0,3.0,1.0,A01
202100034031,16,6,2021,17:02,1,76.0,76681,2,7,1.0,6.0,MARTYRS DE LA RESISTANCE. PLACE DES,"49,4194000000","1,0781600000",,76.076681,76681,Seine-Maritime,28.0,Normandie,50.0,4.0,2.0,2,1.0,28,Normandie,76,3,99,Sotteville-lès-Rouen,28965,475,29440.0,0.0,20,,0.0,1.0,1.0,1.0,A01
202100034032,16,6,2021,12:30,1,76.0,76540,2,1,1.0,6.0,CARREL. RUE ARMAND,"49,4398389954","1,1018534577",,76.076540,76540,Seine-Maritime,28.0,Normandie,30.0,4.0,2.0,1,1.0,28,Normandie,76,3,97,Rouen,114083,1556,115639.0,3.0,10,,0.0,1.0,8.0,15.0,A01
202100034033,15,6,2021,20:20,1,76.0,76351,2,2,1.0,2.0,INGOUVILLE (RUE),"49,4974800000","0,1094300000",,76.076351,76351,Seine-Maritime,28.0,Normandie,50.0,4.0,2.0,3,1.0,28,Normandie,76,2,96,LeHavre,166058,1780,167838.0,0.0,7,,0.0,2.0,4.0,23.0,B01
202100034033,15,6,2021,20:20,1,76.0,76351,2,2,1.0,2.0,INGOUVILLE (RUE),"49,4974800000","0,1094300000",,76.076351,76351,Seine-Maritime,28.0,Normandie,50.0,4.0,2.0,3,1.0,28,Normandie,76,2,96,LeHavre,166058,1780,167838.0,0.0,2,,0.0,2.0,1.0,1.0,A01
202100034034,15,6,2021,20:30,1,76.0,76351,2,1,1.0,3.0,ESTIENNE D'ORVES (D'),"49,5154000000","0,0968000000",,76.076351,76351,Seine-Maritime,28.0,Normandie,50.0,4.0,2.0,1,1.0,28,Normandie,76,2,96,LeHavre,166058,1780,167838.0,3.0,1,,0.0,2.0,0.0,1.0,B01
202100034034,15,6,2021,20:30,1,76.0,76351,2,1,1.0,3.0,ESTIENNE D'ORVES (D'),"49,5154000000","0,0968000000",,76.076351,76351,Seine-Maritime,28.0,Normandie,50.0,4.0,2.0,1,1.0,28,Normandie,76,2,96,LeHavre,166058,1780,167838.0,3.0,7,,0.0,2.0,0.0,1.0,A01
202100034237,14,6,2021,15:00,1,76.0,76351,2,1,1.0,6.0,VERDUN (RUE DE),"49,5012849989","0,1492971182",,76.076351,76351,Seine-Maritime,28.0,Normandie,50.0,3.0,2.0,2,1.0,28,Normandie,76,2,96,LeHavre,166058,1780,167838.0,2.0,1,,0.0,2.0,1.0,1.0,B01
202100034347,16,6,2021,01:00,3,76.0,76733,1,1,1.0,6.0,Ligne des Limousins,"49,7167362014","1,2740521266",,76.076733,76733,Seine-Maritime,28.0,Normandie,50.0,4.0,2.0,1,1.0,28,Normandie,76,1,23,Ventes-Saint-Rémy,223,3,226.0,0.0,7,,14.0,0.0,3.0,2.0,A01
202100034474,15,6,2021,19:15,1,76.0,76035,2,5,1.0,1.0,Rue de Normandie,"49,7675300000","1,7527300000",,76.076035,76035,Seine-Maritime,28.0,Normandie,50.0,3.0,2.0,2,1.0,28,Normandie,76,1,12,AumaLe1974,45,2019,,0.0,1,,0.0,2.0,1.0,26.0,B01
202100034474,15,6,2021,19:15,1,76.0,76035,2,5,1.0,1.0,Rue de Normandie,"49,7675300000","1,7527300000",,76.076035,76035,Seine-Maritime,28.0,Normandie,50.0,3.0,2.0,2,1.0,28,Normandie,76,1,12,AumaLe1974,45,2019,,1.0,7,,0.0,9.0,1.0,26.0,A01
202100034529,15,6,2021,17:35,1,76.0,76069,1,9,1.0,3.0,D6015,"49,3766140000","1,1255940000",,76.076069,76069,Seine-Maritime,28.0,Normandie,70.0,7.0,2.0,3,1.0,28,Normandie,76,3,6,Belbeuf,2249,48,2297.0,1.0,33,,0.0,2.0,1.0,3.0,B01
202100034529,15,6,2021,17:35,1,76.0,76069,1,9,1.0,3.0,D6015,"49,3766140000","1,1255940000",,76.076069,76069,Seine-Maritime,28.0,Normandie,70.0,7.0,2.0,3,1.0,28,Normandie,76,3,6,Belbeuf,2249,48,2297.0,1.0,7,,0.0,2.0,8.0,10.0,A01
202100034707,14,6,2021,06:40,1,76.0,76401,1,1,1.0,1.0,D913 - PK 11890,"49,4352200000","0,7913700000",,76.076401,76401,Seine-Maritime,28.0,Normandie,80.0,3.0,2.0,2,1.0,28,Normandie,76,3,25,Arelaune-en-Seine,2518,43,2561.0,1.0,7,,0.0,2.0,1.0,1.0,A01
202100034707,14,6,2021,06:40,1,76.0,76401,1,1,1.0,1.0,D913 - PK 11890,"49,4352200000","0,7913700000",,76.076401,76401,Seine-Maritime,28.0,Normandie,80.0,3.0,2.0,2,1.0,28,Normandie,76,3,25,Arelaune-en-Seine,2518,43,2561.0,2.0,7,,0.0,2.0,1.0,1.0,B01
202100034954,11,6,2021,08:05,1,76.0,76231,2,1,1.0,1.0,CARNOT. COURS,"49,2870600000","1,0132700000",,76.076231,76231,Seine-Maritime,28.0,Normandie,50.0,4.0,2.0,2,1.0,28,Normandie,76,3,9,Elbeuf,15951,138,16089.0,0.0,60,,0.0,2.0,3.0,9.0,B01
202100034954,11,6,2021,08:05,1,76.0,76231,2,1,1.0,1.0,CARNOT. COURS,"49,2870600000","1,0132700000",,76.076231,76231,Seine-Maritime,28.0,Normandie,50.0,4.0,2.0,2,1.0,28,Normandie,76,3,9,Elbeuf,15951,138,16089.0,1.0,0,,0.0,2.0,1.0,17.0,Z01
202100034955,9,6,2021,23:40,5,76.0,76351,1,1,1.0,3.0,AMIRAL MOUCHEZ (BD),"49,4856500000","0,1317800000",,76.076351,76351,Seine-Maritime,28.0,Normandie,50.0,4.0,2.0,3,1.0,28,Normandie,76,2,96,LeHavre,166058,1780,167838.0,2.0,7,,0.0,2.0,3.0,9.0,A01
202100034955,9,6,2021,23:40,5,76.0,76351,1,1,1.0,3.0,AMIRAL MOUCHEZ (BD),"49,4856500000","0,1317800000",,76.076351,76351,Seine-Maritime,28.0,Normandie,50.0,4.0,2.0,3,1.0,28,Normandie,76,2,96,LeHavre,166058,1780,167838.0,2.0,7,,0.0,2.0,2.0,1.0,B01
202100035106,12,6,2021,00:20,5,76.0,76624,2,3,1.0,6.0,Rue d Arques,"49,8816250000","1,2113180000",,76.076624,76624,Seine-Maritime,28.0,Normandie,50.0,4.0,2.0,2,1.0,28,Normandie,76,1,8,Saint-Nicolas-d'Aliermont,3764,59,3823.0,2.0,2,,8.0,0.0,1.0,1.0,A01
202100035177,12,6,2021,16:40,1,76.0,76060,1,1,1.0,2.0,Rue de l Abbaye,"49,6536000000","1,4974440000",,76.076060,76060,Seine-Maritime,28.0,Normandie,80.0,3.0,2.0,2,1.0,28,Normandie,76,1,12,Beaubec-la-Rosière,474,9,483.0,2.0,2,,0.0,2.0,1.0,2.0,A01
202100035177,12,6,2021,16:40,1,76.0,76060,1,1,1.0,2.0,Rue de l Abbaye,"49,6536000000","1,4974440000",,76.076060,76060,Seine-Maritime,28.0,Normandie,80.0,3.0,2.0,2,1.0,28,Normandie,76,1,12,Beaubec-la-Rosière,474,9,483.0,1.0,2,,0.0,0.0,4.0,2.0,B01
202100035207,10,6,2021,01:38,5,76.0,76259,2,1,1.0,6.0,COUTURIER ( RUE GUSTAVE),"49,7542600000","0,3883600000",,76.076259,76259,Seine-Maritime,28.0,Normandie,50.0,4.0,2.0,2,1.0,28,Normandie,76,2,11,Fécamp,18016,269,18285.0,3.0,99,,0.0,1.0,0.0,14.0,A01
202100035241,9,6,2021,17:45,1,76.0,76351,2,1,1.0,2.0,LENINGRAD (BD DE),"49,5002000000","0,1708800000",,76.076351,76351,Seine-Maritime,28.0,Normandie,50.0,4.0,3.0,4,1.0,28,Normandie,76,2,96,LeHavre,166058,1780,167838.0,2.0,7,,0.0,2.0,6.0,10.0,B01
202100035241,9,6,2021,17:45,1,76.0,76351,2,1,1.0,2.0,LENINGRAD (BD DE),"49,5002000000","0,1708800000",,76.076351,76351,Seine-Maritime,28.0,Normandie,50.0,4.0,3.0,4,1.0,28,Normandie,76,2,96,LeHavre,166058,1780,167838.0,2.0,14,,0.0,2.0,2.0,12.0,A01
202100035360,11,6,2021,13:10,1,76.0,76151,1,1,1.0,1.0,D20,"49,8419300000","0,7301300000",,76.076151,76151,Seine-Maritime,28.0,Normandie,80.0,3.0,2.0,2,1.0,28,Normandie,76,1,33,CaillevilLe252,7,259,,2.0,7,,0.0,2.0,1.0,2.0,B01
202100035360,11,6,2021,13:10,1,76.0,76151,1,1,1.0,1.0,D20,"49,8419300000","0,7301300000",,76.076151,76151,Seine-Maritime,28.0,Normandie,80.0,3.0,2.0,2,1.0,28,Normandie,76,1,33,CaillevilLe252,7,259,,1.0,7,,0.0,2.0,1.0,13.0,A01
202100035395,10,6,2021,16:31,1,76.0,76305,1,1,1.0,2.0,A131,"49,4952250000","0,2518060000",,76.076305,76305,Seine-Maritime,28.0,Normandie,130.0,1.0,3.0,4,1.0,28,Normandie,76,2,16,Gonfreville-l'Orcher,8961,44,9005.0,1.0,7,,0.0,2.0,4.0,2.0,C01
202100035395,10,6,2021,16:31,1,76.0,76305,1,1,1.0,2.0,A131,"49,4952250000","0,2518060000",,76.076305,76305,Seine-Maritime,28.0,Normandie,130.0,1.0,3.0,4,1.0,28,Normandie,76,2,16,Gonfreville-l'Orcher,8961,44,9005.0,1.0,15,,0.0,2.0,1.0,2.0,A01
202100035689,8,6,2021,17:15,1,76.0,76319,1,1,1.0,1.0,RN 138,"49,3447200000","1,0124400000",,76.076319,76319,Seine-Maritime,28.0,Normandie,50.0,7.0,2.0,2,1.0,28,Normandie,76,3,9,Grand-Couronne,9726,177,9903.0,2.0,7,,0.0,2.0,1.0,0.0,B01
202100035689,8,6,2021,17:15,1,76.0,76319,1,1,1.0,1.0,RN 138,"49,3447200000","1,0124400000",,76.076319,76319,Seine-Maritime,28.0,Normandie,50.0,7.0,2.0,2,1.0,28,Normandie,76,3,9,Grand-Couronne,9726,177,9903.0,2.0,10,,0.0,2.0,1.0,13.0,A01
202100035690,8,6,2021,06:20,1,76.0,76157,2,1,1.0,1.0,CANAL. RUE DU (CD 51),"49,4592400000","1,0439000000",,76.076157,76157,Seine-Maritime,28.0,Normandie,50.0,7.0,2.0,2,1.0,28,Normandie,76,3,4,Canteleu,13966,360,14326.0,2.0,7,,0.0,2.0,3.0,15.0,A01
202100035690,8,6,2021,06:20,1,76.0,76157,2,1,1.0,1.0,CANAL. RUE DU (CD 51),"49,4592400000","1,0439000000",,76.076157,76157,Seine-Maritime,28.0,Normandie,50.0,7.0,2.0,2,1.0,28,Normandie,76,3,4,Canteleu,13966,360,14326.0,1.0,60,,0.0,2.0,1.0,1.0,B01
202100035885,5,6,2021,20:38,2,76.0,76351,2,1,1.0,6.0,ALBERT 1ER,"49,4970641698","0,0925831497",,76.076351,76351,Seine-Maritime,28.0,Normandie,50.0,4.0,3.0,4,1.0,28,Normandie,76,2,96,LeHavre,166058,1780,167838.0,1.0,1,,0.0,1.0,4.0,1.0,A01
202100035987,5,6,2021,16:45,1,76.0,76195,1,1,1.0,7.0,D479,"49,7925700000","0,5567500000",,76.076195,76195,Seine-Maritime,28.0,Normandie,80.0,3.0,2.0,2,1.0,28,Normandie,76,2,11,Criquetot-le-Mauconduit,189,4,193.0,1.0,1,,0.0,0.0,0.0,1.0,A01
202100035988,7,6,2021,21:42,2,76.0,76728,2,2,1.0,3.0,Route de Duclair,"49,4904428780","1,0003234819",,76.076728,76728,Seine-Maritime,28.0,Normandie,50.0,3.0,2.0,2,1.0,28,Normandie,76,3,24,La Vaupalière,1192,21,1213.0,2.0,33,,0.0,2.0,1.0,1.0,A01
202100035988,7,6,2021,21:42,2,76.0,76728,2,2,1.0,3.0,Route de Duclair,"49,4904428780","1,0003234819",,76.076728,76728,Seine-Maritime,28.0,Normandie,50.0,3.0,2.0,2,1.0,28,Normandie,76,3,24,La Vaupalière,1192,21,1213.0,1.0,7,,0.0,2.0,6.0,1.0,B01
202100036056,6,6,2021,14:15,1,76.0,76231,1,1,1.0,7.0,FORET D'ELBEUF,"49,2589500000","1,0102500000",,76.076231,76231,Seine-Maritime,28.0,Normandie,50.0,4.0,2.0,2,1.0,28,Normandie,76,3,9,Elbeuf,15951,138,16089.0,3.0,7,,2.0,0.0,2.0,1.0,A01
202100036186,6,6,2021,20:15,1,76.0,76459,1,4,1.0,7.0,Route de Saint Saire,"49,6998500000","1,4932000000",,76.076459,76459,Seine-Maritime,28.0,Normandie,50.0,3.0,2.0,2,1.0,28,Normandie,76,1,23,Nesle-Hodeng,339,5,344.0,1.0,33,,0.0,0.0,7.0,6.0,A01
202100036392,4,6,2021,09:00,1,76.0,76540,2,1,2.0,6.0,GAULLE. PLACE CHARLES DE,"49,4433700000","1,0982800000",,76.076540,76540,Seine-Maritime,28.0,Normandie,50.0,4.0,2.0,3,2.0,28,Normandie,76,3,97,Rouen,114083,1556,115639.0,0.0,7,,0.0,1.0,3.0,0.0,A01