Num_Acc,jour,mois,an,hrmn,lum,dep,com,agg,int,atm,col,adr,lat,long,gps,com_insee_temp,com_insee,departmentName,regionCode,regionName,vma,catr,circ,nbv,surf,Code,Region,Departement,Arrondissement,Code_Canton,Nom_Commune,Population_municipaLe,Population_comptee_a_part,Population_Totale,senc,catv,occutc,obs,obsm,choc,manv,num_veh
202100036690,3,6,2021,23:15,4,76.0,76140,1,1,1.0,6.0,D142,"49,7808400000","0,8721300000",,76.076140,76140,Seine-Maritime,28.0,Normandie,80.0,3.0,2.0,2,1.0,28,Normandie,76,1,33,Brametot,199,2,201.0,1.0,7,,2.0,0.0,8.0,2.0,A01
202100036773,2,6,2021,16:25,1,76.0,76540,2,1,1.0,6.0,ERNEMONT. RUE D',"49,4495500000","1,1014600000",,76.076540,76540,Seine-Maritime,28.0,Normandie,50.0,4.0,1.0,1,1.0,28,Normandie,76,3,97,Rouen,114083,1556,115639.0,0.0,7,,0.0,2.0,1.0,1.0,A01
202100036945,1,6,2021,08:15,1,76.0,76231,2,1,1.0,6.0,NEUBOURG. RUE DU (RN 840),"49,2800200000","1,0074700000",,76.076231,76231,Seine-Maritime,28.0,Normandie,50.0,7.0,2.0,2,1.0,28,Normandie,76,3,9,Elbeuf,15951,138,16089.0,1.0,32,,0.0,1.0,1.0,1.0,A01
202100036972,1,6,2021,13:43,1,76.0,76498,2,6,1.0,3.0,NERUDA. RUE PABLO,"49,4259030000","1,0590110000",,76.076498,76498,Seine-Maritime,28.0,Normandie,50.0,7.0,1.0,2,1.0,28,Normandie,76,3,27,LePetit-Quevilly,21782,274,22056.0,2.0,7,,0.0,9.0,3.0,9.0,A01
202100036972,1,6,2021,13:43,1,76.0,76498,2,6,1.0,3.0,NERUDA. RUE PABLO,"49,4259030000","1,0590110000",,76.076498,76498,Seine-Maritime,28.0,Normandie,50.0,7.0,1.0,2,1.0,28,Normandie,76,3,27,LePetit-Quevilly,21782,274,22056.0,3.0,1,,0.0,2.0,1.0,1.0,B01
202100036973,1,6,2021,09:20,1,76.0,76351,2,5,1.0,7.0,Rue de la Cavée Verte,"49,5055200000","0,1149000000",,76.076351,76351,Seine-Maritime,28.0,Normandie,50.0,3.0,2.0,5,1.0,28,Normandie,76,2,96,LeHavre,166058,1780,167838.0,2.0,50,,0.0,0.0,0.0,1.0,A01
202100037096,1,6,2021,20:15,1,76.0,76711,2,1,1.0,6.0,Quai Francois 1er,"50,0607000000","1,3723450000",,76.076711,76711,Seine-Maritime,28.0,Normandie,50.0,6.0,-1.0,-1,1.0,28,Normandie,76,1,10,LeTréport,4424,91,4515.0,0.0,7,,9.0,0.0,3.0,1.0,A01
202100037110,2,6,2021,04:45,2,76.0,76586,1,1,1.0,2.0,A29 -  PK 37+500 29 - Sens le Havre vers Amiens,"49,5697590000","0,3772690000",,76.076586,76586,Seine-Maritime,28.0,Normandie,90.0,1.0,1.0,4,1.0,28,Normandie,76,2,32,Saint-Gilles-de-la-NeuvilLe651,9,660,,1.0,16,,1.0,0.0,1.0,1.0,C01
202100037110,2,6,2021,04:45,2,76.0,76586,1,1,1.0,2.0,A29 -  PK 37+500 29 - Sens le Havre vers Amiens,"49,5697590000","0,3772690000",,76.076586,76586,Seine-Maritime,28.0,Normandie,90.0,1.0,1.0,4,1.0,28,Normandie,76,2,32,Saint-Gilles-de-la-NeuvilLe651,9,660,,1.0,17,,0.0,0.0,4.0,23.0,A01
202100037200,30,5,2021,20:30,1,76.0,76351,2,2,1.0,1.0,GOBELINS (DES),"49,4985700000","0,1055900000",,76.076351,76351,Seine-Maritime,28.0,Normandie,50.0,4.0,2.0,2,1.0,28,Normandie,76,2,96,LeHavre,166058,1780,167838.0,2.0,32,,0.0,2.0,1.0,0.0,B01
202100037200,30,5,2021,20:30,1,76.0,76351,2,2,1.0,1.0,GOBELINS (DES),"49,4985700000","0,1055900000",,76.076351,76351,Seine-Maritime,28.0,Normandie,50.0,4.0,2.0,2,1.0,28,Normandie,76,2,96,LeHavre,166058,1780,167838.0,1.0,7,,0.0,2.0,1.0,0.0,A01
202100037418,30,5,2021,14:45,1,76.0,76681,2,3,1.0,3.0,PARIS. RUE DE,"49,4081500000","1,1013800000",,76.076681,76681,Seine-Maritime,28.0,Normandie,50.0,7.0,2.0,2,1.0,28,Normandie,76,3,99,Sotteville-lès-Rouen,28965,475,29440.0,2.0,7,,2.0,2.0,1.0,1.0,A01
202100037418,30,5,2021,14:45,1,76.0,76681,2,3,1.0,3.0,PARIS. RUE DE,"49,4081500000","1,1013800000",,76.076681,76681,Seine-Maritime,28.0,Normandie,50.0,7.0,2.0,2,1.0,28,Normandie,76,3,99,Sotteville-lès-Rouen,28965,475,29440.0,0.0,7,,0.0,2.0,2.0,15.0,B01
202100037573,29,5,2021,21:15,1,76.0,76575,2,2,1.0,3.0,CPAM (RUE LAZARE CARNOT),"49,3810300000","1,1074500000",,76.076575,76575,Seine-Maritime,28.0,Normandie,50.0,4.0,1.0,2,1.0,28,Normandie,76,3,98,Saint-Étienne-du-Rouvray,28508,225,28733.0,0.0,7,,0.0,2.0,6.0,1.0,B01
202100037573,29,5,2021,21:15,1,76.0,76575,2,2,1.0,3.0,CPAM (RUE LAZARE CARNOT),"49,3810300000","1,1074500000",,76.076575,76575,Seine-Maritime,28.0,Normandie,50.0,4.0,1.0,2,1.0,28,Normandie,76,3,98,Saint-Étienne-du-Rouvray,28508,225,28733.0,0.0,7,,0.0,2.0,1.0,1.0,A01
202100037574,29,5,2021,09:50,1,76.0,76565,1,3,1.0,2.0,RD 915,"49,8889200000","1,0840100000",,76.076565,76565,Seine-Maritime,28.0,Normandie,80.0,3.0,-1.0,2,1.0,28,Normandie,76,1,7,Saint-Aubin-sur-Scie,1202,101,1303.0,2.0,7,,0.0,0.0,5.0,15.0,B01
202100037574,29,5,2021,09:50,1,76.0,76565,1,3,1.0,2.0,RD 915,"49,8889200000","1,0840100000",,76.076565,76565,Seine-Maritime,28.0,Normandie,80.0,3.0,-1.0,2,1.0,28,Normandie,76,1,7,Saint-Aubin-sur-Scie,1202,101,1303.0,2.0,7,,0.0,2.0,3.0,21.0,A01
202100037651,29,5,2021,21:45,2,76.0,76709,2,1,1.0,7.0,12 Rue Amiral Courbet,"49,4820990000","0,8115570000",,76.076709,76709,Seine-Maritime,28.0,Normandie,50.0,4.0,2.0,2,1.0,28,Normandie,76,3,1,LeTrait,4780,38,4818.0,0.0,2,,5.0,0.0,0.0,1.0,A01
202100037652,29,5,2021,15:33,1,76.0,76360,1,1,1.0,6.0,rd 3,"49,7461000000","1,1146600000",,76.076360,76360,Seine-Maritime,28.0,Normandie,80.0,3.0,2.0,2,1.0,28,Normandie,76,1,20,Heugleville-sur-Scie,648,9,657.0,2.0,33,,0.0,0.0,0.0,14.0,A01
202100037658,30,5,2021,18:40,1,76.0,76207,1,1,1.0,7.0,Rue de la Hetraie,"49,9425490000","1,3730550000",,76.076207,76207,Seine-Maritime,28.0,Normandie,80.0,3.0,2.0,2,1.0,28,Normandie,76,1,10,Cuverville-sur-Yères,194,6,200.0,1.0,33,,13.0,0.0,3.0,1.0,A01
202100037710,30,5,2021,06:45,1,76.0,76657,1,2,1.0,3.0,Route Industrielle,"49,4843020000","0,3574870000",,76.076657,76657,Seine-Maritime,28.0,Normandie,70.0,1.0,1.0,1,1.0,28,Normandie,76,2,32,Saint-Vigor-d'YmonvilLe1167,24,1191,,2.0,7,,0.0,2.0,1.0,19.0,A01
202100037710,30,5,2021,06:45,1,76.0,76657,1,2,1.0,3.0,Route Industrielle,"49,4843020000","0,3574870000",,76.076657,76657,Seine-Maritime,28.0,Normandie,70.0,1.0,1.0,1,1.0,28,Normandie,76,2,32,Saint-Vigor-d'YmonvilLe1167,24,1191,,1.0,7,,0.0,2.0,2.0,1.0,B01
202100037759,27,5,2021,13:20,1,76.0,76231,2,3,1.0,3.0,BOURGTHEROULDE. RUE DE,"49,2907620000","0,9612220000",,76.076231,76231,Seine-Maritime,28.0,Normandie,50.0,7.0,2.0,0,1.0,28,Normandie,76,3,9,Elbeuf,15951,138,16089.0,2.0,10,,0.0,2.0,6.0,15.0,A01
202100037759,27,5,2021,13:20,1,76.0,76231,2,3,1.0,3.0,BOURGTHEROULDE. RUE DE,"49,2907620000","0,9612220000",,76.076231,76231,Seine-Maritime,28.0,Normandie,50.0,7.0,2.0,0,1.0,28,Normandie,76,3,9,Elbeuf,15951,138,16089.0,2.0,33,,0.0,2.0,1.0,0.0,B01
202100037760,27,5,2021,16:50,1,76.0,76351,2,3,1.0,6.0,HALLES CENTRALES (PLACE DES),"49,4908000000","0,1051000000",,76.076351,76351,Seine-Maritime,28.0,Normandie,30.0,4.0,1.0,1,1.0,28,Normandie,76,2,96,LeHavre,166058,1780,167838.0,3.0,7,,0.0,1.0,8.0,15.0,A01
202100037978,25,5,2021,22:35,5,76.0,76351,1,1,2.0,1.0,GENERAL FERRIE (AVENUE),"49,5047000000","0,1771400000",,76.076351,76351,Seine-Maritime,28.0,Normandie,50.0,4.0,2.0,4,2.0,28,Normandie,76,2,96,LeHavre,166058,1780,167838.0,1.0,7,,0.0,2.0,1.0,1.0,B01
202100037978,25,5,2021,22:35,5,76.0,76351,1,1,2.0,1.0,GENERAL FERRIE (AVENUE),"49,5047000000","0,1771400000",,76.076351,76351,Seine-Maritime,28.0,Normandie,50.0,4.0,2.0,4,2.0,28,Normandie,76,2,96,LeHavre,166058,1780,167838.0,2.0,7,,0.0,2.0,1.0,1.0,A01
202100037979,27,5,2021,15:50,1,76.0,76217,2,1,1.0,6.0,AVE CHARLES NICOLLE,"49,9283400000","1,1037700000",,76.076217,76217,Seine-Maritime,28.0,Normandie,50.0,4.0,2.0,0,1.0,28,Normandie,76,1,95,Dieppe,28358,455,28813.0,3.0,3,,0.0,1.0,1.0,1.0,A01
202100038078,27,5,2021,20:45,1,76.0,76363,1,1,1.0,6.0,D7,"49,8833470000","1,7117860000",,76.076363,76363,Seine-Maritime,28.0,Normandie,80.0,3.0,2.0,2,1.0,28,Normandie,76,1,10,Hodeng-au-Bosc,572,9,581.0,1.0,7,,13.0,0.0,1.0,1.0,A01
202100038256,26,5,2021,21:30,3,76.0,76050,1,1,1.0,6.0,Rue de l’Etang,"49,8571107341","0,9553835582",,76.076050,76050,Seine-Maritime,28.0,Normandie,-1.0,3.0,2.0,1,1.0,28,Normandie,76,1,20,Avremesnil,1006,27,1033.0,1.0,7,,2.0,0.0,8.0,0.0,A01
202100038431,26,5,2021,08:10,1,76.0,76062,2,1,1.0,1.0,300 Rue de la Mare,"49,6584050000","1,2119990000",,76.076062,76062,Seine-Maritime,28.0,Normandie,50.0,3.0,2.0,2,1.0,28,Normandie,76,3,23,Beaumont-le-Hareng,262,3,265.0,2.0,7,,0.0,2.0,3.0,1.0,B01
202100038431,26,5,2021,08:10,1,76.0,76062,2,1,1.0,1.0,300 Rue de la Mare,"49,6584050000","1,2119990000",,76.076062,76062,Seine-Maritime,28.0,Normandie,50.0,3.0,2.0,2,1.0,28,Normandie,76,3,23,Beaumont-le-Hareng,262,3,265.0,1.0,2,,0.0,2.0,1.0,13.0,A01
202100038559,24,5,2021,22:00,3,76.0,76480,2,1,2.0,3.0,Route de Fremard,"49,8027140000","0,6875340000",,76.076480,76480,Seine-Maritime,28.0,Normandie,50.0,4.0,2.0,2,2.0,28,Normandie,76,1,33,OcquevilLe445,11,456,,0.0,7,,0.0,2.0,3.0,13.0,A01
202100038559,24,5,2021,22:00,3,76.0,76480,2,1,2.0,3.0,Route de Fremard,"49,8027140000","0,6875340000",,76.076480,76480,Seine-Maritime,28.0,Normandie,50.0,4.0,2.0,2,2.0,28,Normandie,76,1,33,OcquevilLe445,11,456,,1.0,2,,12.0,2.0,3.0,1.0,B01
202100038576,18,5,2021,17:45,1,76.0,76684,1,1,1.0,4.0,A131,"49,4820740000","0,4462770000",,76.076684,76684,Seine-Maritime,28.0,Normandie,110.0,1.0,1.0,2,1.0,28,Normandie,76,2,3,TancarvilLe1218,24,1242,,2.0,7,,0.0,0.0,4.0,23.0,E01
202100038576,18,5,2021,17:45,1,76.0,76684,1,1,1.0,4.0,A131,"49,4820740000","0,4462770000",,76.076684,76684,Seine-Maritime,28.0,Normandie,110.0,1.0,1.0,2,1.0,28,Normandie,76,2,3,TancarvilLe1218,24,1242,,2.0,7,,0.0,0.0,4.0,23.0,D01
202100038576,18,5,2021,17:45,1,76.0,76684,1,1,1.0,4.0,A131,"49,4820740000","0,4462770000",,76.076684,76684,Seine-Maritime,28.0,Normandie,110.0,1.0,1.0,2,1.0,28,Normandie,76,2,3,TancarvilLe1218,24,1242,,2.0,7,,0.0,2.0,4.0,2.0,C01
202100038576,18,5,2021,17:45,1,76.0,76684,1,1,1.0,4.0,A131,"49,4820740000","0,4462770000",,76.076684,76684,Seine-Maritime,28.0,Normandie,110.0,1.0,1.0,2,1.0,28,Normandie,76,2,3,TancarvilLe1218,24,1242,,2.0,7,,0.0,2.0,4.0,2.0,B01
202100038576,18,5,2021,17:45,1,76.0,76684,1,1,1.0,4.0,A131,"49,4820740000","0,4462770000",,76.076684,76684,Seine-Maritime,28.0,Normandie,110.0,1.0,1.0,2,1.0,28,Normandie,76,2,3,TancarvilLe1218,24,1242,,2.0,7,,0.0,2.0,1.0,2.0,A01
202100038576,18,5,2021,17:45,1,76.0,76684,1,1,1.0,4.0,A131,"49,4820740000","0,4462770000",,76.076684,76684,Seine-Maritime,28.0,Normandie,110.0,1.0,1.0,2,1.0,28,Normandie,76,2,3,TancarvilLe1218,24,1242,,2.0,7,,0.0,2.0,4.0,2.0,F01
202100038620,23,5,2021,18:20,1,76.0,76681,1,1,2.0,6.0,CD 18E (BOULEVARD INDUSTRIEL),"49,4139900000","1,1072000000",,76.076681,76681,Seine-Maritime,28.0,Normandie,90.0,7.0,3.0,4,2.0,28,Normandie,76,3,99,Sotteville-lès-Rouen,28965,475,29440.0,1.0,7,,8.0,0.0,8.0,1.0,A01
202100038621,22,5,2021,19:10,1,76.0,76259,1,1,8.0,7.0,VALMONT ( ROUTE DE),"49,7595340000","0,3867070000",,76.076259,76259,Seine-Maritime,28.0,Normandie,80.0,3.0,2.0,2,2.0,28,Normandie,76,2,11,Fécamp,18016,269,18285.0,2.0,7,,8.0,0.0,7.0,1.0,A01
202100038743,23,5,2021,00:05,5,76.0,76498,2,5,1.0,4.0,11 NOVEMBRE. BOULEVARD DU,"49,4231000000","1,0670600000",,76.076498,76498,Seine-Maritime,28.0,Normandie,50.0,7.0,2.0,4,1.0,28,Normandie,76,3,27,LePetit-Quevilly,21782,274,22056.0,1.0,7,,0.0,2.0,2.0,2.0,A01
202100038743,23,5,2021,00:05,5,76.0,76498,2,5,1.0,4.0,11 NOVEMBRE. BOULEVARD DU,"49,4231000000","1,0670600000",,76.076498,76498,Seine-Maritime,28.0,Normandie,50.0,7.0,2.0,4,1.0,28,Normandie,76,3,27,LePetit-Quevilly,21782,274,22056.0,1.0,7,,0.0,2.0,6.0,2.0,B01
202100038743,23,5,2021,00:05,5,76.0,76498,2,5,1.0,4.0,11 NOVEMBRE. BOULEVARD DU,"49,4231000000","1,0670600000",,76.076498,76498,Seine-Maritime,28.0,Normandie,50.0,7.0,2.0,4,1.0,28,Normandie,76,3,27,LePetit-Quevilly,21782,274,22056.0,1.0,7,,0.0,2.0,4.0,2.0,C01
202100038900,21,5,2021,03:30,5,76.0,76351,2,1,1.0,6.0,JENNER (PLACE),"49,5083240000","0,1361710000",,76.076351,76351,Seine-Maritime,28.0,Normandie,50.0,4.0,1.0,2,1.0,28,Normandie,76,2,96,LeHavre,166058,1780,167838.0,3.0,31,,0.0,0.0,1.0,2.0,A01
202100039081,19,5,2021,23:20,5,76.0,76351,2,1,1.0,6.0,GENERAL FERRIE (AVENUE),"49,5042689999","0,1781417094",,76.076351,76351,Seine-Maritime,28.0,Normandie,50.0,4.0,2.0,2,1.0,28,Normandie,76,2,96,LeHavre,166058,1780,167838.0,2.0,7,,2.0,0.0,3.0,13.0,A01
202100039082,20,5,2021,13:25,1,76.0,76414,1,1,1.0,1.0,MONT DE L'EPINETTE (RAMPE DU),"49,9046200000","1,1353100000",,76.076414,76414,Seine-Maritime,28.0,Normandie,50.0,4.0,2.0,2,1.0,28,Normandie,76,1,8,Martin-Église,1600,55,1655.0,3.0,30,,0.0,2.0,1.0,5.0,A01
202100039082,20,5,2021,13:25,1,76.0,76414,1,1,1.0,1.0,MONT DE L'EPINETTE (RAMPE DU),"49,9046200000","1,1353100000",,76.076414,76414,Seine-Maritime,28.0,Normandie,50.0,4.0,2.0,2,1.0,28,Normandie,76,1,8,Martin-Église,1600,55,1655.0,3.0,7,,0.0,2.0,3.0,1.0,B01
202100039269,18,5,2021,21:42,2,76.0,76351,1,3,1.0,7.0,CHRISTOPHE COLOMB (AVENUE),"49,4804900000","0,1487700000",,76.076351,76351,Seine-Maritime,28.0,Normandie,70.0,4.0,3.0,4,1.0,28,Normandie,76,2,96,LeHavre,166058,1780,167838.0,2.0,33,,12.0,0.0,2.0,1.0,A01
202100039270,19,5,2021,18:20,1,76.0,76217,2,1,1.0,3.0,DUQUESNE (QUAI),"49,9248000000","1,0807200000",,76.076217,76217,Seine-Maritime,28.0,Normandie,30.0,3.0,2.0,3,1.0,28,Normandie,76,1,95,Dieppe,28358,455,28813.0,1.0,33,,0.0,2.0,7.0,2.0,B01
202100039270,19,5,2021,18:20,1,76.0,76217,2,1,1.0,3.0,DUQUESNE (QUAI),"49,9248000000","1,0807200000",,76.076217,76217,Seine-Maritime,28.0,Normandie,30.0,3.0,2.0,3,1.0,28,Normandie,76,1,95,Dieppe,28358,455,28813.0,1.0,7,,0.0,2.0,8.0,11.0,A01
202100039408,14,1,2021,00:01,5,76.0,76351,2,1,1.0,6.0,REPUBLIQUE (COURS DE LA),"49,4946900000","0,1255800000",,76.076351,76351,Seine-Maritime,28.0,Normandie,50.0,4.0,2.0,4,1.0,28,Normandie,76,2,96,LeHavre,166058,1780,167838.0,3.0,7,,0.0,1.0,0.0,1.0,Z01
202100039562,14,5,2021,18:15,1,76.0,76341,1,1,1.0,6.0,D6015,"49,5133000000","0,1993900000",,76.076341,76341,Seine-Maritime,28.0,Normandie,50.0,3.0,1.0,1,1.0,28,Normandie,76,2,15,Harfleur,8315,53,8368.0,1.0,7,,0.0,2.0,3.0,1.0,B01
202100039562,14,5,2021,18:15,1,76.0,76341,1,1,1.0,6.0,D6015,"49,5133000000","0,1993900000",,76.076341,76341,Seine-Maritime,28.0,Normandie,50.0,3.0,1.0,1,1.0,28,Normandie,76,2,15,Harfleur,8315,53,8368.0,1.0,33,,0.0,2.0,1.0,5.0,A01
202100039685,15,5,2021,21:00,1,76.0,76216,2,9,1.0,3.0,RN 27 (ROUTE DE DIEPPE),"49,4759400000","1,0481300000",,76.076216,76216,Seine-Maritime,28.0,Normandie,50.0,7.0,2.0,2,1.0,28,Normandie,76,3,22,Déville-lès-Rouen,10745,62,10807.0,1.0,7,,0.0,2.0,8.0,15.0,B01
202100039685,15,5,2021,21:00,1,76.0,76216,2,9,1.0,3.0,RN 27 (ROUTE DE DIEPPE),"49,4759400000","1,0481300000",,76.076216,76216,Seine-Maritime,28.0,Normandie,50.0,7.0,2.0,2,1.0,28,Normandie,76,3,22,Déville-lès-Rouen,10745,62,10807.0,1.0,30,,0.0,2.0,1.0,19.0,A01
202100039686,16,5,2021,14:40,1,76.0,76217,1,1,1.0,7.0,AVENUE DE BREAUTE,"49,9121900000","1,0805600000",,76.076217,76217,Seine-Maritime,28.0,Normandie,70.0,3.0,1.0,1,1.0,28,Normandie,76,1,95,Dieppe,28358,455,28813.0,1.0,10,,2.0,0.0,1.0,1.0,A01
202100040155,12,5,2021,10:10,1,76.0,76540,2,3,1.0,2.0,LYONS LA FORET. RUE DE,"49,4365700000","1,1338000000",,76.076540,76540,Seine-Maritime,28.0,Normandie,50.0,2.0,2.0,3,1.0,28,Normandie,76,3,97,Rouen,114083,1556,115639.0,1.0,7,,0.0,2.0,1.0,1.0,B01
202100040155,12,5,2021,10:10,1,76.0,76540,2,3,1.0,2.0,LYONS LA FORET. RUE DE,"49,4365700000","1,1338000000",,76.076540,76540,Seine-Maritime,28.0,Normandie,50.0,2.0,2.0,3,1.0,28,Normandie,76,3,97,Rouen,114083,1556,115639.0,1.0,10,,0.0,2.0,1.0,1.0,A01
202100040415,11,5,2021,21:40,3,76.0,76533,1,1,2.0,7.0,A29 PK 0026.000,"49,4949850000","0,2667030000",,76.076533,76533,Seine-Maritime,28.0,Normandie,50.0,1.0,1.0,1,2.0,28,Normandie,76,2,16,RogervilLe1706,19,1725,,1.0,33,,3.0,0.0,0.0,1.0,A01
202100040464,10,5,2021,15:00,1,76.0,76681,1,1,1.0,5.0,INDUSTRIEL. BOULEVARD (CD 18E),"49,4137400000","1,1075300000",,76.076681,76681,Seine-Maritime,28.0,Normandie,90.0,7.0,3.0,4,1.0,28,Normandie,76,3,99,Sotteville-lès-Rouen,28965,475,29440.0,2.0,7,,0.0,2.0,5.0,2.0,C01
202100040464,10,5,2021,15:00,1,76.0,76681,1,1,1.0,5.0,INDUSTRIEL. BOULEVARD (CD 18E),"49,4137400000","1,1075300000",,76.076681,76681,Seine-Maritime,28.0,Normandie,90.0,7.0,3.0,4,1.0,28,Normandie,76,3,99,Sotteville-lès-Rouen,28965,475,29440.0,2.0,7,,0.0,2.0,6.0,2.0,B01
202100040464,10,5,2021,15:00,1,76.0,76681,1,1,1.0,5.0,INDUSTRIEL. BOULEVARD (CD 18E),"49,4137400000","1,1075300000",,76.076681,76681,Seine-Maritime,28.0,Normandie,90.0,7.0,3.0,4,1.0,28,Normandie,76,3,99,Sotteville-lès-Rouen,28965,475,29440.0,2.0,33,,0.0,2.0,1.0,17.0,A01
202100040465,8,5,2021,00:55,5,76.0,76351,2,1,1.0,6.0,CHRISTOPHE COLOMB (AVENUE),"49,4811900000","0,1513900000",,76.076351,76351,Seine-Maritime,28.0,Normandie,50.0,4.0,3.0,4,1.0,28,Normandie,76,2,96,LeHavre,166058,1780,167838.0,0.0,7,,8.0,0.0,3.0,13.0,A01
202100040553,10,5,2021,10:30,1,76.0,76618,1,1,1.0,3.0,D26,"49,9511160000","1,2444430000",,76.076618,76618,Seine-Maritime,28.0,Normandie,80.0,3.0,2.0,2,1.0,28,Normandie,76,1,8,Petit-Caux,9625,210,9835.0,1.0,14,,0.0,2.0,2.0,23.0,B01
202100040553,10,5,2021,10:30,1,76.0,76618,1,1,1.0,3.0,D26,"49,9511160000","1,2444430000",,76.076618,76618,Seine-Maritime,28.0,Normandie,80.0,3.0,2.0,2,1.0,28,Normandie,76,1,8,Petit-Caux,9625,210,9835.0,2.0,7,,0.0,2.0,1.0,1.0,A01
202100040577,4,5,2021,15:15,1,76.0,76250,1,1,1.0,7.0,Route du Ponant,"49,5623516583","0,3032083984",,76.076250,76250,Seine-Maritime,28.0,Normandie,80.0,3.0,2.0,2,1.0,28,Normandie,76,2,32,Étainhus,1210,28,1238.0,1.0,33,,0.0,0.0,0.0,1.0,A01
202100040602,9,5,2021,16:40,1,76.0,76498,2,3,1.0,3.0,HUGO. RUE VICTOR,"49,4235500000","1,0640500000",,76.076498,76498,Seine-Maritime,28.0,Normandie,50.0,4.0,2.0,2,1.0,28,Normandie,76,3,27,LePetit-Quevilly,21782,274,22056.0,0.0,7,,0.0,2.0,1.0,19.0,B01
202100040602,9,5,2021,16:40,1,76.0,76498,2,3,1.0,3.0,HUGO. RUE VICTOR,"49,4235500000","1,0640500000",,76.076498,76498,Seine-Maritime,28.0,Normandie,50.0,4.0,2.0,2,1.0,28,Normandie,76,3,27,LePetit-Quevilly,21782,274,22056.0,0.0,60,,0.0,2.0,0.0,1.0,A01
202100040653,10,5,2021,17:20,1,76.0,76166,1,2,1.0,7.0,D929,"49,7497526769","1,6031003371",,76.076166,76166,Seine-Maritime,28.0,Normandie,50.0,3.0,2.0,2,1.0,28,Normandie,76,1,12,Le Caule-Sainte-Beuve,482,4,486.0,1.0,21,,0.0,0.0,0.0,19.0,B01
202100040653,10,5,2021,17:20,1,76.0,76166,1,2,1.0,7.0,D929,"49,7497526769","1,6031003371",,76.076166,76166,Seine-Maritime,28.0,Normandie,50.0,3.0,2.0,2,1.0,28,Normandie,76,1,12,Le Caule-Sainte-Beuve,482,4,486.0,2.0,33,,0.0,0.0,2.0,1.0,A01
202100040685,6,5,2021,16:15,1,76.0,76533,1,9,2.0,3.0,A29,"49,4838090000","0,2630710000",,76.076533,76533,Seine-Maritime,28.0,Normandie,110.0,1.0,3.0,4,2.0,28,Normandie,76,2,16,RogervilLe1706,19,1725,,2.0,10,,0.0,2.0,8.0,13.0,A01
202100040685,6,5,2021,16:15,1,76.0,76533,1,9,2.0,3.0,A29,"49,4838090000","0,2630710000",,76.076533,76533,Seine-Maritime,28.0,Normandie,110.0,1.0,3.0,4,2.0,28,Normandie,76,2,16,RogervilLe1706,19,1725,,2.0,33,,0.0,2.0,7.0,1.0,B01
202100040784,9,5,2021,00:14,3,76.0,76235,1,1,1.0,7.0,D222,"49,9181330000","1,2764330000",,76.076235,76235,Seine-Maritime,28.0,Normandie,80.0,3.0,2.0,2,1.0,28,Normandie,76,1,8,Envermeu,1978,132,2110.0,1.0,7,,13.0,0.0,2.0,1.0,A01
202100040795,7,5,2021,11:45,1,76.0,76317,1,4,1.0,7.0,départementale 10,"49,6502700000","0,3962600000",,76.076317,76317,Seine-Maritime,28.0,Normandie,80.0,3.0,-1.0,2,1.0,28,Normandie,76,2,32,Grainville-YmauvilLe426,12,438,,1.0,33,,0.0,0.0,0.0,1.0,A01
202100040798,8,5,2021,15:30,1,76.0,76442,1,1,1.0,7.0,Route de la poterie,"50,0082630000","1,4664600000",,76.076442,76442,Seine-Maritime,28.0,Normandie,80.0,4.0,2.0,2,1.0,28,Normandie,76,1,10,Monchy-sur-Eu,566,12,578.0,1.0,33,,0.0,0.0,0.0,1.0,A01
202100040889,7,5,2021,18:34,1,76.0,76705,2,1,1.0,6.0,CD 144 (RUE PAUL ELUARD),"49,3302500000","1,0868700000",,76.076705,76705,Seine-Maritime,28.0,Normandie,70.0,7.0,2.0,4,1.0,28,Normandie,76,3,5,Tourville-la-Rivière,2568,19,2587.0,2.0,31,,0.0,2.0,8.0,1.0,A01
202100040890,24,3,2021,12:45,1,76.0,76681,2,1,1.0,6.0,Rue Francois Raspail,"49,4155200000","1,0940800000",,76.076681,76681,Seine-Maritime,28.0,Normandie,30.0,4.0,2.0,2,1.0,28,Normandie,76,3,99,Sotteville-lès-Rouen,28965,475,29440.0,0.0,7,,0.0,1.0,2.0,1.0,A01
202100040985,8,5,2021,14:05,1,76.0,76146,1,2,1.0,3.0,Route de Sommery,"49,5947600000","1,3742300000",,76.076146,76146,Seine-Maritime,28.0,Normandie,80.0,3.0,2.0,2,1.0,28,Normandie,76,3,21,Buchy,2805,108,2913.0,2.0,33,,0.0,2.0,8.0,1.0,B01
202100040985,8,5,2021,14:05,1,76.0,76146,1,2,1.0,3.0,Route de Sommery,"49,5947600000","1,3742300000",,76.076146,76146,Seine-Maritime,28.0,Normandie,80.0,3.0,2.0,2,1.0,28,Normandie,76,3,21,Buchy,2805,108,2913.0,2.0,7,,0.0,2.0,3.0,1.0,A01
202100041077,6,5,2021,23:20,3,76.0,76540,2,9,3.0,6.0,PENE. RUE ANNIE DE,"49,4337700000","1,1143000000",,76.076540,76540,Seine-Maritime,28.0,Normandie,50.0,7.0,2.0,2,2.0,28,Normandie,76,3,97,Rouen,114083,1556,115639.0,1.0,7,,2.0,0.0,0.0,19.0,A01