Num_Acc,jour,mois,an,hrmn,lum,dep,com,agg,int,atm,col,adr,lat,long,gps,com_insee_temp,com_insee,departmentName,regionCode,regionName,vma,catr,circ,nbv,surf,Code,Region,Departement,Arrondissement,Code_Canton,Nom_Commune,Population_municipaLe,Population_comptee_a_part,Population_Totale,senc,catv,occutc,obs,obsm,choc,manv,num_veh
202100041078,6,5,2021,20:40,1,76.0,76681,2,3,1.0,3.0,RASPAIL. RUE FRANCOIS,"49,4157800000","1,0947500000",,76.076681,76681,Seine-Maritime,28.0,Normandie,30.0,4.0,2.0,2,2.0,28,Normandie,76,3,99,Sotteville-lès-Rouen,28965,475,29440.0,0.0,1,,0.0,2.0,8.0,15.0,B01
202100041078,6,5,2021,20:40,1,76.0,76681,2,3,1.0,3.0,RASPAIL. RUE FRANCOIS,"49,4157800000","1,0947500000",,76.076681,76681,Seine-Maritime,28.0,Normandie,30.0,4.0,2.0,2,2.0,28,Normandie,76,3,99,Sotteville-lès-Rouen,28965,475,29440.0,0.0,7,,0.0,9.0,2.0,21.0,A01
202100041079,6,5,2021,13:50,1,76.0,76157,2,1,2.0,6.0,CANAL. RUE DU (CD 51),"49,4554000000","1,0443000000",,76.076157,76157,Seine-Maritime,28.0,Normandie,50.0,7.0,2.0,2,2.0,28,Normandie,76,3,4,Canteleu,13966,360,14326.0,2.0,7,,6.0,0.0,0.0,1.0,A01
202100041080,5,5,2021,16:15,1,76.0,76414,1,2,1.0,3.0,LOUIS BLERIOT (RUE ),"49,9240400000","1,1199500000",,76.076414,76414,Seine-Maritime,28.0,Normandie,50.0,4.0,2.0,2,1.0,28,Normandie,76,1,8,Martin-Église,1600,55,1655.0,0.0,30,,0.0,2.0,3.0,9.0,B01
202100041080,5,5,2021,16:15,1,76.0,76414,1,2,1.0,3.0,LOUIS BLERIOT (RUE ),"49,9240400000","1,1199500000",,76.076414,76414,Seine-Maritime,28.0,Normandie,50.0,4.0,2.0,2,1.0,28,Normandie,76,1,8,Martin-Église,1600,55,1655.0,0.0,99,,0.0,2.0,1.0,1.0,A01
202100041262,5,5,2021,07:10,1,76.0,76165,2,1,1.0,3.0,FAURE. RUE FELIX,"49,2885900000","1,0319800000",,76.076165,76165,Seine-Maritime,28.0,Normandie,50.0,4.0,2.0,2,1.0,28,Normandie,76,3,5,Caudebec-lès-Elbeuf,10135,69,10204.0,0.0,7,,0.0,2.0,8.0,0.0,B01
202100041262,5,5,2021,07:10,1,76.0,76165,2,1,1.0,3.0,FAURE. RUE FELIX,"49,2885900000","1,0319800000",,76.076165,76165,Seine-Maritime,28.0,Normandie,50.0,4.0,2.0,2,1.0,28,Normandie,76,3,5,Caudebec-lès-Elbeuf,10135,69,10204.0,0.0,33,,0.0,2.0,7.0,10.0,A01
202100041263,5,5,2021,12:30,1,76.0,76217,2,1,1.0,6.0,THIERS (RUE),"49,9183600000","1,0771200000",,76.076217,76217,Seine-Maritime,28.0,Normandie,30.0,4.0,-1.0,2,1.0,28,Normandie,76,1,95,Dieppe,28358,455,28813.0,1.0,7,,0.0,1.0,1.0,1.0,A01
202100041511,3,5,2021,14:47,1,76.0,76540,1,1,1.0,6.0,pont mathilde,"49,4341057434","1,1050862074",,76.076540,76540,Seine-Maritime,28.0,Normandie,70.0,7.0,3.0,6,1.0,28,Normandie,76,3,97,Rouen,114083,1556,115639.0,1.0,7,,12.0,0.0,3.0,26.0,A01
202100041512,3,5,2021,14:10,1,76.0,76540,2,9,1.0,6.0,MADAGASCAR. RUE DE,"49,4370000000","1,0661600000",,76.076540,76540,Seine-Maritime,28.0,Normandie,50.0,4.0,1.0,2,1.0,28,Normandie,76,3,97,Rouen,114083,1556,115639.0,3.0,7,,0.0,9.0,8.0,0.0,A01
202100041512,3,5,2021,14:10,1,76.0,76540,2,9,1.0,6.0,MADAGASCAR. RUE DE,"49,4370000000","1,0661600000",,76.076540,76540,Seine-Maritime,28.0,Normandie,50.0,4.0,1.0,2,1.0,28,Normandie,76,3,97,Rouen,114083,1556,115639.0,1.0,31,,0.0,2.0,3.0,0.0,B01
202100041513,30,4,2021,13:40,1,76.0,76305,1,6,1.0,7.0,ESTUAIRE,"49,4577300000","0,2059000000",,76.076305,76305,Seine-Maritime,28.0,Normandie,50.0,4.0,2.0,2,1.0,28,Normandie,76,2,16,Gonfreville-l'Orcher,8961,44,9005.0,0.0,15,,0.0,0.0,7.0,1.0,A01
202100041514,1,5,2021,16:10,1,76.0,76026,2,6,1.0,3.0,VERDIER MONETTI (RUE),"49,8826000000","1,1414300000",,76.076026,76026,Seine-Maritime,28.0,Normandie,30.0,3.0,2.0,2,1.0,28,Normandie,76,1,8,Arques-la-BatailLe2480,44,2524,,1.0,7,,11.0,0.0,6.0,15.0,B01
202100041514,1,5,2021,16:10,1,76.0,76026,2,6,1.0,3.0,VERDIER MONETTI (RUE),"49,8826000000","1,1414300000",,76.076026,76026,Seine-Maritime,28.0,Normandie,30.0,3.0,2.0,2,1.0,28,Normandie,76,1,8,Arques-la-BatailLe2480,44,2524,,1.0,7,,0.0,2.0,3.0,9.0,A01
202100041587,4,5,2021,09:35,1,76.0,76697,1,1,6.0,6.0,Route de la Vallée,"49,7947600000","1,1731500000",,76.076697,76697,Seine-Maritime,28.0,Normandie,50.0,3.0,2.0,2,1.0,28,Normandie,76,1,20,Torcy-le-Grand,791,24,815.0,1.0,2,,0.0,5.0,1.0,1.0,A01
202100041635,23,2,2021,18:00,1,76.0,76108,2,1,1.0,6.0,NEUFCHATEL. ROUTE DE (RN 28),"49,4697000000","1,1198000000",,76.076108,76108,Seine-Maritime,28.0,Normandie,50.0,7.0,-1.0,2,1.0,28,Normandie,76,3,2,Bois-Guillaume,14262,361,14623.0,1.0,7,,0.0,1.0,0.0,19.0,A01
202100041643,29,4,2021,14:05,1,76.0,76351,2,2,1.0,6.0,FOCH (AVENUE),"49,4931500000","0,1007800000",,76.076351,76351,Seine-Maritime,28.0,Normandie,50.0,4.0,1.0,1,1.0,28,Normandie,76,2,96,LeHavre,166058,1780,167838.0,1.0,7,,0.0,1.0,3.0,15.0,A01
202100041647,27,4,2021,18:31,1,76.0,76351,2,2,1.0,6.0,FLORIMOND LAURENT (RUE),"49,5186200000","0,1169800000",,76.076351,76351,Seine-Maritime,28.0,Normandie,50.0,4.0,2.0,3,1.0,28,Normandie,76,2,96,LeHavre,166058,1780,167838.0,1.0,7,,0.0,1.0,3.0,16.0,A01
202100041649,25,4,2021,17:10,1,76.0,76351,2,1,1.0,6.0,MAXIMILLIEN ROBESPIERRE,"49,5151000000","0,1702500000",,76.076351,76351,Seine-Maritime,28.0,Normandie,10.0,6.0,-1.0,-1,1.0,28,Normandie,76,2,96,LeHavre,166058,1780,167838.0,3.0,10,,0.0,1.0,3.0,0.0,A01
202100041664,2,5,2021,21:40,3,76.0,76498,1,1,1.0,6.0,SUD III (RN 338),"49,4340119367","1,0654320582",,76.076498,76498,Seine-Maritime,28.0,Normandie,90.0,2.0,1.0,2,1.0,28,Normandie,76,3,27,LePetit-Quevilly,21782,274,22056.0,1.0,7,,4.0,0.0,2.0,21.0,A01
202100041785,1,5,2021,21:20,5,76.0,76231,2,1,9.0,7.0,MESLIERS. COTE DES,"49,2866430000","0,9951090000",,76.076231,76231,Seine-Maritime,28.0,Normandie,50.0,4.0,-1.0,1,2.0,28,Normandie,76,3,9,Elbeuf,15951,138,16089.0,0.0,99,,12.0,0.0,0.0,26.0,A01
202100041786,1,5,2021,20:10,1,76.0,76575,2,1,1.0,5.0,COQUELICOTS. RUE DES,"49,3909400000","1,0977400000",,76.076575,76575,Seine-Maritime,28.0,Normandie,50.0,4.0,2.0,2,2.0,28,Normandie,76,3,98,Saint-Étienne-du-Rouvray,28508,225,28733.0,0.0,7,,0.0,2.0,0.0,0.0,C01
202100041786,1,5,2021,20:10,1,76.0,76575,2,1,1.0,5.0,COQUELICOTS. RUE DES,"49,3909400000","1,0977400000",,76.076575,76575,Seine-Maritime,28.0,Normandie,50.0,4.0,2.0,2,2.0,28,Normandie,76,3,98,Saint-Étienne-du-Rouvray,28508,225,28733.0,0.0,3,,0.0,2.0,0.0,0.0,B01
202100041786,1,5,2021,20:10,1,76.0,76575,2,1,1.0,5.0,COQUELICOTS. RUE DES,"49,3909400000","1,0977400000",,76.076575,76575,Seine-Maritime,28.0,Normandie,50.0,4.0,2.0,2,2.0,28,Normandie,76,3,98,Saint-Étienne-du-Rouvray,28508,225,28733.0,0.0,7,,0.0,2.0,0.0,0.0,A01
202100041883,27,4,2021,13:46,1,76.0,76349,2,2,1.0,7.0,DIEPPE (ROUTE DE),"49,9014500000","1,0517100000",,76.076349,76349,Seine-Maritime,28.0,Normandie,50.0,3.0,2.0,2,1.0,28,Normandie,76,1,7,Hautot-sur-Mer,1887,46,1933.0,1.0,7,,8.0,0.0,1.0,1.0,A01
202100042088,29,4,2021,15:50,1,76.0,76254,2,7,1.0,6.0,Place Maurice Guillard,"49,7074690000","0,2059660000",,76.076254,76254,Seine-Maritime,28.0,Normandie,50.0,6.0,-1.0,-1,1.0,28,Normandie,76,2,26,Étretat,1233,7,1240.0,3.0,7,,9.0,1.0,3.0,4.0,A01
202100042166,27,4,2021,08:05,1,76.0,76351,2,2,1.0,6.0,WINSTON CHURCHILL,"49,4941000000","0,1389000000",,76.076351,76351,Seine-Maritime,28.0,Normandie,50.0,4.0,3.0,4,1.0,28,Normandie,76,2,96,LeHavre,166058,1780,167838.0,3.0,7,,0.0,1.0,1.0,15.0,A01
202100042167,26,4,2021,13:30,1,76.0,76305,1,1,1.0,6.0,RD 6015,"49,5124156970","0,2227413654",,76.076305,76305,Seine-Maritime,28.0,Normandie,80.0,3.0,3.0,4,1.0,28,Normandie,76,2,16,Gonfreville-l'Orcher,8961,44,9005.0,2.0,7,,0.0,0.0,1.0,14.0,A01
202100042168,26,4,2021,10:55,1,76.0,76351,2,3,1.0,3.0,Rue Eugène Mopin,"49,5173000000","0,1572000000",,76.076351,76351,Seine-Maritime,28.0,Normandie,30.0,4.0,2.0,4,1.0,28,Normandie,76,2,96,LeHavre,166058,1780,167838.0,1.0,2,,0.0,0.0,0.0,0.0,B01
202100042168,26,4,2021,10:55,1,76.0,76351,2,3,1.0,3.0,Rue Eugène Mopin,"49,5173000000","0,1572000000",,76.076351,76351,Seine-Maritime,28.0,Normandie,30.0,4.0,2.0,4,1.0,28,Normandie,76,2,96,LeHavre,166058,1780,167838.0,1.0,7,,0.0,2.0,2.0,16.0,A01
202100042294,26,4,2021,19:45,1,76.0,76351,2,1,1.0,1.0,GRAVILLE (BD DE),"49,4980100000","0,1468400000",,76.076351,76351,Seine-Maritime,28.0,Normandie,50.0,4.0,2.0,4,1.0,28,Normandie,76,2,96,LeHavre,166058,1780,167838.0,2.0,2,,0.0,2.0,3.0,1.0,B01
202100042294,26,4,2021,19:45,1,76.0,76351,2,1,1.0,1.0,GRAVILLE (BD DE),"49,4980100000","0,1468400000",,76.076351,76351,Seine-Maritime,28.0,Normandie,50.0,4.0,2.0,4,1.0,28,Normandie,76,2,96,LeHavre,166058,1780,167838.0,1.0,7,,0.0,2.0,3.0,1.0,A01
202100042443,26,4,2021,18:25,1,76.0,76157,2,1,1.0,1.0,DUMAS. RUE ALEXANDRE,"49,4443900000","1,0324100000",,76.076157,76157,Seine-Maritime,28.0,Normandie,50.0,4.0,2.0,2,1.0,28,Normandie,76,3,4,Canteleu,13966,360,14326.0,0.0,7,,0.0,2.0,1.0,1.0,A01
202100042443,26,4,2021,18:25,1,76.0,76157,2,1,1.0,1.0,DUMAS. RUE ALEXANDRE,"49,4443900000","1,0324100000",,76.076157,76157,Seine-Maritime,28.0,Normandie,50.0,4.0,2.0,2,1.0,28,Normandie,76,3,4,Canteleu,13966,360,14326.0,0.0,99,,0.0,0.0,0.0,0.0,Z01
202100042444,26,4,2021,18:00,1,76.0,76540,2,1,1.0,4.0,pont mathilde,"49,4305800000","1,1018600000",,76.076540,76540,Seine-Maritime,28.0,Normandie,70.0,7.0,3.0,3,1.0,28,Normandie,76,3,97,Rouen,114083,1556,115639.0,1.0,7,,0.0,2.0,2.0,12.0,A01
202100042444,26,4,2021,18:00,1,76.0,76540,2,1,1.0,4.0,pont mathilde,"49,4305800000","1,1018600000",,76.076540,76540,Seine-Maritime,28.0,Normandie,70.0,7.0,3.0,3,1.0,28,Normandie,76,3,97,Rouen,114083,1556,115639.0,1.0,7,,0.0,2.0,4.0,1.0,B01
202100042444,26,4,2021,18:00,1,76.0,76540,2,1,1.0,4.0,pont mathilde,"49,4305800000","1,1018600000",,76.076540,76540,Seine-Maritime,28.0,Normandie,70.0,7.0,3.0,3,1.0,28,Normandie,76,3,97,Rouen,114083,1556,115639.0,1.0,7,,0.0,2.0,4.0,1.0,C01
202100042444,26,4,2021,18:00,1,76.0,76540,2,1,1.0,4.0,pont mathilde,"49,4305800000","1,1018600000",,76.076540,76540,Seine-Maritime,28.0,Normandie,70.0,7.0,3.0,3,1.0,28,Normandie,76,3,97,Rouen,114083,1556,115639.0,1.0,7,,0.0,2.0,4.0,1.0,E01
202100042444,26,4,2021,18:00,1,76.0,76540,2,1,1.0,4.0,pont mathilde,"49,4305800000","1,1018600000",,76.076540,76540,Seine-Maritime,28.0,Normandie,70.0,7.0,3.0,3,1.0,28,Normandie,76,3,97,Rouen,114083,1556,115639.0,1.0,7,,0.0,2.0,1.0,1.0,D01
202100042445,23,4,2021,11:40,1,76.0,76351,2,2,1.0,3.0,JULES GUESDE (RUE),"49,5100000000","0,1184000000",,76.076351,76351,Seine-Maritime,28.0,Normandie,50.0,4.0,2.0,2,1.0,28,Normandie,76,2,96,LeHavre,166058,1780,167838.0,0.0,7,,0.0,2.0,2.0,15.0,A01
202100042445,23,4,2021,11:40,1,76.0,76351,2,2,1.0,3.0,JULES GUESDE (RUE),"49,5100000000","0,1184000000",,76.076351,76351,Seine-Maritime,28.0,Normandie,50.0,4.0,2.0,2,1.0,28,Normandie,76,2,96,LeHavre,166058,1780,167838.0,3.0,7,,0.0,2.0,1.0,1.0,B01
202100042446,23,4,2021,22:25,5,76.0,76351,2,1,1.0,6.0,BOIS DE BLEVILLE (AVENUE DU),"49,5243200000","0,1269100000",,76.076351,76351,Seine-Maritime,28.0,Normandie,50.0,4.0,2.0,2,1.0,28,Normandie,76,2,96,LeHavre,166058,1780,167838.0,0.0,33,,1.0,0.0,1.0,14.0,A01
202100042447,24,4,2021,16:30,1,76.0,76341,2,1,1.0,7.0,RESISTANCE (AVENUE DE LA),"49,5049270000","0,1991690000",,76.076341,76341,Seine-Maritime,28.0,Normandie,50.0,3.0,2.0,3,1.0,28,Normandie,76,2,15,Harfleur,8315,53,8368.0,2.0,2,,12.0,0.0,2.0,1.0,A01
202100042448,25,4,2021,14:30,1,76.0,76351,2,1,1.0,6.0,GUSTAVE FLAUBERT,"49,4967450000","0,1068500000",,76.076351,76351,Seine-Maritime,28.0,Normandie,50.0,4.0,1.0,1,1.0,28,Normandie,76,2,96,LeHavre,166058,1780,167838.0,3.0,1,,0.0,0.0,0.0,1.0,A01
202100042561,26,4,2021,15:40,1,76.0,76164,2,1,1.0,7.0,Avenue Winston Churchill,"49,5245990000","0,7224050000",,76.076164,76164,Seine-Maritime,28.0,Normandie,10.0,6.0,-1.0,-1,1.0,28,Normandie,76,3,25,Rives-en-Seine,4078,66,4144.0,3.0,99,,0.0,1.0,4.0,4.0,A01
202100042582,25,4,2021,15:40,1,76.0,76540,2,2,1.0,3.0,RENARD. RUE DU,"49,4519500000","1,0690200000",,76.076540,76540,Seine-Maritime,28.0,Normandie,30.0,4.0,2.0,2,1.0,28,Normandie,76,3,97,Rouen,114083,1556,115639.0,2.0,60,,0.0,2.0,8.0,7.0,B01
202100042582,25,4,2021,15:40,1,76.0,76540,2,2,1.0,3.0,RENARD. RUE DU,"49,4519500000","1,0690200000",,76.076540,76540,Seine-Maritime,28.0,Normandie,30.0,4.0,2.0,2,1.0,28,Normandie,76,3,97,Rouen,114083,1556,115639.0,1.0,20,,0.0,2.0,8.0,1.0,A01
202100042736,24,4,2021,16:10,1,76.0,76622,1,1,1.0,6.0,Route du Petit Long,"49,4764590000","0,6041810000",,76.076622,76622,Seine-Maritime,28.0,Normandie,80.0,9.0,2.0,1,1.0,28,Normandie,76,2,25,Saint-Maurice-d'Ételan,293,10,303.0,3.0,31,,0.0,2.0,1.0,19.0,A01
202100042736,24,4,2021,16:10,1,76.0,76622,1,1,1.0,6.0,Route du Petit Long,"49,4764590000","0,6041810000",,76.076622,76622,Seine-Maritime,28.0,Normandie,80.0,9.0,2.0,1,1.0,28,Normandie,76,2,25,Saint-Maurice-d'Ételan,293,10,303.0,0.0,7,,0.0,2.0,2.0,1.0,B01
202100042828,23,4,2021,18:53,1,76.0,76497,2,2,1.0,3.0,CHURCHILL. RUE WINSTON,"49,3871200000","1,0214400000",,76.076497,76497,Seine-Maritime,28.0,Normandie,50.0,4.0,2.0,2,1.0,28,Normandie,76,3,13,Petit-Couronne,8688,175,8863.0,0.0,7,,0.0,2.0,2.0,0.0,B01
202100042828,23,4,2021,18:53,1,76.0,76497,2,2,1.0,3.0,CHURCHILL. RUE WINSTON,"49,3871200000","1,0214400000",,76.076497,76497,Seine-Maritime,28.0,Normandie,50.0,4.0,2.0,2,1.0,28,Normandie,76,3,13,Petit-Couronne,8688,175,8863.0,0.0,33,,0.0,2.0,1.0,0.0,A01
202100042829,23,4,2021,08:10,1,76.0,76540,2,2,1.0,3.0,RUE NANSEN,"49,4475520000","1,0602520000",,76.076540,76540,Seine-Maritime,28.0,Normandie,-1.0,2.0,3.0,-1,1.0,28,Normandie,76,3,97,Rouen,114083,1556,115639.0,0.0,31,,0.0,2.0,6.0,23.0,A01
202100042829,23,4,2021,08:10,1,76.0,76540,2,2,1.0,3.0,RUE NANSEN,"49,4475520000","1,0602520000",,76.076540,76540,Seine-Maritime,28.0,Normandie,-1.0,2.0,3.0,-1,1.0,28,Normandie,76,3,97,Rouen,114083,1556,115639.0,0.0,15,,0.0,2.0,1.0,0.0,B01
202100042830,23,4,2021,02:10,5,76.0,76322,2,1,1.0,6.0,RAVEL. BOULEVARD MAURICE,"49,4055800000","1,0437100000",,76.076322,76322,Seine-Maritime,28.0,Normandie,50.0,4.0,2.0,2,1.0,28,Normandie,76,3,13,LeGrand-Quevilly,25975,225,26200.0,0.0,7,,2.0,0.0,1.0,1.0,A01
202100042831,22,4,2021,21:15,3,76.0,76157,2,3,1.0,7.0,BOULET. RUE GASTON,"49,4540100000","1,0494000000",,76.076157,76157,Seine-Maritime,28.0,Normandie,50.0,4.0,2.0,2,1.0,28,Normandie,76,3,4,Canteleu,13966,360,14326.0,0.0,32,,8.0,0.0,2.0,13.0,A01
202100042832,22,4,2021,10:45,1,76.0,76305,2,1,1.0,7.0,PREMIER MAI,"49,5054500000","0,2355700000",,76.076305,76305,Seine-Maritime,28.0,Normandie,50.0,6.0,-1.0,-1,1.0,28,Normandie,76,2,16,Gonfreville-l'Orcher,8961,44,9005.0,3.0,33,,12.0,0.0,1.0,0.0,A01
202100042953,24,4,2021,11:35,1,76.0,76146,1,3,1.0,3.0,Route de Rocquemont,"49,5879160000","1,3459540000",,76.076146,76146,Seine-Maritime,28.0,Normandie,80.0,3.0,2.0,2,1.0,28,Normandie,76,3,21,Buchy,2805,108,2913.0,0.0,43,,0.0,0.0,2.0,15.0,A01
202100042953,24,4,2021,11:35,1,76.0,76146,1,3,1.0,3.0,Route de Rocquemont,"49,5879160000","1,3459540000",,76.076146,76146,Seine-Maritime,28.0,Normandie,80.0,3.0,2.0,2,1.0,28,Normandie,76,3,21,Buchy,2805,108,2913.0,1.0,33,,0.0,2.0,1.0,1.0,B01
202100043010,23,2,2021,17:34,1,76.0,76540,2,1,1.0,2.0,PONT GUSTAVE FLAUBERT,"49,4437700000","1,0638700000",,76.076540,76540,Seine-Maritime,28.0,Normandie,70.0,2.0,1.0,3,1.0,28,Normandie,76,3,97,Rouen,114083,1556,115639.0,2.0,10,,0.0,2.0,1.0,1.0,A01
202100043010,23,2,2021,17:34,1,76.0,76540,2,1,1.0,2.0,PONT GUSTAVE FLAUBERT,"49,4437700000","1,0638700000",,76.076540,76540,Seine-Maritime,28.0,Normandie,70.0,2.0,1.0,3,1.0,28,Normandie,76,3,97,Rouen,114083,1556,115639.0,2.0,7,,0.0,2.0,4.0,1.0,B01
202100043088,23,4,2021,17:40,1,76.0,76627,1,3,1.0,2.0,Route de Lillebonne,"49,5302819933","0,4758552900",,76.076627,76627,Seine-Maritime,28.0,Normandie,70.0,3.0,2.0,2,1.0,28,Normandie,76,2,3,Saint-Nicolas-de-la-TailLe1642,36,1678,,1.0,33,,0.0,2.0,1.0,1.0,B01
202100043088,23,4,2021,17:40,1,76.0,76627,1,3,1.0,2.0,Route de Lillebonne,"49,5302819933","0,4758552900",,76.076627,76627,Seine-Maritime,28.0,Normandie,70.0,3.0,2.0,2,1.0,28,Normandie,76,2,3,Saint-Nicolas-de-la-TailLe1642,36,1678,,1.0,7,,0.0,0.0,4.0,1.0,A01
202100043286,21,4,2021,13:45,1,76.0,76164,1,1,1.0,1.0,Route de Caillouville,"49,5298830000","0,7734400000",,76.076164,76164,Seine-Maritime,28.0,Normandie,50.0,3.0,2.0,2,1.0,28,Normandie,76,3,25,Rives-en-Seine,4078,66,4144.0,1.0,7,,0.0,0.0,3.0,17.0,A01
202100043286,21,4,2021,13:45,1,76.0,76164,1,1,1.0,1.0,Route de Caillouville,"49,5298830000","0,7734400000",,76.076164,76164,Seine-Maritime,28.0,Normandie,50.0,3.0,2.0,2,1.0,28,Normandie,76,3,25,Rives-en-Seine,4078,66,4144.0,2.0,2,,0.0,0.0,3.0,1.0,B01
202100043426,16,4,2021,22:05,5,76.0,76351,1,1,1.0,6.0,route de l estuaire,"49,4633200000","0,1835300000",,76.076351,76351,Seine-Maritime,28.0,Normandie,50.0,9.0,2.0,2,1.0,28,Normandie,76,2,96,LeHavre,166058,1780,167838.0,0.0,10,,11.0,0.0,3.0,13.0,A01
202100043427,17,4,2021,14:30,1,76.0,76351,2,2,1.0,3.0,DUME D'APLEMONT,"49,4975000000","0,1256900000",,76.076351,76351,Seine-Maritime,28.0,Normandie,50.0,4.0,2.0,2,1.0,28,Normandie,76,2,96,LeHavre,166058,1780,167838.0,1.0,7,,0.0,2.0,1.0,0.0,A01
202100043427,17,4,2021,14:30,1,76.0,76351,2,2,1.0,3.0,DUME D'APLEMONT,"49,4975000000","0,1256900000",,76.076351,76351,Seine-Maritime,28.0,Normandie,50.0,4.0,2.0,2,1.0,28,Normandie,76,2,96,LeHavre,166058,1780,167838.0,2.0,30,,0.0,2.0,3.0,0.0,B01
202100043428,17,4,2021,12:15,1,76.0,76305,2,3,1.0,2.0,SAINT LAURENT (ROUTE DE),"49,5236700000","0,2252100000",,76.076305,76305,Seine-Maritime,28.0,Normandie,50.0,3.0,2.0,2,1.0,28,Normandie,76,2,16,Gonfreville-l'Orcher,8961,44,9005.0,1.0,1,,0.0,2.0,1.0,17.0,A01
202100043428,17,4,2021,12:15,1,76.0,76305,2,3,1.0,2.0,SAINT LAURENT (ROUTE DE),"49,5236700000","0,2252100000",,76.076305,76305,Seine-Maritime,28.0,Normandie,50.0,3.0,2.0,2,1.0,28,Normandie,76,2,16,Gonfreville-l'Orcher,8961,44,9005.0,1.0,1,,0.0,2.0,6.0,15.0,B01
202100043491,20,4,2021,15:10,1,76.0,76549,2,3,1.0,2.0,route de l'ancienne forge,"49,7594980000","0,9272180000",,76.076549,76549,Seine-Maritime,28.0,Normandie,50.0,3.0,2.0,2,1.0,28,Normandie,76,1,20,Saâne-Saint-Just,140,6,146.0,2.0,33,,0.0,0.0,6.0,23.0,A01
202100043491,20,4,2021,15:10,1,76.0,76549,2,3,1.0,2.0,route de l'ancienne forge,"49,7594980000","0,9272180000",,76.076549,76549,Seine-Maritime,28.0,Normandie,50.0,3.0,2.0,2,1.0,28,Normandie,76,1,20,Saâne-Saint-Just,140,6,146.0,2.0,33,,0.0,2.0,2.0,2.0,B01
202100043601,19,4,2021,16:30,1,76.0,76533,1,1,1.0,3.0,D982,"49,4957662453","0,2580553293",,76.076533,76533,Seine-Maritime,28.0,Normandie,80.0,3.0,2.0,2,1.0,28,Normandie,76,2,16,RogervilLe1706,19,1725,,1.0,33,,0.0,2.0,1.0,1.0,B01
202100043601,19,4,2021,16:30,1,76.0,76533,1,1,1.0,3.0,D982,"49,4957662453","0,2580553293",,76.076533,76533,Seine-Maritime,28.0,Normandie,80.0,3.0,2.0,2,1.0,28,Normandie,76,2,16,RogervilLe1706,19,1725,,1.0,7,,0.0,2.0,2.0,2.0,A01
202100043716,18,4,2021,17:30,1,76.0,76522,1,1,1.0,1.0,54 Rue des Chataîgniers,"49,5279500000","0,4085900000",,76.076522,76522,Seine-Maritime,28.0,Normandie,70.0,3.0,2.0,2,1.0,28,Normandie,76,2,32,La Remuée,1285,24,1309.0,1.0,1,,0.0,2.0,6.0,9.0,A01
202100043716,18,4,2021,17:30,1,76.0,76522,1,1,1.0,1.0,54 Rue des Chataîgniers,"49,5279500000","0,4085900000",,76.076522,76522,Seine-Maritime,28.0,Normandie,70.0,3.0,2.0,2,1.0,28,Normandie,76,2,32,La Remuée,1285,24,1309.0,2.0,7,,0.0,2.0,2.0,1.0,B01
202100043751,16,4,2021,23:00,5,76.0,76540,2,7,1.0,7.0,JOFFRE. PLACE,"49,4352300000","1,0866000000",,76.076540,76540,Seine-Maritime,28.0,Normandie,30.0,4.0,1.0,1,1.0,28,Normandie,76,3,97,Rouen,114083,1556,115639.0,1.0,32,,12.0,0.0,1.0,16.0,A01
202100043752,15,4,2021,14:47,1,76.0,76305,1,1,1.0,1.0,RD 6382G,"49,5003900000","0,1955800000",,76.076305,76305,Seine-Maritime,28.0,Normandie,70.0,3.0,1.0,1,1.0,28,Normandie,76,2,16,Gonfreville-l'Orcher,8961,44,9005.0,2.0,7,,0.0,2.0,1.0,5.0,A01
202100043752,15,4,2021,14:47,1,76.0,76305,1,1,1.0,1.0,RD 6382G,"49,5003900000","0,1955800000",,76.076305,76305,Seine-Maritime,28.0,Normandie,70.0,3.0,1.0,1,1.0,28,Normandie,76,2,16,Gonfreville-l'Orcher,8961,44,9005.0,1.0,7,,0.0,2.0,1.0,1.0,B01
202100043866,12,4,2021,18:45,1,76.0,76341,2,6,2.0,3.0,RD 982,"49,5044100000","0,1958300000",,76.076341,76341,Seine-Maritime,28.0,Normandie,50.0,3.0,1.0,1,2.0,28,Normandie,76,2,15,Harfleur,8315,53,8368.0,2.0,7,,0.0,2.0,2.0,0.0,B01
202100043866,12,4,2021,18:45,1,76.0,76341,2,6,2.0,3.0,RD 982,"49,5044100000","0,1958300000",,76.076341,76341,Seine-Maritime,28.0,Normandie,50.0,3.0,1.0,1,2.0,28,Normandie,76,2,15,Harfleur,8315,53,8368.0,3.0,7,,0.0,2.0,8.0,9.0,A01
202100043987,16,3,2021,08:35,2,76.0,76295,1,3,2.0,1.0,Route de Gournay,"49,6345545414","1,6224776208",,76.076295,76295,Seine-Maritime,28.0,Normandie,80.0,3.0,2.0,2,2.0,28,Normandie,76,1,12,Gaillefontaine,1183,13,1196.0,2.0,7,,0.0,2.0,1.0,15.0,A01
202100043987,16,3,2021,08:35,2,76.0,76295,1,3,2.0,1.0,Route de Gournay,"49,6345545414","1,6224776208",,76.076295,76295,Seine-Maritime,28.0,Normandie,80.0,3.0,2.0,2,2.0,28,Normandie,76,1,12,Gaillefontaine,1183,13,1196.0,1.0,7,,0.0,2.0,1.0,1.0,B01