Num_Acc,jour,mois,an,hrmn,lum,dep,com,agg,int,atm,col,adr,lat,long,gps,com_insee_temp,com_insee,departmentName,regionCode,regionName,vma,catr,circ,nbv,surf,Code,Region,Departement,Arrondissement,Code_Canton,Nom_Commune,Population_municipaLe,Population_comptee_a_part,Population_Totale,senc,catv,occutc,obs,obsm,choc,manv,num_veh
202100044215,13,4,2021,16:25,1,76.0,76164,2,1,1.0,6.0,Place du Général de Gaulle,"49,5247800000","0,7293700000",,76.076164,76164,Seine-Maritime,28.0,Normandie,-1.0,3.0,-1.0,-1,1.0,28,Normandie,76,3,25,Rives-en-Seine,4078,66,4144.0,2.0,7,,0.0,1.0,5.0,4.0,A01
202100044249,12,4,2021,14:30,1,76.0,76540,2,2,1.0,3.0,RONDEAUX. AVENUE JEAN,"49,4387600000","1,0797400000",,76.076540,76540,Seine-Maritime,28.0,Normandie,50.0,3.0,2.0,4,1.0,28,Normandie,76,3,97,Rouen,114083,1556,115639.0,0.0,7,,0.0,2.0,7.0,0.0,B01
202100044249,12,4,2021,14:30,1,76.0,76540,2,2,1.0,3.0,RONDEAUX. AVENUE JEAN,"49,4387600000","1,0797400000",,76.076540,76540,Seine-Maritime,28.0,Normandie,50.0,3.0,2.0,4,1.0,28,Normandie,76,3,97,Rouen,114083,1556,115639.0,2.0,7,,0.0,2.0,7.0,1.0,A01
202100044337,12,4,2021,09:30,1,76.0,76439,1,1,1.0,2.0,Autoroute A29.,"49,5904970000","0,4497980000",,76.076439,76439,Seine-Maritime,28.0,Normandie,130.0,1.0,3.0,4,1.0,28,Normandie,76,2,3,MirvilLe352,9,361,,1.0,10,,0.0,2.0,2.0,0.0,A01
202100044337,12,4,2021,09:30,1,76.0,76439,1,1,1.0,2.0,Autoroute A29.,"49,5904970000","0,4497980000",,76.076439,76439,Seine-Maritime,28.0,Normandie,130.0,1.0,3.0,4,1.0,28,Normandie,76,2,3,MirvilLe352,9,361,,1.0,10,,0.0,2.0,6.0,0.0,B01
202100044453,10,4,2021,00:55,5,76.0,76402,2,3,2.0,6.0,RN 27 (ROUTE DE DIEPPE),"49,5239400000","1,0415700000",,76.076402,76402,Seine-Maritime,28.0,Normandie,50.0,7.0,2.0,2,2.0,28,Normandie,76,3,24,Malaunay,6143,49,6192.0,1.0,7,,6.0,0.0,1.0,15.0,A01
202100044502,11,4,2021,16:10,1,76.0,76622,1,1,1.0,7.0,Route du Petit Long,"49,4653980000","0,6170310000",,76.076622,76622,Seine-Maritime,28.0,Normandie,80.0,4.0,2.0,2,1.0,28,Normandie,76,2,25,Saint-Maurice-d'Ételan,293,10,303.0,3.0,7,,0.0,0.0,9.0,0.0,A01
202100044619,10,4,2021,13:55,1,76.0,76126,1,1,3.0,6.0,A28 - PK68+500 vers ABBEVILLE,"49,6784630000","1,3414960000",,76.076126,76126,Seine-Maritime,28.0,Normandie,110.0,1.0,3.0,4,4.0,28,Normandie,76,1,23,Bosc-Mesnil,325,5,330.0,2.0,7,,15.0,0.0,2.0,14.0,A01
202100044735,8,4,2021,13:45,1,76.0,76204,2,1,7.0,7.0,133 route de montreuil,"49,7383580259","1,1473980546",,76.076204,76204,Seine-Maritime,28.0,Normandie,50.0,3.0,2.0,2,1.0,28,Normandie,76,1,23,Cropus,255,2,257.0,1.0,10,,0.0,0.0,0.0,15.0,A01
202100044735,8,4,2021,13:45,1,76.0,76204,2,1,7.0,7.0,133 route de montreuil,"49,7383580259","1,1473980546",,76.076204,76204,Seine-Maritime,28.0,Normandie,50.0,3.0,2.0,2,1.0,28,Normandie,76,1,23,Cropus,255,2,257.0,2.0,2,,0.0,0.0,0.0,5.0,B01
202100044785,2,2,2021,23:50,3,76.0,76497,2,1,1.0,6.0,VOIE RAPIDE SUD 3 (RN 338),"49,3890113723","1,0447857595",,76.076497,76497,Seine-Maritime,28.0,Normandie,110.0,2.0,3.0,3,2.0,28,Normandie,76,3,13,Petit-Couronne,8688,175,8863.0,2.0,15,,0.0,1.0,1.0,9.0,A01
202100044864,7,4,2021,13:30,1,76.0,76222,2,1,7.0,1.0,137 Rue Gustave Flaubert,"49,4866180000","0,8804240000",,76.076222,76222,Seine-Maritime,28.0,Normandie,30.0,4.0,2.0,2,1.0,28,Normandie,76,3,1,Duclair,4020,52,4072.0,2.0,7,,0.0,2.0,2.0,24.0,B01
202100044864,7,4,2021,13:30,1,76.0,76222,2,1,7.0,1.0,137 Rue Gustave Flaubert,"49,4866180000","0,8804240000",,76.076222,76222,Seine-Maritime,28.0,Normandie,30.0,4.0,2.0,2,1.0,28,Normandie,76,3,1,Duclair,4020,52,4072.0,0.0,7,,1.0,0.0,2.0,21.0,A01
202100044922,4,4,2021,22:20,5,76.0,76296,1,2,1.0,6.0,Rue de la Libération,"49,5176500000","0,2506500000",,76.076296,76296,Seine-Maritime,28.0,Normandie,70.0,3.0,2.0,2,1.0,28,Normandie,76,2,16,GainnevilLe2511,39,2550,,2.0,7,,6.0,0.0,1.0,14.0,A01
202100044923,2,4,2021,17:45,1,76.0,76351,2,3,1.0,3.0,REPUBLIQUE (COURS DE LA),"49,4976700000","0,1280200000",,76.076351,76351,Seine-Maritime,28.0,Normandie,50.0,4.0,3.0,6,1.0,28,Normandie,76,2,96,LeHavre,166058,1780,167838.0,2.0,7,,0.0,2.0,3.0,16.0,A01
202100044923,2,4,2021,17:45,1,76.0,76351,2,3,1.0,3.0,REPUBLIQUE (COURS DE LA),"49,4976700000","0,1280200000",,76.076351,76351,Seine-Maritime,28.0,Normandie,50.0,4.0,3.0,6,1.0,28,Normandie,76,2,96,LeHavre,166058,1780,167838.0,2.0,7,,0.0,2.0,2.0,1.0,B01
202100044924,3,4,2021,17:45,1,76.0,76270,1,1,1.0,2.0,D6382,"49,5272200000","0,1507600000",,76.076270,76270,Seine-Maritime,28.0,Normandie,90.0,3.0,3.0,4,1.0,28,Normandie,76,2,26,Fontaine-la-Mallet,2635,54,2689.0,2.0,7,,0.0,2.0,1.0,0.0,A01
202100044924,3,4,2021,17:45,1,76.0,76270,1,1,1.0,2.0,D6382,"49,5272200000","0,1507600000",,76.076270,76270,Seine-Maritime,28.0,Normandie,90.0,3.0,3.0,4,1.0,28,Normandie,76,2,26,Fontaine-la-Mallet,2635,54,2689.0,2.0,7,,0.0,2.0,4.0,0.0,B01
202100045274,4,4,2021,11:30,1,76.0,76220,2,2,1.0,6.0,D920/D58,"49,8704940000","1,3230370000",,76.076220,76220,Seine-Maritime,28.0,Normandie,50.0,3.0,2.0,2,1.0,28,Normandie,76,1,8,Douvrend,523,12,535.0,1.0,7,,6.0,0.0,3.0,16.0,A01
202100045529,29,1,2021,07:35,2,76.0,76351,2,2,2.0,6.0,REPUBLIQUE (COURS DE LA),"49,4960000000","0,1268900000",,76.076351,76351,Seine-Maritime,28.0,Normandie,50.0,4.0,2.0,5,2.0,28,Normandie,76,2,96,LeHavre,166058,1780,167838.0,1.0,37,1.0,0.0,1.0,2.0,1.0,A01
202100045560,1,4,2021,19:00,1,76.0,76322,2,3,1.0,3.0,Avenue Franklin Roosevelt,"49,4006000000","1,0532000000",,76.076322,76322,Seine-Maritime,28.0,Normandie,50.0,4.0,2.0,2,1.0,28,Normandie,76,3,13,LeGrand-Quevilly,25975,225,26200.0,0.0,7,,0.0,2.0,7.0,15.0,A01
202100045560,1,4,2021,19:00,1,76.0,76322,2,3,1.0,3.0,Avenue Franklin Roosevelt,"49,4006000000","1,0532000000",,76.076322,76322,Seine-Maritime,28.0,Normandie,50.0,4.0,2.0,2,1.0,28,Normandie,76,3,13,LeGrand-Quevilly,25975,225,26200.0,0.0,32,,0.0,2.0,3.0,1.0,B01
202100046030,30,3,2021,17:20,1,76.0,76533,1,1,1.0,7.0,A29,"49,5000610000","0,2754310000",,76.076533,76533,Seine-Maritime,28.0,Normandie,110.0,1.0,3.0,4,1.0,28,Normandie,76,2,16,RogervilLe1706,19,1725,,1.0,7,,0.0,0.0,0.0,9.0,A01
202100046030,30,3,2021,17:20,1,76.0,76533,1,1,1.0,7.0,A29,"49,5000610000","0,2754310000",,76.076533,76533,Seine-Maritime,28.0,Normandie,110.0,1.0,3.0,4,1.0,28,Normandie,76,2,16,RogervilLe1706,19,1725,,1.0,33,,0.0,0.0,8.0,1.0,B01
202100046342,27,3,2021,22:50,5,76.0,76540,2,1,1.0,7.0,CHASTELLAIN. AVENUE JACQUES,"49,4357400000","1,0956100000",,76.076540,76540,Seine-Maritime,28.0,Normandie,30.0,4.0,2.0,3,1.0,28,Normandie,76,3,97,Rouen,114083,1556,115639.0,3.0,50,,0.0,0.0,0.0,25.0,A01
202100046679,26,3,2021,16:00,1,76.0,76159,1,1,3.0,7.0,Route de Calvaille,"49,7833837276","0,6481970846",,76.076159,76159,Seine-Maritime,28.0,Normandie,50.0,4.0,2.0,2,2.0,28,Normandie,76,1,33,Cany-BarvilLe2947,46,2993,,3.0,7,,0.0,0.0,8.0,23.0,A01
202100046741,20,3,2021,19:10,1,76.0,76540,2,1,1.0,6.0,RONDEAUX. AVENUE JEAN,"49,4296000000","1,0717000000",,76.076540,76540,Seine-Maritime,28.0,Normandie,50.0,7.0,2.0,6,1.0,28,Normandie,76,3,97,Rouen,114083,1556,115639.0,2.0,7,,0.0,1.0,0.0,0.0,A01
202100046742,13,3,2021,09:30,1,76.0,76108,2,1,2.0,7.0,HAIE. RUE DE LA,"49,4652310612","1,1127137750",,76.076108,76108,Seine-Maritime,28.0,Normandie,50.0,4.0,2.0,2,2.0,28,Normandie,76,3,2,Bois-Guillaume,14262,361,14623.0,1.0,7,,0.0,1.0,1.0,16.0,A01
202100046743,16,3,2021,16:20,1,76.0,76540,2,1,2.0,1.0,GRAND MARE. AVENUE DE LA,"49,4603340000","1,1331140000",,76.076540,76540,Seine-Maritime,28.0,Normandie,30.0,7.0,2.0,2,2.0,28,Normandie,76,3,97,Rouen,114083,1556,115639.0,2.0,7,,0.0,2.0,1.0,13.0,Z01
202100046743,16,3,2021,16:20,1,76.0,76540,2,1,2.0,1.0,GRAND MARE. AVENUE DE LA,"49,4603340000","1,1331140000",,76.076540,76540,Seine-Maritime,28.0,Normandie,30.0,7.0,2.0,2,2.0,28,Normandie,76,3,97,Rouen,114083,1556,115639.0,1.0,7,,0.0,2.0,3.0,1.0,A01
202100046887,16,3,2021,11:55,1,76.0,76540,2,1,2.0,7.0,HAVRE. QUAI (BAS) DU,"49,4392500000","1,0859800000",,76.076540,76540,Seine-Maritime,28.0,Normandie,10.0,9.0,2.0,1,2.0,28,Normandie,76,3,97,Rouen,114083,1556,115639.0,3.0,10,,0.0,1.0,4.0,26.0,A01
202100046888,19,3,2021,16:00,1,76.0,76165,2,1,1.0,1.0,SCHEURER KESTNER. RUE,"49,2800620000","1,0153060000",,76.076165,76165,Seine-Maritime,28.0,Normandie,50.0,4.0,2.0,2,1.0,28,Normandie,76,3,5,Caudebec-lès-Elbeuf,10135,69,10204.0,0.0,7,,0.0,2.0,1.0,26.0,A01
202100046888,19,3,2021,16:00,1,76.0,76165,2,1,1.0,1.0,SCHEURER KESTNER. RUE,"49,2800620000","1,0153060000",,76.076165,76165,Seine-Maritime,28.0,Normandie,50.0,4.0,2.0,2,1.0,28,Normandie,76,3,5,Caudebec-lès-Elbeuf,10135,69,10204.0,0.0,2,,0.0,2.0,1.0,1.0,B01
202100046889,5,3,2021,17:45,1,76.0,76322,1,4,1.0,7.0,VOIE RAPIDE SUD 3 (RN 338),"49,4132943316","1,0424894647",,76.076322,76322,Seine-Maritime,28.0,Normandie,50.0,2.0,1.0,1,1.0,28,Normandie,76,3,13,LeGrand-Quevilly,25975,225,26200.0,2.0,33,,0.0,0.0,7.0,21.0,A01
202100046890,6,3,2021,17:50,1,76.0,76351,2,2,1.0,6.0,VALLEE (RUE DE LA),"49,4948700000","0,1544500000",,76.076351,76351,Seine-Maritime,28.0,Normandie,50.0,4.0,2.0,2,1.0,28,Normandie,76,2,96,LeHavre,166058,1780,167838.0,2.0,7,,0.0,1.0,0.0,0.0,Z01
202100046891,4,2,2021,15:20,1,76.0,76351,2,3,1.0,6.0,Quai George V,"49,4910000000","0,1098400000",,76.076351,76351,Seine-Maritime,28.0,Normandie,50.0,4.0,1.0,3,1.0,28,Normandie,76,2,96,LeHavre,166058,1780,167838.0,2.0,7,,0.0,1.0,4.0,4.0,A01
202100046997,23,3,2021,17:50,1,76.0,76484,1,1,1.0,7.0,Autoroute A13 pk 113.000,"49,3429360000","1,0600950000",,76.076484,76484,Seine-Maritime,28.0,Normandie,110.0,1.0,1.0,1,1.0,28,Normandie,76,3,31,Oissel,12367,83,12450.0,2.0,7,,4.0,0.0,2.0,17.0,A01
202100047000,24,3,2021,00:59,3,76.0,76283,1,1,1.0,7.0,Beau Soleil,"49,7569495400","1,3444192800",,76.076283,76283,Seine-Maritime,28.0,Normandie,80.0,3.0,2.0,2,1.0,28,Normandie,76,1,23,FresLes237,5,242,,2.0,7,,0.0,0.0,9.0,1.0,A01
202100047031,6,3,2021,23:05,5,76.0,76457,2,1,1.0,3.0,DEPARTEMENTALE 3,"49,3414600000","0,9652700000",,76.076457,76457,Seine-Maritime,28.0,Normandie,50.0,7.0,2.0,2,1.0,28,Normandie,76,3,9,Moulineaux,932,16,948.0,0.0,10,,0.0,2.0,7.0,10.0,A01
202100047031,6,3,2021,23:05,5,76.0,76457,2,1,1.0,3.0,DEPARTEMENTALE 3,"49,3414600000","0,9652700000",,76.076457,76457,Seine-Maritime,28.0,Normandie,50.0,7.0,2.0,2,1.0,28,Normandie,76,3,9,Moulineaux,932,16,948.0,0.0,7,,0.0,2.0,1.0,1.0,B01
202100047032,6,3,2021,12:25,1,76.0,76540,2,1,1.0,3.0,LIBERATION. AVENUE DE LA,"49,4258200000","1,0686300000",,76.076540,76540,Seine-Maritime,28.0,Normandie,50.0,7.0,2.0,2,1.0,28,Normandie,76,3,97,Rouen,114083,1556,115639.0,2.0,37,1.0,0.0,9.0,4.0,1.0,B01
202100047032,6,3,2021,12:25,1,76.0,76540,2,1,1.0,3.0,LIBERATION. AVENUE DE LA,"49,4258200000","1,0686300000",,76.076540,76540,Seine-Maritime,28.0,Normandie,50.0,7.0,2.0,2,1.0,28,Normandie,76,3,97,Rouen,114083,1556,115639.0,2.0,80,,0.0,2.0,1.0,16.0,A01
202100047156,22,3,2021,06:55,1,76.0,76077,1,2,1.0,3.0,Route du Baillage,"49,7591600000","0,8388200000",,76.076077,76077,Seine-Maritime,28.0,Normandie,80.0,3.0,2.0,2,1.0,28,Normandie,76,3,35,BénesvilLe167,5,172,,1.0,7,,0.0,0.0,8.0,1.0,B01
202100047156,22,3,2021,06:55,1,76.0,76077,1,2,1.0,3.0,Route du Baillage,"49,7591600000","0,8388200000",,76.076077,76077,Seine-Maritime,28.0,Normandie,80.0,3.0,2.0,2,1.0,28,Normandie,76,3,35,BénesvilLe167,5,172,,1.0,7,,0.0,2.0,1.0,1.0,A01
202100047329,5,3,2021,18:45,5,76.0,76498,2,2,1.0,3.0,Rue des Frères Sehy,"49,4289000000","1,0695800000",,76.076498,76498,Seine-Maritime,28.0,Normandie,30.0,4.0,1.0,1,1.0,28,Normandie,76,3,27,LePetit-Quevilly,21782,274,22056.0,0.0,7,,0.0,2.0,1.0,1.0,A01
202100047329,5,3,2021,18:45,5,76.0,76498,2,2,1.0,3.0,Rue des Frères Sehy,"49,4289000000","1,0695800000",,76.076498,76498,Seine-Maritime,28.0,Normandie,30.0,4.0,1.0,1,1.0,28,Normandie,76,3,27,LePetit-Quevilly,21782,274,22056.0,0.0,7,,0.0,2.0,2.0,1.0,B01
202100047330,17,3,2021,08:30,1,76.0,76217,2,2,1.0,3.0,PUECH (JEAN),"49,9245200000","1,1036900000",,76.076217,76217,Seine-Maritime,28.0,Normandie,50.0,4.0,2.0,2,1.0,28,Normandie,76,1,95,Dieppe,28358,455,28813.0,1.0,7,,0.0,2.0,1.0,19.0,A01
202100047330,17,3,2021,08:30,1,76.0,76217,2,2,1.0,3.0,PUECH (JEAN),"49,9245200000","1,1036900000",,76.076217,76217,Seine-Maritime,28.0,Normandie,50.0,4.0,2.0,2,1.0,28,Normandie,76,1,95,Dieppe,28358,455,28813.0,1.0,7,,0.0,2.0,8.0,15.0,B01
202100047480,7,3,2021,15:45,1,76.0,76474,2,1,1.0,3.0,Route de Dieppe,"49,4899500000","1,0493100000",,76.076474,76474,Seine-Maritime,28.0,Normandie,30.0,7.0,2.0,2,1.0,28,Normandie,76,3,24,Notre-Dame-de-BondevilLe6957,82,7039,,0.0,7,,0.0,2.0,2.0,10.0,A01
202100047480,7,3,2021,15:45,1,76.0,76474,2,1,1.0,3.0,Route de Dieppe,"49,4899500000","1,0493100000",,76.076474,76474,Seine-Maritime,28.0,Normandie,30.0,7.0,2.0,2,1.0,28,Normandie,76,3,24,Notre-Dame-de-BondevilLe6957,82,7039,,0.0,33,,0.0,2.0,1.0,1.0,B01
202100047481,7,3,2021,08:30,1,76.0,76540,2,1,1.0,7.0,Place Saint Marc,"49,4398900000","1,1019000000",,76.076540,76540,Seine-Maritime,28.0,Normandie,30.0,4.0,2.0,2,1.0,28,Normandie,76,3,97,Rouen,114083,1556,115639.0,0.0,10,,0.0,1.0,7.0,1.0,A01
202100047482,5,3,2021,11:05,1,76.0,76575,2,2,1.0,3.0,MADRILLET. RUE DU,"49,3947900000","1,0735500000",,76.076575,76575,Seine-Maritime,28.0,Normandie,50.0,4.0,2.0,2,1.0,28,Normandie,76,3,98,Saint-Étienne-du-Rouvray,28508,225,28733.0,0.0,7,,0.0,2.0,1.0,0.0,B01
202100047482,5,3,2021,11:05,1,76.0,76575,2,2,1.0,3.0,MADRILLET. RUE DU,"49,3947900000","1,0735500000",,76.076575,76575,Seine-Maritime,28.0,Normandie,50.0,4.0,2.0,2,1.0,28,Normandie,76,3,98,Saint-Étienne-du-Rouvray,28508,225,28733.0,0.0,7,,0.0,2.0,2.0,1.0,A01
202100047616,10,3,2021,14:30,1,76.0,76447,1,6,1.0,6.0,PRESIDENT WILSON,"49,5348695336","0,1786079783",,76.076447,76447,Seine-Maritime,28.0,Normandie,50.0,3.0,2.0,0,1.0,28,Normandie,76,2,15,Montivilliers,15457,203,15660.0,1.0,7,,0.0,1.0,2.0,1.0,A01
202100047770,15,3,2021,16:32,1,76.0,76351,2,2,1.0,7.0,MOGADOR,"49,4972000000","0,0983600000",,76.076351,76351,Seine-Maritime,28.0,Normandie,50.0,4.0,1.0,1,1.0,28,Normandie,76,2,96,LeHavre,166058,1780,167838.0,2.0,1,,0.0,0.0,0.0,0.0,A01
202100047771,16,3,2021,21:15,4,76.0,76565,1,6,2.0,7.0,RD 915,"49,8734900000","1,0998300000",,76.076565,76565,Seine-Maritime,28.0,Normandie,80.0,3.0,3.0,2,2.0,28,Normandie,76,1,7,Saint-Aubin-sur-Scie,1202,101,1303.0,1.0,7,,8.0,0.0,2.0,1.0,A01
202100047915,24,2,2021,17:14,1,76.0,76540,1,1,1.0,3.0,,"49,4508600000","1,0574500000",,76.076540,76540,Seine-Maritime,28.0,Normandie,70.0,1.0,3.0,4,1.0,28,Normandie,76,3,97,Rouen,114083,1556,115639.0,1.0,17,,0.0,2.0,7.0,0.0,A01
202100047915,24,2,2021,17:14,1,76.0,76540,1,1,1.0,3.0,,"49,4508600000","1,0574500000",,76.076540,76540,Seine-Maritime,28.0,Normandie,70.0,1.0,3.0,4,1.0,28,Normandie,76,3,97,Rouen,114083,1556,115639.0,1.0,7,,0.0,2.0,8.0,0.0,B01
202100048062,15,3,2021,10:20,1,76.0,76260,1,1,2.0,1.0,Route de Gerberoy,"49,4948210000","1,7666320000",,76.076260,76260,Seine-Maritime,28.0,Normandie,80.0,3.0,2.0,2,2.0,28,Normandie,76,1,12,Ferrières-en-Bray,1675,15,1690.0,1.0,7,,0.0,2.0,5.0,5.0,A01
202100048062,15,3,2021,10:20,1,76.0,76260,1,1,2.0,1.0,Route de Gerberoy,"49,4948210000","1,7666320000",,76.076260,76260,Seine-Maritime,28.0,Normandie,80.0,3.0,2.0,2,2.0,28,Normandie,76,1,12,Ferrières-en-Bray,1675,15,1690.0,2.0,14,,0.0,2.0,1.0,1.0,B01
202100048180,13,3,2021,18:05,1,76.0,76595,1,2,2.0,3.0,Route du Moulin,"49,6363330000","0,1621270000",,76.076595,76595,Seine-Maritime,28.0,Normandie,70.0,3.0,2.0,2,2.0,28,Normandie,76,2,26,Saint-Jouin-Bruneval,1829,35,1864.0,2.0,7,,0.0,2.0,3.0,2.0,B01
202100048180,13,3,2021,18:05,1,76.0,76595,1,2,2.0,3.0,Route du Moulin,"49,6363330000","0,1621270000",,76.076595,76595,Seine-Maritime,28.0,Normandie,70.0,3.0,2.0,2,2.0,28,Normandie,76,2,26,Saint-Jouin-Bruneval,1829,35,1864.0,3.0,10,,0.0,2.0,7.0,2.0,A01
202100048241,10,3,2021,17:40,1,76.0,76540,2,3,2.0,5.0,Boulevard de Verdun,"49,4462380000","1,1070460000",,76.076540,76540,Seine-Maritime,28.0,Normandie,50.0,4.0,2.0,4,2.0,28,Normandie,76,3,97,Rouen,114083,1556,115639.0,0.0,7,,0.0,2.0,3.0,26.0,A01
202100048241,10,3,2021,17:40,1,76.0,76540,2,3,2.0,5.0,Boulevard de Verdun,"49,4462380000","1,1070460000",,76.076540,76540,Seine-Maritime,28.0,Normandie,50.0,4.0,2.0,4,2.0,28,Normandie,76,3,97,Rouen,114083,1556,115639.0,0.0,33,,0.0,2.0,0.0,0.0,B01
202100048241,10,3,2021,17:40,1,76.0,76540,2,3,2.0,5.0,Boulevard de Verdun,"49,4462380000","1,1070460000",,76.076540,76540,Seine-Maritime,28.0,Normandie,50.0,4.0,2.0,4,2.0,28,Normandie,76,3,97,Rouen,114083,1556,115639.0,0.0,7,,0.0,2.0,1.0,0.0,C01
202100048242,11,3,2021,08:35,1,76.0,76540,2,9,1.0,7.0,SENARD. RUE,"49,4509030000","1,0914190000",,76.076540,76540,Seine-Maritime,28.0,Normandie,30.0,4.0,1.0,1,1.0,28,Normandie,76,3,97,Rouen,114083,1556,115639.0,0.0,7,,0.0,1.0,3.0,1.0,A01
202100048243,9,3,2021,08:45,1,76.0,76540,2,1,1.0,2.0,RONDEAUX. AVENUE JEAN,"49,4333700000","1,0752000000",,76.076540,76540,Seine-Maritime,28.0,Normandie,30.0,4.0,2.0,2,1.0,28,Normandie,76,3,97,Rouen,114083,1556,115639.0,0.0,10,,0.0,2.0,2.0,15.0,A01
202100048243,9,3,2021,08:45,1,76.0,76540,2,1,1.0,2.0,RONDEAUX. AVENUE JEAN,"49,4333700000","1,0752000000",,76.076540,76540,Seine-Maritime,28.0,Normandie,30.0,4.0,2.0,2,1.0,28,Normandie,76,3,97,Rouen,114083,1556,115639.0,0.0,99,,0.0,2.0,1.0,1.0,B01
202100048244,12,3,2021,07:45,1,76.0,76305,2,1,1.0,3.0,PONT VIII (ROUTE DU),"49,4972900000","0,2112000000",,76.076305,76305,Seine-Maritime,28.0,Normandie,50.0,4.0,2.0,2,2.0,28,Normandie,76,2,16,Gonfreville-l'Orcher,8961,44,9005.0,0.0,33,,0.0,2.0,1.0,17.0,B01
202100048244,12,3,2021,07:45,1,76.0,76305,2,1,1.0,3.0,PONT VIII (ROUTE DU),"49,4972900000","0,2112000000",,76.076305,76305,Seine-Maritime,28.0,Normandie,50.0,4.0,2.0,2,2.0,28,Normandie,76,2,16,Gonfreville-l'Orcher,8961,44,9005.0,0.0,10,,0.0,2.0,5.0,15.0,A01
202100048323,13,3,2021,07:55,1,76.0,76750,1,1,2.0,3.0,CD982,"49,4600630000","0,8351970000",,76.076750,76750,Seine-Maritime,28.0,Normandie,90.0,7.0,2.0,2,2.0,28,Normandie,76,3,1,YainvilLe1037,13,1050,,2.0,7,,0.0,2.0,1.0,1.0,B01
202100048323,13,3,2021,07:55,1,76.0,76750,1,1,2.0,3.0,CD982,"49,4600630000","0,8351970000",,76.076750,76750,Seine-Maritime,28.0,Normandie,90.0,7.0,2.0,2,2.0,28,Normandie,76,3,1,YainvilLe1037,13,1050,,1.0,7,,0.0,2.0,7.0,1.0,A01
202100048389,9,3,2021,11:30,1,76.0,76575,2,3,1.0,6.0,Rue Charles Nicolle,"49,3984500000","1,0782300000",,76.076575,76575,Seine-Maritime,28.0,Normandie,30.0,4.0,2.0,2,1.0,28,Normandie,76,3,98,Saint-Étienne-du-Rouvray,28508,225,28733.0,0.0,10,,0.0,1.0,1.0,1.0,A01
202100048390,9,3,2021,21:10,5,76.0,76351,2,2,1.0,5.0,Rue Aristide Briand,"49,5005620000","0,1391800000",,76.076351,76351,Seine-Maritime,28.0,Normandie,50.0,4.0,2.0,2,1.0,28,Normandie,76,2,96,LeHavre,166058,1780,167838.0,0.0,7,,0.0,2.0,7.0,1.0,A01
202100048390,9,3,2021,21:10,5,76.0,76351,2,2,1.0,5.0,Rue Aristide Briand,"49,5005620000","0,1391800000",,76.076351,76351,Seine-Maritime,28.0,Normandie,50.0,4.0,2.0,2,1.0,28,Normandie,76,2,96,LeHavre,166058,1780,167838.0,0.0,7,,0.0,2.0,1.0,23.0,C01
202100048390,9,3,2021,21:10,5,76.0,76351,2,2,1.0,5.0,Rue Aristide Briand,"49,5005620000","0,1391800000",,76.076351,76351,Seine-Maritime,28.0,Normandie,50.0,4.0,2.0,2,1.0,28,Normandie,76,2,96,LeHavre,166058,1780,167838.0,0.0,7,,0.0,2.0,1.0,1.0,B01
202100048519,10,3,2021,22:55,4,76.0,76540,2,1,8.0,7.0,Route de Neufchâtel,"49,4531900000","1,0976800000",,76.076540,76540,Seine-Maritime,28.0,Normandie,50.0,4.0,2.0,2,2.0,28,Normandie,76,3,97,Rouen,114083,1556,115639.0,2.0,7,,15.0,0.0,1.0,1.0,A01
202100048663,7,3,2021,14:05,1,76.0,76351,2,4,1.0,7.0,CHANTIERS (DES),"49,4984800000","0,1627400000",,76.076351,76351,Seine-Maritime,28.0,Normandie,50.0,4.0,2.0,2,2.0,28,Normandie,76,2,96,LeHavre,166058,1780,167838.0,2.0,32,,0.0,0.0,0.0,0.0,A01
202100048756,9,3,2021,08:20,1,76.0,76758,2,4,1.0,6.0,12 Avenue du Marechal Foch,"49,6183400000","0,7469100000",,76.076758,76758,Seine-Maritime,28.0,Normandie,50.0,3.0,2.0,2,1.0,28,Normandie,76,3,35,Yvetot,11385,208,11593.0,2.0,7,,0.0,1.0,3.0,15.0,A01
202100049069,2,3,2021,19:00,5,76.0,76498,2,1,1.0,2.0,Avenue des Canadiens,"49,4141899395","1,0741653065",,76.076498,76498,Seine-Maritime,28.0,Normandie,50.0,4.0,2.0,2,1.0,28,Normandie,76,3,27,LePetit-Quevilly,21782,274,22056.0,0.0,7,,1.0,0.0,1.0,16.0,A01
202100049069,2,3,2021,19:00,5,76.0,76498,2,1,1.0,2.0,Avenue des Canadiens,"49,4141899395","1,0741653065",,76.076498,76498,Seine-Maritime,28.0,Normandie,50.0,4.0,2.0,2,1.0,28,Normandie,76,3,27,LePetit-Quevilly,21782,274,22056.0,0.0,37,1.0,0.0,2.0,3.0,24.0,B01
202100049373,1,3,2021,18:10,1,76.0,76351,2,2,1.0,6.0,THEOPHILE GAUTIER,"49,5172100000","0,0944100000",,76.076351,76351,Seine-Maritime,28.0,Normandie,50.0,4.0,2.0,1,1.0,28,Normandie,76,2,96,LeHavre,166058,1780,167838.0,1.0,7,,0.0,1.0,1.0,1.0,A01