Num_Acc,jour,mois,an,hrmn,lum,dep,com,agg,int,atm,col,adr,lat,long,gps,com_insee_temp,com_insee,departmentName,regionCode,regionName,vma,catr,circ,nbv,surf,Code,Region,Departement,Arrondissement,Code_Canton,Nom_Commune,Population_municipaLe,Population_comptee_a_part,Population_Totale,senc,catv,occutc,obs,obsm,choc,manv,num_veh
202100049434,4,3,2021,13:55,1,76.0,76238,2,2,1.0,3.0,Rue Henri Ternon,"49,5652880000","0,2218880000",,76.076238,76238,Seine-Maritime,28.0,Normandie,30.0,4.0,1.0,1,1.0,28,Normandie,76,2,26,ÉpouvilLe2641,38,2679,,3.0,1,,0.0,2.0,1.0,15.0,A01
202100049434,4,3,2021,13:55,1,76.0,76238,2,2,1.0,3.0,Rue Henri Ternon,"49,5652880000","0,2218880000",,76.076238,76238,Seine-Maritime,28.0,Normandie,30.0,4.0,1.0,1,1.0,28,Normandie,76,2,26,ÉpouvilLe2641,38,2679,,3.0,7,,0.0,9.0,6.0,1.0,B01
202100049614,28,2,2021,16:30,1,76.0,76231,2,2,1.0,3.0,Rue des Martyrs,"49,2884700000","1,0067060000",,76.076231,76231,Seine-Maritime,28.0,Normandie,30.0,4.0,2.0,2,1.0,28,Normandie,76,3,9,Elbeuf,15951,138,16089.0,0.0,33,,0.0,2.0,1.0,1.0,A01
202100049614,28,2,2021,16:30,1,76.0,76231,2,2,1.0,3.0,Rue des Martyrs,"49,2884700000","1,0067060000",,76.076231,76231,Seine-Maritime,28.0,Normandie,30.0,4.0,2.0,2,1.0,28,Normandie,76,3,9,Elbeuf,15951,138,16089.0,0.0,7,,0.0,2.0,1.0,15.0,B01
202100049615,11,2,2021,14:11,1,76.0,76575,2,1,1.0,6.0,VELAY. RUE DU,"49,3700000000","1,0978500000",,76.076575,76575,Seine-Maritime,28.0,Normandie,30.0,4.0,2.0,2,1.0,28,Normandie,76,3,98,Saint-Étienne-du-Rouvray,28508,225,28733.0,0.0,7,,1.0,0.0,1.0,21.0,A01
202100049616,10,2,2021,17:15,1,76.0,76322,2,1,1.0,6.0,VAILLANT COUTURIER. RUE PAUL,"49,4189800000","1,0429400000",,76.076322,76322,Seine-Maritime,28.0,Normandie,50.0,4.0,2.0,2,1.0,28,Normandie,76,3,13,LeGrand-Quevilly,25975,225,26200.0,0.0,7,,0.0,1.0,1.0,1.0,A01
202100049617,28,2,2021,16:30,1,76.0,76552,2,1,1.0,7.0,PRESIDENT FELIX FAURE (BD),"49,5073400000","0,0738800000",,76.076552,76552,Seine-Maritime,28.0,Normandie,30.0,3.0,2.0,2,1.0,28,Normandie,76,2,19,Sainte-Adresse,7116,188,7304.0,2.0,1,,0.0,0.0,0.0,1.0,A01
202100049698,28,2,2021,18:00,1,76.0,76419,1,1,1.0,6.0,D45,"49,3951135110","0,8793877065",,76.076419,76419,Seine-Maritime,28.0,Normandie,80.0,3.0,2.0,2,1.0,28,Normandie,76,3,1,Mauny,155,6,161.0,1.0,7,,2.0,0.0,1.0,1.0,A01
202100049698,28,2,2021,18:00,1,76.0,76419,1,1,1.0,6.0,D45,"49,3951135110","0,8793877065",,76.076419,76419,Seine-Maritime,28.0,Normandie,80.0,3.0,2.0,2,1.0,28,Normandie,76,3,1,Mauny,155,6,161.0,2.0,7,,0.0,9.0,8.0,1.0,B01
202100049699,28,2,2021,16:30,1,76.0,76543,1,1,1.0,7.0,D52,"49,6146030000","0,4878400000",,76.076543,76543,Seine-Maritime,28.0,Normandie,80.0,3.0,2.0,2,1.0,28,Normandie,76,2,3,RouvilLe610,11,621,,1.0,33,,0.0,0.0,9.0,2.0,A01
202100049926,28,2,2021,15:45,1,76.0,76664,1,1,1.0,7.0,D50,"49,7852750000","0,6626880000",,76.076664,76664,Seine-Maritime,28.0,Normandie,80.0,3.0,2.0,2,1.0,28,Normandie,76,1,33,SassevilLe270,6,276,,1.0,33,,16.0,0.0,1.0,1.0,A01
202100050001,25,2,2021,15:15,1,76.0,76305,2,9,1.0,6.0,CAMP DOLENT (AVENUE),"49,5065500000","0,2230500000",,76.076305,76305,Seine-Maritime,28.0,Normandie,10.0,6.0,-1.0,-1,1.0,28,Normandie,76,2,16,Gonfreville-l'Orcher,8961,44,9005.0,3.0,7,,0.0,1.0,2.0,0.0,A01
202100050096,23,2,2021,23:50,3,76.0,76580,1,2,1.0,6.0,Rue du Bout d'Amont,"49,5420480000","1,1963080000",,76.076580,76580,Seine-Maritime,28.0,Normandie,80.0,3.0,2.0,2,1.0,28,Normandie,76,3,2,Saint-Georges-sur-Fontaine,919,18,937.0,1.0,7,,7.0,0.0,2.0,0.0,A01
202100050127,27,2,2021,15:30,1,76.0,76743,2,1,1.0,6.0,Rue Gadeau de Kerville,"49,5331610000","0,9209360000",,76.076743,76743,Seine-Maritime,28.0,Normandie,50.0,4.0,2.0,2,1.0,28,Normandie,76,3,1,Villers-ÉcalLes1734,12,1746,,3.0,2,,0.0,1.0,1.0,1.0,A01
202100050163,16,2,2021,11:40,1,76.0,76540,2,2,1.0,3.0,Boulevard de l’Europe,"49,4279600000","1,0934100000",,76.076540,76540,Seine-Maritime,28.0,Normandie,50.0,4.0,2.0,4,1.0,28,Normandie,76,3,97,Rouen,114083,1556,115639.0,0.0,7,,0.0,2.0,3.0,0.0,A01
202100050163,16,2,2021,11:40,1,76.0,76540,2,2,1.0,3.0,Boulevard de l’Europe,"49,4279600000","1,0934100000",,76.076540,76540,Seine-Maritime,28.0,Normandie,50.0,4.0,2.0,4,1.0,28,Normandie,76,3,97,Rouen,114083,1556,115639.0,0.0,33,,0.0,2.0,7.0,0.0,B01
202100050252,26,2,2021,15:05,1,76.0,76254,2,1,1.0,6.0,Avenue George V,"49,7070050000","0,2055640000",,76.076254,76254,Seine-Maritime,28.0,Normandie,50.0,3.0,2.0,2,1.0,28,Normandie,76,2,26,Étretat,1233,7,1240.0,2.0,7,,0.0,1.0,3.0,1.0,A01
202100050568,20,2,2021,17:30,1,76.0,76351,2,3,1.0,3.0,GRAVILLE (BD DE),"49,4951700000","0,1497300000",,76.076351,76351,Seine-Maritime,28.0,Normandie,50.0,4.0,2.0,2,1.0,28,Normandie,76,2,96,LeHavre,166058,1780,167838.0,0.0,34,,0.0,2.0,1.0,1.0,B01
202100050568,20,2,2021,17:30,1,76.0,76351,2,3,1.0,3.0,GRAVILLE (BD DE),"49,4951700000","0,1497300000",,76.076351,76351,Seine-Maritime,28.0,Normandie,50.0,4.0,2.0,2,1.0,28,Normandie,76,2,96,LeHavre,166058,1780,167838.0,0.0,7,,0.0,2.0,7.0,15.0,A01
202100050569,20,2,2021,17:46,1,76.0,76351,2,1,1.0,2.0,MALHERBE,"49,4993200000","0,1395600000",,76.076351,76351,Seine-Maritime,28.0,Normandie,50.0,4.0,1.0,1,1.0,28,Normandie,76,2,96,LeHavre,166058,1780,167838.0,2.0,7,,0.0,2.0,1.0,2.0,A01
202100050569,20,2,2021,17:46,1,76.0,76351,2,1,1.0,2.0,MALHERBE,"49,4993200000","0,1395600000",,76.076351,76351,Seine-Maritime,28.0,Normandie,50.0,4.0,1.0,1,1.0,28,Normandie,76,2,96,LeHavre,166058,1780,167838.0,2.0,1,,0.0,2.0,4.0,2.0,B01
202100050615,23,2,2021,16:45,1,76.0,76238,1,1,1.0,7.0,Rue de Coupeauville,"49,5627030000","0,2235780000",,76.076238,76238,Seine-Maritime,28.0,Normandie,80.0,3.0,2.0,2,1.0,28,Normandie,76,2,26,ÉpouvilLe2641,38,2679,,2.0,33,,13.0,0.0,9.0,1.0,A01
202100050675,21,2,2021,15:45,1,76.0,76446,1,2,1.0,3.0,Rue du Chêne à Leu,"49,4545620000","0,9946050000",,76.076446,76446,Seine-Maritime,28.0,Normandie,80.0,4.0,2.0,2,1.0,28,Normandie,76,3,24,Montigny,1285,14,1299.0,1.0,7,,0.0,0.0,8.0,15.0,A01
202100050675,21,2,2021,15:45,1,76.0,76446,1,2,1.0,3.0,Rue du Chêne à Leu,"49,4545620000","0,9946050000",,76.076446,76446,Seine-Maritime,28.0,Normandie,80.0,4.0,2.0,2,1.0,28,Normandie,76,3,24,Montigny,1285,14,1299.0,1.0,33,,0.0,2.0,1.0,17.0,B01
202100050676,21,2,2021,16:30,1,76.0,76455,1,1,1.0,6.0,D62,"49,4757790000","1,4219570000",,76.076455,76455,Seine-Maritime,28.0,Normandie,80.0,3.0,2.0,2,1.0,28,Normandie,76,1,12,Morville-sur-AndelLe297,5,302,,1.0,7,,13.0,0.0,8.0,1.0,A01
202100050873,17,2,2021,00:25,4,76.0,76540,2,6,1.0,7.0,RN1338,"49,4375174753","1,0665643215",,76.076540,76540,Seine-Maritime,28.0,Normandie,50.0,2.0,1.0,3,2.0,28,Normandie,76,3,97,Rouen,114083,1556,115639.0,2.0,7,,12.0,0.0,1.0,26.0,A01
202100050874,17,2,2021,10:40,1,76.0,76575,2,6,1.0,3.0,DOCTEUR GALLOUEN. RUE DU,"49,3975500000","1,0808500000",,76.076575,76575,Seine-Maritime,28.0,Normandie,30.0,4.0,1.0,1,2.0,28,Normandie,76,3,98,Saint-Étienne-du-Rouvray,28508,225,28733.0,0.0,2,,0.0,2.0,7.0,0.0,B01
202100050874,17,2,2021,10:40,1,76.0,76575,2,6,1.0,3.0,DOCTEUR GALLOUEN. RUE DU,"49,3975500000","1,0808500000",,76.076575,76575,Seine-Maritime,28.0,Normandie,30.0,4.0,1.0,1,2.0,28,Normandie,76,3,98,Saint-Étienne-du-Rouvray,28508,225,28733.0,0.0,10,,0.0,2.0,8.0,0.0,A01
202100050875,17,2,2021,14:50,1,76.0,76497,2,3,1.0,2.0,Rue Aristide Briand,"49,3936700000","1,0236100000",,76.076497,76497,Seine-Maritime,28.0,Normandie,50.0,7.0,2.0,2,1.0,28,Normandie,76,3,13,Petit-Couronne,8688,175,8863.0,2.0,3,,0.0,2.0,4.0,23.0,A01
202100050875,17,2,2021,14:50,1,76.0,76497,2,3,1.0,2.0,Rue Aristide Briand,"49,3936700000","1,0236100000",,76.076497,76497,Seine-Maritime,28.0,Normandie,50.0,7.0,2.0,2,1.0,28,Normandie,76,3,13,Petit-Couronne,8688,175,8863.0,2.0,7,,0.0,2.0,1.0,1.0,Z01
202100050876,18,2,2021,17:50,1,76.0,76351,2,3,1.0,4.0,CAVEE VERTE (RUE DE LA),"49,5061300000","0,1174900000",,76.076351,76351,Seine-Maritime,28.0,Normandie,50.0,4.0,2.0,3,1.0,28,Normandie,76,2,96,LeHavre,166058,1780,167838.0,2.0,7,,0.0,2.0,1.0,2.0,A01
202100050876,18,2,2021,17:50,1,76.0,76351,2,3,1.0,4.0,CAVEE VERTE (RUE DE LA),"49,5061300000","0,1174900000",,76.076351,76351,Seine-Maritime,28.0,Normandie,50.0,4.0,2.0,3,1.0,28,Normandie,76,2,96,LeHavre,166058,1780,167838.0,2.0,7,,0.0,2.0,4.0,2.0,C01
202100050876,18,2,2021,17:50,1,76.0,76351,2,3,1.0,4.0,CAVEE VERTE (RUE DE LA),"49,5061300000","0,1174900000",,76.076351,76351,Seine-Maritime,28.0,Normandie,50.0,4.0,2.0,3,1.0,28,Normandie,76,2,96,LeHavre,166058,1780,167838.0,2.0,7,,0.0,2.0,4.0,2.0,B01
202100050964,20,2,2021,17:00,1,76.0,76232,2,1,1.0,7.0,Grand rue RD79,"49,7831970000","0,4498820000",,76.076232,76232,Seine-Maritime,28.0,Normandie,50.0,3.0,2.0,2,1.0,28,Normandie,76,2,11,Életot,634,8,642.0,1.0,33,,13.0,0.0,1.0,1.0,B01
202100050964,20,2,2021,17:00,1,76.0,76232,2,1,1.0,7.0,Grand rue RD79,"49,7831970000","0,4498820000",,76.076232,76232,Seine-Maritime,28.0,Normandie,50.0,3.0,2.0,2,1.0,28,Normandie,76,2,11,Életot,634,8,642.0,1.0,33,,15.0,0.0,1.0,1.0,A01
202100051117,19,2,2021,18:20,2,76.0,76594,1,1,1.0,1.0,907 Route de Duclair,"49,4870649295","1,0078591932",,76.076594,76594,Seine-Maritime,28.0,Normandie,50.0,3.0,2.0,2,1.0,28,Normandie,76,3,24,Saint-Jean-du-Cardonnay,1340,27,1367.0,1.0,33,,0.0,2.0,1.0,1.0,B01
202100051117,19,2,2021,18:20,2,76.0,76594,1,1,1.0,1.0,907 Route de Duclair,"49,4870649295","1,0078591932",,76.076594,76594,Seine-Maritime,28.0,Normandie,50.0,3.0,2.0,2,1.0,28,Normandie,76,3,24,Saint-Jean-du-Cardonnay,1340,27,1367.0,2.0,7,,0.0,2.0,1.0,11.0,A01
202100051156,12,2,2021,23:12,5,76.0,76212,2,2,1.0,6.0,PAIX. BOULEVARD DE LA (RN 31),"49,4377300000","1,1439000000",,76.076212,76212,Seine-Maritime,28.0,Normandie,50.0,2.0,3.0,5,1.0,28,Normandie,76,3,6,Darnétal,9738,74,9812.0,1.0,7,,0.0,1.0,1.0,15.0,A01
202100051157,1,2,2021,06:00,5,76.0,76457,1,6,1.0,7.0,Côte de la Maison Brûlée (D132),"49,3449272341","0,9325066306",,76.076457,76457,Seine-Maritime,28.0,Normandie,50.0,7.0,-1.0,2,2.0,28,Normandie,76,3,9,Moulineaux,932,16,948.0,0.0,15,,0.0,0.0,0.0,26.0,A01
202100051158,16,2,2021,17:40,1,76.0,76305,1,1,1.0,2.0,RD 6382,"49,4989700000","0,2148900000",,76.076305,76305,Seine-Maritime,28.0,Normandie,90.0,2.0,3.0,4,1.0,28,Normandie,76,2,16,Gonfreville-l'Orcher,8961,44,9005.0,2.0,7,,0.0,2.0,4.0,1.0,B01
202100051158,16,2,2021,17:40,1,76.0,76305,1,1,1.0,2.0,RD 6382,"49,4989700000","0,2148900000",,76.076305,76305,Seine-Maritime,28.0,Normandie,90.0,2.0,3.0,4,1.0,28,Normandie,76,2,16,Gonfreville-l'Orcher,8961,44,9005.0,2.0,7,,0.0,2.0,1.0,2.0,A01
202100051218,18,2,2021,15:45,1,76.0,76758,1,1,1.0,4.0,D113e,"49,6178900000","0,7888200000",,76.076758,76758,Seine-Maritime,28.0,Normandie,80.0,3.0,2.0,2,1.0,28,Normandie,76,3,35,Yvetot,11385,208,11593.0,2.0,7,,0.0,2.0,1.0,1.0,C01
202100051218,18,2,2021,15:45,1,76.0,76758,1,1,1.0,4.0,D113e,"49,6178900000","0,7888200000",,76.076758,76758,Seine-Maritime,28.0,Normandie,80.0,3.0,2.0,2,1.0,28,Normandie,76,3,35,Yvetot,11385,208,11593.0,1.0,7,,0.0,2.0,1.0,13.0,B01
202100051218,18,2,2021,15:45,1,76.0,76758,1,1,1.0,4.0,D113e,"49,6178900000","0,7888200000",,76.076758,76758,Seine-Maritime,28.0,Normandie,80.0,3.0,2.0,2,1.0,28,Normandie,76,3,35,Yvetot,11385,208,11593.0,1.0,7,,0.0,0.0,0.0,17.0,A01
202100051219,18,2,2021,07:55,1,76.0,76255,1,4,1.0,3.0,INTERSECTION D925/D925C,"50,0625500000","1,4258500000",,76.076255,76255,Seine-Maritime,28.0,Normandie,80.0,3.0,2.0,2,1.0,28,Normandie,76,1,10,Eu,6591,197,6788.0,1.0,32,,0.0,2.0,1.0,1.0,B01
202100051219,18,2,2021,07:55,1,76.0,76255,1,4,1.0,3.0,INTERSECTION D925/D925C,"50,0625500000","1,4258500000",,76.076255,76255,Seine-Maritime,28.0,Normandie,80.0,3.0,2.0,2,1.0,28,Normandie,76,1,10,Eu,6591,197,6788.0,2.0,7,,0.0,2.0,2.0,15.0,A01
202100051409,12,2,2021,10:10,1,76.0,76484,2,1,1.0,7.0,PAIX. RUE DE LA,"49,3408300000","1,0985600000",,76.076484,76484,Seine-Maritime,28.0,Normandie,50.0,4.0,2.0,2,1.0,28,Normandie,76,3,31,Oissel,12367,83,12450.0,0.0,7,,0.0,0.0,0.0,26.0,A01
202100051410,11,2,2021,09:30,1,76.0,76540,2,1,1.0,7.0,LYONS. ROUTE DE (BRETELLE C),"49,4379900000","1,1102100000",,76.076540,76540,Seine-Maritime,28.0,Normandie,50.0,7.0,2.0,2,1.0,28,Normandie,76,3,97,Rouen,114083,1556,115639.0,1.0,1,,0.0,1.0,1.0,1.0,A01
202100051411,12,2,2021,14:45,1,76.0,76351,2,1,1.0,3.0,BRIQUETIERS (DES),"49,4932800000","0,1374200000",,76.076351,76351,Seine-Maritime,28.0,Normandie,50.0,4.0,1.0,1,1.0,28,Normandie,76,2,96,LeHavre,166058,1780,167838.0,2.0,7,,0.0,2.0,1.0,1.0,B01
202100051411,12,2,2021,14:45,1,76.0,76351,2,1,1.0,3.0,BRIQUETIERS (DES),"49,4932800000","0,1374200000",,76.076351,76351,Seine-Maritime,28.0,Normandie,50.0,4.0,1.0,1,1.0,28,Normandie,76,2,96,LeHavre,166058,1780,167838.0,2.0,7,,0.0,2.0,3.0,20.0,A01
202100051412,13,2,2021,02:10,5,76.0,76351,1,1,1.0,6.0,SAINT JUST,"49,5195400000","0,0931700000",,76.076351,76351,Seine-Maritime,28.0,Normandie,50.0,4.0,2.0,1,1.0,28,Normandie,76,2,96,LeHavre,166058,1780,167838.0,2.0,7,,9.0,0.0,3.0,1.0,A01
202100051535,14,2,2021,22:15,3,76.0,76263,1,1,1.0,7.0,Route du Tronquay,"49,4528500000","1,5099600000",,76.076263,76263,Seine-Maritime,28.0,Normandie,80.0,3.0,2.0,2,1.0,28,Normandie,76,1,12,La Feuillie,1262,28,1290.0,2.0,7,,15.0,0.0,0.0,1.0,A01
202100051552,10,2,2021,19:20,3,76.0,76705,1,1,1.0,5.0,"Autoroute A13, PK110+900, sens PARIS/CAEN","49,3331675888","1,0809087753",,76.076705,76705,Seine-Maritime,28.0,Normandie,110.0,1.0,3.0,3,1.0,28,Normandie,76,3,5,Tourville-la-Rivière,2568,19,2587.0,1.0,7,,4.0,0.0,1.0,1.0,A01
202100051552,10,2,2021,19:20,3,76.0,76705,1,1,1.0,5.0,"Autoroute A13, PK110+900, sens PARIS/CAEN","49,3331675888","1,0809087753",,76.076705,76705,Seine-Maritime,28.0,Normandie,110.0,1.0,3.0,3,1.0,28,Normandie,76,3,5,Tourville-la-Rivière,2568,19,2587.0,1.0,7,,0.0,0.0,4.0,23.0,B01
202100051552,10,2,2021,19:20,3,76.0,76705,1,1,1.0,5.0,"Autoroute A13, PK110+900, sens PARIS/CAEN","49,3331675888","1,0809087753",,76.076705,76705,Seine-Maritime,28.0,Normandie,110.0,1.0,3.0,3,1.0,28,Normandie,76,3,5,Tourville-la-Rivière,2568,19,2587.0,1.0,7,,1.0,0.0,1.0,2.0,C01
202100051615,14,2,2021,17:50,1,76.0,76750,2,1,1.0,6.0,Rue de la Republique,"49,4572180000","0,8270110000",,76.076750,76750,Seine-Maritime,28.0,Normandie,50.0,9.0,2.0,2,1.0,28,Normandie,76,3,1,YainvilLe1037,13,1050,,0.0,7,,9.0,0.0,1.0,1.0,A01
202100051664,11,2,2021,16:00,1,76.0,76451,2,1,1.0,6.0,Avenue du Mont aux Malades,"49,4635400000","1,0749600000",,76.076451,76451,Seine-Maritime,28.0,Normandie,50.0,4.0,2.0,2,1.0,28,Normandie,76,3,22,Mont-Saint-Aignan,20066,415,20481.0,0.0,7,,0.0,1.0,1.0,1.0,A01
202100051954,11,2,2021,09:55,1,76.0,76113,2,1,1.0,1.0,199 Rue Saint-martin,"49,5213300000","1,3553000000",,76.076113,76113,Seine-Maritime,28.0,Normandie,50.0,3.0,2.0,2,1.0,28,Normandie,76,3,21,Boissay,415,7,422.0,1.0,7,,0.0,2.0,1.0,1.0,A01
202100051954,11,2,2021,09:55,1,76.0,76113,2,1,1.0,1.0,199 Rue Saint-martin,"49,5213300000","1,3553000000",,76.076113,76113,Seine-Maritime,28.0,Normandie,50.0,3.0,2.0,2,1.0,28,Normandie,76,3,21,Boissay,415,7,422.0,2.0,21,,0.0,2.0,1.0,1.0,B01
202100052001,8,2,2021,19:08,3,76.0,76157,1,1,1.0,1.0,QUEVILLON. ROUTE DE,"49,4381035853","0,9994654774",,76.076157,76157,Seine-Maritime,28.0,Normandie,80.0,7.0,2.0,2,1.0,28,Normandie,76,3,4,Canteleu,13966,360,14326.0,3.0,7,,0.0,2.0,1.0,0.0,B01
202100052001,8,2,2021,19:08,3,76.0,76157,1,1,1.0,1.0,QUEVILLON. ROUTE DE,"49,4381035853","0,9994654774",,76.076157,76157,Seine-Maritime,28.0,Normandie,80.0,7.0,2.0,2,1.0,28,Normandie,76,3,4,Canteleu,13966,360,14326.0,3.0,7,,0.0,2.0,1.0,0.0,A01
202100052064,24,1,2021,13:20,1,76.0,76105,1,8,4.0,1.0,Rue de l'Eglise,"49,6327260000","1,0468980000",,76.076105,76105,Seine-Maritime,28.0,Normandie,70.0,3.0,2.0,1,5.0,28,Normandie,76,3,2,LeBocasse,656,7,663.0,0.0,39,,0.0,2.0,1.0,19.0,B01
202100052064,24,1,2021,13:20,1,76.0,76105,1,8,4.0,1.0,Rue de l'Eglise,"49,6327260000","1,0468980000",,76.076105,76105,Seine-Maritime,28.0,Normandie,70.0,3.0,2.0,1,5.0,28,Normandie,76,3,2,LeBocasse,656,7,663.0,1.0,7,,0.0,4.0,3.0,26.0,A01
202100052114,16,1,2021,06:55,5,76.0,76165,2,2,1.0,3.0,Rue Lenormand,"49,2838700000","1,0124200000",,76.076165,76165,Seine-Maritime,28.0,Normandie,50.0,4.0,2.0,2,2.0,28,Normandie,76,3,5,Caudebec-lès-Elbeuf,10135,69,10204.0,0.0,7,,0.0,2.0,1.0,1.0,B01
202100052114,16,1,2021,06:55,5,76.0,76165,2,2,1.0,3.0,Rue Lenormand,"49,2838700000","1,0124200000",,76.076165,76165,Seine-Maritime,28.0,Normandie,50.0,4.0,2.0,2,2.0,28,Normandie,76,3,5,Caudebec-lès-Elbeuf,10135,69,10204.0,0.0,7,,0.0,2.0,6.0,1.0,A01
202100052401,4,2,2021,11:50,1,76.0,76486,2,1,1.0,6.0,RD 938 (VERS GRAND COURONNE),"49,3010100000","0,9925500000",,76.076486,76486,Seine-Maritime,28.0,Normandie,50.0,7.0,2.0,2,2.0,28,Normandie,76,3,9,Orival,860,5,865.0,1.0,7,,1.0,0.0,2.0,9.0,A01
202100052402,11,1,2021,18:15,2,76.0,76540,2,3,2.0,6.0,Rue Saint-Julien,"49,4255271445","1,0735258280",,76.076540,76540,Seine-Maritime,28.0,Normandie,30.0,4.0,2.0,2,2.0,28,Normandie,76,3,97,Rouen,114083,1556,115639.0,0.0,7,,0.0,1.0,1.0,1.0,A01
202100052403,15,1,2021,19:30,5,76.0,76540,2,1,1.0,2.0,Avenue de Bretagne,"49,4347400000","1,0863000000",,76.076540,76540,Seine-Maritime,28.0,Normandie,30.0,7.0,1.0,1,1.0,28,Normandie,76,3,97,Rouen,114083,1556,115639.0,1.0,30,,0.0,2.0,1.0,2.0,A01
202100052403,15,1,2021,19:30,5,76.0,76540,2,1,1.0,2.0,Avenue de Bretagne,"49,4347400000","1,0863000000",,76.076540,76540,Seine-Maritime,28.0,Normandie,30.0,7.0,1.0,1,1.0,28,Normandie,76,3,97,Rouen,114083,1556,115639.0,1.0,7,,0.0,2.0,4.0,23.0,B01
202100052404,30,1,2021,16:10,1,76.0,76231,2,3,2.0,3.0,Rue de la Rochelle,"49,2927967214","1,0012543597",,76.076231,76231,Seine-Maritime,28.0,Normandie,50.0,4.0,2.0,2,2.0,28,Normandie,76,3,9,Elbeuf,15951,138,16089.0,0.0,7,,0.0,2.0,3.0,15.0,A01
202100052404,30,1,2021,16:10,1,76.0,76231,2,3,2.0,3.0,Rue de la Rochelle,"49,2927967214","1,0012543597",,76.076231,76231,Seine-Maritime,28.0,Normandie,50.0,4.0,2.0,2,2.0,28,Normandie,76,3,9,Elbeuf,15951,138,16089.0,0.0,7,,0.0,2.0,2.0,1.0,Z01
202100052527,3,2,2021,17:15,1,76.0,76351,2,1,1.0,2.0,LENINGRAD (BD DE),"49,5002600000","0,1733500000",,76.076351,76351,Seine-Maritime,28.0,Normandie,50.0,3.0,3.0,4,1.0,28,Normandie,76,2,96,LeHavre,166058,1780,167838.0,2.0,7,,0.0,2.0,5.0,0.0,B01
202100052527,3,2,2021,17:15,1,76.0,76351,2,1,1.0,2.0,LENINGRAD (BD DE),"49,5002600000","0,1733500000",,76.076351,76351,Seine-Maritime,28.0,Normandie,50.0,3.0,3.0,4,1.0,28,Normandie,76,2,96,LeHavre,166058,1780,167838.0,2.0,7,,0.0,2.0,3.0,0.0,A01
202100052611,4,2,2021,17:30,2,76.0,76255,2,3,1.0,3.0,D1015,"50,0571500000","1,4213400000",,76.076255,76255,Seine-Maritime,28.0,Normandie,50.0,3.0,2.0,2,1.0,28,Normandie,76,1,10,Eu,6591,197,6788.0,2.0,10,,0.0,2.0,8.0,15.0,A01
202100052611,4,2,2021,17:30,2,76.0,76255,2,3,1.0,3.0,D1015,"50,0571500000","1,4213400000",,76.076255,76255,Seine-Maritime,28.0,Normandie,50.0,3.0,2.0,2,1.0,28,Normandie,76,1,10,Eu,6591,197,6788.0,1.0,2,,0.0,2.0,1.0,1.0,B01
202100052634,3,2,2021,10:35,1,76.0,76055,1,2,1.0,3.0,D131,"49,6361600000","0,7354900000",,76.076055,76055,Seine-Maritime,28.0,Normandie,80.0,3.0,2.0,2,1.0,28,Normandie,76,3,35,Baons-le-Comte,335,8,343.0,2.0,1,,0.0,2.0,1.0,1.0,A01
202100052634,3,2,2021,10:35,1,76.0,76055,1,2,1.0,3.0,D131,"49,6361600000","0,7354900000",,76.076055,76055,Seine-Maritime,28.0,Normandie,80.0,3.0,2.0,2,1.0,28,Normandie,76,3,35,Baons-le-Comte,335,8,343.0,2.0,10,,0.0,0.0,7.0,1.0,B01
202100052657,2,2,2021,08:00,1,76.0,76410,2,1,1.0,5.0,COTE DE LA VALETTE,"49,4881600000","1,0311700000",,76.076410,76410,Seine-Maritime,28.0,Normandie,70.0,7.0,2.0,2,8.0,28,Normandie,76,3,4,Maromme,11024,122,11146.0,2.0,7,,0.0,2.0,1.0,1.0,C01
202100052657,2,2,2021,08:00,1,76.0,76410,2,1,1.0,5.0,COTE DE LA VALETTE,"49,4881600000","1,0311700000",,76.076410,76410,Seine-Maritime,28.0,Normandie,70.0,7.0,2.0,2,8.0,28,Normandie,76,3,4,Maromme,11024,122,11146.0,1.0,7,,0.0,2.0,1.0,1.0,A01
202100052657,2,2,2021,08:00,1,76.0,76410,2,1,1.0,5.0,COTE DE LA VALETTE,"49,4881600000","1,0311700000",,76.076410,76410,Seine-Maritime,28.0,Normandie,70.0,7.0,2.0,2,8.0,28,Normandie,76,3,4,Maromme,11024,122,11146.0,2.0,7,,0.0,2.0,1.0,1.0,B01
202100052658,2,2,2021,20:15,5,76.0,76351,2,1,1.0,2.0,Rue Auguste Blanqui,"49,4987300000","0,1625500000",,76.076351,76351,Seine-Maritime,28.0,Normandie,50.0,4.0,2.0,2,2.0,28,Normandie,76,2,96,LeHavre,166058,1780,167838.0,0.0,7,,0.0,2.0,1.0,1.0,A01
202100052658,2,2,2021,20:15,5,76.0,76351,2,1,1.0,2.0,Rue Auguste Blanqui,"49,4987300000","0,1625500000",,76.076351,76351,Seine-Maritime,28.0,Normandie,50.0,4.0,2.0,2,2.0,28,Normandie,76,2,96,LeHavre,166058,1780,167838.0,0.0,7,,0.0,2.0,6.0,23.0,B01
202100052758,29,1,2021,15:20,1,76.0,76447,1,1,1.0,6.0,D489,"49,5310700000","0,1859000000",,76.076447,76447,Seine-Maritime,28.0,Normandie,90.0,3.0,3.0,5,2.0,28,Normandie,76,2,15,Montivilliers,15457,203,15660.0,2.0,10,,0.0,1.0,1.0,1.0,A01