Num_Acc,jour,mois,an,hrmn,lum,dep,com,agg,int,atm,col,adr,lat,long,gps,com_insee_temp,com_insee,departmentName,regionCode,regionName,vma,catr,circ,nbv,surf,Code,Region,Departement,Arrondissement,Code_Canton,Nom_Commune,Population_municipaLe,Population_comptee_a_part,Population_Totale,senc,catv,occutc,obs,obsm,choc,manv,num_veh
202100052870,29,1,2021,18:21,3,76.0,76178,1,1,1.0,5.0,Rue de Tourville,"49,3109262116","1,0490017244",,76.076178,76178,Seine-Maritime,28.0,Normandie,80.0,7.0,2.0,4,2.0,28,Normandie,76,3,5,Cléon,4907,30,4937.0,1.0,7,,0.0,2.0,1.0,1.0,A01
202100052870,29,1,2021,18:21,3,76.0,76178,1,1,1.0,5.0,Rue de Tourville,"49,3109262116","1,0490017244",,76.076178,76178,Seine-Maritime,28.0,Normandie,80.0,7.0,2.0,4,2.0,28,Normandie,76,3,5,Cléon,4907,30,4937.0,1.0,7,,0.0,2.0,4.0,23.0,C01
202100052870,29,1,2021,18:21,3,76.0,76178,1,1,1.0,5.0,Rue de Tourville,"49,3109262116","1,0490017244",,76.076178,76178,Seine-Maritime,28.0,Normandie,80.0,7.0,2.0,4,2.0,28,Normandie,76,3,5,Cléon,4907,30,4937.0,1.0,7,,0.0,2.0,4.0,23.0,B01
202100052871,31,1,2021,12:45,1,76.0,76486,1,1,1.0,1.0,Côte de la Maison Brûlée (D132),"49,3159400000","0,9865800000",,76.076486,76486,Seine-Maritime,28.0,Normandie,80.0,7.0,2.0,2,2.0,28,Normandie,76,3,9,Orival,860,5,865.0,1.0,7,,0.0,2.0,1.0,1.0,B01
202100052871,31,1,2021,12:45,1,76.0,76486,1,1,1.0,1.0,Côte de la Maison Brûlée (D132),"49,3159400000","0,9865800000",,76.076486,76486,Seine-Maritime,28.0,Normandie,80.0,7.0,2.0,2,2.0,28,Normandie,76,3,9,Orival,860,5,865.0,2.0,7,,0.0,2.0,1.0,1.0,A01
202100052872,30,1,2021,14:20,1,76.0,76351,2,6,2.0,7.0,VERDUN (RUE DE),"49,5034000000","0,1920800000",,76.076351,76351,Seine-Maritime,28.0,Normandie,50.0,4.0,2.0,2,2.0,28,Normandie,76,2,96,LeHavre,166058,1780,167838.0,1.0,30,,0.0,0.0,0.0,0.0,A01
202100052948,1,2,2021,19:08,3,76.0,76484,1,1,1.0,2.0,Autoroute A13 PK 112+034 sens PARIS/Province,"49,3401230000","1,0685170000",,76.076484,76484,Seine-Maritime,28.0,Normandie,110.0,1.0,1.0,4,1.0,28,Normandie,76,3,31,Oissel,12367,83,12450.0,1.0,17,,0.0,2.0,2.0,2.0,A01
202100052948,1,2,2021,19:08,3,76.0,76484,1,1,1.0,2.0,Autoroute A13 PK 112+034 sens PARIS/Province,"49,3401230000","1,0685170000",,76.076484,76484,Seine-Maritime,28.0,Normandie,110.0,1.0,1.0,4,1.0,28,Normandie,76,3,31,Oissel,12367,83,12450.0,1.0,7,,0.0,0.0,4.0,2.0,B01
202100053048,30,1,2021,22:45,5,76.0,76540,2,1,3.0,6.0,Avenue du Mont Riboudet,"49,4453000000","1,0731700000",,76.076540,76540,Seine-Maritime,28.0,Normandie,50.0,7.0,1.0,8,2.0,28,Normandie,76,3,97,Rouen,114083,1556,115639.0,1.0,33,,12.0,0.0,3.0,1.0,A01
202100053180,25,1,2021,16:00,1,76.0,76540,2,1,1.0,6.0,RENAUD. RUE DE L'ENSEIGNE,"49,4348634313","1,1254390882",,76.076540,76540,Seine-Maritime,28.0,Normandie,50.0,4.0,2.0,2,2.0,28,Normandie,76,3,97,Rouen,114083,1556,115639.0,0.0,7,,0.0,2.0,1.0,1.0,A01
202100053181,23,1,2021,16:10,1,76.0,76575,2,1,1.0,6.0,CATELIERS. RUE DES,"49,3887500000","1,0805100000",,76.076575,76575,Seine-Maritime,28.0,Normandie,50.0,4.0,2.0,2,2.0,28,Normandie,76,3,98,Saint-Étienne-du-Rouvray,28508,225,28733.0,0.0,7,,0.0,2.0,1.0,13.0,A01
202100053181,23,1,2021,16:10,1,76.0,76575,2,1,1.0,6.0,CATELIERS. RUE DES,"49,3887500000","1,0805100000",,76.076575,76575,Seine-Maritime,28.0,Normandie,50.0,4.0,2.0,2,2.0,28,Normandie,76,3,98,Saint-Étienne-du-Rouvray,28508,225,28733.0,0.0,7,,0.0,2.0,8.0,1.0,B01
202100053181,23,1,2021,16:10,1,76.0,76575,2,1,1.0,6.0,CATELIERS. RUE DES,"49,3887500000","1,0805100000",,76.076575,76575,Seine-Maritime,28.0,Normandie,50.0,4.0,2.0,2,2.0,28,Normandie,76,3,98,Saint-Étienne-du-Rouvray,28508,225,28733.0,0.0,7,,0.0,2.0,1.0,1.0,C01
202100053182,22,1,2021,18:15,5,76.0,76540,2,1,1.0,6.0,MARNE. BOULEVARD DE LA,"49,4471300000","1,0940100000",,76.076540,76540,Seine-Maritime,28.0,Normandie,50.0,7.0,2.0,4,1.0,28,Normandie,76,3,97,Rouen,114083,1556,115639.0,1.0,7,,0.0,1.0,1.0,1.0,A01
202100053183,18,1,2021,18:00,5,76.0,76540,2,2,1.0,3.0,RONDEAUX. AVENUE JEAN,"49,4318500000","1,0741000000",,76.076540,76540,Seine-Maritime,28.0,Normandie,50.0,7.0,2.0,2,1.0,28,Normandie,76,3,97,Rouen,114083,1556,115639.0,1.0,7,,0.0,2.0,3.0,7.0,A01
202100053183,18,1,2021,18:00,5,76.0,76540,2,2,1.0,3.0,RONDEAUX. AVENUE JEAN,"49,4318500000","1,0741000000",,76.076540,76540,Seine-Maritime,28.0,Normandie,50.0,7.0,2.0,2,1.0,28,Normandie,76,3,97,Rouen,114083,1556,115639.0,1.0,37,5.0,0.0,2.0,2.0,1.0,B01
202100053438,27,1,2021,17:05,2,76.0,76414,2,1,2.0,2.0,D920,"49,9196720000","1,1322690000",,76.076414,76414,Seine-Maritime,28.0,Normandie,50.0,3.0,2.0,2,2.0,28,Normandie,76,1,8,Martin-Église,1600,55,1655.0,1.0,7,,0.0,0.0,4.0,1.0,B01
202100053438,27,1,2021,17:05,2,76.0,76414,2,1,2.0,2.0,D920,"49,9196720000","1,1322690000",,76.076414,76414,Seine-Maritime,28.0,Normandie,50.0,3.0,2.0,2,2.0,28,Normandie,76,1,8,Martin-Église,1600,55,1655.0,2.0,7,,0.0,2.0,1.0,2.0,A01
202100053516,28,1,2021,16:00,1,76.0,76458,1,1,8.0,1.0,Route d'Auffay,"49,7563790000","1,1899160000",,76.076458,76458,Seine-Maritime,28.0,Normandie,80.0,3.0,2.0,2,2.0,28,Normandie,76,1,20,Muchedent,128,3,131.0,1.0,10,,0.0,2.0,1.0,13.0,A01
202100053516,28,1,2021,16:00,1,76.0,76458,1,1,8.0,1.0,Route d'Auffay,"49,7563790000","1,1899160000",,76.076458,76458,Seine-Maritime,28.0,Normandie,80.0,3.0,2.0,2,2.0,28,Normandie,76,1,20,Muchedent,128,3,131.0,2.0,7,,0.0,2.0,3.0,1.0,B01
202100053576,26,1,2021,08:00,5,76.0,76319,2,1,1.0,6.0,Avenue du General Leclerc,"49,3651800000","1,0139200000",,76.076319,76319,Seine-Maritime,28.0,Normandie,50.0,7.0,2.0,2,1.0,28,Normandie,76,3,9,Grand-Couronne,9726,177,9903.0,2.0,7,,0.0,1.0,1.0,1.0,A01
202100053713,22,1,2021,19:10,5,76.0,76481,1,3,1.0,2.0,Rue Auguste le Conte,"49,5527900000","0,1139200000",,76.076481,76481,Seine-Maritime,28.0,Normandie,50.0,4.0,2.0,2,1.0,28,Normandie,76,2,26,Octeville-sur-Mer,6122,119,6241.0,1.0,10,,0.0,2.0,3.0,15.0,B01
202100053713,22,1,2021,19:10,5,76.0,76481,1,3,1.0,2.0,Rue Auguste le Conte,"49,5527900000","0,1139200000",,76.076481,76481,Seine-Maritime,28.0,Normandie,50.0,4.0,2.0,2,1.0,28,Normandie,76,2,26,Octeville-sur-Mer,6122,119,6241.0,1.0,7,,0.0,2.0,2.0,1.0,A01
202100053714,22,1,2021,18:00,2,76.0,76351,2,2,3.0,3.0,Rue de Richelieu,"49,4892200000","0,1074700000",,76.076351,76351,Seine-Maritime,28.0,Normandie,50.0,4.0,2.0,2,2.0,28,Normandie,76,2,96,LeHavre,166058,1780,167838.0,2.0,7,,0.0,2.0,1.0,1.0,A01
202100053714,22,1,2021,18:00,2,76.0,76351,2,2,3.0,3.0,Rue de Richelieu,"49,4892200000","0,1074700000",,76.076351,76351,Seine-Maritime,28.0,Normandie,50.0,4.0,2.0,2,2.0,28,Normandie,76,2,96,LeHavre,166058,1780,167838.0,1.0,7,,0.0,2.0,8.0,1.0,B01
202100053775,26,1,2021,09:45,1,76.0,76465,1,1,4.0,6.0,A28,"49,7335118655","1,4657374266",,76.076465,76465,Seine-Maritime,28.0,Normandie,130.0,1.0,3.0,4,7.0,28,Normandie,76,1,23,Neuville-Ferrières,546,9,555.0,2.0,7,,2.0,0.0,0.0,1.0,A01
202100053892,25,1,2021,12:10,1,76.0,76305,1,1,1.0,3.0,Autoroute A 131. PK 031.300,"49,4952020000","0,2486340000",,76.076305,76305,Seine-Maritime,28.0,Normandie,130.0,1.0,1.0,4,1.0,28,Normandie,76,2,16,Gonfreville-l'Orcher,8961,44,9005.0,2.0,7,,0.0,2.0,6.0,13.0,A01
202100053892,25,1,2021,12:10,1,76.0,76305,1,1,1.0,3.0,Autoroute A 131. PK 031.300,"49,4952020000","0,2486340000",,76.076305,76305,Seine-Maritime,28.0,Normandie,130.0,1.0,1.0,4,1.0,28,Normandie,76,2,16,Gonfreville-l'Orcher,8961,44,9005.0,2.0,7,,0.0,2.0,2.0,1.0,B01
202100054045,22,1,2021,08:30,1,76.0,76322,2,1,1.0,6.0,Rue Albert Thomas,"49,4115500000","1,0465700000",,76.076322,76322,Seine-Maritime,28.0,Normandie,50.0,4.0,2.0,2,2.0,28,Normandie,76,3,13,LeGrand-Quevilly,25975,225,26200.0,0.0,7,,0.0,1.0,1.0,1.0,A01
202100054142,23,1,2021,10:30,1,76.0,76671,1,1,2.0,1.0,Route du Circuit,"49,9610770000","1,4347570000",,76.076671,76671,Seine-Maritime,28.0,Normandie,80.0,3.0,2.0,2,2.0,28,Normandie,76,1,10,Sept-MeuLes172,1,173,,2.0,7,,0.0,2.0,8.0,1.0,A01
202100054142,23,1,2021,10:30,1,76.0,76671,1,1,2.0,1.0,Route du Circuit,"49,9610770000","1,4347570000",,76.076671,76671,Seine-Maritime,28.0,Normandie,80.0,3.0,2.0,2,2.0,28,Normandie,76,1,10,Sept-MeuLes172,1,173,,1.0,7,,0.0,2.0,1.0,1.0,B01
202100054192,19,1,2021,19:00,5,76.0,76157,2,1,1.0,6.0,Avenue Georges Bizet,"49,4575868487","1,0323054841",,76.076157,76157,Seine-Maritime,28.0,Normandie,50.0,4.0,-1.0,2,1.0,28,Normandie,76,3,4,Canteleu,13966,360,14326.0,0.0,7,,0.0,1.0,8.0,1.0,A01
202100054193,20,1,2021,23:55,5,76.0,76351,2,2,2.0,7.0,Avenue René Coty,"49,4971400000","0,1118600000",,76.076351,76351,Seine-Maritime,28.0,Normandie,30.0,4.0,1.0,2,2.0,28,Normandie,76,2,96,LeHavre,166058,1780,167838.0,0.0,7,,0.0,0.0,0.0,1.0,B01
202100054193,20,1,2021,23:55,5,76.0,76351,2,2,2.0,7.0,Avenue René Coty,"49,4971400000","0,1118600000",,76.076351,76351,Seine-Maritime,28.0,Normandie,30.0,4.0,1.0,2,2.0,28,Normandie,76,2,96,LeHavre,166058,1780,167838.0,0.0,33,,0.0,0.0,7.0,1.0,A01
202100054422,15,1,2021,19:30,5,76.0,76351,2,2,1.0,3.0,Avenue René Coty,"49,4985200000","0,1179600000",,76.076351,76351,Seine-Maritime,28.0,Normandie,50.0,4.0,2.0,2,1.0,28,Normandie,76,2,96,LeHavre,166058,1780,167838.0,3.0,7,,0.0,2.0,1.0,1.0,A01
202100054422,15,1,2021,19:30,5,76.0,76351,2,2,1.0,3.0,Avenue René Coty,"49,4985200000","0,1179600000",,76.076351,76351,Seine-Maritime,28.0,Normandie,50.0,4.0,2.0,2,1.0,28,Normandie,76,2,96,LeHavre,166058,1780,167838.0,1.0,33,,0.0,2.0,7.0,0.0,B01
202100054530,20,1,2021,07:45,5,76.0,76276,2,3,2.0,2.0,Avenue des Sources,"49,6097570000","1,5358440000",,76.076276,76276,Seine-Maritime,28.0,Normandie,50.0,3.0,2.0,2,2.0,28,Normandie,76,1,12,Forges-les-Eaux,3702,157,3859.0,2.0,2,,0.0,2.0,1.0,23.0,A01
202100054530,20,1,2021,07:45,5,76.0,76276,2,3,2.0,2.0,Avenue des Sources,"49,6097570000","1,5358440000",,76.076276,76276,Seine-Maritime,28.0,Normandie,50.0,3.0,2.0,2,2.0,28,Normandie,76,1,12,Forges-les-Eaux,3702,157,3859.0,2.0,7,,0.0,0.0,5.0,15.0,B01
202100054568,15,1,2021,13:15,1,76.0,76351,1,5,1.0,4.0,Rue Félix Faure,"49,5016960879","0,1160162687",,76.076351,76351,Seine-Maritime,28.0,Normandie,50.0,4.0,2.0,7,1.0,28,Normandie,76,2,96,LeHavre,166058,1780,167838.0,2.0,7,,0.0,2.0,4.0,1.0,C01
202100054568,15,1,2021,13:15,1,76.0,76351,1,5,1.0,4.0,Rue Félix Faure,"49,5016960879","0,1160162687",,76.076351,76351,Seine-Maritime,28.0,Normandie,50.0,4.0,2.0,7,1.0,28,Normandie,76,2,96,LeHavre,166058,1780,167838.0,2.0,7,,0.0,2.0,4.0,1.0,B01
202100054568,15,1,2021,13:15,1,76.0,76351,1,5,1.0,4.0,Rue Félix Faure,"49,5016960879","0,1160162687",,76.076351,76351,Seine-Maritime,28.0,Normandie,50.0,4.0,2.0,7,1.0,28,Normandie,76,2,96,LeHavre,166058,1780,167838.0,2.0,7,,0.0,2.0,1.0,1.0,A01
202100054569,16,1,2021,05:05,3,76.0,76351,1,1,1.0,6.0,D6382,"49,5246600000","0,1800500000",,76.076351,76351,Seine-Maritime,28.0,Normandie,90.0,3.0,3.0,4,2.0,28,Normandie,76,2,96,LeHavre,166058,1780,167838.0,1.0,7,,0.0,1.0,2.0,1.0,A01
202100054711,14,1,2021,11:55,1,76.0,76689,1,1,3.0,6.0,Route de Valmont,"49,7192700000","0,5066260000",,76.076689,76689,Seine-Maritime,28.0,Normandie,70.0,3.0,2.0,2,2.0,28,Normandie,76,2,11,ThiétrevilLe373,33,406,,1.0,7,,15.0,1.0,1.0,1.0,A01
202100054712,18,1,2021,14:35,1,76.0,76752,2,1,1.0,6.0,47 Rue Jacques Ferny,"49,6695230000","0,9008340000",,76.076752,76752,Seine-Maritime,28.0,Normandie,50.0,3.0,-1.0,2,1.0,28,Normandie,76,3,35,YervilLe2584,29,2613,,2.0,10,,0.0,1.0,6.0,4.0,A01
202100054713,18,1,2021,06:30,5,76.0,76120,2,1,5.0,1.0,Route de Forges,"49,5926590000","1,4124940000",,76.076120,76120,Seine-Maritime,28.0,Normandie,50.0,3.0,2.0,2,1.0,28,Normandie,76,3,21,Bosc-Bordel,447,10,457.0,2.0,7,,0.0,2.0,3.0,1.0,A01
202100054713,18,1,2021,06:30,5,76.0,76120,2,1,5.0,1.0,Route de Forges,"49,5926590000","1,4124940000",,76.076120,76120,Seine-Maritime,28.0,Normandie,50.0,3.0,2.0,2,1.0,28,Normandie,76,3,21,Bosc-Bordel,447,10,457.0,1.0,7,,0.0,2.0,3.0,1.0,B01
202100054872,14,1,2021,17:30,5,76.0,76561,2,1,1.0,6.0,Rue Marechal Leclerc,"49,3008293132","1,0119607246",,76.076561,76561,Seine-Maritime,28.0,Normandie,50.0,4.0,2.0,2,2.0,28,Normandie,76,3,5,Saint-Aubin-lès-Elbeuf,8428,75,8503.0,0.0,7,,0.0,1.0,1.0,1.0,A01
202100055286,11,1,2021,10:50,1,76.0,76231,2,1,1.0,6.0,Rue Bourgtheroulde,"49,2886500000","0,9959800000",,76.076231,76231,Seine-Maritime,28.0,Normandie,50.0,7.0,2.0,2,1.0,28,Normandie,76,3,9,Elbeuf,15951,138,16089.0,1.0,7,,0.0,1.0,1.0,1.0,A01
202100055287,11,1,2021,18:15,3,76.0,76322,2,1,1.0,7.0,Rue Louis Joseph Gay Lussac,"49,4167713226","1,0461641195",,76.076322,76322,Seine-Maritime,28.0,Normandie,50.0,7.0,2.0,2,1.0,28,Normandie,76,3,13,LeGrand-Quevilly,25975,225,26200.0,3.0,7,,0.0,1.0,1.0,1.0,A01
202100055288,11,1,2021,15:25,1,76.0,76351,2,1,1.0,2.0,Rue de Verdun,"49,5016800000","0,1530000000",,76.076351,76351,Seine-Maritime,28.0,Normandie,50.0,3.0,2.0,2,1.0,28,Normandie,76,2,96,LeHavre,166058,1780,167838.0,2.0,7,,0.0,2.0,4.0,0.0,B01
202100055288,11,1,2021,15:25,1,76.0,76351,2,1,1.0,2.0,Rue de Verdun,"49,5016800000","0,1530000000",,76.076351,76351,Seine-Maritime,28.0,Normandie,50.0,3.0,2.0,2,1.0,28,Normandie,76,2,96,LeHavre,166058,1780,167838.0,2.0,37,1.0,0.0,2.0,1.0,1.0,A01
202100055289,11,1,2021,19:20,5,76.0,76296,1,1,2.0,1.0,Rue de la Libération,"49,5179562255","0,2561685629",,76.076296,76296,Seine-Maritime,28.0,Normandie,70.0,3.0,2.0,2,2.0,28,Normandie,76,2,16,GainnevilLe2511,39,2550,,1.0,7,,0.0,2.0,1.0,1.0,B01
202100055289,11,1,2021,19:20,5,76.0,76296,1,1,2.0,1.0,Rue de la Libération,"49,5179562255","0,2561685629",,76.076296,76296,Seine-Maritime,28.0,Normandie,70.0,3.0,2.0,2,2.0,28,Normandie,76,2,16,GainnevilLe2511,39,2550,,2.0,7,,0.0,2.0,7.0,1.0,A01
202100055464,9,1,2021,19:00,5,76.0,76108,2,2,1.0,4.0,Rue de la Republique,"49,4724300000","1,1122700000",,76.076108,76108,Seine-Maritime,28.0,Normandie,50.0,7.0,2.0,3,1.0,28,Normandie,76,3,2,Bois-Guillaume,14262,361,14623.0,2.0,37,1.0,0.0,2.0,1.0,1.0,C01
202100055464,9,1,2021,19:00,5,76.0,76108,2,2,1.0,4.0,Rue de la Republique,"49,4724300000","1,1122700000",,76.076108,76108,Seine-Maritime,28.0,Normandie,50.0,7.0,2.0,3,1.0,28,Normandie,76,3,2,Bois-Guillaume,14262,361,14623.0,1.0,7,,0.0,2.0,3.0,9.0,A01
202100055464,9,1,2021,19:00,5,76.0,76108,2,2,1.0,4.0,Rue de la Republique,"49,4724300000","1,1122700000",,76.076108,76108,Seine-Maritime,28.0,Normandie,50.0,7.0,2.0,3,1.0,28,Normandie,76,3,2,Bois-Guillaume,14262,361,14623.0,1.0,34,,0.0,2.0,1.0,1.0,B01
202100055465,9,1,2021,15:00,1,76.0,76322,2,2,1.0,1.0,Avenue des Canadiens,"49,4020400000","1,0651800000",,76.076322,76322,Seine-Maritime,28.0,Normandie,50.0,7.0,2.0,4,1.0,28,Normandie,76,3,13,LeGrand-Quevilly,25975,225,26200.0,2.0,7,,0.0,2.0,1.0,1.0,A01
202100055465,9,1,2021,15:00,1,76.0,76322,2,2,1.0,1.0,Avenue des Canadiens,"49,4020400000","1,0651800000",,76.076322,76322,Seine-Maritime,28.0,Normandie,50.0,7.0,2.0,4,1.0,28,Normandie,76,3,13,LeGrand-Quevilly,25975,225,26200.0,1.0,10,,0.0,2.0,1.0,15.0,B01
202100055466,8,1,2021,19:20,5,76.0,76351,2,1,1.0,3.0,Boulevard Jules Durand,"49,4939100000","0,1737600000",,76.076351,76351,Seine-Maritime,28.0,Normandie,50.0,3.0,2.0,3,2.0,28,Normandie,76,2,96,LeHavre,166058,1780,167838.0,0.0,7,,0.0,2.0,1.0,1.0,B01
202100055466,8,1,2021,19:20,5,76.0,76351,2,1,1.0,3.0,Boulevard Jules Durand,"49,4939100000","0,1737600000",,76.076351,76351,Seine-Maritime,28.0,Normandie,50.0,3.0,2.0,3,2.0,28,Normandie,76,2,96,LeHavre,166058,1780,167838.0,0.0,7,,0.0,2.0,8.0,26.0,A01
202100055765,8,1,2021,13:10,1,76.0,76351,2,3,1.0,6.0,Rue Marcel Paul,"49,4930400000","0,1430000000",,76.076351,76351,Seine-Maritime,28.0,Normandie,50.0,4.0,2.0,1,1.0,28,Normandie,76,2,96,LeHavre,166058,1780,167838.0,2.0,7,,0.0,1.0,1.0,1.0,A01
202100055903,6,1,2021,17:30,5,76.0,76341,1,1,1.0,3.0,RUE DE VERDUN,"49,5031639960","0,1909241923",,76.076341,76341,Seine-Maritime,28.0,Normandie,50.0,3.0,3.0,4,1.0,28,Normandie,76,2,15,Harfleur,8315,53,8368.0,2.0,33,,0.0,2.0,2.0,1.0,B01
202100055903,6,1,2021,17:30,5,76.0,76341,1,1,1.0,3.0,RUE DE VERDUN,"49,5031639960","0,1909241923",,76.076341,76341,Seine-Maritime,28.0,Normandie,50.0,3.0,3.0,4,1.0,28,Normandie,76,2,15,Harfleur,8315,53,8368.0,2.0,0,,0.0,2.0,0.0,1.0,A01
202100055904,6,1,2021,12:52,1,76.0,76305,2,1,1.0,1.0,Route de la Seine,"49,5049000000","0,2228800000",,76.076305,76305,Seine-Maritime,28.0,Normandie,50.0,4.0,2.0,2,1.0,28,Normandie,76,2,16,Gonfreville-l'Orcher,8961,44,9005.0,3.0,7,,0.0,2.0,1.0,0.0,A01
202100055904,6,1,2021,12:52,1,76.0,76305,2,1,1.0,1.0,Route de la Seine,"49,5049000000","0,2228800000",,76.076305,76305,Seine-Maritime,28.0,Normandie,50.0,4.0,2.0,2,1.0,28,Normandie,76,2,16,Gonfreville-l'Orcher,8961,44,9005.0,3.0,7,,0.0,2.0,1.0,0.0,B01
202100055975,8,1,2021,07:25,4,76.0,76493,2,3,1.0,1.0,Route de Saint Valery,"49,8507070000","0,6304060000",,76.076493,76493,Seine-Maritime,28.0,Normandie,50.0,3.0,2.0,3,7.0,28,Normandie,76,1,33,Paluel,395,12,407.0,2.0,7,,0.0,2.0,1.0,1.0,A01
202100055975,8,1,2021,07:25,4,76.0,76493,2,3,1.0,1.0,Route de Saint Valery,"49,8507070000","0,6304060000",,76.076493,76493,Seine-Maritime,28.0,Normandie,50.0,3.0,2.0,3,7.0,28,Normandie,76,1,33,Paluel,395,12,407.0,1.0,2,,0.0,2.0,7.0,15.0,B01
202100055978,6,1,2021,12:10,1,76.0,76711,2,1,1.0,1.0,Rue de la Commune de Paris,"50,0604450000","1,3726960000",,76.076711,76711,Seine-Maritime,28.0,Normandie,50.0,3.0,2.0,2,1.0,28,Normandie,76,1,10,LeTréport,4424,91,4515.0,1.0,7,,0.0,2.0,3.0,13.0,A01
202100055978,6,1,2021,12:10,1,76.0,76711,2,1,1.0,1.0,Rue de la Commune de Paris,"50,0604450000","1,3726960000",,76.076711,76711,Seine-Maritime,28.0,Normandie,50.0,3.0,2.0,2,1.0,28,Normandie,76,1,10,LeTréport,4424,91,4515.0,2.0,1,,0.0,2.0,1.0,1.0,B01
202100056004,8,1,2021,18:25,3,76.0,76099,1,1,1.0,1.0,Route de la Pierre,"49,5568300000","0,8567500000",,76.076099,76099,Seine-Maritime,28.0,Normandie,70.0,3.0,2.0,2,1.0,28,Normandie,76,3,1,BlacquevilLe707,9,716,,1.0,33,,0.0,2.0,1.0,3.0,A01
202100056004,8,1,2021,18:25,3,76.0,76099,1,1,1.0,1.0,Route de la Pierre,"49,5568300000","0,8567500000",,76.076099,76099,Seine-Maritime,28.0,Normandie,70.0,3.0,2.0,2,1.0,28,Normandie,76,3,1,BlacquevilLe707,9,716,,2.0,7,,0.0,2.0,1.0,1.0,B01
202100056035,11,2,2021,06:20,2,76.0,76540,2,1,1.0,2.0,Rue Dufay,"49,4243017981","1,0757777095",,76.076540,76540,Seine-Maritime,28.0,Normandie,30.0,4.0,1.0,2,1.0,28,Normandie,76,3,97,Rouen,114083,1556,115639.0,0.0,7,,0.0,2.0,1.0,1.0,A01
202100056035,11,2,2021,06:20,2,76.0,76540,2,1,1.0,2.0,Rue Dufay,"49,4243017981","1,0757777095",,76.076540,76540,Seine-Maritime,28.0,Normandie,30.0,4.0,1.0,2,1.0,28,Normandie,76,3,97,Rouen,114083,1556,115639.0,0.0,7,,1.0,2.0,4.0,23.0,B01
202100056245,2,1,2021,17:30,5,76.0,76540,2,1,1.0,4.0,Boulevard de l’Yser,"49,4473400000","1,1034900000",,76.076540,76540,Seine-Maritime,28.0,Normandie,50.0,7.0,2.0,2,1.0,28,Normandie,76,3,97,Rouen,114083,1556,115639.0,2.0,7,,0.0,2.0,4.0,23.0,B01
202100056245,2,1,2021,17:30,5,76.0,76540,2,1,1.0,4.0,Boulevard de l’Yser,"49,4473400000","1,1034900000",,76.076540,76540,Seine-Maritime,28.0,Normandie,50.0,7.0,2.0,2,1.0,28,Normandie,76,3,97,Rouen,114083,1556,115639.0,2.0,7,,0.0,2.0,4.0,23.0,C01
202100056245,2,1,2021,17:30,5,76.0,76540,2,1,1.0,4.0,Boulevard de l’Yser,"49,4473400000","1,1034900000",,76.076540,76540,Seine-Maritime,28.0,Normandie,50.0,7.0,2.0,2,1.0,28,Normandie,76,3,97,Rouen,114083,1556,115639.0,2.0,7,,0.0,0.0,0.0,0.0,Z01
202100056245,2,1,2021,17:30,5,76.0,76540,2,1,1.0,4.0,Boulevard de l’Yser,"49,4473400000","1,1034900000",,76.076540,76540,Seine-Maritime,28.0,Normandie,50.0,7.0,2.0,2,1.0,28,Normandie,76,3,97,Rouen,114083,1556,115639.0,2.0,7,,0.0,2.0,1.0,1.0,A01
202100056246,1,1,2021,15:15,1,76.0,76351,2,3,1.0,1.0,Rue Jules Avril,"49,4976400000","0,0967900000",,76.076351,76351,Seine-Maritime,28.0,Normandie,50.0,4.0,1.0,1,1.0,28,Normandie,76,2,96,LeHavre,166058,1780,167838.0,3.0,7,,0.0,2.0,1.0,5.0,B01
202100056246,1,1,2021,15:15,1,76.0,76351,2,3,1.0,1.0,Rue Jules Avril,"49,4976400000","0,0967900000",,76.076351,76351,Seine-Maritime,28.0,Normandie,50.0,4.0,1.0,1,1.0,28,Normandie,76,2,96,LeHavre,166058,1780,167838.0,3.0,2,,0.0,2.0,1.0,15.0,A01
202100056304,5,1,2021,15:00,1,76.0,76419,1,1,1.0,6.0,route de duclair,"49,3965630000","0,8816210000",,76.076419,76419,Seine-Maritime,28.0,Normandie,80.0,3.0,2.0,2,1.0,28,Normandie,76,3,1,Mauny,155,6,161.0,1.0,7,,0.0,0.0,7.0,0.0,A01
202100056454,2,1,2021,08:35,2,76.0,76183,2,1,2.0,6.0,Route de Fecamp,"49,7493800000","0,4473500000",,76.076183,76183,Seine-Maritime,28.0,Normandie,50.0,3.0,2.0,2,2.0,28,Normandie,76,2,11,CollevilLe767,19,786,,1.0,2,,8.0,0.0,7.0,1.0,A01
202000000006,5,3,2020,07:00,2,76.0,76114,1,2,2.0,3.0,D6015,"49,5763988","0,5101875",,76.076114,76114,Seine-Maritime,28.0,Normandie,80.0,3.0,2.0,3,2.0,28,Normandie,76,2,3,Bolbec,11635,147,11782.0,2.0,2,,0.0,2.0,2.0,1.0,B01