Num_Acc,jour,mois,an,hrmn,lum,dep,com,agg,int,atm,col,adr,lat,long,gps,com_insee_temp,com_insee,departmentName,regionCode,regionName,vma,catr,circ,nbv,surf,Code,Region,Departement,Arrondissement,Code_Canton,Nom_Commune,Population_municipaLe,Population_comptee_a_part,Population_Totale,senc,catv,occutc,obs,obsm,choc,manv,num_veh
202000000006,5,3,2020,07:00,2,76.0,76114,1,2,2.0,3.0,D6015,"49,5763988","0,5101875",,76.076114,76114,Seine-Maritime,28.0,Normandie,80.0,3.0,2.0,3,2.0,28,Normandie,76,2,3,Bolbec,11635,147,11782.0,1.0,10,,0.0,2.0,1.0,9.0,A01
202000000241,21,9,2020,07:10,2,76.0,76441,1,1,5.0,1.0,D49,"49,9688130","1,5695210",,76.076441,76441,Seine-Maritime,28.0,Normandie,80.0,3.0,2.0,1,1.0,28,Normandie,76,1,10,Monchaux-Soreng,616,10,626.0,2.0,7,,0.0,0.0,1.0,1.0,B01
202000000241,21,9,2020,07:10,2,76.0,76441,1,1,5.0,1.0,D49,"49,9688130","1,5695210",,76.076441,76441,Seine-Maritime,28.0,Normandie,80.0,3.0,2.0,1,1.0,28,Normandie,76,1,10,Monchaux-Soreng,616,10,626.0,1.0,2,,0.0,2.0,1.0,13.0,A01
202000000427,22,6,2020,10:50,1,76.0,76681,1,1,1.0,3.0,INDUSTRIEL. BOULEVARD (CD 18E),"49,4051500","1,1102700",,76.076681,76681,Seine-Maritime,28.0,Normandie,90.0,3.0,3.0,4,1.0,28,Normandie,76,3,99,Sotteville-lès-Rouen,28965,475,29440.0,2.0,7,,0.0,2.0,6.0,1.0,B01
202000000427,22,6,2020,10:50,1,76.0,76681,1,1,1.0,3.0,INDUSTRIEL. BOULEVARD (CD 18E),"49,4051500","1,1102700",,76.076681,76681,Seine-Maritime,28.0,Normandie,90.0,3.0,3.0,4,1.0,28,Normandie,76,3,99,Sotteville-lès-Rouen,28965,475,29440.0,2.0,17,,0.0,2.0,2.0,12.0,A01
202000000471,18,10,2020,23:20,5,76.0,76319,1,1,1.0,2.0,MARITIME. BOULEVARD,"49,3620200","0,9960700",,76.076319,76319,Seine-Maritime,28.0,Normandie,80.0,4.0,2.0,2,1.0,28,Normandie,76,3,9,Grand-Couronne,9726,177,9903.0,0.0,2,,0.0,2.0,4.0,1.0,B01
202000000471,18,10,2020,23:20,5,76.0,76319,1,1,1.0,2.0,MARITIME. BOULEVARD,"49,3620200","0,9960700",,76.076319,76319,Seine-Maritime,28.0,Normandie,80.0,4.0,2.0,2,1.0,28,Normandie,76,3,9,Grand-Couronne,9726,177,9903.0,0.0,7,,0.0,2.0,1.0,17.0,A01
202000000472,17,10,2020,02:40,5,76.0,76351,2,1,1.0,1.0,FRISSARD (QUAI),"49,4908100","0,1291900",,76.076351,76351,Seine-Maritime,28.0,Normandie,50.0,4.0,2.0,2,1.0,28,Normandie,76,2,96,LeHavre,166058,1780,167838.0,0.0,1,,0.0,2.0,1.0,13.0,A01
202000000472,17,10,2020,02:40,5,76.0,76351,2,1,1.0,1.0,FRISSARD (QUAI),"49,4908100","0,1291900",,76.076351,76351,Seine-Maritime,28.0,Normandie,50.0,4.0,2.0,2,1.0,28,Normandie,76,2,96,LeHavre,166058,1780,167838.0,0.0,7,,0.0,2.0,3.0,1.0,B01
202000000655,22,8,2020,15:17,1,76.0,76351,2,3,1.0,6.0,GALIONS (DES),"49,4862000","0,1103000",,76.076351,76351,Seine-Maritime,28.0,Normandie,50.0,4.0,2.0,3,1.0,28,Normandie,76,2,96,LeHavre,166058,1780,167838.0,3.0,7,,0.0,1.0,1.0,16.0,A01
202000000656,21,8,2020,23:30,3,76.0,76351,1,1,1.0,6.0,RD 6382,"49,5255555","0,1576666",,76.076351,76351,Seine-Maritime,28.0,Normandie,90.0,3.0,3.0,5,1.0,28,Normandie,76,2,96,LeHavre,166058,1780,167838.0,2.0,7,,3.0,0.0,1.0,1.0,A01
202000000657,19,8,2020,16:47,1,76.0,76351,2,2,1.0,6.0,VOLTAIRE,"49,4899600","0,1050400",,76.076351,76351,Seine-Maritime,28.0,Normandie,50.0,4.0,2.0,2,2.0,28,Normandie,76,2,96,LeHavre,166058,1780,167838.0,3.0,7,,0.0,1.0,2.0,0.0,A01
202000000658,24,8,2020,15:05,1,76.0,76217,2,9,1.0,6.0,GAMBETTA (AVENUE),"49,9194130","1,0738920",,76.076217,76217,Seine-Maritime,28.0,Normandie,30.0,3.0,2.0,3,1.0,28,Normandie,76,1,95,Dieppe,28358,455,28813.0,2.0,7,,0.0,1.0,2.0,26.0,A01
202000000885,11,12,2020,13:47,1,76.0,76329,1,1,2.0,5.0,D6015,"49,5611500","0,4826700",,76.076329,76329,Seine-Maritime,28.0,Normandie,70.0,3.0,2.0,3,2.0,28,Normandie,76,2,3,Gruchet-le-Valasse,3074,39,3113.0,3.0,10,,0.0,0.0,1.0,13.0,T01
202000000885,11,12,2020,13:47,1,76.0,76329,1,1,2.0,5.0,D6015,"49,5611500","0,4826700",,76.076329,76329,Seine-Maritime,28.0,Normandie,70.0,3.0,2.0,3,2.0,28,Normandie,76,2,3,Gruchet-le-Valasse,3074,39,3113.0,0.0,7,,0.0,2.0,1.0,13.0,A01
202000000885,11,12,2020,13:47,1,76.0,76329,1,1,2.0,5.0,D6015,"49,5611500","0,4826700",,76.076329,76329,Seine-Maritime,28.0,Normandie,70.0,3.0,2.0,3,2.0,28,Normandie,76,2,3,Gruchet-le-Valasse,3074,39,3113.0,0.0,7,,0.0,2.0,6.0,1.0,D01
202000000885,11,12,2020,13:47,1,76.0,76329,1,1,2.0,5.0,D6015,"49,5611500","0,4826700",,76.076329,76329,Seine-Maritime,28.0,Normandie,70.0,3.0,2.0,3,2.0,28,Normandie,76,2,3,Gruchet-le-Valasse,3074,39,3113.0,0.0,7,,0.0,2.0,1.0,21.0,C01
202000000885,11,12,2020,13:47,1,76.0,76329,1,1,2.0,5.0,D6015,"49,5611500","0,4826700",,76.076329,76329,Seine-Maritime,28.0,Normandie,70.0,3.0,2.0,3,2.0,28,Normandie,76,2,3,Gruchet-le-Valasse,3074,39,3113.0,0.0,7,,0.0,2.0,1.0,17.0,B01
202000000905,24,12,2020,17:25,5,76.0,76351,2,2,1.0,3.0,DEMIDOFF (RUE),"49,4976500","0,1361500",,76.076351,76351,Seine-Maritime,28.0,Normandie,50.0,4.0,2.0,4,2.0,28,Normandie,76,2,96,LeHavre,166058,1780,167838.0,2.0,30,,0.0,2.0,3.0,15.0,B01
202000000905,24,12,2020,17:25,5,76.0,76351,2,2,1.0,3.0,DEMIDOFF (RUE),"49,4976500","0,1361500",,76.076351,76351,Seine-Maritime,28.0,Normandie,50.0,4.0,2.0,4,2.0,28,Normandie,76,2,96,LeHavre,166058,1780,167838.0,1.0,7,,0.0,2.0,1.0,1.0,A01
202000000906,21,12,2020,20:07,5,76.0,76351,2,1,1.0,1.0,BELLOT,"49,4861800","0,1267500",,76.076351,76351,Seine-Maritime,28.0,Normandie,30.0,4.0,2.0,2,1.0,28,Normandie,76,2,96,LeHavre,166058,1780,167838.0,0.0,7,,0.0,2.0,1.0,1.0,B01
202000000906,21,12,2020,20:07,5,76.0,76351,2,1,1.0,1.0,BELLOT,"49,4861800","0,1267500",,76.076351,76351,Seine-Maritime,28.0,Normandie,30.0,4.0,2.0,2,1.0,28,Normandie,76,2,96,LeHavre,166058,1780,167838.0,0.0,7,,0.0,2.0,1.0,13.0,A01
202000000907,9,12,2020,18:00,5,76.0,76351,2,2,1.0,3.0,BOIS AU COQ (AVENUE),"49,5128000","0,1255000",,76.076351,76351,Seine-Maritime,28.0,Normandie,50.0,4.0,3.0,4,1.0,28,Normandie,76,2,96,LeHavre,166058,1780,167838.0,3.0,7,,0.0,2.0,5.0,15.0,B01
202000000907,9,12,2020,18:00,5,76.0,76351,2,2,1.0,3.0,BOIS AU COQ (AVENUE),"49,5128000","0,1255000",,76.076351,76351,Seine-Maritime,28.0,Normandie,50.0,4.0,3.0,4,1.0,28,Normandie,76,2,96,LeHavre,166058,1780,167838.0,3.0,7,,0.0,2.0,3.0,1.0,A01
202000000908,5,12,2020,14:15,1,76.0,76351,2,1,1.0,6.0,HUIT MAI 1945 (AVENUE DU),"49,5156700","0,1709200",,76.076351,76351,Seine-Maritime,28.0,Normandie,50.0,4.0,3.0,1,3.0,28,Normandie,76,2,96,LeHavre,166058,1780,167838.0,0.0,7,,0.0,1.0,1.0,1.0,Z01
202000000909,4,12,2020,17:30,5,76.0,76351,2,1,1.0,6.0,AUGUSTE RISPAL,"49,4931000","0,1419000",,76.076351,76351,Seine-Maritime,28.0,Normandie,50.0,4.0,2.0,2,2.0,28,Normandie,76,2,96,LeHavre,166058,1780,167838.0,3.0,0,,0.0,1.0,1.0,1.0,A01
202000001246,4,1,2020,18:25,5,76.0,76351,2,2,1.0,6.0,FELIX FAURE,"49,4993500","0,0985700",,76.076351,76351,Seine-Maritime,28.0,Normandie,50.0,4.0,2.0,2,1.0,28,Normandie,76,2,96,LeHavre,166058,1780,167838.0,1.0,7,,0.0,1.0,1.0,1.0,A01
202000001261,4,3,2020,21:00,5,76.0,76212,2,1,3.0,6.0,LONGPAON. RUE DE,"49,4423900","1,1467300",,76.076212,76212,Seine-Maritime,28.0,Normandie,50.0,3.0,1.0,1,2.0,28,Normandie,76,3,6,Darnétal,9738,74,9812.0,1.0,7,,0.0,1.0,2.0,1.0,A01
202000001339,19,5,2020,15:35,1,76.0,76540,2,1,7.0,6.0,CAVELIER DE LA SALLE. QUAI (HAUT),"49,4380700","1,0831600",,76.076540,76540,Seine-Maritime,28.0,Normandie,50.0,4.0,3.0,4,1.0,28,Normandie,76,3,97,Rouen,114083,1556,115639.0,0.0,10,,0.0,1.0,2.0,1.0,A01
202000001340,16,5,2020,18:30,1,76.0,76681,2,2,1.0,6.0,SALVA. RUE LEON,"49,4140200","1,0842100",,76.076681,76681,Seine-Maritime,28.0,Normandie,50.0,4.0,2.0,2,1.0,28,Normandie,76,3,99,Sotteville-lès-Rouen,28965,475,29440.0,0.0,33,,0.0,1.0,1.0,1.0,A01
202000001431,19,9,2020,00:40,5,76.0,76540,2,1,1.0,3.0,RENARD. RUE DU,"49,4516700","1,0695400",,76.076540,76540,Seine-Maritime,28.0,Normandie,30.0,4.0,2.0,2,1.0,28,Normandie,76,3,97,Rouen,114083,1556,115639.0,0.0,1,,0.0,2.0,1.0,1.0,A01
202000001431,19,9,2020,00:40,5,76.0,76540,2,1,1.0,3.0,RENARD. RUE DU,"49,4516700","1,0695400",,76.076540,76540,Seine-Maritime,28.0,Normandie,30.0,4.0,2.0,2,1.0,28,Normandie,76,3,97,Rouen,114083,1556,115639.0,0.0,7,,0.0,2.0,8.0,1.0,B01
202000001432,18,9,2020,14:00,1,76.0,76540,2,1,1.0,2.0,LYONS. ROUTE DE (BRETELLE C),"49,4368600","1,1271900",,76.076540,76540,Seine-Maritime,28.0,Normandie,50.0,3.0,1.0,3,1.0,28,Normandie,76,3,97,Rouen,114083,1556,115639.0,0.0,7,,0.0,2.0,1.0,1.0,A01
202000001432,18,9,2020,14:00,1,76.0,76540,2,1,1.0,2.0,LYONS. ROUTE DE (BRETELLE C),"49,4368600","1,1271900",,76.076540,76540,Seine-Maritime,28.0,Normandie,50.0,3.0,1.0,3,1.0,28,Normandie,76,3,97,Rouen,114083,1556,115639.0,0.0,7,,0.0,2.0,4.0,23.0,B01
202000001511,20,9,2020,16:45,1,76.0,76711,2,4,1.0,3.0,Avenue Charles Gounod,"50,0583890","1,3763760",,76.076711,76711,Seine-Maritime,28.0,Normandie,-1.0,3.0,2.0,2,1.0,28,Normandie,76,1,10,LeTréport,4424,91,4515.0,1.0,7,,0.0,2.0,3.0,10.0,A01
202000001511,20,9,2020,16:45,1,76.0,76711,2,4,1.0,3.0,Avenue Charles Gounod,"50,0583890","1,3763760",,76.076711,76711,Seine-Maritime,28.0,Normandie,-1.0,3.0,2.0,2,1.0,28,Normandie,76,1,10,LeTréport,4424,91,4515.0,1.0,2,,0.0,2.0,7.0,17.0,B01
202000001512,19,9,2020,16:00,1,76.0,76255,2,1,1.0,3.0,D1314,"50,0389160","1,4234910",,76.076255,76255,Seine-Maritime,28.0,Normandie,50.0,3.0,2.0,2,1.0,28,Normandie,76,1,10,Eu,6591,197,6788.0,2.0,15,,0.0,2.0,6.0,1.0,B01
202000001512,19,9,2020,16:00,1,76.0,76255,2,1,1.0,3.0,D1314,"50,0389160","1,4234910",,76.076255,76255,Seine-Maritime,28.0,Normandie,50.0,3.0,2.0,2,1.0,28,Normandie,76,1,10,Eu,6591,197,6788.0,1.0,2,,0.0,2.0,1.0,13.0,A01
202000001606,17,9,2020,14:10,1,76.0,76108,2,1,1.0,3.0,JUIN. AVENUE DU MARECHAL,"49,4635400","1,1172000",,76.076108,76108,Seine-Maritime,28.0,Normandie,50.0,3.0,2.0,2,1.0,28,Normandie,76,3,2,Bois-Guillaume,14262,361,14623.0,0.0,7,,0.0,2.0,3.0,1.0,B01
202000001606,17,9,2020,14:10,1,76.0,76108,2,1,1.0,3.0,JUIN. AVENUE DU MARECHAL,"49,4635400","1,1172000",,76.076108,76108,Seine-Maritime,28.0,Normandie,50.0,3.0,2.0,2,1.0,28,Normandie,76,3,2,Bois-Guillaume,14262,361,14623.0,0.0,7,,0.0,2.0,4.0,4.0,A01
202000001607,17,9,2020,17:20,1,76.0,76498,2,1,1.0,-1.0,JAURES. AVENUE JEAN,"49,4274700","1,0667600",,76.076498,76498,Seine-Maritime,28.0,Normandie,30.0,3.0,1.0,1,1.0,28,Normandie,76,3,27,LePetit-Quevilly,21782,274,22056.0,2.0,50,,0.0,2.0,1.0,18.0,A01
202000001607,17,9,2020,17:20,1,76.0,76498,2,1,1.0,-1.0,JAURES. AVENUE JEAN,"49,4274700","1,0667600",,76.076498,76498,Seine-Maritime,28.0,Normandie,30.0,3.0,1.0,1,1.0,28,Normandie,76,3,27,LePetit-Quevilly,21782,274,22056.0,2.0,10,,0.0,2.0,0.0,23.0,Z01
202000001608,17,9,2020,13:10,1,76.0,76366,2,1,1.0,1.0,FRESQUIENNES. ROUTE DE (CD 124),"49,5107200","1,0329000",,76.076366,76366,Seine-Maritime,28.0,Normandie,50.0,3.0,2.0,2,1.0,28,Normandie,76,3,24,LeHoulme,4133,32,4165.0,0.0,33,,0.0,2.0,1.0,13.0,A01
202000001608,17,9,2020,13:10,1,76.0,76366,2,1,1.0,1.0,FRESQUIENNES. ROUTE DE (CD 124),"49,5107200","1,0329000",,76.076366,76366,Seine-Maritime,28.0,Normandie,50.0,3.0,2.0,2,1.0,28,Normandie,76,3,24,LeHoulme,4133,32,4165.0,0.0,7,,0.0,2.0,1.0,1.0,B01
202000001609,16,9,2020,19:50,2,76.0,76366,2,3,1.0,7.0,SAINT JEAN. ROUTE DE,"49,5101100","1,0315800",,76.076366,76366,Seine-Maritime,28.0,Normandie,50.0,3.0,2.0,2,1.0,28,Normandie,76,3,24,LeHoulme,4133,32,4165.0,2.0,7,,0.0,1.0,1.0,15.0,A01
202000001764,19,6,2020,17:10,1,76.0,76351,2,2,1.0,-1.0,VALLEE (RUE DE LA),"49,4950800","0,1552200",,76.076351,76351,Seine-Maritime,28.0,Normandie,50.0,4.0,2.0,2,1.0,28,Normandie,76,2,96,LeHavre,166058,1780,167838.0,1.0,7,,0.0,2.0,3.0,1.0,C01
202000001764,19,6,2020,17:10,1,76.0,76351,2,2,1.0,-1.0,VALLEE (RUE DE LA),"49,4950800","0,1552200",,76.076351,76351,Seine-Maritime,28.0,Normandie,50.0,4.0,2.0,2,1.0,28,Normandie,76,2,96,LeHavre,166058,1780,167838.0,1.0,7,,0.0,2.0,2.0,9.0,B01
202000001765,22,6,2020,10:00,1,76.0,76217,2,1,1.0,6.0,AVENUE JEAN JAURES,"49,9101090","1,0668969",,76.076217,76217,Seine-Maritime,28.0,Normandie,50.0,4.0,2.0,2,1.0,28,Normandie,76,1,95,Dieppe,28358,455,28813.0,1.0,30,,0.0,1.0,1.0,0.0,A01
202000001832,18,10,2020,16:55,1,76.0,76549,1,1,1.0,7.0,D149,"49,7569970","0,9149980",,76.076549,76549,Seine-Maritime,28.0,Normandie,80.0,3.0,2.0,2,1.0,28,Normandie,76,1,20,Saâne-Saint-Just,140,6,146.0,1.0,2,,0.0,0.0,8.0,1.0,A01
202000001892,16,10,2020,08:40,1,76.0,76575,2,6,1.0,2.0,MARE AUX DAIMS. AVENUE DE LA,"49,3897600","1,0714500",,76.076575,76575,Seine-Maritime,28.0,Normandie,50.0,4.0,1.0,2,1.0,28,Normandie,76,3,98,Saint-Étienne-du-Rouvray,28508,225,28733.0,0.0,7,,0.0,2.0,1.0,1.0,A01
202000001892,16,10,2020,08:40,1,76.0,76575,2,6,1.0,2.0,MARE AUX DAIMS. AVENUE DE LA,"49,3897600","1,0714500",,76.076575,76575,Seine-Maritime,28.0,Normandie,50.0,4.0,1.0,2,1.0,28,Normandie,76,3,98,Saint-Étienne-du-Rouvray,28508,225,28733.0,0.0,50,,0.0,2.0,4.0,1.0,B01
202000002026,17,10,2020,08:50,1,76.0,76504,1,2,1.0,3.0,300 Route de Fontaine,"49,8081753","0,7530765",,76.076504,76504,Seine-Maritime,28.0,Normandie,80.0,3.0,2.0,2,1.0,28,Normandie,76,1,33,Pleine-Sève,125,2,127.0,1.0,7,,0.0,2.0,1.0,19.0,B01
202000002026,17,10,2020,08:50,1,76.0,76504,1,2,1.0,3.0,300 Route de Fontaine,"49,8081753","0,7530765",,76.076504,76504,Seine-Maritime,28.0,Normandie,80.0,3.0,2.0,2,1.0,28,Normandie,76,1,33,Pleine-Sève,125,2,127.0,1.0,7,,12.0,2.0,8.0,1.0,A01
202000002124,2,8,2020,19:00,1,76.0,76054,1,1,1.0,-1.0,CD149,"49,9016330","1,3967950",,76.076054,76054,Seine-Maritime,28.0,Normandie,80.0,3.0,2.0,2,1.0,28,Normandie,76,1,8,Bailly-en-Rivière,518,10,528.0,1.0,7,,0.0,2.0,3.0,1.0,A01
202000002124,2,8,2020,19:00,1,76.0,76054,1,1,1.0,-1.0,CD149,"49,9016330","1,3967950",,76.076054,76054,Seine-Maritime,28.0,Normandie,80.0,3.0,2.0,2,1.0,28,Normandie,76,1,8,Bailly-en-Rivière,518,10,528.0,2.0,10,,0.0,2.0,8.0,1.0,B01
202000002346,22,7,2020,18:55,1,76.0,76540,2,2,1.0,3.0,FRANCE. QUAI DE,"49,4399000","1,0652000",,76.076540,76540,Seine-Maritime,28.0,Normandie,50.0,4.0,3.0,5,1.0,28,Normandie,76,3,97,Rouen,114083,1556,115639.0,0.0,34,,0.0,2.0,1.0,1.0,B01
202000002346,22,7,2020,18:55,1,76.0,76540,2,2,1.0,3.0,FRANCE. QUAI DE,"49,4399000","1,0652000",,76.076540,76540,Seine-Maritime,28.0,Normandie,50.0,4.0,3.0,5,1.0,28,Normandie,76,3,97,Rouen,114083,1556,115639.0,2.0,7,,0.0,2.0,2.0,15.0,A01
202000002347,22,7,2020,20:45,1,76.0,76351,2,1,1.0,1.0,SALVADOR ALLENDE (RUE),"49,5045477","0,1400154",,76.076351,76351,Seine-Maritime,28.0,Normandie,50.0,4.0,2.0,2,1.0,28,Normandie,76,2,96,LeHavre,166058,1780,167838.0,0.0,7,,0.0,2.0,1.0,13.0,A01
202000002347,22,7,2020,20:45,1,76.0,76351,2,1,1.0,1.0,SALVADOR ALLENDE (RUE),"49,5045477","0,1400154",,76.076351,76351,Seine-Maritime,28.0,Normandie,50.0,4.0,2.0,2,1.0,28,Normandie,76,2,96,LeHavre,166058,1780,167838.0,0.0,7,,1.0,2.0,1.0,1.0,B01
202000002510,10,1,2020,06:25,3,76.0,76484,1,1,1.0,2.0,"Autoroute A13, PK 111.680 en direction de paris","49,3379750","1,0720490",,76.076484,76484,Seine-Maritime,28.0,Normandie,110.0,1.0,1.0,5,1.0,28,Normandie,76,3,31,Oissel,12367,83,12450.0,2.0,7,,0.0,2.0,6.0,1.0,B01
202000002510,10,1,2020,06:25,3,76.0,76484,1,1,1.0,2.0,"Autoroute A13, PK 111.680 en direction de paris","49,3379750","1,0720490",,76.076484,76484,Seine-Maritime,28.0,Normandie,110.0,1.0,1.0,5,1.0,28,Normandie,76,3,31,Oissel,12367,83,12450.0,2.0,7,,0.0,2.0,2.0,12.0,A01
202000002547,23,8,2020,09:11,1,76.0,76498,2,2,1.0,6.0,JAURES. AVENUE JEAN,"49,4251700","1,0569700",,76.076498,76498,Seine-Maritime,28.0,Normandie,50.0,3.0,3.0,4,1.0,28,Normandie,76,3,27,LePetit-Quevilly,21782,274,22056.0,2.0,7,,2.0,1.0,9.0,15.0,A01
202000002654,12,7,2020,12:30,1,76.0,76157,1,1,1.0,3.0,VAUPALIERE. ROUTE DE LA,"49,4635546","1,0201138",,76.076157,76157,Seine-Maritime,28.0,Normandie,30.0,3.0,2.0,1,1.0,28,Normandie,76,3,4,Canteleu,13966,360,14326.0,1.0,35,,0.0,2.0,1.0,10.0,Z01
202000002654,12,7,2020,12:30,1,76.0,76157,1,1,1.0,3.0,VAUPALIERE. ROUTE DE LA,"49,4635546","1,0201138",,76.076157,76157,Seine-Maritime,28.0,Normandie,30.0,3.0,2.0,1,1.0,28,Normandie,76,3,4,Canteleu,13966,360,14326.0,1.0,1,,0.0,2.0,1.0,1.0,B01
202000002655,23,5,2020,09:40,1,76.0,76540,2,7,1.0,6.0,CAUCHOISE. PLACE,"49,4456600","1,0867000",,76.076540,76540,Seine-Maritime,28.0,Normandie,50.0,3.0,2.0,4,1.0,28,Normandie,76,3,97,Rouen,114083,1556,115639.0,0.0,7,,0.0,1.0,3.0,1.0,A01
202000002857,29,11,2020,17:40,3,76.0,76684,1,6,5.0,7.0,D982,"49,4834890","0,4434980",,76.076684,76684,Seine-Maritime,28.0,Normandie,50.0,3.0,1.0,1,2.0,28,Normandie,76,2,3,TancarvilLe1218,24,1242,,2.0,33,,0.0,0.0,0.0,1.0,A01
202000002973,18,5,2020,00:29,5,76.0,76575,2,1,1.0,3.0,VELAY. RUE DU,"49,3744700","1,0975100",,76.076575,76575,Seine-Maritime,28.0,Normandie,50.0,4.0,2.0,2,1.0,28,Normandie,76,3,98,Saint-Étienne-du-Rouvray,28508,225,28733.0,0.0,7,,0.0,2.0,1.0,1.0,B01
202000002973,18,5,2020,00:29,5,76.0,76575,2,1,1.0,3.0,VELAY. RUE DU,"49,3744700","1,0975100",,76.076575,76575,Seine-Maritime,28.0,Normandie,50.0,4.0,2.0,2,1.0,28,Normandie,76,3,98,Saint-Étienne-du-Rouvray,28508,225,28733.0,0.0,80,,0.0,2.0,8.0,19.0,SA01
202000002974,17,5,2020,16:35,1,76.0,76212,2,3,1.0,3.0,CARNOT. RUE SADI,"49,4408600","1,1471200",,76.076212,76212,Seine-Maritime,28.0,Normandie,50.0,3.0,2.0,2,1.0,28,Normandie,76,3,6,Darnétal,9738,74,9812.0,1.0,7,,0.0,2.0,8.0,1.0,B01
202000002974,17,5,2020,16:35,1,76.0,76212,2,3,1.0,3.0,CARNOT. RUE SADI,"49,4408600","1,1471200",,76.076212,76212,Seine-Maritime,28.0,Normandie,50.0,3.0,2.0,2,1.0,28,Normandie,76,3,6,Darnétal,9738,74,9812.0,1.0,7,,9.0,2.0,1.0,1.0,A01
202000003159,6,3,2020,09:45,1,76.0,76711,2,1,1.0,2.0,D925 D,"50,0399450","1,3971350",,76.076711,76711,Seine-Maritime,28.0,Normandie,80.0,3.0,2.0,2,1.0,28,Normandie,76,1,10,LeTréport,4424,91,4515.0,2.0,7,,0.0,2.0,6.0,1.0,A01
202000003159,6,3,2020,09:45,1,76.0,76711,2,1,1.0,2.0,D925 D,"50,0399450","1,3971350",,76.076711,76711,Seine-Maritime,28.0,Normandie,80.0,3.0,2.0,2,1.0,28,Normandie,76,1,10,LeTréport,4424,91,4515.0,2.0,33,,0.0,2.0,1.0,2.0,B01
202000003215,3,3,2020,14:45,1,76.0,76108,2,3,3.0,6.0,POUCHET. RUE MAX,"49,4704100","1,1149700",,76.076108,76108,Seine-Maritime,28.0,Normandie,50.0,4.0,2.0,2,2.0,28,Normandie,76,3,2,Bois-Guillaume,14262,361,14623.0,0.0,7,,0.0,1.0,1.0,15.0,Z01
202000003437,19,9,2020,07:00,2,76.0,76057,1,1,1.0,1.0,Route de Fresquiennes,"49,5457730","0,9731220",,76.076057,76057,Seine-Maritime,28.0,Normandie,80.0,3.0,4.0,1,1.0,28,Normandie,76,3,1,Barentin,12154,238,12392.0,2.0,2,,0.0,2.0,1.0,1.0,B01
202000003437,19,9,2020,07:00,2,76.0,76057,1,1,1.0,1.0,Route de Fresquiennes,"49,5457730","0,9731220",,76.076057,76057,Seine-Maritime,28.0,Normandie,80.0,3.0,4.0,1,1.0,28,Normandie,76,3,1,Barentin,12154,238,12392.0,1.0,7,,0.0,2.0,0.0,1.0,A01
202000003728,31,1,2020,20:35,5,76.0,76410,2,1,1.0,2.0,REPUBLIQUE. RUE DE LA,"49,4760100","1,0429000",,76.076410,76410,Seine-Maritime,28.0,Normandie,30.0,3.0,2.0,4,1.0,28,Normandie,76,3,4,Maromme,11024,122,11146.0,0.0,7,,0.0,2.0,4.0,0.0,B01
202000003728,31,1,2020,20:35,5,76.0,76410,2,1,1.0,2.0,REPUBLIQUE. RUE DE LA,"49,4760100","1,0429000",,76.076410,76410,Seine-Maritime,28.0,Normandie,30.0,3.0,2.0,4,1.0,28,Normandie,76,3,4,Maromme,11024,122,11146.0,0.0,7,,0.0,2.0,1.0,2.0,A01
202000003797,2,2,2020,19:30,3,76.0,76594,1,3,2.0,3.0,Route du Havre,"49,4909970","1,0151730",,76.076594,76594,Seine-Maritime,28.0,Normandie,80.0,3.0,2.0,3,2.0,28,Normandie,76,3,24,Saint-Jean-du-Cardonnay,1340,27,1367.0,1.0,7,,0.0,2.0,1.0,15.0,A01
202000003797,2,2,2020,19:30,3,76.0,76594,1,3,2.0,3.0,Route du Havre,"49,4909970","1,0151730",,76.076594,76594,Seine-Maritime,28.0,Normandie,80.0,3.0,2.0,3,2.0,28,Normandie,76,3,24,Saint-Jean-du-Cardonnay,1340,27,1367.0,2.0,2,,0.0,2.0,8.0,1.0,B01
202000003798,1,2,2020,23:10,5,76.0,76648,1,1,1.0,6.0,210 Avenue du General Hely d'Oissel,"49,6686830","1,2719040",,76.076648,76648,Seine-Maritime,28.0,Normandie,70.0,3.0,2.0,2,2.0,28,Normandie,76,1,23,Saint-Saëns,2317,20,2337.0,2.0,7,,13.0,0.0,1.0,13.0,A01
202000003869,21,7,2020,17:00,1,76.0,76351,2,1,1.0,2.0,REPUBLIQUE (COURS DE LA),"49,5017200","0,1312400",,76.076351,76351,Seine-Maritime,28.0,Normandie,50.0,4.0,3.0,6,1.0,28,Normandie,76,2,96,LeHavre,166058,1780,167838.0,1.0,7,,0.0,2.0,1.0,1.0,A01
202000003869,21,7,2020,17:00,1,76.0,76351,2,1,1.0,2.0,REPUBLIQUE (COURS DE LA),"49,5017200","0,1312400",,76.076351,76351,Seine-Maritime,28.0,Normandie,50.0,4.0,3.0,6,1.0,28,Normandie,76,2,96,LeHavre,166058,1780,167838.0,1.0,7,,0.0,2.0,4.0,23.0,B01
202000003870,22,7,2020,02:25,5,76.0,76351,2,1,1.0,6.0,SALVADOR ALLENDE (RUE),"49,5046700","0,1392200",,76.076351,76351,Seine-Maritime,28.0,Normandie,50.0,4.0,2.0,2,1.0,28,Normandie,76,2,96,LeHavre,166058,1780,167838.0,0.0,7,,1.0,0.0,1.0,14.0,A01
202000003964,22,7,2020,13:15,1,76.0,76734,1,5,1.0,4.0,D925,"49,6041150","0,2790460",,76.076734,76734,Seine-Maritime,28.0,Normandie,70.0,3.0,2.0,2,1.0,28,Normandie,76,2,26,Vergetot,440,11,451.0,1.0,7,,0.0,0.0,4.0,1.0,A01