Num_Acc,jour,mois,an,hrmn,lum,dep,com,agg,int,atm,col,adr,lat,long,gps,com_insee_temp,com_insee,departmentName,regionCode,regionName,vma,catr,circ,nbv,surf,Code,Region,Departement,Arrondissement,Code_Canton,Nom_Commune,Population_municipaLe,Population_comptee_a_part,Population_Totale,senc,catv,occutc,obs,obsm,choc,manv,num_veh
202000003964,22,7,2020,13:15,1,76.0,76734,1,5,1.0,4.0,D925,"49,6041150","0,2790460",,76.076734,76734,Seine-Maritime,28.0,Normandie,70.0,3.0,2.0,2,1.0,28,Normandie,76,2,26,Vergetot,440,11,451.0,1.0,7,,0.0,0.0,1.0,1.0,C01
202000003964,22,7,2020,13:15,1,76.0,76734,1,5,1.0,4.0,D925,"49,6041150","0,2790460",,76.076734,76734,Seine-Maritime,28.0,Normandie,70.0,3.0,2.0,2,1.0,28,Normandie,76,2,26,Vergetot,440,11,451.0,1.0,7,,0.0,0.0,4.0,1.0,B01
202000004057,15,10,2020,10:30,1,76.0,76351,2,3,1.0,3.0,PHILIPPE LEBON,"49,4957630","0,1313300",,76.076351,76351,Seine-Maritime,28.0,Normandie,50.0,4.0,2.0,1,1.0,28,Normandie,76,2,96,LeHavre,166058,1780,167838.0,1.0,7,,0.0,2.0,3.0,1.0,B01
202000004057,15,10,2020,10:30,1,76.0,76351,2,3,1.0,3.0,PHILIPPE LEBON,"49,4957630","0,1313300",,76.076351,76351,Seine-Maritime,28.0,Normandie,50.0,4.0,2.0,1,1.0,28,Normandie,76,2,96,LeHavre,166058,1780,167838.0,1.0,7,,0.0,2.0,1.0,9.0,A01
202000004268,16,10,2020,23:45,3,76.0,76222,1,1,1.0,1.0,RD43,"49,4895069","0,8876660",,76.076222,76222,Seine-Maritime,28.0,Normandie,50.0,3.0,2.0,2,1.0,28,Normandie,76,3,1,Duclair,4020,52,4072.0,2.0,7,,0.0,2.0,3.0,1.0,B01
202000004268,16,10,2020,23:45,3,76.0,76222,1,1,1.0,1.0,RD43,"49,4895069","0,8876660",,76.076222,76222,Seine-Maritime,28.0,Normandie,50.0,3.0,2.0,2,1.0,28,Normandie,76,3,1,Duclair,4020,52,4072.0,1.0,7,,0.0,2.0,1.0,13.0,A01
202000004316,21,8,2020,07:00,1,76.0,76540,2,2,1.0,3.0,EUROPE. BOULEVARD DE L',"49,4345400","1,0760800",,76.076540,76540,Seine-Maritime,28.0,Normandie,50.0,2.0,1.0,3,1.0,28,Normandie,76,3,97,Rouen,114083,1556,115639.0,1.0,7,,0.0,2.0,2.0,1.0,A01
202000004316,21,8,2020,07:00,1,76.0,76540,2,2,1.0,3.0,EUROPE. BOULEVARD DE L',"49,4345400","1,0760800",,76.076540,76540,Seine-Maritime,28.0,Normandie,50.0,2.0,1.0,3,1.0,28,Normandie,76,3,97,Rouen,114083,1556,115639.0,1.0,7,,0.0,2.0,6.0,15.0,B01
202000004426,1,12,2020,13:00,1,76.0,76351,2,1,1.0,6.0,ETRETAT (D'),"49,4978990","0,0962580",,76.076351,76351,Seine-Maritime,28.0,Normandie,50.0,4.0,2.0,1,1.0,28,Normandie,76,2,96,LeHavre,166058,1780,167838.0,2.0,37,1.0,0.0,1.0,7.0,1.0,A01
202000004448,8,12,2020,18:20,5,76.0,76351,2,1,3.0,6.0,RENE COTY,"49,4980960","0,1163600",,76.076351,76351,Seine-Maritime,28.0,Normandie,50.0,4.0,2.0,3,2.0,28,Normandie,76,2,96,LeHavre,166058,1780,167838.0,1.0,7,,0.0,1.0,2.0,1.0,A01
202000004501,28,11,2020,10:50,1,76.0,76351,1,1,1.0,6.0,BOIS AU COQ (AVENUE),"49,5165000","0,1194000",,76.076351,76351,Seine-Maritime,28.0,Normandie,10.0,6.0,-1.0,-1,1.0,28,Normandie,76,2,96,LeHavre,166058,1780,167838.0,3.0,7,,0.0,1.0,3.0,1.0,A01
202000004611,27,11,2020,06:20,5,76.0,76305,2,1,2.0,1.0,MARCEL LE MIGNOT (AVENUE),"49,5011303","0,2189707",,76.076305,76305,Seine-Maritime,28.0,Normandie,50.0,3.0,2.0,2,2.0,28,Normandie,76,2,16,Gonfreville-l'Orcher,8961,44,9005.0,1.0,7,,0.0,2.0,3.0,15.0,A01
202000004611,27,11,2020,06:20,5,76.0,76305,2,1,2.0,1.0,MARCEL LE MIGNOT (AVENUE),"49,5011303","0,2189707",,76.076305,76305,Seine-Maritime,28.0,Normandie,50.0,3.0,2.0,2,2.0,28,Normandie,76,2,16,Gonfreville-l'Orcher,8961,44,9005.0,2.0,31,,0.0,2.0,1.0,1.0,B01
202000004612,26,11,2020,15:30,1,76.0,76351,2,3,1.0,3.0,FELIX FAURE,"49,5002070","0,1041340",,76.076351,76351,Seine-Maritime,28.0,Normandie,50.0,4.0,2.0,2,1.0,28,Normandie,76,2,96,LeHavre,166058,1780,167838.0,3.0,33,,0.0,2.0,7.0,1.0,A01
202000004612,26,11,2020,15:30,1,76.0,76351,2,3,1.0,3.0,FELIX FAURE,"49,5002070","0,1041340",,76.076351,76351,Seine-Maritime,28.0,Normandie,50.0,4.0,2.0,2,1.0,28,Normandie,76,2,96,LeHavre,166058,1780,167838.0,3.0,7,,0.0,2.0,1.0,15.0,B01
202000004691,28,11,2020,14:55,1,76.0,76255,1,1,1.0,7.0,D925,"50,0600800","1,4185450",,76.076255,76255,Seine-Maritime,28.0,Normandie,80.0,3.0,1.0,1,1.0,28,Normandie,76,1,10,Eu,6591,197,6788.0,1.0,2,,0.0,0.0,0.0,1.0,A01
202000004872,14,5,2020,18:50,1,76.0,76640,2,1,1.0,7.0,MOULIN. SENTE DU,"49,2711400","1,0477300",,76.076640,76640,Seine-Maritime,28.0,Normandie,30.0,5.0,-1.0,1,1.0,28,Normandie,76,3,5,Saint-Pierre-lès-Elbeuf,8285,87,8372.0,0.0,30,,14.0,0.0,8.0,21.0,A01
202000004873,17,5,2020,19:35,2,76.0,76305,2,1,1.0,7.0,RENE CANCE,"49,5095700","0,2332000",,76.076305,76305,Seine-Maritime,28.0,Normandie,30.0,4.0,2.0,2,1.0,28,Normandie,76,2,16,Gonfreville-l'Orcher,8961,44,9005.0,1.0,30,,0.0,0.0,3.0,1.0,A01
202000004874,24,4,2020,13:21,1,76.0,76217,2,1,1.0,3.0,CHANZY (GENERAL),"49,9127800","1,0829600",,76.076217,76217,Seine-Maritime,28.0,Normandie,30.0,3.0,2.0,2,1.0,28,Normandie,76,1,95,Dieppe,28358,455,28813.0,2.0,33,,0.0,2.0,7.0,17.0,B01
202000004874,24,4,2020,13:21,1,76.0,76217,2,1,1.0,3.0,CHANZY (GENERAL),"49,9127800","1,0829600",,76.076217,76217,Seine-Maritime,28.0,Normandie,30.0,3.0,2.0,2,1.0,28,Normandie,76,1,95,Dieppe,28358,455,28813.0,2.0,7,,0.0,2.0,3.0,15.0,A01
202000005040,4,3,2020,18:10,2,76.0,76367,1,1,3.0,5.0,D121,"49,4865280","1,0946740",,76.076367,76367,Seine-Maritime,28.0,Normandie,80.0,3.0,2.0,2,2.0,28,Normandie,76,3,24,HouppevilLe2884,51,2935,,1.0,37,1.0,0.0,2.0,3.0,1.0,C01
202000005040,4,3,2020,18:10,2,76.0,76367,1,1,3.0,5.0,D121,"49,4865280","1,0946740",,76.076367,76367,Seine-Maritime,28.0,Normandie,80.0,3.0,2.0,2,2.0,28,Normandie,76,3,24,HouppevilLe2884,51,2935,,1.0,7,,0.0,2.0,3.0,1.0,B01
202000005040,4,3,2020,18:10,2,76.0,76367,1,1,3.0,5.0,D121,"49,4865280","1,0946740",,76.076367,76367,Seine-Maritime,28.0,Normandie,80.0,3.0,2.0,2,2.0,28,Normandie,76,3,24,HouppevilLe2884,51,2935,,2.0,7,,0.0,2.0,3.0,13.0,A01
202000005067,4,3,2020,09:30,1,76.0,76069,1,1,8.0,3.0,D7,"49,3863910","1,1277710",,76.076069,76069,Seine-Maritime,28.0,Normandie,80.0,3.0,2.0,2,2.0,28,Normandie,76,3,6,Belbeuf,2249,48,2297.0,1.0,33,,0.0,2.0,0.0,1.0,A01
202000005067,4,3,2020,09:30,1,76.0,76069,1,1,8.0,3.0,D7,"49,3863910","1,1277710",,76.076069,76069,Seine-Maritime,28.0,Normandie,80.0,3.0,2.0,2,2.0,28,Normandie,76,3,6,Belbeuf,2249,48,2297.0,2.0,7,,0.0,0.0,8.0,1.0,B01
202000005068,4,3,2020,23:10,3,76.0,76464,1,1,2.0,7.0,D138,"49,3528750","1,2634760",,76.076464,76464,Seine-Maritime,28.0,Normandie,80.0,3.0,2.0,2,2.0,28,Normandie,76,3,21,La Neuville-Chant-d'Oisel,2377,38,2415.0,1.0,33,,0.0,0.0,0.0,1.0,A01
202000005131,2,3,2020,08:40,1,76.0,76540,2,2,1.0,3.0,LECANUET. RUE JEAN,"49,4446700","1,0920500",,76.076540,76540,Seine-Maritime,28.0,Normandie,30.0,4.0,2.0,2,2.0,28,Normandie,76,3,97,Rouen,114083,1556,115639.0,0.0,34,,0.0,2.0,1.0,18.0,A01
202000005131,2,3,2020,08:40,1,76.0,76540,2,2,1.0,3.0,LECANUET. RUE JEAN,"49,4446700","1,0920500",,76.076540,76540,Seine-Maritime,28.0,Normandie,30.0,4.0,2.0,2,2.0,28,Normandie,76,3,97,Rouen,114083,1556,115639.0,0.0,7,,0.0,2.0,7.0,1.0,B01
202000005132,28,2,2020,23:00,3,76.0,76498,2,1,2.0,3.0,VOIE RAPIDE SUD 3 (RN 338),"49,4318760","1,0590277",,76.076498,76498,Seine-Maritime,28.0,Normandie,90.0,2.0,3.0,4,2.0,28,Normandie,76,3,27,LePetit-Quevilly,21782,274,22056.0,1.0,7,,0.0,2.0,3.0,1.0,B01
202000005132,28,2,2020,23:00,3,76.0,76498,2,1,2.0,3.0,VOIE RAPIDE SUD 3 (RN 338),"49,4318760","1,0590277",,76.076498,76498,Seine-Maritime,28.0,Normandie,90.0,2.0,3.0,4,2.0,28,Normandie,76,3,27,LePetit-Quevilly,21782,274,22056.0,1.0,7,,0.0,2.0,2.0,14.0,A01
202000005133,1,3,2020,07:15,3,76.0,76351,2,2,2.0,7.0,D138,"49,4921100","0,1236700",,76.076351,76351,Seine-Maritime,28.0,Normandie,50.0,4.0,3.0,4,1.0,28,Normandie,76,2,96,LeHavre,166058,1780,167838.0,2.0,7,,5.0,0.0,9.0,1.0,A01
202000005134,29,2,2020,14:20,1,76.0,76351,2,2,1.0,2.0,IRENE JOLIOT CURIE (RUE),"49,5224000","0,1046700",,76.076351,76351,Seine-Maritime,28.0,Normandie,50.0,4.0,2.0,2,1.0,28,Normandie,76,2,96,LeHavre,166058,1780,167838.0,0.0,7,,0.0,0.0,5.0,0.0,B01
202000005134,29,2,2020,14:20,1,76.0,76351,2,2,1.0,2.0,IRENE JOLIOT CURIE (RUE),"49,5224000","0,1046700",,76.076351,76351,Seine-Maritime,28.0,Normandie,50.0,4.0,2.0,2,1.0,28,Normandie,76,2,96,LeHavre,166058,1780,167838.0,0.0,7,,0.0,2.0,1.0,0.0,A01
202000005135,21,1,2020,09:25,1,76.0,76351,2,2,1.0,6.0,LESUEUR (RUE),"49,4928800","0,1231900",,76.076351,76351,Seine-Maritime,28.0,Normandie,50.0,4.0,2.0,2,1.0,28,Normandie,76,2,96,LeHavre,166058,1780,167838.0,2.0,7,,1.0,1.0,1.0,17.0,A01
202000005529,30,1,2020,17:00,1,76.0,76540,2,3,1.0,6.0,CARREL. RUE ARMAND,"49,4400600","1,1020300",,76.076540,76540,Seine-Maritime,28.0,Normandie,30.0,4.0,2.0,2,1.0,28,Normandie,76,3,97,Rouen,114083,1556,115639.0,0.0,7,,0.0,1.0,1.0,15.0,A01
202000005726,31,1,2020,16:30,1,76.0,76684,1,1,1.0,5.0,"Pont, route national 182","49,4737710","0,4635930",,76.076684,76684,Seine-Maritime,28.0,Normandie,70.0,2.0,2.0,4,1.0,28,Normandie,76,2,3,TancarvilLe1218,24,1242,,2.0,14,,0.0,2.0,1.0,1.0,A01
202000005726,31,1,2020,16:30,1,76.0,76684,1,1,1.0,5.0,"Pont, route national 182","49,4737710","0,4635930",,76.076684,76684,Seine-Maritime,28.0,Normandie,70.0,2.0,2.0,4,1.0,28,Normandie,76,2,3,TancarvilLe1218,24,1242,,2.0,7,,10.0,2.0,4.0,11.0,B01
202000005726,31,1,2020,16:30,1,76.0,76684,1,1,1.0,5.0,"Pont, route national 182","49,4737710","0,4635930",,76.076684,76684,Seine-Maritime,28.0,Normandie,70.0,2.0,2.0,4,1.0,28,Normandie,76,2,3,TancarvilLe1218,24,1242,,1.0,38,1.0,0.0,2.0,1.0,1.0,C01
202000005781,20,7,2020,00:20,5,76.0,76540,2,2,1.0,2.0,RONDEAUX. AVENUE JEAN,"49,4318800","1,0739400",,76.076540,76540,Seine-Maritime,28.0,Normandie,50.0,3.0,3.0,3,1.0,28,Normandie,76,3,97,Rouen,114083,1556,115639.0,1.0,7,,8.0,2.0,0.0,13.0,A01
202000005781,20,7,2020,00:20,5,76.0,76540,2,2,1.0,2.0,RONDEAUX. AVENUE JEAN,"49,4318800","1,0739400",,76.076540,76540,Seine-Maritime,28.0,Normandie,50.0,3.0,3.0,3,1.0,28,Normandie,76,3,97,Rouen,114083,1556,115639.0,1.0,7,,0.0,2.0,6.0,21.0,B01
202000005782,21,7,2020,01:20,5,76.0,76108,2,1,1.0,7.0,RN 28 (ROUTE DE NEUFCHATEL),"49,4605429","1,1101652",,76.076108,76108,Seine-Maritime,28.0,Normandie,50.0,3.0,2.0,2,1.0,28,Normandie,76,3,2,Bois-Guillaume,14262,361,14623.0,1.0,7,,0.0,0.0,2.0,1.0,A01
202000005783,18,7,2020,23:20,5,76.0,76351,2,3,1.0,6.0,JEAN JAURES (AVENUE),"49,5005000","0,1669200",,76.076351,76351,Seine-Maritime,28.0,Normandie,50.0,4.0,2.0,2,1.0,28,Normandie,76,2,96,LeHavre,166058,1780,167838.0,0.0,7,,0.0,1.0,1.0,1.0,A01
202000005885,21,7,2020,06:40,1,76.0,76463,1,1,1.0,6.0,D1,"49,4263560","1,6885470",,76.076463,76463,Seine-Maritime,28.0,Normandie,80.0,3.0,2.0,2,1.0,28,Normandie,76,1,12,Neuf-Marché,656,14,670.0,1.0,33,,0.0,6.0,1.0,1.0,A01
202000005886,21,7,2020,18:15,1,76.0,76179,2,3,1.0,3.0,Rue Edmond Spalikowski,"49,6010480","1,1156650",,76.076179,76179,Seine-Maritime,28.0,Normandie,50.0,3.0,2.0,2,1.0,28,Normandie,76,3,2,Clères,1380,15,1395.0,1.0,33,,0.0,2.0,2.0,17.0,B01
202000005886,21,7,2020,18:15,1,76.0,76179,2,3,1.0,3.0,Rue Edmond Spalikowski,"49,6010480","1,1156650",,76.076179,76179,Seine-Maritime,28.0,Normandie,50.0,3.0,2.0,2,1.0,28,Normandie,76,3,2,Clères,1380,15,1395.0,1.0,7,,0.0,2.0,3.0,15.0,A01
202000005947,19,7,2020,22:20,2,76.0,76231,2,1,1.0,4.0,RN 840 (ROUTE DU NEUBOURG),"49,2786690","1,0059340",,76.076231,76231,Seine-Maritime,28.0,Normandie,50.0,3.0,2.0,2,1.0,28,Normandie,76,3,9,Elbeuf,15951,138,16089.0,0.0,10,,0.0,2.0,1.0,1.0,C01
202000005947,19,7,2020,22:20,2,76.0,76231,2,1,1.0,4.0,RN 840 (ROUTE DU NEUBOURG),"49,2786690","1,0059340",,76.076231,76231,Seine-Maritime,28.0,Normandie,50.0,3.0,2.0,2,1.0,28,Normandie,76,3,9,Elbeuf,15951,138,16089.0,0.0,7,,0.0,2.0,1.0,1.0,B01
202000005947,19,7,2020,22:20,2,76.0,76231,2,1,1.0,4.0,RN 840 (ROUTE DU NEUBOURG),"49,2786690","1,0059340",,76.076231,76231,Seine-Maritime,28.0,Normandie,50.0,3.0,2.0,2,1.0,28,Normandie,76,3,9,Elbeuf,15951,138,16089.0,0.0,7,,0.0,2.0,1.0,17.0,A01
202000005948,17,7,2020,16:30,1,76.0,76705,1,6,1.0,7.0,PICARD. AVENUE GUSTAVE,"49,3289200","1,1020700",,76.076705,76705,Seine-Maritime,28.0,Normandie,80.0,3.0,1.0,2,1.0,28,Normandie,76,3,5,Tourville-la-Rivière,2568,19,2587.0,1.0,33,,0.0,2.0,7.0,21.0,A01
202000005992,14,10,2020,08:00,1,76.0,76540,2,1,1.0,2.0,MARNE. BOULEVARD DE LA,"49,4462000","1,0883900",,76.076540,76540,Seine-Maritime,28.0,Normandie,50.0,3.0,2.0,2,1.0,28,Normandie,76,3,97,Rouen,114083,1556,115639.0,0.0,7,,0.0,2.0,1.0,1.0,A01
202000005992,14,10,2020,08:00,1,76.0,76540,2,1,1.0,2.0,MARNE. BOULEVARD DE LA,"49,4462000","1,0883900",,76.076540,76540,Seine-Maritime,28.0,Normandie,50.0,3.0,2.0,2,1.0,28,Normandie,76,3,97,Rouen,114083,1556,115639.0,0.0,7,,0.0,2.0,4.0,23.0,B01
202000005993,14,10,2020,18:30,1,76.0,76575,2,1,1.0,6.0,UNIVERSITE. AVENUE DE L',"49,3868400","1,0660300",,76.076575,76575,Seine-Maritime,28.0,Normandie,30.0,4.0,2.0,1,1.0,28,Normandie,76,3,98,Saint-Étienne-du-Rouvray,28508,225,28733.0,1.0,1,,0.0,1.0,4.0,1.0,A01
202000005994,14,10,2020,15:15,1,76.0,76165,2,3,1.0,3.0,FAURE. RUE FELIX,"49,2871400","1,0229400",,76.076165,76165,Seine-Maritime,28.0,Normandie,30.0,4.0,2.0,2,1.0,28,Normandie,76,3,5,Caudebec-lès-Elbeuf,10135,69,10204.0,0.0,7,,0.0,2.0,3.0,15.0,Z01
202000005994,14,10,2020,15:15,1,76.0,76165,2,3,1.0,3.0,FAURE. RUE FELIX,"49,2871400","1,0229400",,76.076165,76165,Seine-Maritime,28.0,Normandie,30.0,4.0,2.0,2,1.0,28,Normandie,76,3,5,Caudebec-lès-Elbeuf,10135,69,10204.0,1.0,30,,0.0,2.0,5.0,17.0,A01
202000005995,15,10,2020,18:30,1,76.0,76349,2,3,1.0,3.0,CABARET (RUE DU),"49,8930900","1,0313800",,76.076349,76349,Seine-Maritime,28.0,Normandie,50.0,3.0,2.0,2,1.0,28,Normandie,76,1,7,Hautot-sur-Mer,1887,46,1933.0,1.0,33,,0.0,2.0,8.0,1.0,A01
202000005995,15,10,2020,18:30,1,76.0,76349,2,3,1.0,3.0,CABARET (RUE DU),"49,8930900","1,0313800",,76.076349,76349,Seine-Maritime,28.0,Normandie,50.0,3.0,2.0,2,1.0,28,Normandie,76,1,7,Hautot-sur-Mer,1887,46,1933.0,0.0,7,,0.0,0.0,0.0,15.0,B01
202000006190,22,8,2020,04:30,3,76.0,76593,1,1,1.0,7.0,autoroute A29. ,"49,5850000","0,4446000",,76.076593,76593,Seine-Maritime,28.0,Normandie,130.0,1.0,1.0,1,1.0,28,Normandie,76,2,3,Saint-Jean-de-la-NeuvilLe662,12,674,,2.0,7,,3.0,0.0,3.0,1.0,A01
202000006221,19,8,2020,13:50,1,76.0,76575,2,1,1.0,3.0,MADRILLET. RUE DU,"49,3924700","1,0730100",,76.076575,76575,Seine-Maritime,28.0,Normandie,50.0,4.0,2.0,2,1.0,28,Normandie,76,3,98,Saint-Étienne-du-Rouvray,28508,225,28733.0,0.0,7,,0.0,2.0,1.0,1.0,Z01
202000006221,19,8,2020,13:50,1,76.0,76575,2,1,1.0,3.0,MADRILLET. RUE DU,"49,3924700","1,0730100",,76.076575,76575,Seine-Maritime,28.0,Normandie,50.0,4.0,2.0,2,1.0,28,Normandie,76,3,98,Saint-Étienne-du-Rouvray,28508,225,28733.0,0.0,7,,0.0,2.0,8.0,1.0,B01
202000006222,19,8,2020,15:30,1,76.0,76540,2,1,1.0,6.0,HAVRE. QUAI (HAUT) DU,"49,4395600","1,0860900",,76.076540,76540,Seine-Maritime,28.0,Normandie,50.0,3.0,3.0,4,1.0,28,Normandie,76,3,97,Rouen,114083,1556,115639.0,2.0,7,,0.0,1.0,0.0,15.0,Z01
202000006223,19,8,2020,17:20,1,76.0,76351,2,2,1.0,3.0,PAUL VERLAINE (AVENUE),"49,5093000","0,1631000",,76.076351,76351,Seine-Maritime,28.0,Normandie,50.0,4.0,2.0,2,1.0,28,Normandie,76,2,96,LeHavre,166058,1780,167838.0,3.0,33,,0.0,2.0,1.0,17.0,A01
202000006223,19,8,2020,17:20,1,76.0,76351,2,2,1.0,3.0,PAUL VERLAINE (AVENUE),"49,5093000","0,1631000",,76.076351,76351,Seine-Maritime,28.0,Normandie,50.0,4.0,2.0,2,1.0,28,Normandie,76,2,96,LeHavre,166058,1780,167838.0,3.0,7,,0.0,2.0,8.0,15.0,B01
202000006407,9,11,2020,15:50,1,76.0,76351,1,1,1.0,2.0,DAUBREE,"49,5129900","0,1128960",,76.076351,76351,Seine-Maritime,28.0,Normandie,30.0,4.0,1.0,1,1.0,28,Normandie,76,2,96,LeHavre,166058,1780,167838.0,1.0,7,,0.0,1.0,4.0,23.0,B01
202000006407,9,11,2020,15:50,1,76.0,76351,1,1,1.0,2.0,DAUBREE,"49,5129900","0,1128960",,76.076351,76351,Seine-Maritime,28.0,Normandie,30.0,4.0,1.0,1,1.0,28,Normandie,76,2,96,LeHavre,166058,1780,167838.0,1.0,7,,1.0,2.0,1.0,1.0,A01
202000006455,29,5,2020,16:36,1,76.0,76681,2,2,1.0,1.0,RASPAIL. RUE FRANCOIS,"49,4162600","1,0962000",,76.076681,76681,Seine-Maritime,28.0,Normandie,50.0,4.0,2.0,2,1.0,28,Normandie,76,3,99,Sotteville-lès-Rouen,28965,475,29440.0,0.0,7,,0.0,2.0,1.0,5.0,Z01
202000006455,29,5,2020,16:36,1,76.0,76681,2,2,1.0,1.0,RASPAIL. RUE FRANCOIS,"49,4162600","1,0962000",,76.076681,76681,Seine-Maritime,28.0,Normandie,50.0,4.0,2.0,2,1.0,28,Normandie,76,3,99,Sotteville-lès-Rouen,28965,475,29440.0,0.0,7,,0.0,2.0,8.0,1.0,B01
202000006491,31,12,2020,18:05,5,76.0,76212,2,1,1.0,2.0,BELGES. RUE DES,"49,4422300","1,1498400",,76.076212,76212,Seine-Maritime,28.0,Normandie,50.0,4.0,2.0,2,1.0,28,Normandie,76,3,6,Darnétal,9738,74,9812.0,0.0,7,,0.0,2.0,1.0,1.0,B01
202000006491,31,12,2020,18:05,5,76.0,76212,2,1,1.0,2.0,BELGES. RUE DES,"49,4422300","1,1498400",,76.076212,76212,Seine-Maritime,28.0,Normandie,50.0,4.0,2.0,2,1.0,28,Normandie,76,3,6,Darnétal,9738,74,9812.0,0.0,7,,0.0,2.0,4.0,4.0,A01
202000006492,31,12,2020,09:50,1,76.0,76575,2,6,1.0,3.0,GUYNEMER. RUE GEORGES,"49,3974900","1,0807700",,76.076575,76575,Seine-Maritime,28.0,Normandie,50.0,4.0,2.0,2,1.0,28,Normandie,76,3,98,Saint-Étienne-du-Rouvray,28508,225,28733.0,0.0,41,,0.0,2.0,1.0,1.0,B01
202000006492,31,12,2020,09:50,1,76.0,76575,2,6,1.0,3.0,GUYNEMER. RUE GEORGES,"49,3974900","1,0807700",,76.076575,76575,Seine-Maritime,28.0,Normandie,50.0,4.0,2.0,2,1.0,28,Normandie,76,3,98,Saint-Étienne-du-Rouvray,28508,225,28733.0,0.0,7,,0.0,2.0,3.0,9.0,A01
202000006580,27,11,2020,00:15,3,76.0,76355,1,1,1.0,6.0,Rd 149,"49,7081910","0,7196040",,76.076355,76355,Seine-Maritime,28.0,Normandie,80.0,3.0,2.0,2,1.0,28,Normandie,76,3,35,Héricourt-en-Caux,959,13,972.0,2.0,7,,13.0,0.0,1.0,1.0,A01
202000006696,26,11,2020,15:45,1,76.0,76653,1,1,1.0,1.0,D50,"49,7734490","0,7184030",,76.076653,76653,Seine-Maritime,28.0,Normandie,80.0,3.0,2.0,2,1.0,28,Normandie,76,1,33,Saint-Vaast-DieppedalLe375,9,384,,1.0,10,,0.0,2.0,3.0,1.0,A01
202000006696,26,11,2020,15:45,1,76.0,76653,1,1,1.0,1.0,D50,"49,7734490","0,7184030",,76.076653,76653,Seine-Maritime,28.0,Normandie,80.0,3.0,2.0,2,1.0,28,Normandie,76,1,33,Saint-Vaast-DieppedalLe375,9,384,,2.0,7,,0.0,2.0,1.0,13.0,B01
202000006780,16,5,2020,19:30,1,76.0,76196,1,1,1.0,7.0,Rue du Canot,"49,6269440","0,2617680",,76.076196,76196,Seine-Maritime,28.0,Normandie,50.0,4.0,-1.0,2,1.0,28,Normandie,76,2,26,Criquetot-l'Esneval,2567,82,2649.0,0.0,30,,0.0,0.0,2.0,1.0,A01
202000006781,17,5,2020,17:40,1,76.0,76123,1,1,1.0,1.0,Route de dieppe,"49,5439940","1,1513970",,76.076123,76123,Seine-Maritime,28.0,Normandie,80.0,3.0,2.0,2,1.0,28,Normandie,76,3,2,Bosc-Guérard-Saint-Adrien,1070,30,1100.0,2.0,7,,0.0,2.0,3.0,1.0,A01
202000006781,17,5,2020,17:40,1,76.0,76123,1,1,1.0,1.0,Route de dieppe,"49,5439940","1,1513970",,76.076123,76123,Seine-Maritime,28.0,Normandie,80.0,3.0,2.0,2,1.0,28,Normandie,76,3,2,Bosc-Guérard-Saint-Adrien,1070,30,1100.0,1.0,7,,0.0,2.0,3.0,1.0,B01
202000006856,16,5,2020,00:50,5,76.0,76540,2,2,1.0,3.0,MONT RIBOUDET. AVENUE DU,"49,4482100","1,0667500",,76.076540,76540,Seine-Maritime,28.0,Normandie,50.0,3.0,2.0,5,1.0,28,Normandie,76,3,97,Rouen,114083,1556,115639.0,1.0,7,,0.0,2.0,0.0,14.0,A01
202000006856,16,5,2020,00:50,5,76.0,76540,2,2,1.0,3.0,MONT RIBOUDET. AVENUE DU,"49,4482100","1,0667500",,76.076540,76540,Seine-Maritime,28.0,Normandie,50.0,3.0,2.0,5,1.0,28,Normandie,76,3,97,Rouen,114083,1556,115639.0,0.0,7,,0.0,2.0,0.0,1.0,B01
202000007071,24,2,2020,18:20,2,76.0,76540,2,1,1.0,3.0,REPUBLIQUE. RUE DE LA,"49,4380300","1,0964300",,76.076540,76540,Seine-Maritime,28.0,Normandie,30.0,4.0,1.0,2,1.0,28,Normandie,76,3,97,Rouen,114083,1556,115639.0,0.0,7,,0.0,2.0,2.0,15.0,A01
202000007071,24,2,2020,18:20,2,76.0,76540,2,1,1.0,3.0,REPUBLIQUE. RUE DE LA,"49,4380300","1,0964300",,76.076540,76540,Seine-Maritime,28.0,Normandie,30.0,4.0,1.0,2,1.0,28,Normandie,76,3,97,Rouen,114083,1556,115639.0,0.0,1,,0.0,2.0,1.0,1.0,B01
202000007072,25,2,2020,14:00,1,76.0,76351,2,9,1.0,1.0,RAOUL MAIL (AVENUE),"49,5157300","0,1470500",,76.076351,76351,Seine-Maritime,28.0,Normandie,30.0,4.0,2.0,2,1.0,28,Normandie,76,2,96,LeHavre,166058,1780,167838.0,0.0,7,,0.0,2.0,1.0,0.0,A01
202000007072,25,2,2020,14:00,1,76.0,76351,2,9,1.0,1.0,RAOUL MAIL (AVENUE),"49,5157300","0,1470500",,76.076351,76351,Seine-Maritime,28.0,Normandie,30.0,4.0,2.0,2,1.0,28,Normandie,76,2,96,LeHavre,166058,1780,167838.0,0.0,7,,0.0,2.0,7.0,0.0,B01
202000007147,15,9,2020,18:01,1,76.0,76498,1,1,1.0,3.0,SUD III (RN 338),"49,4308000","1,0577700",,76.076498,76498,Seine-Maritime,28.0,Normandie,90.0,2.0,3.0,4,1.0,28,Normandie,76,3,27,LePetit-Quevilly,21782,274,22056.0,1.0,33,,0.0,2.0,3.0,26.0,A01
202000007147,15,9,2020,18:01,1,76.0,76498,1,1,1.0,3.0,SUD III (RN 338),"49,4308000","1,0577700",,76.076498,76498,Seine-Maritime,28.0,Normandie,90.0,2.0,3.0,4,1.0,28,Normandie,76,3,27,LePetit-Quevilly,21782,274,22056.0,1.0,7,,0.0,2.0,7.0,12.0,B01