Num_Acc,jour,mois,an,hrmn,lum,dep,com,agg,int,atm,col,adr,lat,long,gps,com_insee_temp,com_insee,departmentName,regionCode,regionName,vma,catr,circ,nbv,surf,Code,Region,Departement,Arrondissement,Code_Canton,Nom_Commune,Population_municipaLe,Population_comptee_a_part,Population_Totale,senc,catv,occutc,obs,obsm,choc,manv,num_veh
202000012789,28,1,2020,10:15,1,76.0,76700,1,1,4.0,4.0,N27,"49,6701550","1,0403110",,76.076700,76700,Seine-Maritime,28.0,Normandie,110.0,2.0,3.0,4,9.0,28,Normandie,76,1,20,Tôtes,1575,30,1605.0,2.0,7,,1.0,2.0,1.0,2.0,A01
202000012789,28,1,2020,10:15,1,76.0,76700,1,1,4.0,4.0,N27,"49,6701550","1,0403110",,76.076700,76700,Seine-Maritime,28.0,Normandie,110.0,2.0,3.0,4,9.0,28,Normandie,76,1,20,Tôtes,1575,30,1605.0,2.0,10,,0.0,0.0,3.0,2.0,E01
202000012789,28,1,2020,10:15,1,76.0,76700,1,1,4.0,4.0,N27,"49,6701550","1,0403110",,76.076700,76700,Seine-Maritime,28.0,Normandie,110.0,2.0,3.0,4,9.0,28,Normandie,76,1,20,Tôtes,1575,30,1605.0,2.0,10,,0.0,1.0,0.0,2.0,F01
202000012966,26,1,2020,18:40,5,76.0,76255,2,1,2.0,1.0,Route d'Eu,"50,0538670","1,3950170",,76.076255,76255,Seine-Maritime,28.0,Normandie,50.0,3.0,2.0,2,2.0,28,Normandie,76,1,10,Eu,6591,197,6788.0,2.0,1,,0.0,2.0,1.0,25.0,A01
202000012966,26,1,2020,18:40,5,76.0,76255,2,1,2.0,1.0,Route d'Eu,"50,0538670","1,3950170",,76.076255,76255,Seine-Maritime,28.0,Normandie,50.0,3.0,2.0,2,2.0,28,Normandie,76,1,10,Eu,6591,197,6788.0,1.0,7,,0.0,2.0,1.0,1.0,B01
202000013087,24,1,2020,15:00,1,76.0,76212,2,1,1.0,6.0,CARNOT. RUE SADI,"49,4407800","1,1466200",,76.076212,76212,Seine-Maritime,28.0,Normandie,30.0,3.0,2.0,2,1.0,28,Normandie,76,3,6,Darnétal,9738,74,9812.0,2.0,7,,0.0,1.0,1.0,1.0,A01
202000013088,22,1,2020,08:30,1,76.0,76114,2,1,1.0,6.0,DAMBOISE ALCIDE (RUE),"49,5610000","0,4739000",,76.076114,76114,Seine-Maritime,28.0,Normandie,30.0,4.0,2.0,2,1.0,28,Normandie,76,2,3,Bolbec,11635,147,11782.0,1.0,7,,0.0,1.0,1.0,15.0,A01
202000013110,16,7,2020,09:30,1,76.0,76217,2,7,1.0,6.0,NATIONALE (PLACE),"49,9200000","1,0796300",,76.076217,76217,Seine-Maritime,28.0,Normandie,10.0,9.0,-1.0,0,1.0,28,Normandie,76,1,95,Dieppe,28358,455,28813.0,3.0,14,,0.0,1.0,4.0,26.0,A01
202000013240,15,9,2020,17:55,1,76.0,76647,2,1,1.0,6.0,15 Rue Saint Michel,"49,5279050","0,3595160",,76.076647,76647,Seine-Maritime,28.0,Normandie,50.0,4.0,2.0,2,1.0,28,Normandie,76,2,32,Saint-Romain-de-Colbosc,4436,43,4479.0,1.0,3,,0.0,1.0,1.0,1.0,A01
202000013520,12,6,2020,13:05,1,76.0,76540,2,2,1.0,3.0,RONDEAUX. AVENUE JEAN,"49,4344600","1,0763100",,76.076540,76540,Seine-Maritime,28.0,Normandie,50.0,2.0,2.0,4,1.0,28,Normandie,76,3,97,Rouen,114083,1556,115639.0,3.0,30,,0.0,2.0,1.0,15.0,A01
202000013520,12,6,2020,13:05,1,76.0,76540,2,2,1.0,3.0,RONDEAUX. AVENUE JEAN,"49,4344600","1,0763100",,76.076540,76540,Seine-Maritime,28.0,Normandie,50.0,2.0,2.0,4,1.0,28,Normandie,76,3,97,Rouen,114083,1556,115639.0,1.0,7,,0.0,2.0,3.0,2.0,B01
202000013521,13,6,2020,19:20,1,76.0,76451,2,3,1.0,3.0,PASTEUR. RUE LOUIS,"49,4573500","1,0811100",,76.076451,76451,Seine-Maritime,28.0,Normandie,50.0,4.0,2.0,2,1.0,28,Normandie,76,3,22,Mont-Saint-Aignan,20066,415,20481.0,0.0,30,,0.0,2.0,1.0,1.0,B01
202000013521,13,6,2020,19:20,1,76.0,76451,2,3,1.0,3.0,PASTEUR. RUE LOUIS,"49,4573500","1,0811100",,76.076451,76451,Seine-Maritime,28.0,Normandie,50.0,4.0,2.0,2,1.0,28,Normandie,76,3,22,Mont-Saint-Aignan,20066,415,20481.0,0.0,7,,0.0,2.0,7.0,15.0,A01
202000013522,15,6,2020,13:05,1,76.0,76351,2,1,1.0,-1.0,REPUBLIQUE (COURS DE LA),"49,4930400","0,1243300",,76.076351,76351,Seine-Maritime,28.0,Normandie,50.0,4.0,3.0,5,1.0,28,Normandie,76,2,96,LeHavre,166058,1780,167838.0,2.0,1,,1.0,0.0,2.0,1.0,B01
202000013522,15,6,2020,13:05,1,76.0,76351,2,1,1.0,-1.0,REPUBLIQUE (COURS DE LA),"49,4930400","0,1243300",,76.076351,76351,Seine-Maritime,28.0,Normandie,50.0,4.0,3.0,5,1.0,28,Normandie,76,2,96,LeHavre,166058,1780,167838.0,2.0,7,,0.0,2.0,0.0,23.0,A01
202000013732,14,8,2020,10:38,1,76.0,76351,2,1,1.0,6.0,PIERRE GUILLAUME PETIT,"49,5184200","0,0968800",,76.076351,76351,Seine-Maritime,28.0,Normandie,50.0,4.0,2.0,2,1.0,28,Normandie,76,2,96,LeHavre,166058,1780,167838.0,3.0,7,,0.0,1.0,1.0,1.0,A01
202000014139,23,12,2020,16:20,1,76.0,76351,2,1,1.0,6.0,HOTEL DE VILLE (PLACE DE),"49,4941800","0,1096000",,76.076351,76351,Seine-Maritime,28.0,Normandie,30.0,4.0,1.0,3,1.0,28,Normandie,76,2,96,LeHavre,166058,1780,167838.0,0.0,7,,0.0,1.0,2.0,1.0,A01
202000014140,22,12,2020,11:48,1,76.0,76351,2,1,1.0,5.0,JULES DURAND (BD),"49,4915175","0,1623700",,76.076351,76351,Seine-Maritime,28.0,Normandie,30.0,3.0,2.0,3,2.0,28,Normandie,76,2,96,LeHavre,166058,1780,167838.0,0.0,10,,0.0,2.0,3.0,11.0,A01
202000014140,22,12,2020,11:48,1,76.0,76351,2,1,1.0,5.0,JULES DURAND (BD),"49,4915175","0,1623700",,76.076351,76351,Seine-Maritime,28.0,Normandie,30.0,3.0,2.0,3,2.0,28,Normandie,76,2,96,LeHavre,166058,1780,167838.0,0.0,7,,0.0,2.0,5.0,1.0,B01
202000014140,22,12,2020,11:48,1,76.0,76351,2,1,1.0,5.0,JULES DURAND (BD),"49,4915175","0,1623700",,76.076351,76351,Seine-Maritime,28.0,Normandie,30.0,3.0,2.0,3,2.0,28,Normandie,76,2,96,LeHavre,166058,1780,167838.0,0.0,7,,0.0,2.0,8.0,23.0,C01
202000014140,22,12,2020,11:48,1,76.0,76351,2,1,1.0,5.0,JULES DURAND (BD),"49,4915175","0,1623700",,76.076351,76351,Seine-Maritime,28.0,Normandie,30.0,3.0,2.0,3,2.0,28,Normandie,76,2,96,LeHavre,166058,1780,167838.0,0.0,15,,0.0,2.0,3.0,23.0,D01
202000014221,25,12,2020,02:00,3,76.0,76187,1,1,2.0,1.0,CD 926,"49,7274060","0,4372000",,76.076187,76187,Seine-Maritime,28.0,Normandie,80.0,3.0,2.0,2,2.0,28,Normandie,76,2,11,Contremoulins,166,3,169.0,1.0,7,,0.0,2.0,3.0,13.0,A01
202000014221,25,12,2020,02:00,3,76.0,76187,1,1,2.0,1.0,CD 926,"49,7274060","0,4372000",,76.076187,76187,Seine-Maritime,28.0,Normandie,80.0,3.0,2.0,2,2.0,28,Normandie,76,2,11,Contremoulins,166,3,169.0,2.0,7,,0.0,2.0,3.0,1.0,B01
202000014369,10,11,2020,14:25,1,76.0,76540,1,1,1.0,2.0,A150,"49,4508063","1,0574899",,76.076540,76540,Seine-Maritime,28.0,Normandie,70.0,1.0,2.0,2,1.0,28,Normandie,76,3,97,Rouen,114083,1556,115639.0,2.0,7,,0.0,2.0,4.0,1.0,B01
202000014369,10,11,2020,14:25,1,76.0,76540,1,1,1.0,2.0,A150,"49,4508063","1,0574899",,76.076540,76540,Seine-Maritime,28.0,Normandie,70.0,1.0,2.0,2,1.0,28,Normandie,76,3,97,Rouen,114083,1556,115639.0,2.0,15,,0.0,2.0,1.0,1.0,A01
202000014370,17,11,2020,16:50,2,76.0,76498,2,2,1.0,5.0,CANADIENS. AVENUE DES,"49,4139800","1,0739700",,76.076498,76498,Seine-Maritime,28.0,Normandie,50.0,4.0,2.0,2,1.0,28,Normandie,76,3,27,LePetit-Quevilly,21782,274,22056.0,1.0,7,,0.0,2.0,2.0,15.0,A01
202000014370,17,11,2020,16:50,2,76.0,76498,2,2,1.0,5.0,CANADIENS. AVENUE DES,"49,4139800","1,0739700",,76.076498,76498,Seine-Maritime,28.0,Normandie,50.0,4.0,2.0,2,1.0,28,Normandie,76,3,27,LePetit-Quevilly,21782,274,22056.0,0.0,31,,0.0,2.0,1.0,1.0,B01
202000014370,17,11,2020,16:50,2,76.0,76498,2,2,1.0,5.0,CANADIENS. AVENUE DES,"49,4139800","1,0739700",,76.076498,76498,Seine-Maritime,28.0,Normandie,50.0,4.0,2.0,2,1.0,28,Normandie,76,3,27,LePetit-Quevilly,21782,274,22056.0,0.0,7,,0.0,2.0,1.0,1.0,C01
202000014371,10,10,2020,12:35,1,76.0,76565,1,3,1.0,3.0,RD 54,"49,8719250","1,0662336",,76.076565,76565,Seine-Maritime,28.0,Normandie,70.0,3.0,2.0,2,1.0,28,Normandie,76,1,7,Saint-Aubin-sur-Scie,1202,101,1303.0,1.0,10,,0.0,2.0,2.0,1.0,B01
202000014371,10,10,2020,12:35,1,76.0,76565,1,3,1.0,3.0,RD 54,"49,8719250","1,0662336",,76.076565,76565,Seine-Maritime,28.0,Normandie,70.0,3.0,2.0,2,1.0,28,Normandie,76,1,7,Saint-Aubin-sur-Scie,1202,101,1303.0,2.0,10,,0.0,2.0,3.0,15.0,A01
202000014566,7,5,2020,12:00,1,76.0,76351,2,2,1.0,1.0,IRENE JOLIOT CURIE (RUE),"49,5105000","0,1025000",,76.076351,76351,Seine-Maritime,28.0,Normandie,50.0,3.0,2.0,2,1.0,28,Normandie,76,2,96,LeHavre,166058,1780,167838.0,2.0,33,,0.0,2.0,1.0,1.0,B01
202000014566,7,5,2020,12:00,1,76.0,76351,2,2,1.0,1.0,IRENE JOLIOT CURIE (RUE),"49,5105000","0,1025000",,76.076351,76351,Seine-Maritime,28.0,Normandie,50.0,3.0,2.0,2,1.0,28,Normandie,76,2,96,LeHavre,166058,1780,167838.0,1.0,7,,0.0,2.0,1.0,15.0,A01
202000014567,7,5,2020,09:10,1,76.0,76351,2,2,1.0,3.0,ANDREI SAKHAROV (RUE),"49,5049000","0,1740000",,76.076351,76351,Seine-Maritime,28.0,Normandie,50.0,4.0,2.0,2,1.0,28,Normandie,76,2,96,LeHavre,166058,1780,167838.0,3.0,33,,0.0,2.0,1.0,1.0,B01
202000014567,7,5,2020,09:10,1,76.0,76351,2,2,1.0,3.0,ANDREI SAKHAROV (RUE),"49,5049000","0,1740000",,76.076351,76351,Seine-Maritime,28.0,Normandie,50.0,4.0,2.0,2,1.0,28,Normandie,76,2,96,LeHavre,166058,1780,167838.0,3.0,10,,0.0,2.0,2.0,15.0,A01
202000014568,7,5,2020,07:40,1,76.0,76351,2,1,1.0,6.0,CHANTIERS (DES),"49,4867000","0,1630000",,76.076351,76351,Seine-Maritime,28.0,Normandie,50.0,4.0,2.0,3,1.0,28,Normandie,76,2,96,LeHavre,166058,1780,167838.0,3.0,7,,0.0,1.0,1.0,1.0,A01
202000014631,5,5,2020,14:15,1,76.0,76681,1,2,1.0,2.0,INDUSTRIEL. BOULEVARD (CD 18E),"49,4028547","1,1106211",,76.076681,76681,Seine-Maritime,28.0,Normandie,70.0,3.0,3.0,4,1.0,28,Normandie,76,3,99,Sotteville-lès-Rouen,28965,475,29440.0,1.0,7,,0.0,2.0,4.0,1.0,B01
202000014631,5,5,2020,14:15,1,76.0,76681,1,2,1.0,2.0,INDUSTRIEL. BOULEVARD (CD 18E),"49,4028547","1,1106211",,76.076681,76681,Seine-Maritime,28.0,Normandie,70.0,3.0,3.0,4,1.0,28,Normandie,76,3,99,Sotteville-lès-Rouen,28965,475,29440.0,1.0,17,,0.0,2.0,1.0,1.0,A01
202000014909,2,3,2020,08:15,1,76.0,76464,1,1,3.0,1.0,D6014,"49,3852500","1,2521410",,76.076464,76464,Seine-Maritime,28.0,Normandie,80.0,3.0,2.0,2,2.0,28,Normandie,76,3,21,La Neuville-Chant-d'Oisel,2377,38,2415.0,2.0,17,,0.0,2.0,3.0,1.0,B01
202000014909,2,3,2020,08:15,1,76.0,76464,1,1,3.0,1.0,D6014,"49,3852500","1,2521410",,76.076464,76464,Seine-Maritime,28.0,Normandie,80.0,3.0,2.0,2,2.0,28,Normandie,76,3,21,La Neuville-Chant-d'Oisel,2377,38,2415.0,1.0,7,,0.0,2.0,3.0,5.0,A01
202000015286,13,9,2020,17:50,1,76.0,76677,2,9,1.0,6.0,46 Route de Dieppe,"49,8389150","1,4826600",,76.076677,76677,Seine-Maritime,28.0,Normandie,50.0,3.0,2.0,2,1.0,28,Normandie,76,1,23,Smermesnil,365,8,373.0,2.0,7,,1.0,0.0,0.0,13.0,A01
202000015305,11,9,2020,16:48,1,76.0,76224,2,9,1.0,3.0,Route de Fongueusemare,"49,6510810","0,3250520",,76.076224,76224,Seine-Maritime,28.0,Normandie,50.0,4.0,1.0,1,1.0,28,Normandie,76,2,32,ÉcrainvilLe969,19,988,,3.0,7,,1.0,0.0,6.0,20.0,A01
202000015305,11,9,2020,16:48,1,76.0,76224,2,9,1.0,3.0,Route de Fongueusemare,"49,6510810","0,3250520",,76.076224,76224,Seine-Maritime,28.0,Normandie,50.0,4.0,1.0,1,1.0,28,Normandie,76,2,32,ÉcrainvilLe969,19,988,,3.0,7,,0.0,1.0,5.0,24.0,B01
202000015363,13,9,2020,17:45,1,76.0,76522,2,3,1.0,3.0,20 Rue des Tilleuls,"49,5270230","0,3974780",,76.076522,76522,Seine-Maritime,28.0,Normandie,50.0,3.0,2.0,2,1.0,28,Normandie,76,2,32,La Remuée,1285,24,1309.0,3.0,33,,0.0,2.0,3.0,1.0,C01
202000015363,13,9,2020,17:45,1,76.0,76522,2,3,1.0,3.0,20 Rue des Tilleuls,"49,5270230","0,3974780",,76.076522,76522,Seine-Maritime,28.0,Normandie,50.0,3.0,2.0,2,1.0,28,Normandie,76,2,32,La Remuée,1285,24,1309.0,1.0,7,,0.0,2.0,3.0,1.0,A01
202000015410,13,6,2020,10:35,1,76.0,76217,2,1,1.0,6.0,MORINIERE (RUE DE LA),"49,9255500","1,0755600",,76.076217,76217,Seine-Maritime,28.0,Normandie,15.0,9.0,1.0,1,1.0,28,Normandie,76,1,95,Dieppe,28358,455,28813.0,3.0,10,,0.0,1.0,5.0,4.0,A01
202000015493,13,6,2020,23:00,3,76.0,76285,1,1,1.0,7.0,Route de Bourg Beaudouin,"49,3984869","1,2975830",,76.076285,76285,Seine-Maritime,28.0,Normandie,80.0,3.0,2.0,2,1.0,28,Normandie,76,3,21,Fresne-le-Plan,554,7,561.0,1.0,7,,14.0,0.0,2.0,1.0,A01
202000015576,12,6,2020,13:15,1,76.0,76063,1,1,1.0,7.0,D50,"49,7398190","1,0404400",,76.076063,76063,Seine-Maritime,28.0,Normandie,80.0,3.0,2.0,2,1.0,28,Normandie,76,1,20,Beauval-en-Caux,463,10,473.0,2.0,7,,16.0,0.0,0.0,13.0,A01
202000015753,13,8,2020,22:30,4,76.0,76626,2,4,1.0,6.0,Rue de l'Eglise,"49,5552220","0,6251640",,76.076626,76626,Seine-Maritime,28.0,Normandie,50.0,3.0,2.0,2,1.0,28,Normandie,76,3,25,Saint-Nicolas-de-la-Haie,411,14,425.0,2.0,7,,8.0,0.0,1.0,1.0,A01
202000015792,10,10,2020,15:20,1,76.0,76069,2,1,1.0,3.0,8 Rue Pasteur,"49,3892440","1,1436020",,76.076069,76069,Seine-Maritime,28.0,Normandie,50.0,4.0,2.0,2,1.0,28,Normandie,76,3,6,Belbeuf,2249,48,2297.0,1.0,7,,0.0,2.0,2.0,13.0,B01
202000015792,10,10,2020,15:20,1,76.0,76069,2,1,1.0,3.0,8 Rue Pasteur,"49,3892440","1,1436020",,76.076069,76069,Seine-Maritime,28.0,Normandie,50.0,4.0,2.0,2,1.0,28,Normandie,76,3,6,Belbeuf,2249,48,2297.0,2.0,33,,0.0,2.0,1.0,14.0,A01
202000015947,9,10,2020,14:30,1,76.0,76482,2,6,1.0,3.0,rond point du collège offranville,"49,8692450","1,0384820",,76.076482,76482,Seine-Maritime,28.0,Normandie,50.0,3.0,-1.0,1,1.0,28,Normandie,76,1,7,OffranvilLe3191,211,3402,,0.0,7,,0.0,2.0,7.0,9.0,A01
202000015947,9,10,2020,14:30,1,76.0,76482,2,6,1.0,3.0,rond point du collège offranville,"49,8692450","1,0384820",,76.076482,76482,Seine-Maritime,28.0,Normandie,50.0,3.0,-1.0,1,1.0,28,Normandie,76,1,7,OffranvilLe3191,211,3402,,0.0,50,,0.0,2.0,8.0,0.0,B01
202000016012,20,12,2020,00:30,5,76.0,76231,2,2,1.0,3.0,HENRI. RUE,"49,2907500","1,0081400",,76.076231,76231,Seine-Maritime,28.0,Normandie,50.0,4.0,2.0,2,1.0,28,Normandie,76,3,9,Elbeuf,15951,138,16089.0,0.0,7,,0.0,2.0,1.0,1.0,B01
202000016012,20,12,2020,00:30,5,76.0,76231,2,2,1.0,3.0,HENRI. RUE,"49,2907500","1,0081400",,76.076231,76231,Seine-Maritime,28.0,Normandie,50.0,4.0,2.0,2,1.0,28,Normandie,76,3,9,Elbeuf,15951,138,16089.0,0.0,30,,0.0,2.0,8.0,1.0,A01
202000016013,22,12,2020,15:45,1,76.0,76540,2,2,3.0,5.0,NANSEN. RUE FRIDTJOF,"49,4472000","1,0608700",,76.076540,76540,Seine-Maritime,28.0,Normandie,50.0,2.0,1.0,3,2.0,28,Normandie,76,3,97,Rouen,114083,1556,115639.0,0.0,7,,0.0,2.0,2.0,1.0,C01
202000016013,22,12,2020,15:45,1,76.0,76540,2,2,3.0,5.0,NANSEN. RUE FRIDTJOF,"49,4472000","1,0608700",,76.076540,76540,Seine-Maritime,28.0,Normandie,50.0,2.0,1.0,3,2.0,28,Normandie,76,3,97,Rouen,114083,1556,115639.0,0.0,7,,0.0,2.0,8.0,1.0,B01
202000016013,22,12,2020,15:45,1,76.0,76540,2,2,3.0,5.0,NANSEN. RUE FRIDTJOF,"49,4472000","1,0608700",,76.076540,76540,Seine-Maritime,28.0,Normandie,50.0,2.0,1.0,3,2.0,28,Normandie,76,3,97,Rouen,114083,1556,115639.0,2.0,7,,15.0,2.0,1.0,17.0,A01
202000016205,16,11,2020,18:04,5,76.0,76351,2,1,1.0,6.0,HUIT MAI 1945 (AVENUE DU),"49,5160800","0,1700700",,76.076351,76351,Seine-Maritime,28.0,Normandie,30.0,4.0,3.0,2,2.0,28,Normandie,76,2,96,LeHavre,166058,1780,167838.0,1.0,7,,0.0,1.0,2.0,1.0,A01
202000016313,12,11,2020,19:15,4,76.0,76457,1,1,1.0,7.0,DEPARTEMENTALE 3,"49,3409300","0,9475400",,76.076457,76457,Seine-Maritime,28.0,Normandie,80.0,3.0,2.0,2,1.0,28,Normandie,76,3,9,Moulineaux,932,16,948.0,2.0,33,,0.0,5.0,1.0,1.0,A01
202000016314,16,11,2020,08:50,1,76.0,76351,2,3,1.0,3.0,APLEMONT (AVENUE D'),"49,5021161","0,1848159",,76.076351,76351,Seine-Maritime,28.0,Normandie,50.0,3.0,2.0,2,2.0,28,Normandie,76,2,96,LeHavre,166058,1780,167838.0,0.0,80,,0.0,2.0,6.0,15.0,B01
202000016314,16,11,2020,08:50,1,76.0,76351,2,3,1.0,3.0,APLEMONT (AVENUE D'),"49,5021161","0,1848159",,76.076351,76351,Seine-Maritime,28.0,Normandie,50.0,3.0,2.0,2,2.0,28,Normandie,76,2,96,LeHavre,166058,1780,167838.0,0.0,7,,0.0,2.0,2.0,1.0,A01
202000016315,12,11,2020,16:35,1,76.0,76447,2,1,1.0,7.0,MEDERIC DESCHAMPS,"49,5454000","0,1868000",,76.076447,76447,Seine-Maritime,28.0,Normandie,50.0,4.0,2.0,2,1.0,28,Normandie,76,2,15,Montivilliers,15457,203,15660.0,3.0,10,,0.0,1.0,0.0,1.0,A01
202000016409,6,5,2020,18:30,1,76.0,76099,2,1,1.0,7.0,Route du Manoir,"49,5516590","0,8501220",,76.076099,76099,Seine-Maritime,28.0,Normandie,50.0,3.0,2.0,2,1.0,28,Normandie,76,3,1,BlacquevilLe707,9,716,,1.0,33,,1.0,0.0,0.0,1.0,A01
202000016498,1,5,2020,02:01,5,76.0,76351,2,1,1.0,6.0,JULES DURAND (BD),"49,4907700","0,1601600",,76.076351,76351,Seine-Maritime,28.0,Normandie,50.0,3.0,2.0,2,1.0,28,Normandie,76,2,96,LeHavre,166058,1780,167838.0,2.0,7,,2.0,0.0,1.0,1.0,A01
202000016573,25,1,2020,12:10,1,76.0,76622,1,1,5.0,1.0,D81,"49,4772150","0,6021930",,76.076622,76622,Seine-Maritime,28.0,Normandie,80.0,3.0,2.0,2,2.0,28,Normandie,76,2,25,Saint-Maurice-d'Ételan,293,10,303.0,2.0,7,,0.0,2.0,1.0,1.0,B01
202000016573,25,1,2020,12:10,1,76.0,76622,1,1,5.0,1.0,D81,"49,4772150","0,6021930",,76.076622,76622,Seine-Maritime,28.0,Normandie,80.0,3.0,2.0,2,2.0,28,Normandie,76,2,25,Saint-Maurice-d'Ételan,293,10,303.0,1.0,7,,0.0,2.0,1.0,1.0,A01
202000016745,23,1,2020,08:30,2,76.0,76533,1,1,8.0,6.0,Échangeur entre A29 et A131 (Embranchement d'autoroute),"49,4989600","0,2736280",,76.076533,76533,Seine-Maritime,28.0,Normandie,90.0,1.0,1.0,2,2.0,28,Normandie,76,2,16,RogervilLe1706,19,1725,,1.0,7,,3.0,0.0,1.0,1.0,A01
202000016807,7,7,2020,19:38,1,76.0,76681,1,1,1.0,2.0,INDUSTRIEL. BOULEVARD (CD 18E),"49,4165900","1,1077600",,76.076681,76681,Seine-Maritime,28.0,Normandie,70.0,3.0,3.0,4,1.0,28,Normandie,76,3,99,Sotteville-lès-Rouen,28965,475,29440.0,2.0,7,,0.0,2.0,1.0,2.0,A01
202000016807,7,7,2020,19:38,1,76.0,76681,1,1,1.0,2.0,INDUSTRIEL. BOULEVARD (CD 18E),"49,4165900","1,1077600",,76.076681,76681,Seine-Maritime,28.0,Normandie,70.0,3.0,3.0,4,1.0,28,Normandie,76,3,99,Sotteville-lès-Rouen,28965,475,29440.0,2.0,7,,0.0,2.0,4.0,2.0,B01
202000016808,11,7,2020,21:55,1,76.0,76540,1,1,1.0,6.0,NANSEN. RUE FRIDTJOF,"49,4481100","1,0598100",,76.076540,76540,Seine-Maritime,28.0,Normandie,50.0,3.0,2.0,3,1.0,28,Normandie,76,3,97,Rouen,114083,1556,115639.0,2.0,33,,15.0,0.0,8.0,1.0,A01
202000016809,11,7,2020,03:05,5,76.0,76552,2,1,1.0,-1.0,MAURICE TACONET,"49,5037500","0,0808000",,76.076552,76552,Seine-Maritime,28.0,Normandie,50.0,4.0,2.0,2,1.0,28,Normandie,76,2,19,Sainte-Adresse,7116,188,7304.0,3.0,7,,1.0,0.0,2.0,1.0,A01
202000016809,11,7,2020,03:05,5,76.0,76552,2,1,1.0,-1.0,MAURICE TACONET,"49,5037500","0,0808000",,76.076552,76552,Seine-Maritime,28.0,Normandie,50.0,4.0,2.0,2,1.0,28,Normandie,76,2,19,Sainte-Adresse,7116,188,7304.0,3.0,7,,0.0,2.0,2.0,24.0,B01
202000016906,14,7,2020,11:32,1,76.0,76655,2,1,2.0,7.0,Rue Max Leclerc,"49,8702760","0,7084790",,76.076655,76655,Seine-Maritime,28.0,Normandie,50.0,4.0,2.0,2,2.0,28,Normandie,76,1,33,Saint-Valery-en-Caux,3915,162,4077.0,3.0,1,,0.0,0.0,7.0,1.0,A01
202000016962,23,2,2020,08:09,2,76.0,76351,2,1,2.0,6.0,HUBERT LATHAM,"49,5306300","0,0965700",,76.076351,76351,Seine-Maritime,28.0,Normandie,50.0,4.0,2.0,2,2.0,28,Normandie,76,2,96,LeHavre,166058,1780,167838.0,0.0,7,,15.0,0.0,1.0,15.0,A01
202000017086,13,2,2020,07:50,5,76.0,76259,2,1,3.0,6.0,REPUBLIQUE ( BOULEVARD DE LA),"49,7576500","0,3813500",,76.076259,76259,Seine-Maritime,28.0,Normandie,50.0,4.0,2.0,2,2.0,28,Normandie,76,2,11,Fécamp,18016,269,18285.0,3.0,7,,0.0,1.0,2.0,1.0,A01
202000017128,10,9,2020,07:30,1,76.0,76351,1,4,1.0,6.0,RD 6015,"49,5031200","0,1933500",,76.076351,76351,Seine-Maritime,28.0,Normandie,70.0,3.0,1.0,2,1.0,28,Normandie,76,2,96,LeHavre,166058,1780,167838.0,1.0,7,,15.0,0.0,1.0,13.0,A01
202000017129,9,9,2020,18:20,1,76.0,76481,1,1,1.0,1.0,SAINT BARTHELEMY (ROUTE DE),"49,5589100","0,1412100",,76.076481,76481,Seine-Maritime,28.0,Normandie,50.0,3.0,2.0,2,1.0,28,Normandie,76,2,26,Octeville-sur-Mer,6122,119,6241.0,1.0,7,,0.0,2.0,0.0,0.0,B01
202000017129,9,9,2020,18:20,1,76.0,76481,1,1,1.0,1.0,SAINT BARTHELEMY (ROUTE DE),"49,5589100","0,1412100",,76.076481,76481,Seine-Maritime,28.0,Normandie,50.0,3.0,2.0,2,1.0,28,Normandie,76,2,26,Octeville-sur-Mer,6122,119,6241.0,2.0,34,,0.0,2.0,0.0,0.0,A01
202000017130,9,9,2020,16:50,1,76.0,76351,1,1,1.0,6.0,RD 6382,"49,5244900","0,1618200",,76.076351,76351,Seine-Maritime,28.0,Normandie,90.0,3.0,3.0,4,1.0,28,Normandie,76,2,96,LeHavre,166058,1780,167838.0,2.0,7,,4.0,0.0,2.0,14.0,A01
202000017361,11,6,2020,10:20,1,76.0,76600,2,2,1.0,3.0,HUIT MAI 1945,"49,7418000","0,3680000",,76.076600,76600,Seine-Maritime,28.0,Normandie,50.0,4.0,2.0,2,1.0,28,Normandie,76,2,11,Saint-Léonard,1713,34,1747.0,1.0,7,,0.0,2.0,3.0,19.0,A01
202000017361,11,6,2020,10:20,1,76.0,76600,2,2,1.0,3.0,HUIT MAI 1945,"49,7418000","0,3680000",,76.076600,76600,Seine-Maritime,28.0,Normandie,50.0,4.0,2.0,2,1.0,28,Normandie,76,2,11,Saint-Léonard,1713,34,1747.0,3.0,1,,0.0,2.0,2.0,1.0,B01
202000017652,8,10,2020,07:00,5,76.0,76575,2,1,1.0,1.0,LENINE. BOULEVARD,"49,3816770","1,1097900",,76.076575,76575,Seine-Maritime,28.0,Normandie,70.0,3.0,3.0,4,1.0,28,Normandie,76,3,98,Saint-Étienne-du-Rouvray,28508,225,28733.0,1.0,7,,0.0,2.0,1.0,1.0,Z01
202000017652,8,10,2020,07:00,5,76.0,76575,2,1,1.0,1.0,LENINE. BOULEVARD,"49,3816770","1,1097900",,76.076575,76575,Seine-Maritime,28.0,Normandie,70.0,3.0,3.0,4,1.0,28,Normandie,76,3,98,Saint-Étienne-du-Rouvray,28508,225,28733.0,2.0,7,,0.0,2.0,1.0,1.0,B01
202000017655,7,10,2020,16:10,1,76.0,76540,2,3,1.0,3.0,MONT RIBOUDET. AVENUE DU,"49,4480700","1,0667100",,76.076540,76540,Seine-Maritime,28.0,Normandie,50.0,3.0,3.0,5,1.0,28,Normandie,76,3,97,Rouen,114083,1556,115639.0,1.0,30,,0.0,2.0,8.0,1.0,A01