Num_Acc,jour,mois,an,hrmn,lum,dep,com,agg,int,atm,col,adr,lat,long,gps,com_insee_temp,com_insee,departmentName,regionCode,regionName,vma,catr,circ,nbv,surf,Code,Region,Departement,Arrondissement,Code_Canton,Nom_Commune,Population_municipaLe,Population_comptee_a_part,Population_Totale,senc,catv,occutc,obs,obsm,choc,manv,num_veh
202000017655,7,10,2020,16:10,1,76.0,76540,2,3,1.0,3.0,MONT RIBOUDET. AVENUE DU,"49,4480700","1,0667100",,76.076540,76540,Seine-Maritime,28.0,Normandie,50.0,3.0,3.0,5,1.0,28,Normandie,76,3,97,Rouen,114083,1556,115639.0,1.0,7,,0.0,2.0,2.0,16.0,B01
202000017657,7,10,2020,08:42,1,76.0,76231,2,3,1.0,6.0,NEUBOURG. RUE DU (RN 840),"49,2800451","1,0075128",,76.076231,76231,Seine-Maritime,28.0,Normandie,50.0,3.0,2.0,2,2.0,28,Normandie,76,3,9,Elbeuf,15951,138,16089.0,1.0,10,,0.0,1.0,0.0,1.0,A01
202000017670,10,8,2020,22:10,5,76.0,76540,2,1,1.0,4.0,VAL D'EAUPLET. RUE DU,"49,4326600","1,1080300",,76.076540,76540,Seine-Maritime,28.0,Normandie,50.0,3.0,2.0,4,1.0,28,Normandie,76,3,97,Rouen,114083,1556,115639.0,1.0,7,,0.0,2.0,4.0,2.0,A01
202000017670,10,8,2020,22:10,5,76.0,76540,2,1,1.0,4.0,VAL D'EAUPLET. RUE DU,"49,4326600","1,1080300",,76.076540,76540,Seine-Maritime,28.0,Normandie,50.0,3.0,2.0,4,1.0,28,Normandie,76,3,97,Rouen,114083,1556,115639.0,1.0,7,,0.0,2.0,4.0,2.0,B01
202000017670,10,8,2020,22:10,5,76.0,76540,2,1,1.0,4.0,VAL D'EAUPLET. RUE DU,"49,4326600","1,1080300",,76.076540,76540,Seine-Maritime,28.0,Normandie,50.0,3.0,2.0,4,1.0,28,Normandie,76,3,97,Rouen,114083,1556,115639.0,1.0,7,,0.0,2.0,1.0,2.0,Z01
202000017672,9,8,2020,02:15,5,76.0,76681,2,2,1.0,3.0,14 JUILLET. AVENUE DU,"49,4110800","1,0769700",,76.076681,76681,Seine-Maritime,28.0,Normandie,50.0,3.0,2.0,2,1.0,28,Normandie,76,3,99,Sotteville-lès-Rouen,28965,475,29440.0,1.0,7,,0.0,2.0,0.0,1.0,Z01
202000017672,9,8,2020,02:15,5,76.0,76681,2,2,1.0,3.0,14 JUILLET. AVENUE DU,"49,4110800","1,0769700",,76.076681,76681,Seine-Maritime,28.0,Normandie,50.0,3.0,2.0,2,1.0,28,Normandie,76,3,99,Sotteville-lès-Rouen,28965,475,29440.0,0.0,34,,0.0,2.0,8.0,1.0,A01
202000017824,8,10,2020,15:20,1,76.0,76443,1,1,2.0,7.0,D3 route de clères,"49,5658830","1,1125480",,76.076443,76443,Seine-Maritime,28.0,Normandie,80.0,3.0,2.0,2,2.0,28,Normandie,76,3,2,Mont-Cauvaire,862,16,878.0,2.0,33,,0.0,0.0,8.0,1.0,A01
202000017946,23,12,2020,17:50,3,76.0,76726,1,1,8.0,6.0,route des Loges,"49,7089610","0,2817710",,76.076726,76726,Seine-Maritime,28.0,Normandie,80.0,4.0,2.0,2,2.0,28,Normandie,76,2,11,Vattetot-sur-Mer,324,4,328.0,3.0,7,,0.0,1.0,3.0,1.0,A01
202000018026,19,12,2020,16:00,1,76.0,76540,2,2,1.0,3.0,NANSEN. RUE FRIDTJOF,"49,4469200","1,0607100",,76.076540,76540,Seine-Maritime,28.0,Normandie,50.0,2.0,1.0,3,1.0,28,Normandie,76,3,97,Rouen,114083,1556,115639.0,1.0,7,,0.0,2.0,1.0,1.0,A01
202000018026,19,12,2020,16:00,1,76.0,76540,2,2,1.0,3.0,NANSEN. RUE FRIDTJOF,"49,4469200","1,0607100",,76.076540,76540,Seine-Maritime,28.0,Normandie,50.0,2.0,1.0,3,1.0,28,Normandie,76,3,97,Rouen,114083,1556,115639.0,1.0,33,,0.0,2.0,1.0,1.0,B01
202000018027,18,12,2020,18:55,5,76.0,76351,2,2,1.0,2.0,CAVEE VERTE (RUE DE LA),"49,5048700","0,1122900",,76.076351,76351,Seine-Maritime,28.0,Normandie,50.0,4.0,2.0,2,1.0,28,Normandie,76,2,96,LeHavre,166058,1780,167838.0,3.0,36,,0.0,2.0,1.0,0.0,B01
202000018027,18,12,2020,18:55,5,76.0,76351,2,2,1.0,2.0,CAVEE VERTE (RUE DE LA),"49,5048700","0,1122900",,76.076351,76351,Seine-Maritime,28.0,Normandie,50.0,4.0,2.0,2,1.0,28,Normandie,76,2,96,LeHavre,166058,1780,167838.0,3.0,7,,0.0,2.0,8.0,0.0,A01
202000018028,20,12,2020,04:15,5,76.0,76351,2,1,1.0,6.0,MARTYRS (DES),"49,5147540","0,1073210",,76.076351,76351,Seine-Maritime,28.0,Normandie,50.0,4.0,1.0,1,2.0,28,Normandie,76,2,96,LeHavre,166058,1780,167838.0,0.0,7,,1.0,0.0,2.0,14.0,A01
202000018218,13,11,2020,10:40,1,76.0,76540,1,1,1.0,3.0,N28,"49,4382800","1,1220900",,76.076540,76540,Seine-Maritime,28.0,Normandie,70.0,2.0,3.0,3,1.0,28,Normandie,76,3,97,Rouen,114083,1556,115639.0,1.0,7,,0.0,2.0,3.0,9.0,A01
202000018218,13,11,2020,10:40,1,76.0,76540,1,1,1.0,3.0,N28,"49,4382800","1,1220900",,76.076540,76540,Seine-Maritime,28.0,Normandie,70.0,2.0,3.0,3,1.0,28,Normandie,76,3,97,Rouen,114083,1556,115639.0,1.0,17,,0.0,0.0,0.0,0.0,B01
202000018391,29,4,2020,14:30,1,76.0,76146,1,1,3.0,6.0,A28,"49,5771361","1,2754243",,76.076146,76146,Seine-Maritime,28.0,Normandie,110.0,1.0,1.0,2,2.0,28,Normandie,76,3,21,Buchy,2805,108,2913.0,1.0,7,,2.0,0.0,1.0,0.0,A01
202000018521,21,1,2020,09:30,1,76.0,76322,2,1,1.0,6.0,DUMONT D'URVILLE. BOULEVARD,"49,3999200","1,0425800",,76.076322,76322,Seine-Maritime,28.0,Normandie,50.0,4.0,2.0,2,1.0,28,Normandie,76,3,13,LeGrand-Quevilly,25975,225,26200.0,0.0,7,,0.0,1.0,2.0,1.0,A01
202000018896,24,2,2020,02:35,3,76.0,76418,1,1,2.0,7.0,D40,"49,5464360","0,7019330",,76.076418,76418,Seine-Maritime,28.0,Normandie,80.0,3.0,2.0,2,2.0,28,Normandie,76,3,25,Maulévrier-Sainte-Gertrude,1035,17,1052.0,2.0,7,,14.0,0.0,9.0,0.0,A01
202000018926,22,2,2020,04:00,3,76.0,76217,1,1,1.0,7.0,BREAUTE (AVENUE DE )  ,"49,9110530","1,0863480",,76.076217,76217,Seine-Maritime,28.0,Normandie,70.0,3.0,1.0,1,1.0,28,Normandie,76,1,95,Dieppe,28358,455,28813.0,1.0,7,,0.0,0.0,0.0,1.0,A01
202000019033,6,2,2020,13:30,1,76.0,76319,1,1,1.0,6.0,RN 138,"49,3485030","1,0207340",,76.076319,76319,Seine-Maritime,28.0,Normandie,110.0,2.0,3.0,4,1.0,28,Normandie,76,3,9,Grand-Couronne,9726,177,9903.0,1.0,7,,0.0,1.0,2.0,0.0,A01
202000019057,22,8,2020,03:10,1,76.0,76245,2,9,1.0,6.0,GAMBETTA (AVENUE),"49,5513839","1,0427356",,76.076245,76245,Seine-Maritime,28.0,Normandie,50.0,4.0,2.0,2,2.0,28,Normandie,76,3,24,Eslettes,1641,16,1657.0,0.0,7,,2.0,0.0,1.0,14.0,A01
202000019058,10,9,2020,00:55,5,76.0,76322,2,3,1.0,3.0,RAVEL. BOULEVARD MAURICE,"49,4098300","1,0471800",,76.076322,76322,Seine-Maritime,28.0,Normandie,50.0,4.0,2.0,2,1.0,28,Normandie,76,3,13,LeGrand-Quevilly,25975,225,26200.0,0.0,7,,0.0,2.0,0.0,0.0,Z01
202000019058,10,9,2020,00:55,5,76.0,76322,2,3,1.0,3.0,RAVEL. BOULEVARD MAURICE,"49,4098300","1,0471800",,76.076322,76322,Seine-Maritime,28.0,Normandie,50.0,4.0,2.0,2,1.0,28,Normandie,76,3,13,LeGrand-Quevilly,25975,225,26200.0,0.0,7,,0.0,2.0,0.0,0.0,A01
202000019382,9,6,2020,07:45,1,76.0,76231,2,1,1.0,3.0,RD 840 (RUE DU NEUBOURG),"49,2832100","1,0082400",,76.076231,76231,Seine-Maritime,28.0,Normandie,50.0,3.0,2.0,2,1.0,28,Normandie,76,3,9,Elbeuf,15951,138,16089.0,1.0,7,,0.0,2.0,3.0,1.0,Z01
202000019382,9,6,2020,07:45,1,76.0,76231,2,1,1.0,3.0,RD 840 (RUE DU NEUBOURG),"49,2832100","1,0082400",,76.076231,76231,Seine-Maritime,28.0,Normandie,50.0,3.0,2.0,2,1.0,28,Normandie,76,3,9,Elbeuf,15951,138,16089.0,1.0,1,,0.0,2.0,7.0,1.0,B01
202000019383,10,6,2020,02:15,5,76.0,76540,2,2,1.0,3.0,RICARD. RUE LOUIS,"49,4485390","1,0997066",,76.076540,76540,Seine-Maritime,28.0,Normandie,50.0,3.0,2.0,3,1.0,28,Normandie,76,3,97,Rouen,114083,1556,115639.0,0.0,30,,0.0,2.0,0.0,1.0,A01
202000019383,10,6,2020,02:15,5,76.0,76540,2,2,1.0,3.0,RICARD. RUE LOUIS,"49,4485390","1,0997066",,76.076540,76540,Seine-Maritime,28.0,Normandie,50.0,3.0,2.0,3,1.0,28,Normandie,76,3,97,Rouen,114083,1556,115639.0,1.0,7,,0.0,2.0,0.0,1.0,Z01
202000019384,9,6,2020,16:15,1,76.0,76351,2,2,1.0,6.0,RAYMOND GUENOT,"49,4942000","0,1037000",,76.076351,76351,Seine-Maritime,28.0,Normandie,50.0,4.0,2.0,1,1.0,28,Normandie,76,2,96,LeHavre,166058,1780,167838.0,3.0,7,,0.0,1.0,1.0,1.0,A01
202000019447,12,8,2020,08:40,1,76.0,76618,2,1,1.0,3.0,24 rue du chateau,"49,9403600","1,1423420",,76.076618,76618,Seine-Maritime,28.0,Normandie,50.0,3.0,2.0,2,1.0,28,Normandie,76,1,8,Petit-Caux,9625,210,9835.0,0.0,7,,0.0,9.0,2.0,19.0,A01
202000019447,12,8,2020,08:40,1,76.0,76618,2,1,1.0,3.0,24 rue du chateau,"49,9403600","1,1423420",,76.076618,76618,Seine-Maritime,28.0,Normandie,50.0,3.0,2.0,2,1.0,28,Normandie,76,1,8,Petit-Caux,9625,210,9835.0,2.0,1,,0.0,2.0,1.0,1.0,B01
202000019476,6,10,2020,21:20,5,76.0,76351,1,1,3.0,7.0,LOUIS LUMIERE,"49,5246970","0,1235200",,76.076351,76351,Seine-Maritime,28.0,Normandie,50.0,3.0,2.0,4,3.0,28,Normandie,76,2,96,LeHavre,166058,1780,167838.0,1.0,30,,0.0,0.0,8.0,1.0,A01
202000019717,8,10,2020,06:35,3,76.0,76533,1,1,2.0,2.0,A131,"49,4952420","0,2589000",,76.076533,76533,Seine-Maritime,28.0,Normandie,130.0,1.0,3.0,4,2.0,28,Normandie,76,2,16,RogervilLe1706,19,1725,,1.0,7,,4.0,2.0,2.0,1.0,A01
202000019717,8,10,2020,06:35,3,76.0,76533,1,1,2.0,2.0,A131,"49,4952420","0,2589000",,76.076533,76533,Seine-Maritime,28.0,Normandie,130.0,1.0,3.0,4,2.0,28,Normandie,76,2,16,RogervilLe1706,19,1725,,1.0,7,,3.0,0.0,6.0,1.0,B01
202000019757,30,7,2020,13:55,1,76.0,76351,2,6,1.0,6.0,AMIRAL MOUCHEZ (BD),"49,4854600","0,1368300",,76.076351,76351,Seine-Maritime,28.0,Normandie,50.0,3.0,3.0,4,1.0,28,Normandie,76,2,96,LeHavre,166058,1780,167838.0,1.0,7,,0.0,1.0,1.0,1.0,A01
202000019839,22,12,2020,07:35,4,76.0,76752,2,1,2.0,6.0,22 Rue Jacques Ferny,"49,6681760","0,8971350",,76.076752,76752,Seine-Maritime,28.0,Normandie,50.0,3.0,2.0,2,2.0,28,Normandie,76,3,35,YervilLe2584,29,2613,,1.0,7,,0.0,1.0,1.0,1.0,A01
202000019844,21,12,2020,16:00,1,76.0,76619,1,1,2.0,1.0,D22,"49,9972310","1,3575380",,76.076619,76619,Seine-Maritime,28.0,Normandie,80.0,3.0,2.0,2,2.0,28,Normandie,76,1,10,Saint-Martin-le-Gaillard,288,5,293.0,0.0,7,,0.0,0.0,3.0,1.0,A01
202000019844,21,12,2020,16:00,1,76.0,76619,1,1,2.0,1.0,D22,"49,9972310","1,3575380",,76.076619,76619,Seine-Maritime,28.0,Normandie,80.0,3.0,2.0,2,2.0,28,Normandie,76,1,10,Saint-Martin-le-Gaillard,288,5,293.0,0.0,10,,0.0,0.0,3.0,13.0,B01
202000019905,18,12,2020,15:20,1,76.0,76540,2,1,1.0,2.0,GAMBETTA. BOULEVARD,"49,4414300","1,1126700",,76.076540,76540,Seine-Maritime,28.0,Normandie,50.0,2.0,3.0,6,1.0,28,Normandie,76,3,97,Rouen,114083,1556,115639.0,0.0,7,,0.0,0.0,4.0,23.0,B01
202000019905,18,12,2020,15:20,1,76.0,76540,2,1,1.0,2.0,GAMBETTA. BOULEVARD,"49,4414300","1,1126700",,76.076540,76540,Seine-Maritime,28.0,Normandie,50.0,2.0,3.0,6,1.0,28,Normandie,76,3,97,Rouen,114083,1556,115639.0,0.0,1,,0.0,2.0,1.0,13.0,A01
202000020021,12,11,2020,12:05,1,76.0,76341,2,6,1.0,3.0,VIEILLE FAIENCERIE,"49,5161500","0,1857400",,76.076341,76341,Seine-Maritime,28.0,Normandie,50.0,3.0,2.0,2,1.0,28,Normandie,76,2,15,Harfleur,8315,53,8368.0,2.0,30,,0.0,2.0,1.0,0.0,A01
202000020021,12,11,2020,12:05,1,76.0,76341,2,6,1.0,3.0,VIEILLE FAIENCERIE,"49,5161500","0,1857400",,76.076341,76341,Seine-Maritime,28.0,Normandie,50.0,3.0,2.0,2,1.0,28,Normandie,76,2,15,Harfleur,8315,53,8368.0,2.0,7,,0.0,2.0,8.0,0.0,B01
202000020260,26,4,2020,13:15,1,76.0,76540,2,1,1.0,6.0,BIHOREL. RUE DE,"49,4484400","1,1024100",,76.076540,76540,Seine-Maritime,28.0,Normandie,30.0,4.0,1.0,1,1.0,28,Normandie,76,3,97,Rouen,114083,1556,115639.0,0.0,7,,14.0,1.0,1.0,1.0,A01
202000020261,23,4,2020,12:55,1,76.0,76212,2,6,1.0,3.0,LONGPAON. RUE DE,"49,4490400","1,1509600",,76.076212,76212,Seine-Maritime,28.0,Normandie,50.0,3.0,1.0,1,1.0,28,Normandie,76,3,6,Darnétal,9738,74,9812.0,1.0,7,,0.0,0.0,0.0,10.0,Z01
202000020261,23,4,2020,12:55,1,76.0,76212,2,6,1.0,3.0,LONGPAON. RUE DE,"49,4490400","1,1509600",,76.076212,76212,Seine-Maritime,28.0,Normandie,50.0,3.0,1.0,1,1.0,28,Normandie,76,3,6,Darnétal,9738,74,9812.0,2.0,33,,0.0,0.0,8.0,21.0,A01
202000020262,24,4,2020,19:20,1,76.0,76540,2,1,1.0,2.0,JAURES. BOULEVARD JEAN,"49,4503400","1,0623500",,76.076540,76540,Seine-Maritime,28.0,Normandie,50.0,3.0,2.0,2,1.0,28,Normandie,76,3,97,Rouen,114083,1556,115639.0,1.0,7,,0.0,2.0,3.0,26.0,A01
202000020262,24,4,2020,19:20,1,76.0,76540,2,1,1.0,2.0,JAURES. BOULEVARD JEAN,"49,4503400","1,0623500",,76.076540,76540,Seine-Maritime,28.0,Normandie,50.0,3.0,2.0,2,1.0,28,Normandie,76,3,97,Rouen,114083,1556,115639.0,1.0,80,,0.0,2.0,8.0,15.0,B01
202000020263,26,4,2020,16:40,1,76.0,76481,2,1,1.0,6.0,TOT (CHEMIN DU),"49,5541400","0,1109100",,76.076481,76481,Seine-Maritime,28.0,Normandie,50.0,4.0,2.0,2,1.0,28,Normandie,76,2,26,Octeville-sur-Mer,6122,119,6241.0,0.0,1,,0.0,1.0,1.0,1.0,A01
202000020264,24,4,2020,00:15,5,76.0,76447,2,1,1.0,2.0,PIERRE MENDES FRANCE,"49,5280100","0,1824300",,76.076447,76447,Seine-Maritime,28.0,Normandie,50.0,3.0,3.0,2,1.0,28,Normandie,76,2,15,Montivilliers,15457,203,15660.0,1.0,2,,0.0,2.0,4.0,23.0,B01
202000020264,24,4,2020,00:15,5,76.0,76447,2,1,1.0,2.0,PIERRE MENDES FRANCE,"49,5280100","0,1824300",,76.076447,76447,Seine-Maritime,28.0,Normandie,50.0,3.0,3.0,2,1.0,28,Normandie,76,2,15,Montivilliers,15457,203,15660.0,1.0,7,,0.0,2.0,1.0,2.0,A01
202000020386,23,4,2020,17:40,1,76.0,76341,1,1,1.0,6.0,RD 6015,"49,5047800","0,1940800",,76.076341,76341,Seine-Maritime,28.0,Normandie,70.0,3.0,3.0,4,1.0,28,Normandie,76,2,15,Harfleur,8315,53,8368.0,1.0,33,,3.0,0.0,1.0,1.0,A01
202000020400,20,1,2020,07:32,1,76.0,76497,1,1,1.0,6.0,VOIE RAPIDE SUD 3 (RN 338),"49,3805000","1,0484500",,76.076497,76497,Seine-Maritime,28.0,Normandie,2.0,2.0,2.0,2,7.0,28,Normandie,76,3,13,Petit-Couronne,8688,175,8863.0,1.0,33,,0.0,0.0,7.0,1.0,A01
202000020401,17,1,2020,17:00,1,76.0,76575,2,2,1.0,3.0,CPAM (RUE LAZARE CARNOT),"49,3796394","1,1076450",,76.076575,76575,Seine-Maritime,28.0,Normandie,30.0,4.0,2.0,2,1.0,28,Normandie,76,3,98,Saint-Étienne-du-Rouvray,28508,225,28733.0,0.0,7,,0.0,2.0,1.0,19.0,A01
202000020401,17,1,2020,17:00,1,76.0,76575,2,2,1.0,3.0,CPAM (RUE LAZARE CARNOT),"49,3796394","1,1076450",,76.076575,76575,Seine-Maritime,28.0,Normandie,30.0,4.0,2.0,2,1.0,28,Normandie,76,3,98,Saint-Étienne-du-Rouvray,28508,225,28733.0,0.0,7,,0.0,2.0,8.0,1.0,B01
202000020578,16,1,2020,19:45,5,76.0,76575,2,1,1.0,6.0,"rue de l'universite,MADRILLET. PARC TECHNOLOGIQUE DU","49,3852200","1,0748300",,76.076575,76575,Seine-Maritime,28.0,Normandie,30.0,4.0,2.0,2,1.0,28,Normandie,76,3,98,Saint-Étienne-du-Rouvray,28508,225,28733.0,0.0,33,,0.0,1.0,1.0,17.0,A01
202000020579,18,1,2020,14:30,1,76.0,76351,2,4,1.0,3.0,VERDUN (RUE DE),"49,5022494","0,1866872",,76.076351,76351,Seine-Maritime,28.0,Normandie,50.0,3.0,2.0,2,1.0,28,Normandie,76,2,96,LeHavre,166058,1780,167838.0,0.0,2,,0.0,2.0,1.0,16.0,A01
202000020579,18,1,2020,14:30,1,76.0,76351,2,4,1.0,3.0,VERDUN (RUE DE),"49,5022494","0,1866872",,76.076351,76351,Seine-Maritime,28.0,Normandie,50.0,3.0,2.0,2,1.0,28,Normandie,76,2,96,LeHavre,166058,1780,167838.0,2.0,7,,0.0,2.0,3.0,1.0,B01
202000020580,11,1,2020,23:30,5,76.0,76217,2,2,1.0,1.0,REPUBLIQUE (AVENUE DE LA),"49,9245850","1,1038150",,76.076217,76217,Seine-Maritime,28.0,Normandie,50.0,4.0,2.0,2,1.0,28,Normandie,76,1,95,Dieppe,28358,455,28813.0,2.0,7,,0.0,2.0,2.0,15.0,B01
202000020580,11,1,2020,23:30,5,76.0,76217,2,2,1.0,1.0,REPUBLIQUE (AVENUE DE LA),"49,9245850","1,1038150",,76.076217,76217,Seine-Maritime,28.0,Normandie,50.0,4.0,2.0,2,1.0,28,Normandie,76,1,95,Dieppe,28358,455,28813.0,2.0,7,,0.0,2.0,2.0,16.0,A01
202000020734,10,7,2020,14:00,1,76.0,76561,2,2,1.0,1.0,CHURCHILL. RUE WINSTON,"49,2973400","1,0111800",,76.076561,76561,Seine-Maritime,28.0,Normandie,50.0,3.0,2.0,4,1.0,28,Normandie,76,3,5,Saint-Aubin-lès-Elbeuf,8428,75,8503.0,0.0,7,,0.0,2.0,1.0,1.0,A01
202000020734,10,7,2020,14:00,1,76.0,76561,2,2,1.0,1.0,CHURCHILL. RUE WINSTON,"49,2973400","1,0111800",,76.076561,76561,Seine-Maritime,28.0,Normandie,50.0,3.0,2.0,4,1.0,28,Normandie,76,3,5,Saint-Aubin-lès-Elbeuf,8428,75,8503.0,0.0,7,,0.0,2.0,1.0,0.0,B01
202000020966,19,2,2020,19:40,5,76.0,76351,2,2,1.0,3.0,JULES FERRY (PLACE),"49,4921800","0,1113600",,76.076351,76351,Seine-Maritime,28.0,Normandie,50.0,4.0,2.0,2,2.0,28,Normandie,76,2,96,LeHavre,166058,1780,167838.0,3.0,7,,0.0,2.0,3.0,15.0,A01
202000020966,19,2,2020,19:40,5,76.0,76351,2,2,1.0,3.0,JULES FERRY (PLACE),"49,4921800","0,1113600",,76.076351,76351,Seine-Maritime,28.0,Normandie,50.0,4.0,2.0,2,2.0,28,Normandie,76,2,96,LeHavre,166058,1780,167838.0,3.0,33,,0.0,2.0,1.0,1.0,B01
202000021020,8,9,2020,15:30,1,76.0,76484,2,1,1.0,6.0,SAVOIE. RUE DE,"49,3553000","1,0952700",,76.076484,76484,Seine-Maritime,28.0,Normandie,30.0,4.0,2.0,2,1.0,28,Normandie,76,3,31,Oissel,12367,83,12450.0,0.0,7,,0.0,1.0,1.0,0.0,Z01
202000021148,10,9,2020,10:25,1,76.0,76387,1,2,1.0,3.0,cd142,"49,7052220","0,8885190",,76.076387,76387,Seine-Maritime,28.0,Normandie,80.0,3.0,2.0,2,1.0,28,Normandie,76,3,35,Lindebeuf,379,7,386.0,2.0,7,,0.0,2.0,8.0,1.0,B01
202000021148,10,9,2020,10:25,1,76.0,76387,1,2,1.0,3.0,cd142,"49,7052220","0,8885190",,76.076387,76387,Seine-Maritime,28.0,Normandie,80.0,3.0,2.0,2,1.0,28,Normandie,76,3,35,Lindebeuf,379,7,386.0,1.0,7,,0.0,2.0,1.0,19.0,A01
202000021149,31,8,2020,17:10,1,76.0,76728,1,1,1.0,6.0,Rue de l'Orme,"49,4875310","0,9837380",,76.076728,76728,Seine-Maritime,28.0,Normandie,80.0,4.0,2.0,2,1.0,28,Normandie,76,3,24,La Vaupalière,1192,21,1213.0,2.0,3,,0.0,0.0,0.0,1.0,A01
202000021239,29,1,2020,13:10,1,76.0,76341,2,2,1.0,2.0,ROBERT ANCEL,"49,5181129","0,2037496",,76.076341,76341,Seine-Maritime,28.0,Normandie,50.0,3.0,2.0,2,1.0,28,Normandie,76,2,15,Harfleur,8315,53,8368.0,1.0,7,,0.0,2.0,1.0,1.0,A01
202000021239,29,1,2020,13:10,1,76.0,76341,2,2,1.0,2.0,ROBERT ANCEL,"49,5181129","0,2037496",,76.076341,76341,Seine-Maritime,28.0,Normandie,50.0,3.0,2.0,2,1.0,28,Normandie,76,2,15,Harfleur,8315,53,8368.0,1.0,7,,0.0,2.0,4.0,23.0,B01
202000021255,8,6,2020,16:00,1,76.0,76540,2,1,1.0,3.0,NANSEN. RUE FRIDTJOF,"49,4468600","1,0608200",,76.076540,76540,Seine-Maritime,28.0,Normandie,50.0,2.0,2.0,5,1.0,28,Normandie,76,3,97,Rouen,114083,1556,115639.0,0.0,33,,0.0,2.0,0.0,0.0,B01
202000021255,8,6,2020,16:00,1,76.0,76540,2,1,1.0,3.0,NANSEN. RUE FRIDTJOF,"49,4468600","1,0608200",,76.076540,76540,Seine-Maritime,28.0,Normandie,50.0,2.0,2.0,5,1.0,28,Normandie,76,3,97,Rouen,114083,1556,115639.0,1.0,7,,0.0,2.0,3.0,13.0,A01
202000021256,8,6,2020,20:05,1,76.0,76481,2,3,1.0,-1.0,HIPPOCRATE (RUE),"49,5296700","0,1070100",,76.076481,76481,Seine-Maritime,28.0,Normandie,50.0,4.0,2.0,2,1.0,28,Normandie,76,2,26,Octeville-sur-Mer,6122,119,6241.0,3.0,7,,8.0,0.0,1.0,1.0,B01
202000021256,8,6,2020,20:05,1,76.0,76481,2,3,1.0,-1.0,HIPPOCRATE (RUE),"49,5296700","0,1070100",,76.076481,76481,Seine-Maritime,28.0,Normandie,50.0,4.0,2.0,2,1.0,28,Normandie,76,2,26,Octeville-sur-Mer,6122,119,6241.0,3.0,7,,0.0,0.0,0.0,0.0,Z01
202000021380,11,8,2020,17:00,1,76.0,76535,1,1,1.0,6.0,D915,"49,6259460","1,4878750",,76.076535,76535,Seine-Maritime,28.0,Normandie,80.0,3.0,2.0,2,1.0,28,Normandie,76,1,12,Roncherolles-en-Bray,460,8,468.0,2.0,7,,15.0,0.0,3.0,0.0,A01
202000021532,6,8,2020,20:25,1,76.0,76540,2,1,1.0,2.0,GRAND MARE. AVENUE DE LA,"49,4499300","1,1344000",,76.076540,76540,Seine-Maritime,28.0,Normandie,50.0,3.0,-1.0,3,1.0,28,Normandie,76,3,97,Rouen,114083,1556,115639.0,0.0,7,,0.0,2.0,3.0,17.0,Z01
202000021532,6,8,2020,20:25,1,76.0,76540,2,1,1.0,2.0,GRAND MARE. AVENUE DE LA,"49,4499300","1,1344000",,76.076540,76540,Seine-Maritime,28.0,Normandie,50.0,3.0,-1.0,3,1.0,28,Normandie,76,3,97,Rouen,114083,1556,115639.0,0.0,2,,0.0,2.0,6.0,1.0,B01
202000021534,8,8,2020,18:30,1,76.0,76026,2,1,1.0,3.0,LIBERATION (RUE DE LA),"49,8797800","1,1279900",,76.076026,76026,Seine-Maritime,28.0,Normandie,50.0,3.0,2.0,2,1.0,28,Normandie,76,1,8,Arques-la-BatailLe2480,44,2524,,0.0,34,,0.0,2.0,3.0,1.0,A01
202000021534,8,8,2020,18:30,1,76.0,76026,2,1,1.0,3.0,LIBERATION (RUE DE LA),"49,8797800","1,1279900",,76.076026,76026,Seine-Maritime,28.0,Normandie,50.0,3.0,2.0,2,1.0,28,Normandie,76,1,8,Arques-la-BatailLe2480,44,2524,,0.0,7,,0.0,0.0,0.0,0.0,B01
202000021726,2,10,2020,20:55,5,76.0,76341,1,6,1.0,6.0,BREQUE,"49,5042000","0,1954000",,76.076341,76341,Seine-Maritime,28.0,Normandie,50.0,3.0,1.0,1,1.0,28,Normandie,76,2,15,Harfleur,8315,53,8368.0,2.0,7,,2.0,0.0,1.0,14.0,A01
202000021727,3,10,2020,08:47,2,76.0,76351,2,1,1.0,6.0,ROMAIN ROLLAND (RUE),"49,5065600","0,1091600",,76.076351,76351,Seine-Maritime,28.0,Normandie,50.0,4.0,1.0,1,2.0,28,Normandie,76,2,96,LeHavre,166058,1780,167838.0,3.0,7,,1.0,0.0,1.0,0.0,A01
202000021749,12,11,2020,16:00,1,76.0,76367,1,1,1.0,2.0,Rue des Longs Vallons,"49,5014130","1,0810800",,76.076367,76367,Seine-Maritime,28.0,Normandie,80.0,3.0,2.0,2,1.0,28,Normandie,76,3,24,HouppevilLe2884,51,2935,,1.0,33,,0.0,2.0,2.0,2.0,A01
202000021749,12,11,2020,16:00,1,76.0,76367,1,1,1.0,2.0,Rue des Longs Vallons,"49,5014130","1,0810800",,76.076367,76367,Seine-Maritime,28.0,Normandie,80.0,3.0,2.0,2,1.0,28,Normandie,76,3,24,HouppevilLe2884,51,2935,,1.0,99,,0.0,2.0,6.0,2.0,B01
202000021826,12,11,2020,14:22,1,76.0,76244,1,1,1.0,2.0,A28,"49,7027440","1,3688920",,76.076244,76244,Seine-Maritime,28.0,Normandie,130.0,1.0,1.0,4,1.0,28,Normandie,76,1,23,EsclavelLes386,6,392,,2.0,7,,4.0,2.0,1.0,2.0,A01
202000021826,12,11,2020,14:22,1,76.0,76244,1,1,1.0,2.0,A28,"49,7027440","1,3688920",,76.076244,76244,Seine-Maritime,28.0,Normandie,130.0,1.0,1.0,4,1.0,28,Normandie,76,1,23,EsclavelLes386,6,392,,2.0,17,,0.0,0.0,4.0,2.0,B01