Num_Acc,jour,mois,an,hrmn,lum,dep,com,agg,int,atm,col,adr,lat,long,gps,com_insee_temp,com_insee,departmentName,regionCode,regionName,vma,catr,circ,nbv,surf,Code,Region,Departement,Arrondissement,Code_Canton,Nom_Commune,Population_municipaLe,Population_comptee_a_part,Population_Totale,senc,catv,occutc,obs,obsm,choc,manv,num_veh
202000022029,17,12,2020,10:20,1,76.0,76540,2,1,1.0,6.0,BOURSE. QUAI (HAUT) DE LA,"49,4385800","1,0906300",,76.076540,76540,Seine-Maritime,28.0,Normandie,50.0,3.0,2.0,3,1.0,28,Normandie,76,3,97,Rouen,114083,1556,115639.0,1.0,7,,0.0,1.0,1.0,17.0,A01
202000022030,17,12,2020,14:40,1,76.0,76351,2,1,1.0,7.0,REUNION (QUAI DE LA),"49,4893900","0,1341100",,76.076351,76351,Seine-Maritime,28.0,Normandie,50.0,4.0,2.0,2,1.0,28,Normandie,76,2,96,LeHavre,166058,1780,167838.0,3.0,30,,0.0,0.0,0.0,0.0,A01
202000022146,25,4,2020,08:45,1,76.0,76177,1,2,1.0,1.0,Le Thil,"49,6003020","1,1776290",,76.076177,76177,Seine-Maritime,28.0,Normandie,80.0,3.0,2.0,2,1.0,28,Normandie,76,3,2,Claville-MottevilLe267,6,273,,2.0,10,,0.0,0.0,3.0,15.0,A01
202000022146,25,4,2020,08:45,1,76.0,76177,1,2,1.0,1.0,Le Thil,"49,6003020","1,1776290",,76.076177,76177,Seine-Maritime,28.0,Normandie,80.0,3.0,2.0,2,1.0,28,Normandie,76,3,2,Claville-MottevilLe267,6,273,,1.0,7,,0.0,0.0,3.0,1.0,B01
202000022205,21,4,2020,23:30,1,76.0,76351,1,6,3.0,6.0,r salvador allende,"49,5044620","0,1361080",,76.076351,76351,Seine-Maritime,28.0,Normandie,50.0,4.0,2.0,2,2.0,28,Normandie,76,2,96,LeHavre,166058,1780,167838.0,2.0,2,,12.0,0.0,8.0,1.0,A01
202000022206,28,2,2020,11:45,1,76.0,76351,2,2,1.0,6.0,AUGUSTIN NORMAND,"49,4859000","0,1034000",,76.076351,76351,Seine-Maritime,28.0,Normandie,50.0,4.0,2.0,1,3.0,28,Normandie,76,2,96,LeHavre,166058,1780,167838.0,1.0,7,,0.0,1.0,3.0,15.0,A01
202000022256,9,2,2020,11:30,1,76.0,76447,2,1,1.0,6.0,PRESIDENT WILSON,"49,5373000","0,1780000",,76.076447,76447,Seine-Maritime,28.0,Normandie,50.0,4.0,2.0,2,1.0,28,Normandie,76,2,15,Montivilliers,15457,203,15660.0,2.0,7,,0.0,1.0,1.0,17.0,A01
202000022257,13,1,2020,08:00,2,76.0,76305,2,3,1.0,6.0,OUDALLE (ROUTE),"49,5033400","0,2074000",,76.076305,76305,Seine-Maritime,28.0,Normandie,50.0,3.0,2.0,2,1.0,28,Normandie,76,2,16,Gonfreville-l'Orcher,8961,44,9005.0,2.0,7,,0.0,1.0,1.0,1.0,A01
202000022261,19,4,2020,01:20,5,76.0,76366,2,1,1.0,6.0,11 NOVEMBRE. RUE DU,"49,5191200","1,0324200",,76.076366,76366,Seine-Maritime,28.0,Normandie,30.0,3.0,2.0,2,1.0,28,Normandie,76,3,24,LeHoulme,4133,32,4165.0,1.0,7,,15.0,0.0,3.0,13.0,A01
202000022262,18,4,2020,09:40,1,76.0,76451,2,1,1.0,3.0,FOND DU VAL. ALLEE DU,"49,4543100","1,0729000",,76.076451,76451,Seine-Maritime,28.0,Normandie,50.0,3.0,2.0,2,1.0,28,Normandie,76,3,22,Mont-Saint-Aignan,20066,415,20481.0,1.0,7,,0.0,2.0,3.0,9.0,A01
202000022262,18,4,2020,09:40,1,76.0,76451,2,1,1.0,3.0,FOND DU VAL. ALLEE DU,"49,4543100","1,0729000",,76.076451,76451,Seine-Maritime,28.0,Normandie,50.0,3.0,2.0,2,1.0,28,Normandie,76,3,22,Mont-Saint-Aignan,20066,415,20481.0,1.0,33,,0.0,2.0,1.0,1.0,B01
202000022288,22,4,2020,16:20,1,76.0,76562,2,1,1.0,3.0,Rue Claude Groulard,"49,8692870","1,1765890",,76.076562,76562,Seine-Maritime,28.0,Normandie,50.0,3.0,2.0,2,1.0,28,Normandie,76,1,8,Saint-Aubin-le-Cauf,835,22,857.0,2.0,33,,0.0,2.0,1.0,17.0,A01
202000022288,22,4,2020,16:20,1,76.0,76562,2,1,1.0,3.0,Rue Claude Groulard,"49,8692870","1,1765890",,76.076562,76562,Seine-Maritime,28.0,Normandie,50.0,3.0,2.0,2,1.0,28,Normandie,76,1,8,Saint-Aubin-le-Cauf,835,22,857.0,1.0,15,,0.0,2.0,3.0,1.0,B01
202000022299,6,2,2020,17:15,2,76.0,76351,2,2,1.0,6.0,ANDRE CARRETTE,"49,4895200","0,1167100",,76.076351,76351,Seine-Maritime,28.0,Normandie,50.0,4.0,1.0,3,1.0,28,Normandie,76,2,96,LeHavre,166058,1780,167838.0,1.0,33,,0.0,1.0,1.0,1.0,A01
202000022407,19,1,2020,14:45,1,76.0,76100,1,2,1.0,3.0,Gruchy Hameau,"49,5008300","1,2627930",,76.076100,76100,Seine-Maritime,28.0,Normandie,80.0,3.0,2.0,2,1.0,28,Normandie,76,3,21,Blainville-Crevon,1227,19,1246.0,2.0,7,,0.0,2.0,7.0,1.0,A01
202000022407,19,1,2020,14:45,1,76.0,76100,1,2,1.0,3.0,Gruchy Hameau,"49,5008300","1,2627930",,76.076100,76100,Seine-Maritime,28.0,Normandie,80.0,3.0,2.0,2,1.0,28,Normandie,76,3,21,Blainville-Crevon,1227,19,1246.0,1.0,7,,0.0,2.0,1.0,1.0,B01
202000022565,11,7,2020,11:55,1,76.0,76152,1,1,1.0,2.0,D6,"49,5909030","1,2108190",,76.076152,76152,Seine-Maritime,28.0,Normandie,80.0,3.0,2.0,2,1.0,28,Normandie,76,3,21,Cailly,742,4,746.0,2.0,1,,0.0,2.0,8.0,2.0,B01
202000022565,11,7,2020,11:55,1,76.0,76152,1,1,1.0,2.0,D6,"49,5909030","1,2108190",,76.076152,76152,Seine-Maritime,28.0,Normandie,80.0,3.0,2.0,2,1.0,28,Normandie,76,3,21,Cailly,742,4,746.0,2.0,7,,0.0,2.0,7.0,2.0,A01
202000022768,21,2,2020,15:00,1,76.0,76017,2,1,1.0,7.0,Rue du Calvaire,"49,6331980","0,2379390",,76.076017,76017,Seine-Maritime,28.0,Normandie,50.0,4.0,2.0,2,1.0,28,Normandie,76,2,26,Anglesqueville-l'Esneval,668,6,674.0,1.0,2,,13.0,0.0,2.0,1.0,A01
202000022769,20,2,2020,17:45,2,76.0,76716,1,2,2.0,3.0,Route de Criquetot,"49,6174080","0,2399020",,76.076716,76716,Seine-Maritime,28.0,Normandie,80.0,3.0,-1.0,2,2.0,28,Normandie,76,2,26,Turretot,1550,19,1569.0,1.0,7,,0.0,2.0,1.0,1.0,B01
202000022769,20,2,2020,17:45,2,76.0,76716,1,2,2.0,3.0,Route de Criquetot,"49,6174080","0,2399020",,76.076716,76716,Seine-Maritime,28.0,Normandie,80.0,3.0,-1.0,2,2.0,28,Normandie,76,2,26,Turretot,1550,19,1569.0,2.0,7,,0.0,2.0,3.0,19.0,A01
202000022837,17,2,2020,17:25,1,76.0,76366,2,2,1.0,4.0,DIEPPE. ROUTE DE (EX DE GAULLE),"49,5071600","1,0400100",,76.076366,76366,Seine-Maritime,28.0,Normandie,50.0,3.0,2.0,2,1.0,28,Normandie,76,3,24,LeHoulme,4133,32,4165.0,1.0,7,,0.0,2.0,5.0,1.0,D01
202000022837,17,2,2020,17:25,1,76.0,76366,2,2,1.0,4.0,DIEPPE. ROUTE DE (EX DE GAULLE),"49,5071600","1,0400100",,76.076366,76366,Seine-Maritime,28.0,Normandie,50.0,3.0,2.0,2,1.0,28,Normandie,76,3,24,LeHoulme,4133,32,4165.0,1.0,7,,0.0,2.0,3.0,1.0,C01
202000022837,17,2,2020,17:25,1,76.0,76366,2,2,1.0,4.0,DIEPPE. ROUTE DE (EX DE GAULLE),"49,5071600","1,0400100",,76.076366,76366,Seine-Maritime,28.0,Normandie,50.0,3.0,2.0,2,1.0,28,Normandie,76,3,24,LeHoulme,4133,32,4165.0,1.0,7,,0.0,2.0,8.0,21.0,B01
202000022837,17,2,2020,17:25,1,76.0,76366,2,2,1.0,4.0,DIEPPE. ROUTE DE (EX DE GAULLE),"49,5071600","1,0400100",,76.076366,76366,Seine-Maritime,28.0,Normandie,50.0,3.0,2.0,2,1.0,28,Normandie,76,3,24,LeHoulme,4133,32,4165.0,2.0,7,,1.0,2.0,1.0,5.0,A01
202000022838,18,2,2020,20:45,5,76.0,76351,1,1,1.0,3.0,RD 6015,"49,5002793","0,1719618",,76.076351,76351,Seine-Maritime,28.0,Normandie,70.0,3.0,3.0,4,1.0,28,Normandie,76,2,96,LeHavre,166058,1780,167838.0,2.0,7,,0.0,2.0,6.0,1.0,A01
202000022838,18,2,2020,20:45,5,76.0,76351,1,1,1.0,3.0,RD 6015,"49,5002793","0,1719618",,76.076351,76351,Seine-Maritime,28.0,Normandie,70.0,3.0,3.0,4,1.0,28,Normandie,76,2,96,LeHavre,166058,1780,167838.0,2.0,7,,0.0,2.0,2.0,1.0,B01
202000022966,7,9,2020,14:00,1,76.0,76410,1,4,1.0,3.0,DUCLAIR. ROUTE DE (CD 86),"49,4730800","1,0287900",,76.076410,76410,Seine-Maritime,28.0,Normandie,50.0,3.0,2.0,3,1.0,28,Normandie,76,3,4,Maromme,11024,122,11146.0,2.0,7,,0.0,2.0,6.0,16.0,A01
202000022966,7,9,2020,14:00,1,76.0,76410,1,4,1.0,3.0,DUCLAIR. ROUTE DE (CD 86),"49,4730800","1,0287900",,76.076410,76410,Seine-Maritime,28.0,Normandie,50.0,3.0,2.0,3,1.0,28,Normandie,76,3,4,Maromme,11024,122,11146.0,1.0,1,,0.0,2.0,1.0,1.0,B01
202000022967,5,9,2020,18:20,1,76.0,76447,2,1,1.0,6.0,BREQUIGNY,"49,5472000","0,1944700",,76.076447,76447,Seine-Maritime,28.0,Normandie,50.0,4.0,1.0,2,1.0,28,Normandie,76,2,15,Montivilliers,15457,203,15660.0,0.0,36,,15.0,0.0,3.0,13.0,A01
202000023082,8,9,2020,23:35,3,76.0,76101,1,1,1.0,1.0,D928,"49,9012140","1,6085530",,76.076101,76101,Seine-Maritime,28.0,Normandie,80.0,3.0,2.0,2,1.0,28,Normandie,76,1,10,Blangy-sur-BresLe2862,28,2890,,1.0,7,,3.0,2.0,3.0,17.0,A01
202000023082,8,9,2020,23:35,3,76.0,76101,1,1,1.0,1.0,D928,"49,9012140","1,6085530",,76.076101,76101,Seine-Maritime,28.0,Normandie,80.0,3.0,2.0,2,1.0,28,Normandie,76,1,10,Blangy-sur-BresLe2862,28,2890,,2.0,7,,0.0,2.0,3.0,1.0,B01
202000023123,9,8,2020,17:40,1,76.0,76592,1,1,1.0,7.0,route industrielle,"49,5061000","0,4962000",,76.076592,76592,Seine-Maritime,28.0,Normandie,70.0,3.0,2.0,2,1.0,28,Normandie,76,2,3,Saint-Jean-de-FollevilLe800,26,826,,1.0,7,,13.0,0.0,0.0,13.0,A01
202000023263,6,6,2020,13:20,1,76.0,76108,2,1,1.0,3.0,rue de verdun,"49,4755700","1,1236300",,76.076108,76108,Seine-Maritime,28.0,Normandie,50.0,4.0,2.0,2,1.0,28,Normandie,76,3,2,Bois-Guillaume,14262,361,14623.0,0.0,3,,2.0,2.0,2.0,1.0,B01
202000023263,6,6,2020,13:20,1,76.0,76108,2,1,1.0,3.0,rue de verdun,"49,4755700","1,1236300",,76.076108,76108,Seine-Maritime,28.0,Normandie,50.0,4.0,2.0,2,1.0,28,Normandie,76,3,2,Bois-Guillaume,14262,361,14623.0,0.0,7,,0.0,2.0,3.0,10.0,A01
202000023265,7,6,2020,15:20,1,76.0,76341,2,1,1.0,-1.0,RD 6382,"49,5110800","0,1993300",,76.076341,76341,Seine-Maritime,28.0,Normandie,50.0,3.0,3.0,2,1.0,28,Normandie,76,2,15,Harfleur,8315,53,8368.0,1.0,7,,0.0,2.0,1.0,14.0,A01
202000023265,7,6,2020,15:20,1,76.0,76341,2,1,1.0,-1.0,RD 6382,"49,5110800","0,1993300",,76.076341,76341,Seine-Maritime,28.0,Normandie,50.0,3.0,3.0,2,1.0,28,Normandie,76,2,15,Harfleur,8315,53,8368.0,1.0,7,,0.0,0.0,0.0,0.0,B01
202000023384,31,5,2020,04:00,3,76.0,76419,1,1,1.0,7.0,Rue du Village,"49,3973870","0,8830150",,76.076419,76419,Seine-Maritime,28.0,Normandie,80.0,3.0,2.0,2,1.0,28,Normandie,76,3,1,Mauny,155,6,161.0,2.0,10,,2.0,0.0,2.0,1.0,A01
202000023486,10,11,2020,19:45,3,76.0,76319,1,1,1.0,2.0,A13,"49,3384900","0,9816350",,76.076319,76319,Seine-Maritime,28.0,Normandie,130.0,1.0,3.0,6,1.0,28,Normandie,76,3,9,Grand-Couronne,9726,177,9903.0,1.0,7,,0.0,0.0,4.0,1.0,A01
202000023486,10,11,2020,19:45,3,76.0,76319,1,1,1.0,2.0,A13,"49,3384900","0,9816350",,76.076319,76319,Seine-Maritime,28.0,Normandie,130.0,1.0,3.0,6,1.0,28,Normandie,76,3,9,Grand-Couronne,9726,177,9903.0,1.0,7,,0.0,2.0,2.0,12.0,B01
202000023559,6,11,2020,12:30,1,76.0,76498,2,2,1.0,3.0,11 NOVEMBRE. BOULEVARD DU,"49,4166800","1,0703100",,76.076498,76498,Seine-Maritime,28.0,Normandie,30.0,3.0,2.0,2,1.0,28,Normandie,76,3,27,LePetit-Quevilly,21782,274,22056.0,0.0,7,,0.0,1.0,2.0,1.0,B01
202000023559,6,11,2020,12:30,1,76.0,76498,2,2,1.0,3.0,11 NOVEMBRE. BOULEVARD DU,"49,4166800","1,0703100",,76.076498,76498,Seine-Maritime,28.0,Normandie,30.0,3.0,2.0,2,1.0,28,Normandie,76,3,27,LePetit-Quevilly,21782,274,22056.0,0.0,7,,0.0,2.0,1.0,11.0,A01
202000023581,6,10,2020,08:20,1,76.0,76238,2,9,9.0,6.0,Rue Aristide Briand,"49,5581860","0,2133740",,76.076238,76238,Seine-Maritime,28.0,Normandie,50.0,3.0,2.0,2,2.0,28,Normandie,76,2,26,ÉpouvilLe2641,38,2679,,1.0,7,,0.0,1.0,2.0,1.0,A01
202000023807,29,9,2020,14:30,1,76.0,76562,1,1,1.0,-1.0,Rue Edmond Manoury,"49,8683220","1,1980460",,76.076562,76562,Seine-Maritime,28.0,Normandie,80.0,3.0,2.0,2,1.0,28,Normandie,76,1,8,Saint-Aubin-le-Cauf,835,22,857.0,2.0,1,,0.0,0.0,0.0,2.0,A01
202000023807,29,9,2020,14:30,1,76.0,76562,1,1,1.0,-1.0,Rue Edmond Manoury,"49,8683220","1,1980460",,76.076562,76562,Seine-Maritime,28.0,Normandie,80.0,3.0,2.0,2,1.0,28,Normandie,76,1,8,Saint-Aubin-le-Cauf,835,22,857.0,2.0,1,,0.0,0.0,0.0,2.0,B01
202000023943,16,12,2020,19:00,5,76.0,76351,2,5,2.0,6.0,GUSTAVE NICOLLE,"49,4925000","0,1484300",,76.076351,76351,Seine-Maritime,28.0,Normandie,50.0,4.0,2.0,5,2.0,28,Normandie,76,2,96,LeHavre,166058,1780,167838.0,1.0,1,,0.0,2.0,1.0,1.0,B01
202000024037,17,12,2020,17:35,5,76.0,76752,2,1,1.0,6.0,Place du General Leclerc,"49,6684690","0,8973340",,76.076752,76752,Seine-Maritime,28.0,Normandie,50.0,6.0,-1.0,-1,1.0,28,Normandie,76,3,35,YervilLe2584,29,2613,,3.0,7,,0.0,1.0,3.0,20.0,A01
202000024062,20,4,2020,18:45,1,76.0,76562,2,1,1.0,7.0,Route de Dieppe,"49,8692870","1,1765890",,76.076562,76562,Seine-Maritime,28.0,Normandie,80.0,3.0,2.0,2,1.0,28,Normandie,76,1,8,Saint-Aubin-le-Cauf,835,22,857.0,1.0,7,,0.0,0.0,0.0,1.0,A01
202000024157,16,4,2020,06:05,5,76.0,76305,1,1,1.0,7.0,ESTUAIRE,"49,4556200","0,2355800",,76.076305,76305,Seine-Maritime,28.0,Normandie,70.0,4.0,2.0,2,1.0,28,Normandie,76,2,16,Gonfreville-l'Orcher,8961,44,9005.0,0.0,33,,0.0,0.0,0.0,1.0,A01
202000024193,15,4,2020,16:53,1,76.0,76575,2,3,1.0,3.0,VAL L'ABBE. RUE DU,"49,3812200","1,1001400",,76.076575,76575,Seine-Maritime,28.0,Normandie,50.0,3.0,-1.0,2,1.0,28,Normandie,76,3,98,Saint-Étienne-du-Rouvray,28508,225,28733.0,0.0,7,,0.0,2.0,3.0,1.0,A01
202000024193,15,4,2020,16:53,1,76.0,76575,2,3,1.0,3.0,VAL L'ABBE. RUE DU,"49,3812200","1,1001400",,76.076575,76575,Seine-Maritime,28.0,Normandie,50.0,3.0,-1.0,2,1.0,28,Normandie,76,3,98,Saint-Étienne-du-Rouvray,28508,225,28733.0,1.0,1,,0.0,2.0,2.0,0.0,B01
202000024194,8,4,2020,02:30,5,76.0,76351,2,4,1.0,6.0,PIERRE LOTI,"49,5097200","0,1513800",,76.076351,76351,Seine-Maritime,28.0,Normandie,50.0,4.0,2.0,2,1.0,28,Normandie,76,2,96,LeHavre,166058,1780,167838.0,0.0,7,,9.0,0.0,1.0,14.0,A01
202000024195,7,4,2020,16:00,1,76.0,76351,2,1,1.0,3.0,CAMILLE DESMOULINS,"49,4780200","0,1412100",,76.076351,76351,Seine-Maritime,28.0,Normandie,50.0,4.0,2.0,2,1.0,28,Normandie,76,2,96,LeHavre,166058,1780,167838.0,3.0,1,,0.0,2.0,8.0,1.0,B01
202000024195,7,4,2020,16:00,1,76.0,76351,2,1,1.0,3.0,CAMILLE DESMOULINS,"49,4780200","0,1412100",,76.076351,76351,Seine-Maritime,28.0,Normandie,50.0,4.0,2.0,2,1.0,28,Normandie,76,2,96,LeHavre,166058,1780,167838.0,3.0,17,,0.0,9.0,5.0,1.0,Z01
202000024196,30,3,2020,22:20,5,76.0,76351,2,2,1.0,3.0,GERANIUMS (DES),"49,5053500","0,1653700",,76.076351,76351,Seine-Maritime,28.0,Normandie,50.0,4.0,2.0,2,1.0,28,Normandie,76,2,96,LeHavre,166058,1780,167838.0,0.0,7,,0.0,2.0,3.0,1.0,B01
202000024196,30,3,2020,22:20,5,76.0,76351,2,2,1.0,3.0,GERANIUMS (DES),"49,5053500","0,1653700",,76.076351,76351,Seine-Maritime,28.0,Normandie,50.0,4.0,2.0,2,1.0,28,Normandie,76,2,96,LeHavre,166058,1780,167838.0,0.0,7,,0.0,2.0,1.0,1.0,A01
202000024229,28,1,2020,15:35,1,76.0,76351,2,1,1.0,6.0,BOIS AU COQ (AVENUE),"49,5156800","0,1211800",,76.076351,76351,Seine-Maritime,28.0,Normandie,50.0,9.0,3.0,4,1.0,28,Normandie,76,2,96,LeHavre,166058,1780,167838.0,0.0,40,,0.0,1.0,0.0,1.0,A01
202000024301,19,1,2020,00:55,5,76.0,76217,2,1,1.0,6.0,MONTIGNY,"49,9168900","1,0705600",,76.076217,76217,Seine-Maritime,28.0,Normandie,50.0,4.0,2.0,2,1.0,28,Normandie,76,1,95,Dieppe,28358,455,28813.0,3.0,30,,8.0,0.0,7.0,14.0,A01
202000024374,18,1,2020,18:00,5,76.0,76034,2,1,2.0,1.0,Rue Roger Fossé,"49,7185450","1,0998940",,76.076034,76034,Seine-Maritime,28.0,Normandie,50.0,3.0,2.0,2,2.0,28,Normandie,76,1,20,Val-de-Scie,2526,25,2551.0,2.0,30,,0.0,2.0,1.0,1.0,B01
202000024374,18,1,2020,18:00,5,76.0,76034,2,1,2.0,1.0,Rue Roger Fossé,"49,7185450","1,0998940",,76.076034,76034,Seine-Maritime,28.0,Normandie,50.0,3.0,2.0,2,2.0,28,Normandie,76,1,20,Val-de-Scie,2526,25,2551.0,1.0,7,,0.0,2.0,1.0,15.0,A01
202000024536,26,6,2020,18:30,1,76.0,76457,1,1,1.0,3.0,A13,"49,3390150","0,9632460",,76.076457,76457,Seine-Maritime,28.0,Normandie,130.0,1.0,3.0,4,1.0,28,Normandie,76,3,9,Moulineaux,932,16,948.0,2.0,7,,0.0,2.0,8.0,11.0,A01
202000024536,26,6,2020,18:30,1,76.0,76457,1,1,1.0,3.0,A13,"49,3390150","0,9632460",,76.076457,76457,Seine-Maritime,28.0,Normandie,130.0,1.0,3.0,4,1.0,28,Normandie,76,3,9,Moulineaux,932,16,948.0,2.0,33,,4.0,2.0,8.0,2.0,B01
202000024556,9,7,2020,19:30,1,76.0,76276,2,2,1.0,6.0,15 Rue de Neufchatel,"49,6128740","1,5456900",,76.076276,76276,Seine-Maritime,28.0,Normandie,50.0,3.0,2.0,2,1.0,28,Normandie,76,1,12,Forges-les-Eaux,3702,157,3859.0,0.0,7,,0.0,1.0,1.0,1.0,A01
202000024602,8,7,2020,10:40,1,76.0,76157,2,6,1.0,7.0,CD 982 (RUE DE DUCLAIR),"49,4450100","1,0124700",,76.076157,76157,Seine-Maritime,28.0,Normandie,50.0,3.0,-1.0,2,1.0,28,Normandie,76,3,4,Canteleu,13966,360,14326.0,2.0,7,,11.0,0.0,1.0,1.0,A01
202000024603,7,7,2020,12:10,1,76.0,76351,2,1,1.0,6.0,VALLEE (RUE DE LA),"49,4951300","0,1552500",,76.076351,76351,Seine-Maritime,28.0,Normandie,50.0,4.0,2.0,2,1.0,28,Normandie,76,2,96,LeHavre,166058,1780,167838.0,3.0,7,,0.0,1.0,1.0,1.0,A01
202000024753,16,2,2020,07:20,5,76.0,76540,2,2,1.0,3.0,DUFAY. RUE,"49,4221400","1,0800100",,76.076540,76540,Seine-Maritime,28.0,Normandie,30.0,4.0,2.0,2,2.0,28,Normandie,76,3,97,Rouen,114083,1556,115639.0,0.0,7,,0.0,2.0,1.0,1.0,A01
202000024753,16,2,2020,07:20,5,76.0,76540,2,2,1.0,3.0,DUFAY. RUE,"49,4221400","1,0800100",,76.076540,76540,Seine-Maritime,28.0,Normandie,30.0,4.0,2.0,2,2.0,28,Normandie,76,3,97,Rouen,114083,1556,115639.0,0.0,7,,0.0,2.0,1.0,1.0,B01
202000024754,14,2,2020,08:30,1,76.0,76157,1,1,1.0,1.0,SAHURS. ROUTE DE (CD 351),"49,4254300","1,0119200",,76.076157,76157,Seine-Maritime,28.0,Normandie,70.0,3.0,2.0,2,2.0,28,Normandie,76,3,4,Canteleu,13966,360,14326.0,2.0,7,,0.0,2.0,1.0,13.0,A01
202000024754,14,2,2020,08:30,1,76.0,76157,1,1,1.0,1.0,SAHURS. ROUTE DE (CD 351),"49,4254300","1,0119200",,76.076157,76157,Seine-Maritime,28.0,Normandie,70.0,3.0,2.0,2,2.0,28,Normandie,76,3,4,Canteleu,13966,360,14326.0,1.0,7,,0.0,2.0,1.0,1.0,B01
202000024755,14,2,2020,07:50,5,76.0,76540,2,3,1.0,3.0,NEUFCHATEL. ROUTE DE,"49,4518000","1,0981700",,76.076540,76540,Seine-Maritime,28.0,Normandie,50.0,3.0,2.0,3,1.0,28,Normandie,76,3,97,Rouen,114083,1556,115639.0,1.0,7,,0.0,2.0,5.0,15.0,A01
202000024755,14,2,2020,07:50,5,76.0,76540,2,3,1.0,3.0,NEUFCHATEL. ROUTE DE,"49,4518000","1,0981700",,76.076540,76540,Seine-Maritime,28.0,Normandie,50.0,3.0,2.0,3,1.0,28,Normandie,76,3,97,Rouen,114083,1556,115639.0,2.0,1,,0.0,2.0,1.0,1.0,B01
202000024756,14,2,2020,14:15,1,76.0,76319,1,1,1.0,2.0,RN 138,"49,3469752","1,0182115",,76.076319,76319,Seine-Maritime,28.0,Normandie,110.0,2.0,3.0,4,1.0,28,Normandie,76,3,9,Grand-Couronne,9726,177,9903.0,1.0,7,,0.0,2.0,6.0,1.0,B01
202000024756,14,2,2020,14:15,1,76.0,76319,1,1,1.0,2.0,RN 138,"49,3469752","1,0182115",,76.076319,76319,Seine-Maritime,28.0,Normandie,110.0,2.0,3.0,4,1.0,28,Normandie,76,3,9,Grand-Couronne,9726,177,9903.0,1.0,7,,0.0,2.0,2.0,17.0,A01
202000024757,10,2,2020,19:10,5,76.0,76540,2,2,3.0,7.0,GAMBETTA. BOULEVARD LEON,"49,4367800","1,1023300",,76.076540,76540,Seine-Maritime,28.0,Normandie,50.0,4.0,2.0,2,2.0,28,Normandie,76,3,97,Rouen,114083,1556,115639.0,0.0,7,,0.0,1.0,1.0,1.0,A01
202000024758,1,2,2020,11:10,1,76.0,76216,2,3,1.0,-1.0,PETIT AULNAY. RUE DU,"49,4633600","1,0461600",,76.076216,76216,Seine-Maritime,28.0,Normandie,50.0,4.0,2.0,2,2.0,28,Normandie,76,3,22,Déville-lès-Rouen,10745,62,10807.0,0.0,7,,1.0,2.0,6.0,24.0,B01
202000024758,1,2,2020,11:10,1,76.0,76216,2,3,1.0,-1.0,PETIT AULNAY. RUE DU,"49,4633600","1,0461600",,76.076216,76216,Seine-Maritime,28.0,Normandie,50.0,4.0,2.0,2,2.0,28,Normandie,76,3,22,Déville-lès-Rouen,10745,62,10807.0,0.0,7,,1.0,1.0,1.0,15.0,A01
202000024759,8,2,2020,07:45,2,76.0,76351,2,1,2.0,6.0,GENERAL FERRIE (AVENUE),"49,5089800","0,1746300",,76.076351,76351,Seine-Maritime,28.0,Normandie,50.0,4.0,2.0,2,2.0,28,Normandie,76,2,96,LeHavre,166058,1780,167838.0,3.0,7,,0.0,1.0,1.0,1.0,A01
202000024760,24,1,2020,13:15,1,76.0,76351,2,1,1.0,6.0,FELIX FAURE,"49,5016800","0,1140000",,76.076351,76351,Seine-Maritime,28.0,Normandie,50.0,4.0,2.0,2,1.0,28,Normandie,76,2,96,LeHavre,166058,1780,167838.0,3.0,7,,0.0,1.0,1.0,1.0,A01
202000024761,7,2,2020,22:00,5,76.0,76217,2,2,1.0,6.0,FAUBOURG DE LA BARRE (DE),"49,9222079","1,0701585",,76.076217,76217,Seine-Maritime,28.0,Normandie,50.0,3.0,2.0,2,1.0,28,Normandie,76,1,95,Dieppe,28358,455,28813.0,1.0,2,,0.0,2.0,3.0,1.0,B01
202000024891,5,9,2020,09:05,1,76.0,76540,2,3,1.0,3.0,AMIENS. RUE D',"49,4401900","1,1027200",,76.076540,76540,Seine-Maritime,28.0,Normandie,30.0,4.0,2.0,2,1.0,28,Normandie,76,3,97,Rouen,114083,1556,115639.0,0.0,10,,0.0,2.0,2.0,1.0,B01
202000024891,5,9,2020,09:05,1,76.0,76540,2,3,1.0,3.0,AMIENS. RUE D',"49,4401900","1,1027200",,76.076540,76540,Seine-Maritime,28.0,Normandie,30.0,4.0,2.0,2,1.0,28,Normandie,76,3,97,Rouen,114083,1556,115639.0,0.0,7,,0.0,2.0,1.0,16.0,A01
202000024892,6,9,2020,04:00,5,76.0,76351,2,2,1.0,2.0,MARECHAL JOFFRE (RUE),"49,4996000","0,1227400",,76.076351,76351,Seine-Maritime,28.0,Normandie,50.0,4.0,2.0,2,1.0,28,Normandie,76,2,96,LeHavre,166058,1780,167838.0,2.0,30,,0.0,2.0,1.0,0.0,A01
202000024892,6,9,2020,04:00,5,76.0,76351,2,2,1.0,2.0,MARECHAL JOFFRE (RUE),"49,4996000","0,1227400",,76.076351,76351,Seine-Maritime,28.0,Normandie,50.0,4.0,2.0,2,1.0,28,Normandie,76,2,96,LeHavre,166058,1780,167838.0,2.0,7,,0.0,2.0,3.0,0.0,B01
202000024893,6,9,2020,00:55,5,76.0,76351,2,2,1.0,7.0,REPUBLIQUE (COURS DE LA),"49,5000000","0,1298000",,76.076351,76351,Seine-Maritime,28.0,Normandie,50.0,4.0,2.0,4,1.0,28,Normandie,76,2,96,LeHavre,166058,1780,167838.0,3.0,2,,0.0,2.0,8.0,1.0,A01
202000025011,8,8,2020,15:20,1,76.0,76628,1,9,1.0,7.0,A29,"49,6408840","1,0214710",,76.076628,76628,Seine-Maritime,28.0,Normandie,130.0,1.0,1.0,4,1.0,28,Normandie,76,1,20,Saint-Ouen-du-Breuil,889,14,903.0,2.0,7,,0.0,0.0,9.0,0.0,A01