Num_Acc,jour,mois,an,hrmn,lum,dep,com,agg,int,atm,col,adr,lat,long,gps,com_insee_temp,com_insee,departmentName,regionCode,regionName,vma,catr,circ,nbv,surf,Code,Region,Departement,Arrondissement,Code_Canton,Nom_Commune,Population_municipaLe,Population_comptee_a_part,Population_Totale,senc,catv,occutc,obs,obsm,choc,manv,num_veh
202000030077,14,1,2020,10:40,1,76.0,76013,1,2,2.0,3.0,516 Route de Sassetot,"49,7788350","0,5227530",,76.076013,76013,Seine-Maritime,28.0,Normandie,70.0,3.0,2.0,2,2.0,28,Normandie,76,2,11,Angerville-la-Martel,1083,27,1110.0,2.0,7,,0.0,2.0,1.0,1.0,B01
202000030077,14,1,2020,10:40,1,76.0,76013,1,2,2.0,3.0,516 Route de Sassetot,"49,7788350","0,5227530",,76.076013,76013,Seine-Maritime,28.0,Normandie,70.0,3.0,2.0,2,2.0,28,Normandie,76,2,11,Angerville-la-Martel,1083,27,1110.0,2.0,7,,9.0,2.0,7.0,15.0,A01
202000030256,7,7,2020,11:00,1,76.0,76719,1,1,1.0,2.0,Route du Bec au Cauchois,"49,7443010","0,4926950",,76.076719,76719,Seine-Maritime,28.0,Normandie,70.0,3.0,2.0,2,1.0,28,Normandie,76,2,11,Valmont,867,15,882.0,1.0,2,,0.0,2.0,1.0,2.0,A01
202000030256,7,7,2020,11:00,1,76.0,76719,1,1,1.0,2.0,Route du Bec au Cauchois,"49,7443010","0,4926950",,76.076719,76719,Seine-Maritime,28.0,Normandie,70.0,3.0,2.0,2,1.0,28,Normandie,76,2,11,Valmont,867,15,882.0,1.0,7,,0.0,0.0,6.0,2.0,B01
202000030456,14,2,2020,15:00,1,76.0,76563,1,2,1.0,4.0,D6015,"49,5259880","0,3304910",,76.076563,76563,Seine-Maritime,28.0,Normandie,80.0,3.0,2.0,2,1.0,28,Normandie,76,2,32,Saint-Aubin-Routot,1954,20,1974.0,2.0,7,,0.0,2.0,1.0,1.0,C01
202000030456,14,2,2020,15:00,1,76.0,76563,1,2,1.0,4.0,D6015,"49,5259880","0,3304910",,76.076563,76563,Seine-Maritime,28.0,Normandie,80.0,3.0,2.0,2,1.0,28,Normandie,76,2,32,Saint-Aubin-Routot,1954,20,1974.0,2.0,7,,0.0,2.0,4.0,15.0,B01
202000030456,14,2,2020,15:00,1,76.0,76563,1,2,1.0,4.0,D6015,"49,5259880","0,3304910",,76.076563,76563,Seine-Maritime,28.0,Normandie,80.0,3.0,2.0,2,1.0,28,Normandie,76,2,32,Saint-Aubin-Routot,1954,20,1974.0,2.0,7,,0.0,2.0,1.0,2.0,A01
202000030493,13,2,2020,20:50,5,76.0,76157,2,1,1.0,6.0,HUGO. RUE VICTOR,"49,4460500","1,0360400",,76.076157,76157,Seine-Maritime,28.0,Normandie,50.0,3.0,2.0,2,2.0,28,Normandie,76,3,4,Canteleu,13966,360,14326.0,1.0,7,,1.0,0.0,1.0,14.0,A01
202000031105,29,10,2020,18:20,3,76.0,76540,2,1,1.0,6.0,GAMBETTA. BOULEVARD,"49,4378700","1,1054600",,76.076540,76540,Seine-Maritime,28.0,Normandie,30.0,4.0,2.0,2,1.0,28,Normandie,76,3,97,Rouen,114083,1556,115639.0,0.0,7,,0.0,1.0,1.0,1.0,A01
202000031106,29,10,2020,18:50,1,76.0,76305,2,1,1.0,6.0,CAMP PHILIP MORIS (RUE),"49,5093100","0,2288400",,76.076305,76305,Seine-Maritime,28.0,Normandie,50.0,4.0,1.0,2,1.0,28,Normandie,76,2,16,Gonfreville-l'Orcher,8961,44,9005.0,0.0,7,,0.0,1.0,2.0,16.0,A01
202000031360,1,6,2020,19:02,1,76.0,76498,2,1,1.0,7.0,JAURES. AVENUE JEAN,"49,4271978","1,0655665",,76.076498,76498,Seine-Maritime,28.0,Normandie,50.0,3.0,2.0,2,1.0,28,Normandie,76,3,27,LePetit-Quevilly,21782,274,22056.0,2.0,35,,0.0,0.0,0.0,1.0,A01
202000031361,31,5,2020,15:20,1,76.0,76165,2,3,1.0,-1.0,REPUBLIQUE. RUE DE LA,"49,2837882","1,0164347",,76.076165,76165,Seine-Maritime,28.0,Normandie,30.0,3.0,1.0,1,1.0,28,Normandie,76,3,5,Caudebec-lès-Elbeuf,10135,69,10204.0,0.0,7,,0.0,2.0,2.0,0.0,Z01
202000031361,31,5,2020,15:20,1,76.0,76165,2,3,1.0,-1.0,REPUBLIQUE. RUE DE LA,"49,2837882","1,0164347",,76.076165,76165,Seine-Maritime,28.0,Normandie,30.0,3.0,1.0,1,1.0,28,Normandie,76,3,5,Caudebec-lès-Elbeuf,10135,69,10204.0,2.0,80,,0.0,2.0,2.0,1.0,B01
202000031363,31,5,2020,23:10,5,76.0,76305,2,8,1.0,6.0,BREQUE (Route de la),"49,4900500","0,1963000",,76.076305,76305,Seine-Maritime,28.0,Normandie,50.0,4.0,2.0,2,1.0,28,Normandie,76,2,16,Gonfreville-l'Orcher,8961,44,9005.0,0.0,33,,8.0,0.0,2.0,14.0,A01
202000031364,31,5,2020,02:45,3,76.0,76270,1,1,1.0,7.0,RD 6382,"49,5305600","0,1294100",,76.076270,76270,Seine-Maritime,28.0,Normandie,90.0,3.0,3.0,4,1.0,28,Normandie,76,2,26,Fontaine-la-Mallet,2635,54,2689.0,1.0,7,,13.0,0.0,1.0,1.0,A01
202000031366,1,6,2020,17:24,1,76.0,76351,2,2,1.0,3.0,PIERRE GUINARD,"49,4852000","0,1300400",,76.076351,76351,Seine-Maritime,28.0,Normandie,50.0,4.0,2.0,1,1.0,28,Normandie,76,2,96,LeHavre,166058,1780,167838.0,1.0,7,,0.0,2.0,2.0,1.0,A01
202000031366,1,6,2020,17:24,1,76.0,76351,2,2,1.0,3.0,PIERRE GUINARD,"49,4852000","0,1300400",,76.076351,76351,Seine-Maritime,28.0,Normandie,50.0,4.0,2.0,1,1.0,28,Normandie,76,2,96,LeHavre,166058,1780,167838.0,2.0,7,,0.0,2.0,3.0,1.0,B01
202000031522,3,6,2020,16:40,1,76.0,76235,2,1,1.0,7.0,Rue Abbé Cochet,"49,8955900","1,2655980",,76.076235,76235,Seine-Maritime,28.0,Normandie,50.0,3.0,2.0,2,1.0,28,Normandie,76,1,8,Envermeu,1978,132,2110.0,2.0,35,,0.0,0.0,0.0,1.0,A01
202000031729,28,9,2020,08:25,1,76.0,76231,1,1,1.0,2.0,SAUSSAYE. RUE DE LA,"49,2715500","0,9970900",,76.076231,76231,Seine-Maritime,28.0,Normandie,80.0,3.0,2.0,2,1.0,28,Normandie,76,3,9,Elbeuf,15951,138,16089.0,0.0,2,,0.0,2.0,4.0,1.0,A01
202000031729,28,9,2020,08:25,1,76.0,76231,1,1,1.0,2.0,SAUSSAYE. RUE DE LA,"49,2715500","0,9970900",,76.076231,76231,Seine-Maritime,28.0,Normandie,80.0,3.0,2.0,2,1.0,28,Normandie,76,3,9,Elbeuf,15951,138,16089.0,0.0,7,,0.0,2.0,1.0,17.0,Z01
202000031768,14,12,2020,09:30,1,76.0,76302,2,1,1.0,6.0,18 rue Emile Benard,"49,6455720","0,3683580",,76.076302,76302,Seine-Maritime,28.0,Normandie,50.0,3.0,2.0,2,1.0,28,Normandie,76,2,32,GodervilLe2839,39,2878,,0.0,10,,0.0,1.0,1.0,1.0,A01
202000032078,12,1,2020,17:50,1,76.0,76305,1,1,1.0,7.0,RD 6015,"49,5122800","0,2164700",,76.076305,76305,Seine-Maritime,28.0,Normandie,50.0,3.0,1.0,1,1.0,28,Normandie,76,2,16,Gonfreville-l'Orcher,8961,44,9005.0,2.0,7,,0.0,0.0,9.0,1.0,A01
202000032295,5,7,2020,12:45,1,76.0,76196,2,6,8.0,6.0,Route de Gonneville,"49,6433740","0,2621385",,76.076196,76196,Seine-Maritime,28.0,Normandie,50.0,3.0,2.0,2,2.0,28,Normandie,76,2,26,Criquetot-l'Esneval,2567,82,2649.0,1.0,2,,15.0,0.0,7.0,1.0,A01
202000032296,5,7,2020,05:00,3,76.0,76258,1,1,2.0,6.0,Rd 926,"49,6353490","0,6301370",,76.076258,76258,Seine-Maritime,28.0,Normandie,80.0,3.0,2.0,2,2.0,28,Normandie,76,2,33,Terres-de-Caux,4208,112,4320.0,1.0,7,,2.0,0.0,8.0,1.0,A01
202000032337,24,1,2020,15:17,1,76.0,76351,2,1,1.0,6.0,CAPUCHET (DU),"49,5234500","0,1040900",,76.076351,76351,Seine-Maritime,28.0,Normandie,20.0,6.0,-1.0,-1,1.0,28,Normandie,76,2,96,LeHavre,166058,1780,167838.0,3.0,7,,0.0,1.0,0.0,0.0,A01
202000032343,24,3,2020,23:00,5,76.0,76351,2,4,1.0,1.0,DU GUESCLIN,"49,4961300","0,1261200",,76.076351,76351,Seine-Maritime,28.0,Normandie,50.0,4.0,2.0,2,1.0,28,Normandie,76,2,96,LeHavre,166058,1780,167838.0,0.0,7,,0.0,2.0,3.0,1.0,B01
202000032343,24,3,2020,23:00,5,76.0,76351,2,4,1.0,1.0,DU GUESCLIN,"49,4961300","0,1261200",,76.076351,76351,Seine-Maritime,28.0,Normandie,50.0,4.0,2.0,2,1.0,28,Normandie,76,2,96,LeHavre,166058,1780,167838.0,0.0,7,,0.0,2.0,3.0,13.0,A01
202000032381,25,3,2020,18:57,1,76.0,76135,1,9,1.0,7.0,Villers-Écalles,"49,5481470","0,9216020",,76.076135,76135,Seine-Maritime,28.0,Normandie,70.0,1.0,1.0,4,1.0,28,Normandie,76,3,1,BouvilLe1013,12,1025,,2.0,7,,11.0,0.0,1.0,0.0,A01
202000032385,16,3,2020,17:15,1,76.0,76517,1,4,1.0,3.0,Rue de la Muette,"49,5158365","1,1395705",,76.076517,76517,Seine-Maritime,28.0,Normandie,80.0,3.0,2.0,2,1.0,28,Normandie,76,3,2,Quincampoix,3110,68,3178.0,1.0,7,,0.0,2.0,2.0,13.0,B01
202000032385,16,3,2020,17:15,1,76.0,76517,1,4,1.0,3.0,Rue de la Muette,"49,5158365","1,1395705",,76.076517,76517,Seine-Maritime,28.0,Normandie,80.0,3.0,2.0,2,1.0,28,Normandie,76,3,2,Quincampoix,3110,68,3178.0,2.0,7,,0.0,2.0,3.0,21.0,A01
202000032395,13,1,2020,19:30,5,76.0,76540,2,2,1.0,6.0,COUPERIN. RUE FRANCOIS,"49,4498500","1,1384600",,76.076540,76540,Seine-Maritime,28.0,Normandie,50.0,4.0,2.0,2,1.0,28,Normandie,76,3,97,Rouen,114083,1556,115639.0,0.0,7,,0.0,1.0,0.0,1.0,A01
202000032426,24,3,2020,12:45,1,76.0,76638,1,1,1.0,6.0,D1314,"50,0044460","1,4320690",,76.076638,76638,Seine-Maritime,28.0,Normandie,80.0,3.0,2.0,2,1.0,28,Normandie,76,1,10,Saint-Pierre-en-Val,1090,16,1106.0,2.0,10,,13.0,0.0,2.0,1.0,A01
202000032519,15,2,2020,05:15,3,76.0,76610,2,1,1.0,6.0,Rue des Tilleuls,"49,6257410","0,7813650",,76.076610,76610,Seine-Maritime,28.0,Normandie,50.0,4.0,1.0,1,2.0,28,Normandie,76,3,35,Sainte-Marie-des-Champs,1579,13,1592.0,3.0,7,,2.0,0.0,1.0,1.0,A01
202000032557,18,3,2020,19:00,1,76.0,76351,2,1,1.0,5.0,LENINGRAD (BD DE),"49,4986117","0,1585186",,76.076351,76351,Seine-Maritime,28.0,Normandie,50.0,3.0,3.0,3,1.0,28,Normandie,76,2,96,LeHavre,166058,1780,167838.0,2.0,7,,0.0,2.0,0.0,0.0,C01
202000032557,18,3,2020,19:00,1,76.0,76351,2,1,1.0,5.0,LENINGRAD (BD DE),"49,4986117","0,1585186",,76.076351,76351,Seine-Maritime,28.0,Normandie,50.0,3.0,3.0,3,1.0,28,Normandie,76,2,96,LeHavre,166058,1780,167838.0,2.0,7,,0.0,2.0,0.0,0.0,B01
202000032557,18,3,2020,19:00,1,76.0,76351,2,1,1.0,5.0,LENINGRAD (BD DE),"49,4986117","0,1585186",,76.076351,76351,Seine-Maritime,28.0,Normandie,50.0,3.0,3.0,3,1.0,28,Normandie,76,2,96,LeHavre,166058,1780,167838.0,2.0,7,,0.0,2.0,0.0,0.0,A01
202000032578,12,2,2020,16:25,1,76.0,76351,2,6,1.0,3.0,Rue des Chargeurs Réunis,"49,4853900","0,1368000",,76.076351,76351,Seine-Maritime,28.0,Normandie,-1.0,3.0,2.0,2,1.0,28,Normandie,76,2,96,LeHavre,166058,1780,167838.0,2.0,7,,0.0,2.0,3.0,9.0,A01
202000032578,12,2,2020,16:25,1,76.0,76351,2,6,1.0,3.0,Rue des Chargeurs Réunis,"49,4853900","0,1368000",,76.076351,76351,Seine-Maritime,28.0,Normandie,-1.0,3.0,2.0,2,1.0,28,Normandie,76,2,96,LeHavre,166058,1780,167838.0,2.0,2,,0.0,2.0,2.0,9.0,B01
202000032620,18,3,2020,09:20,1,76.0,76484,2,4,1.0,3.0,FRATERNITE. AVENUE DE LA,"49,3610300","1,0988100",,76.076484,76484,Seine-Maritime,28.0,Normandie,50.0,4.0,2.0,2,1.0,28,Normandie,76,3,31,Oissel,12367,83,12450.0,0.0,7,,0.0,2.0,3.0,15.0,A01
202000032620,18,3,2020,09:20,1,76.0,76484,2,4,1.0,3.0,FRATERNITE. AVENUE DE LA,"49,3610300","1,0988100",,76.076484,76484,Seine-Maritime,28.0,Normandie,50.0,4.0,2.0,2,1.0,28,Normandie,76,3,31,Oissel,12367,83,12450.0,0.0,33,,0.0,2.0,3.0,1.0,B01
202000032745,2,9,2020,12:25,1,76.0,76216,2,1,1.0,6.0,FONTENELLE. RUE DE,"49,4762200","1,0535600",,76.076216,76216,Seine-Maritime,28.0,Normandie,50.0,4.0,2.0,2,1.0,28,Normandie,76,3,22,Déville-lès-Rouen,10745,62,10807.0,0.0,7,,0.0,1.0,7.0,1.0,A01
202000032746,2,9,2020,20:45,5,76.0,76451,2,1,1.0,6.0,MONT AUX MALADES. AVENUE DU,"49,4606600","1,0824500",,76.076451,76451,Seine-Maritime,28.0,Normandie,50.0,3.0,2.0,3,1.0,28,Normandie,76,3,22,Mont-Saint-Aignan,20066,415,20481.0,2.0,7,,0.0,1.0,2.0,1.0,A01
202000032747,2,9,2020,13:10,1,76.0,76575,2,1,1.0,-1.0,RUE DU CLOS TELLIER,"49,3777400","1,1157300",,76.076575,76575,Seine-Maritime,28.0,Normandie,50.0,4.0,-1.0,2,1.0,28,Normandie,76,3,98,Saint-Étienne-du-Rouvray,28508,225,28733.0,0.0,10,,0.0,2.0,0.0,0.0,Z01
202000032747,2,9,2020,13:10,1,76.0,76575,2,1,1.0,-1.0,RUE DU CLOS TELLIER,"49,3777400","1,1157300",,76.076575,76575,Seine-Maritime,28.0,Normandie,50.0,4.0,-1.0,2,1.0,28,Normandie,76,3,98,Saint-Étienne-du-Rouvray,28508,225,28733.0,0.0,33,,0.0,2.0,0.0,1.0,A01
202000032748,3,9,2020,16:00,1,76.0,76382,1,1,1.0,2.0,D6015,"49,5777100","0,5152840",,76.076382,76382,Seine-Maritime,28.0,Normandie,80.0,3.0,2.0,3,1.0,28,Normandie,76,2,3,Lanquetot,1152,19,1171.0,1.0,1,,0.0,0.0,4.0,26.0,B01
202000032748,3,9,2020,16:00,1,76.0,76382,1,1,1.0,2.0,D6015,"49,5777100","0,5152840",,76.076382,76382,Seine-Maritime,28.0,Normandie,80.0,3.0,2.0,3,1.0,28,Normandie,76,2,3,Lanquetot,1152,19,1171.0,1.0,10,,0.0,2.0,4.0,14.0,A01
202000032863,5,8,2020,18:50,1,76.0,76126,1,1,1.0,6.0,D928,"49,6748490","1,3434220",,76.076126,76126,Seine-Maritime,28.0,Normandie,80.0,3.0,2.0,2,1.0,28,Normandie,76,1,23,Bosc-Mesnil,325,5,330.0,2.0,7,,13.0,0.0,1.0,1.0,A01
202000033066,31,7,2020,22:11,5,76.0,76540,2,2,1.0,3.0,ELBEUF. RUE D',"49,4257700","1,0826100",,76.076540,76540,Seine-Maritime,28.0,Normandie,30.0,4.0,2.0,2,1.0,28,Normandie,76,3,97,Rouen,114083,1556,115639.0,3.0,7,,0.0,2.0,3.0,26.0,A01
202000033066,31,7,2020,22:11,5,76.0,76540,2,2,1.0,3.0,ELBEUF. RUE D',"49,4257700","1,0826100",,76.076540,76540,Seine-Maritime,28.0,Normandie,30.0,4.0,2.0,2,1.0,28,Normandie,76,3,97,Rouen,114083,1556,115639.0,3.0,2,,0.0,2.0,7.0,0.0,B01
202000033206,2,8,2020,02:00,5,76.0,76468,2,1,7.0,6.0,238 Route de la Gare,"49,5972280","0,4803140",,76.076468,76468,Seine-Maritime,28.0,Normandie,50.0,3.0,2.0,2,1.0,28,Normandie,76,2,3,Nointot,1364,33,1397.0,1.0,33,,6.0,0.0,1.0,0.0,A01
202000033429,1,6,2020,16:15,1,76.0,76132,2,1,1.0,-1.0,947 Grand Rue,"49,6792780","0,9401040",,76.076132,76132,Seine-Maritime,28.0,Normandie,50.0,3.0,2.0,2,9.0,28,Normandie,76,3,35,BourdainvilLe471,2,473,,1.0,33,,0.0,0.0,7.0,21.0,B01
202000033429,1,6,2020,16:15,1,76.0,76132,2,1,1.0,-1.0,947 Grand Rue,"49,6792780","0,9401040",,76.076132,76132,Seine-Maritime,28.0,Normandie,50.0,3.0,2.0,2,9.0,28,Normandie,76,3,35,BourdainvilLe471,2,473,,1.0,33,,0.0,0.0,0.0,1.0,A01
202000033473,31,7,2020,01:10,4,76.0,76366,2,1,1.0,7.0,RN 27 (RUE DU GENERAL DE GAULLE),"49,5037300","1,0426100",,76.076366,76366,Seine-Maritime,28.0,Normandie,50.0,3.0,2.0,2,1.0,28,Normandie,76,3,24,LeHoulme,4133,32,4165.0,1.0,7,,9.0,0.0,0.0,14.0,A01
202000033474,30,7,2020,23:49,5,76.0,76351,2,3,1.0,3.0,RENE COTY,"49,4984783","0,1179798",,76.076351,76351,Seine-Maritime,28.0,Normandie,30.0,4.0,2.0,2,1.0,28,Normandie,76,2,96,LeHavre,166058,1780,167838.0,3.0,7,,0.0,2.0,8.0,0.0,B01
202000033474,30,7,2020,23:49,5,76.0,76351,2,3,1.0,3.0,RENE COTY,"49,4984783","0,1179798",,76.076351,76351,Seine-Maritime,28.0,Normandie,30.0,4.0,2.0,2,1.0,28,Normandie,76,2,96,LeHavre,166058,1780,167838.0,3.0,7,,0.0,2.0,1.0,0.0,A01
202000033569,10,12,2020,18:25,3,76.0,76498,2,1,1.0,4.0,JACQUARD. RUE,"49,4303500","1,0544800",,76.076498,76498,Seine-Maritime,28.0,Normandie,30.0,5.0,2.0,2,2.0,28,Normandie,76,3,27,LePetit-Quevilly,21782,274,22056.0,0.0,7,,0.0,2.0,4.0,23.0,C01
202000033569,10,12,2020,18:25,3,76.0,76498,2,1,1.0,4.0,JACQUARD. RUE,"49,4303500","1,0544800",,76.076498,76498,Seine-Maritime,28.0,Normandie,30.0,5.0,2.0,2,2.0,28,Normandie,76,3,27,LePetit-Quevilly,21782,274,22056.0,0.0,7,,0.0,2.0,4.0,23.0,B01
202000033569,10,12,2020,18:25,3,76.0,76498,2,1,1.0,4.0,JACQUARD. RUE,"49,4303500","1,0544800",,76.076498,76498,Seine-Maritime,28.0,Normandie,30.0,5.0,2.0,2,2.0,28,Normandie,76,3,27,LePetit-Quevilly,21782,274,22056.0,0.0,7,,0.0,2.0,1.0,1.0,A01
202000033571,10,12,2020,17:45,5,76.0,76322,2,1,1.0,6.0,REPUBLIQUE. RUE DE LA,"49,4173098","1,0378622",,76.076322,76322,Seine-Maritime,28.0,Normandie,30.0,4.0,2.0,2,1.0,28,Normandie,76,3,13,LeGrand-Quevilly,25975,225,26200.0,0.0,7,,0.0,1.0,1.0,1.0,A01
202000033574,11,12,2020,07:25,5,76.0,76351,2,2,2.0,3.0,LOUIS LUMIERE,"49,5241500","0,1228670",,76.076351,76351,Seine-Maritime,28.0,Normandie,50.0,3.0,2.0,5,1.0,28,Normandie,76,2,96,LeHavre,166058,1780,167838.0,1.0,7,,0.0,2.0,3.0,1.0,B01
202000033574,11,12,2020,07:25,5,76.0,76351,2,2,2.0,3.0,LOUIS LUMIERE,"49,5241500","0,1228670",,76.076351,76351,Seine-Maritime,28.0,Normandie,50.0,3.0,2.0,5,1.0,28,Normandie,76,2,96,LeHavre,166058,1780,167838.0,1.0,7,,0.0,2.0,1.0,1.0,A01
202000033687,30,8,2020,09:50,1,76.0,76540,2,2,1.0,3.0,EUROPE. BOULEVARD DE L',"49,4282700","1,0813400",,76.076540,76540,Seine-Maritime,28.0,Normandie,50.0,4.0,2.0,8,1.0,28,Normandie,76,3,97,Rouen,114083,1556,115639.0,0.0,7,,0.0,2.0,1.0,15.0,A01
202000033687,30,8,2020,09:50,1,76.0,76540,2,2,1.0,3.0,EUROPE. BOULEVARD DE L',"49,4282700","1,0813400",,76.076540,76540,Seine-Maritime,28.0,Normandie,50.0,4.0,2.0,8,1.0,28,Normandie,76,3,97,Rouen,114083,1556,115639.0,0.0,7,,0.0,2.0,3.0,1.0,B01
202000033691,26,9,2020,22:20,5,76.0,76540,2,1,1.0,3.0,REPUBLIQUE. RUE DE LA,"49,4420800","1,0983000",,76.076540,76540,Seine-Maritime,28.0,Normandie,30.0,4.0,1.0,1,1.0,28,Normandie,76,3,97,Rouen,114083,1556,115639.0,0.0,30,,0.0,2.0,1.0,26.0,A01
202000033691,26,9,2020,22:20,5,76.0,76540,2,1,1.0,3.0,REPUBLIQUE. RUE DE LA,"49,4420800","1,0983000",,76.076540,76540,Seine-Maritime,28.0,Normandie,30.0,4.0,1.0,1,1.0,28,Normandie,76,3,97,Rouen,114083,1556,115639.0,0.0,7,,0.0,2.0,2.0,1.0,B01
202000033696,27,9,2020,01:20,5,76.0,76351,2,2,1.0,3.0,JULES LECESNE (RUE),"49,4933000","0,1185000",,76.076351,76351,Seine-Maritime,28.0,Normandie,50.0,4.0,1.0,1,1.0,28,Normandie,76,2,96,LeHavre,166058,1780,167838.0,3.0,7,,0.0,2.0,1.0,19.0,A01
202000033696,27,9,2020,01:20,5,76.0,76351,2,2,1.0,3.0,JULES LECESNE (RUE),"49,4933000","0,1185000",,76.076351,76351,Seine-Maritime,28.0,Normandie,50.0,4.0,1.0,1,1.0,28,Normandie,76,2,96,LeHavre,166058,1780,167838.0,3.0,7,,0.0,2.0,7.0,1.0,B01
202000033812,11,12,2020,10:26,1,76.0,76462,2,1,2.0,3.0,Avenue des Canadiens,"49,7297540","1,4287160",,76.076462,76462,Seine-Maritime,28.0,Normandie,80.0,3.0,2.0,2,2.0,28,Normandie,76,1,23,Neufchâtel-en-Bray,4680,213,4893.0,0.0,7,,0.0,0.0,3.0,15.0,A01
202000033812,11,12,2020,10:26,1,76.0,76462,2,1,2.0,3.0,Avenue des Canadiens,"49,7297540","1,4287160",,76.076462,76462,Seine-Maritime,28.0,Normandie,80.0,3.0,2.0,2,2.0,28,Normandie,76,1,23,Neufchâtel-en-Bray,4680,213,4893.0,0.0,7,,0.0,2.0,2.0,1.0,B01
202000033993,9,1,2020,08:00,5,76.0,76540,2,1,1.0,3.0,CONSTANTINE. RUE DE,"49,4480600","1,0719400",,76.076540,76540,Seine-Maritime,28.0,Normandie,50.0,4.0,1.0,1,1.0,28,Normandie,76,3,97,Rouen,114083,1556,115639.0,0.0,7,,0.0,2.0,4.0,15.0,B01
202000033993,9,1,2020,08:00,5,76.0,76540,2,1,1.0,3.0,CONSTANTINE. RUE DE,"49,4480600","1,0719400",,76.076540,76540,Seine-Maritime,28.0,Normandie,50.0,4.0,1.0,1,1.0,28,Normandie,76,3,97,Rouen,114083,1556,115639.0,0.0,50,,0.0,2.0,1.0,1.0,A01
202000034125,2,7,2020,16:50,1,76.0,76575,2,1,1.0,3.0,HOTEL FORMULE 1 (AV. DES CANADIENS),"49,4001100","1,0639100",,76.076575,76575,Seine-Maritime,28.0,Normandie,50.0,4.0,2.0,2,1.0,28,Normandie,76,3,98,Saint-Étienne-du-Rouvray,28508,225,28733.0,0.0,1,,0.0,2.0,8.0,1.0,B01
202000034125,2,7,2020,16:50,1,76.0,76575,2,1,1.0,3.0,HOTEL FORMULE 1 (AV. DES CANADIENS),"49,4001100","1,0639100",,76.076575,76575,Seine-Maritime,28.0,Normandie,50.0,4.0,2.0,2,1.0,28,Normandie,76,3,98,Saint-Étienne-du-Rouvray,28508,225,28733.0,0.0,7,,0.0,2.0,1.0,9.0,A01
202000034126,3,7,2020,09:25,1,76.0,76351,2,2,1.0,3.0,BOUGAINVILLE,"49,4984100","0,1255400",,76.076351,76351,Seine-Maritime,28.0,Normandie,50.0,4.0,2.0,1,1.0,28,Normandie,76,2,96,LeHavre,166058,1780,167838.0,1.0,7,,0.0,2.0,2.0,1.0,B01
202000034126,3,7,2020,09:25,1,76.0,76351,2,2,1.0,3.0,BOUGAINVILLE,"49,4984100","0,1255400",,76.076351,76351,Seine-Maritime,28.0,Normandie,50.0,4.0,2.0,1,1.0,28,Normandie,76,2,96,LeHavre,166058,1780,167838.0,1.0,33,,0.0,2.0,3.0,16.0,A01
202000034325,28,2,2020,11:45,1,76.0,76351,2,3,2.0,6.0,MARECHAL JOFFRE (RUE),"49,4989000","0,1197300",,76.076351,76351,Seine-Maritime,28.0,Normandie,50.0,4.0,2.0,2,2.0,28,Normandie,76,2,96,LeHavre,166058,1780,167838.0,0.0,2,,0.0,1.0,7.0,0.0,A01
202000034395,15,3,2020,15:45,1,76.0,76540,2,1,1.0,7.0,GUILLAUME LE CONQUERANT. RAMPE,"49,4410500","1,0815000",,76.076540,76540,Seine-Maritime,28.0,Normandie,50.0,2.0,2.0,5,1.0,28,Normandie,76,3,97,Rouen,114083,1556,115639.0,2.0,33,,12.0,0.0,1.0,9.0,A01
202000034490,2,9,2020,14:00,1,76.0,76217,2,1,1.0,3.0,POURVILLE (ROUTE DE),"49,9218400","1,0567800",,76.076217,76217,Seine-Maritime,28.0,Normandie,50.0,3.0,2.0,2,1.0,28,Normandie,76,1,95,Dieppe,28358,455,28813.0,2.0,31,,0.0,2.0,1.0,1.0,B01
202000034490,2,9,2020,14:00,1,76.0,76217,2,1,1.0,3.0,POURVILLE (ROUTE DE),"49,9218400","1,0567800",,76.076217,76217,Seine-Maritime,28.0,Normandie,50.0,3.0,2.0,2,1.0,28,Normandie,76,1,95,Dieppe,28358,455,28813.0,1.0,10,,0.0,2.0,2.0,26.0,A01
202000034688,11,2,2020,16:35,1,76.0,76157,1,1,1.0,1.0,SAHURS. ROUTE DE (CD 351),"49,4316000","1,0133700",,76.076157,76157,Seine-Maritime,28.0,Normandie,70.0,3.0,2.0,2,2.0,28,Normandie,76,3,4,Canteleu,13966,360,14326.0,2.0,7,,0.0,2.0,1.0,13.0,A01
202000034688,11,2,2020,16:35,1,76.0,76157,1,1,1.0,1.0,SAHURS. ROUTE DE (CD 351),"49,4316000","1,0133700",,76.076157,76157,Seine-Maritime,28.0,Normandie,70.0,3.0,2.0,2,2.0,28,Normandie,76,3,4,Canteleu,13966,360,14326.0,1.0,37,6.0,0.0,2.0,1.0,1.0,B01
202000035053,29,7,2020,17:10,1,76.0,76540,2,2,1.0,3.0,BICHERAY. AVENUE DU COMMANDANT,"49,4496600","1,0505500",,76.076540,76540,Seine-Maritime,28.0,Normandie,50.0,3.0,2.0,7,1.0,28,Normandie,76,3,97,Rouen,114083,1556,115639.0,2.0,33,,0.0,2.0,1.0,1.0,B01
202000035053,29,7,2020,17:10,1,76.0,76540,2,2,1.0,3.0,BICHERAY. AVENUE DU COMMANDANT,"49,4496600","1,0505500",,76.076540,76540,Seine-Maritime,28.0,Normandie,50.0,3.0,2.0,7,1.0,28,Normandie,76,3,97,Rouen,114083,1556,115639.0,1.0,3,,0.0,2.0,6.0,15.0,A01
202000035056,29,7,2020,12:00,1,76.0,76575,2,2,1.0,3.0,FERBER. RUE DU CAPITAINE,"49,3955400","1,0775400",,76.076575,76575,Seine-Maritime,28.0,Normandie,50.0,4.0,2.0,2,1.0,28,Normandie,76,3,98,Saint-Étienne-du-Rouvray,28508,225,28733.0,0.0,14,,0.0,2.0,1.0,1.0,A01