Num_Acc,jour,mois,an,hrmn,lum,dep,com,agg,int,atm,col,adr,lat,long,gps,com_insee_temp,com_insee,departmentName,regionCode,regionName,vma,catr,circ,nbv,surf,Code,Region,Departement,Arrondissement,Code_Canton,Nom_Commune,Population_municipaLe,Population_comptee_a_part,Population_Totale,senc,catv,occutc,obs,obsm,choc,manv,num_veh
202000038747,7,1,2020,07:40,5,76.0,76351,2,3,1.0,3.0,GRAVILLE (BD DE),"49,4861400","0,1513200",,76.076351,76351,Seine-Maritime,28.0,Normandie,50.0,4.0,2.0,3,2.0,28,Normandie,76,2,96,LeHavre,166058,1780,167838.0,3.0,7,,0.0,2.0,3.0,15.0,A01
202000038749,7,1,2020,13:45,1,76.0,76351,2,1,1.0,6.0,RD 6015,"49,5001700","0,1764900",,76.076351,76351,Seine-Maritime,28.0,Normandie,50.0,3.0,3.0,4,1.0,28,Normandie,76,2,96,LeHavre,166058,1780,167838.0,2.0,3,,15.0,0.0,1.0,14.0,A01
202000038758,8,2,2020,21:15,4,76.0,76728,1,1,1.0,6.0,Rue de l'Eglise,"49,4897662","0,9997846",,76.076728,76728,Seine-Maritime,28.0,Normandie,130.0,1.0,1.0,4,2.0,28,Normandie,76,3,24,La Vaupalière,1192,21,1213.0,2.0,33,,3.0,0.0,0.0,1.0,A01
202000038902,27,5,2020,21:20,1,76.0,76351,2,2,1.0,3.0,BOIS AU COQ (AVENUE),"49,5185000","0,1167000",,76.076351,76351,Seine-Maritime,28.0,Normandie,50.0,4.0,3.0,0,1.0,28,Normandie,76,2,96,LeHavre,166058,1780,167838.0,3.0,7,,0.0,2.0,2.0,15.0,B01
202000038902,27,5,2020,21:20,1,76.0,76351,2,2,1.0,3.0,BOIS AU COQ (AVENUE),"49,5185000","0,1167000",,76.076351,76351,Seine-Maritime,28.0,Normandie,50.0,4.0,3.0,0,1.0,28,Normandie,76,2,96,LeHavre,166058,1780,167838.0,3.0,7,,0.0,2.0,1.0,1.0,A01
202000039028,28,5,2020,13:15,1,76.0,76057,2,1,1.0,2.0,Avenue de la Porte Océane,"49,5489020","0,9533910",,76.076057,76057,Seine-Maritime,28.0,Normandie,50.0,3.0,2.0,0,1.0,28,Normandie,76,3,1,Barentin,12154,238,12392.0,2.0,7,,0.0,2.0,4.0,2.0,B01
202000039028,28,5,2020,13:15,1,76.0,76057,2,1,1.0,2.0,Avenue de la Porte Océane,"49,5489020","0,9533910",,76.076057,76057,Seine-Maritime,28.0,Normandie,50.0,3.0,2.0,0,1.0,28,Normandie,76,3,1,Barentin,12154,238,12392.0,2.0,2,,0.0,2.0,1.0,2.0,A01
202000039155,4,12,2020,08:10,5,76.0,76681,2,2,1.0,6.0,JAURES. AVENUE JEAN,"49,4145600","1,0915800",,76.076681,76681,Seine-Maritime,28.0,Normandie,50.0,4.0,2.0,4,1.0,28,Normandie,76,3,99,Sotteville-lès-Rouen,28965,475,29440.0,0.0,10,,0.0,1.0,1.0,15.0,A01
202000039158,4,12,2020,15:20,1,76.0,76351,2,4,1.0,6.0,DRAPIERS (DES),"49,4872800","0,1090100",,76.076351,76351,Seine-Maritime,28.0,Normandie,50.0,4.0,2.0,2,2.0,28,Normandie,76,2,96,LeHavre,166058,1780,167838.0,0.0,33,,0.0,0.0,0.0,14.0,A01
202000039160,4,12,2020,14:50,1,76.0,76351,2,3,2.0,3.0,FELIX FAURE,"49,5020350","0,1171750",,76.076351,76351,Seine-Maritime,28.0,Normandie,50.0,4.0,3.0,6,2.0,28,Normandie,76,2,96,LeHavre,166058,1780,167838.0,3.0,31,,0.0,2.0,8.0,9.0,A01
202000039160,4,12,2020,14:50,1,76.0,76351,2,3,2.0,3.0,FELIX FAURE,"49,5020350","0,1171750",,76.076351,76351,Seine-Maritime,28.0,Normandie,50.0,4.0,3.0,6,2.0,28,Normandie,76,2,96,LeHavre,166058,1780,167838.0,3.0,10,,0.0,2.0,2.0,1.0,B01
202000039216,30,7,2020,08:00,1,76.0,76651,2,2,1.0,3.0,1360 Route de l'Aerodrome,"49,8386740","0,6622480",,76.076651,76651,Seine-Maritime,28.0,Normandie,50.0,3.0,2.0,2,1.0,28,Normandie,76,1,33,Saint-Sylvain,138,3,141.0,2.0,7,,0.0,2.0,1.0,1.0,B01
202000039216,30,7,2020,08:00,1,76.0,76651,2,2,1.0,3.0,1360 Route de l'Aerodrome,"49,8386740","0,6622480",,76.076651,76651,Seine-Maritime,28.0,Normandie,50.0,3.0,2.0,2,1.0,28,Normandie,76,1,33,Saint-Sylvain,138,3,141.0,3.0,7,,2.0,2.0,2.0,1.0,A01
202000039327,30,7,2020,16:00,1,76.0,76057,2,3,1.0,3.0,1 Rue Pierre et Marie Curie,"49,5436330","0,9551740",,76.076057,76057,Seine-Maritime,28.0,Normandie,50.0,3.0,2.0,2,1.0,28,Normandie,76,3,1,Barentin,12154,238,12392.0,1.0,33,,0.0,2.0,1.0,1.0,B01
202000039327,30,7,2020,16:00,1,76.0,76057,2,3,1.0,3.0,1 Rue Pierre et Marie Curie,"49,5436330","0,9551740",,76.076057,76057,Seine-Maritime,28.0,Normandie,50.0,3.0,2.0,2,1.0,28,Normandie,76,3,1,Barentin,12154,238,12392.0,2.0,7,,0.0,2.0,2.0,15.0,A01
202000039386,27,7,2020,17:30,1,76.0,76451,2,9,1.0,3.0,CD 31 (CHEMIN DE CLERES),"49,4572945","1,0947892",,76.076451,76451,Seine-Maritime,28.0,Normandie,50.0,3.0,2.0,2,1.0,28,Normandie,76,3,22,Mont-Saint-Aignan,20066,415,20481.0,0.0,33,,1.0,2.0,1.0,1.0,B01
202000039386,27,7,2020,17:30,1,76.0,76451,2,9,1.0,3.0,CD 31 (CHEMIN DE CLERES),"49,4572945","1,0947892",,76.076451,76451,Seine-Maritime,28.0,Normandie,50.0,3.0,2.0,2,1.0,28,Normandie,76,3,22,Mont-Saint-Aignan,20066,415,20481.0,0.0,7,,0.0,2.0,8.0,15.0,A01
202000039389,27,7,2020,08:08,1,76.0,76351,2,2,1.0,2.0,BIGNE A FOSSE,"49,5236900","0,1126000",,76.076351,76351,Seine-Maritime,28.0,Normandie,50.0,4.0,1.0,2,1.0,28,Normandie,76,2,96,LeHavre,166058,1780,167838.0,3.0,30,,0.0,2.0,1.0,2.0,A01
202000039389,27,7,2020,08:08,1,76.0,76351,2,2,1.0,2.0,BIGNE A FOSSE,"49,5236900","0,1126000",,76.076351,76351,Seine-Maritime,28.0,Normandie,50.0,4.0,1.0,2,1.0,28,Normandie,76,2,96,LeHavre,166058,1780,167838.0,3.0,10,,0.0,2.0,4.0,23.0,B01
202000039475,25,9,2020,04:10,5,76.0,76575,1,2,1.0,3.0,LENINE. BOULEVARD,"49,3679200","1,1106700",,76.076575,76575,Seine-Maritime,28.0,Normandie,70.0,3.0,3.0,4,1.0,28,Normandie,76,3,98,Saint-Étienne-du-Rouvray,28508,225,28733.0,0.0,7,,0.0,2.0,3.0,1.0,B01
202000039475,25,9,2020,04:10,5,76.0,76575,1,2,1.0,3.0,LENINE. BOULEVARD,"49,3679200","1,1106700",,76.076575,76575,Seine-Maritime,28.0,Normandie,70.0,3.0,3.0,4,1.0,28,Normandie,76,3,98,Saint-Étienne-du-Rouvray,28508,225,28733.0,2.0,7,,0.0,2.0,1.0,1.0,A01
202000039476,24,9,2020,16:40,1,76.0,76351,2,2,2.0,6.0,JULES TELLIER,"49,4984500","0,1269400",,76.076351,76351,Seine-Maritime,28.0,Normandie,30.0,4.0,2.0,1,2.0,28,Normandie,76,2,96,LeHavre,166058,1780,167838.0,1.0,10,,0.0,1.0,3.0,15.0,A01
202000039477,24,9,2020,13:40,1,76.0,76351,2,1,1.0,4.0,PABLO PICASSO (AVENUE) ,"49,5024900","0,1519800",,76.076351,76351,Seine-Maritime,28.0,Normandie,50.0,4.0,2.0,4,1.0,28,Normandie,76,2,96,LeHavre,166058,1780,167838.0,3.0,7,,0.0,2.0,4.0,0.0,C01
202000039477,24,9,2020,13:40,1,76.0,76351,2,1,1.0,4.0,PABLO PICASSO (AVENUE) ,"49,5024900","0,1519800",,76.076351,76351,Seine-Maritime,28.0,Normandie,50.0,4.0,2.0,4,1.0,28,Normandie,76,2,96,LeHavre,166058,1780,167838.0,3.0,7,,0.0,2.0,1.0,0.0,A01
202000039477,24,9,2020,13:40,1,76.0,76351,2,1,1.0,4.0,PABLO PICASSO (AVENUE) ,"49,5024900","0,1519800",,76.076351,76351,Seine-Maritime,28.0,Normandie,50.0,4.0,2.0,4,1.0,28,Normandie,76,2,96,LeHavre,166058,1780,167838.0,3.0,7,,0.0,2.0,4.0,0.0,B01
202000039641,30,6,2020,13:00,1,76.0,76454,1,1,8.0,6.0,A29,"49,7379880","1,5453600",,76.076454,76454,Seine-Maritime,28.0,Normandie,130.0,1.0,3.0,4,1.0,28,Normandie,76,1,23,Mortemer,87,0,87.0,2.0,10,,7.0,0.0,1.0,1.0,A01
202000039726,23,6,2020,15:30,1,76.0,76203,1,3,7.0,3.0,D6015,"49,6120860","0,8402130",,76.076203,76203,Seine-Maritime,28.0,Normandie,80.0,3.0,2.0,2,1.0,28,Normandie,76,3,24,Croix-Mare,719,8,727.0,1.0,34,,0.0,2.0,8.0,1.0,B01
202000039726,23,6,2020,15:30,1,76.0,76203,1,3,7.0,3.0,D6015,"49,6120860","0,8402130",,76.076203,76203,Seine-Maritime,28.0,Normandie,80.0,3.0,2.0,2,1.0,28,Normandie,76,3,24,Croix-Mare,719,8,727.0,2.0,7,,0.0,2.0,1.0,15.0,A01
202000039827,26,6,2020,16:50,1,76.0,76319,1,1,1.0,7.0,MARITIME. BOULEVARD,"49,3555326","0,9876741",,76.076319,76319,Seine-Maritime,28.0,Normandie,50.0,4.0,2.0,2,1.0,28,Normandie,76,3,9,Grand-Couronne,9726,177,9903.0,0.0,30,,0.0,0.0,2.0,1.0,A01
202000039912,25,10,2020,15:35,1,76.0,76670,1,4,1.0,3.0,RD925,"49,7669630","0,4163220",,76.076670,76670,Seine-Maritime,28.0,Normandie,70.0,3.0,2.0,2,1.0,28,Normandie,76,2,11,Senneville-sur-Fécamp,881,19,900.0,2.0,7,,0.0,2.0,7.0,17.0,B01
202000039912,25,10,2020,15:35,1,76.0,76670,1,4,1.0,3.0,RD925,"49,7669630","0,4163220",,76.076670,76670,Seine-Maritime,28.0,Normandie,70.0,3.0,2.0,2,1.0,28,Normandie,76,2,11,Senneville-sur-Fécamp,881,19,900.0,1.0,2,,0.0,2.0,8.0,15.0,A01
202000039991,26,10,2020,19:50,3,76.0,76469,1,1,1.0,2.0,Rue du Tilleul,"49,4858060","1,4557260",,76.076469,76469,Seine-Maritime,28.0,Normandie,80.0,3.0,2.0,2,1.0,28,Normandie,76,1,12,Nolléval,420,5,425.0,1.0,7,,0.0,2.0,6.0,1.0,A01
202000039991,26,10,2020,19:50,3,76.0,76469,1,1,1.0,2.0,Rue du Tilleul,"49,4858060","1,4557260",,76.076469,76469,Seine-Maritime,28.0,Normandie,80.0,3.0,2.0,2,1.0,28,Normandie,76,1,12,Nolléval,420,5,425.0,1.0,33,,0.0,2.0,7.0,21.0,B01
202000040082,23,1,2020,09:05,1,76.0,76351,2,3,1.0,6.0,SAULES (DES),"49,5097600","0,1530500",,76.076351,76351,Seine-Maritime,28.0,Normandie,50.0,4.0,2.0,2,1.0,28,Normandie,76,2,96,LeHavre,166058,1780,167838.0,0.0,7,,0.0,1.0,1.0,0.0,A01
202000040498,5,2,2020,23:45,5,76.0,76540,2,1,1.0,6.0,GAMBETTA. BOULEVARD LEON,"49,4414500","1,1126500",,76.076540,76540,Seine-Maritime,28.0,Normandie,50.0,2.0,3.0,2,1.0,28,Normandie,76,3,97,Rouen,114083,1556,115639.0,2.0,7,,1.0,1.0,1.0,16.0,A01
202000040499,6,2,2020,14:30,1,76.0,76351,2,2,1.0,3.0,FOCH (AVENUE),"49,4934500","0,1036900",,76.076351,76351,Seine-Maritime,28.0,Normandie,50.0,4.0,2.0,4,1.0,28,Normandie,76,2,96,LeHavre,166058,1780,167838.0,2.0,7,,0.0,2.0,2.0,15.0,A01
202000040499,6,2,2020,14:30,1,76.0,76351,2,2,1.0,3.0,FOCH (AVENUE),"49,4934500","0,1036900",,76.076351,76351,Seine-Maritime,28.0,Normandie,50.0,4.0,2.0,4,1.0,28,Normandie,76,2,96,LeHavre,166058,1780,167838.0,2.0,30,,0.0,2.0,1.0,1.0,B01
202000040627,7,12,2020,07:40,3,76.0,76678,1,1,5.0,3.0,D915,"49,6362730","1,4476100",,76.076678,76678,Seine-Maritime,28.0,Normandie,80.0,3.0,2.0,2,2.0,28,Normandie,76,1,23,Sommery,834,10,844.0,1.0,7,,0.0,0.0,0.0,0.0,A01
202000040627,7,12,2020,07:40,3,76.0,76678,1,1,5.0,3.0,D915,"49,6362730","1,4476100",,76.076678,76678,Seine-Maritime,28.0,Normandie,80.0,3.0,2.0,2,2.0,28,Normandie,76,1,23,Sommery,834,10,844.0,1.0,1,,0.0,0.0,8.0,1.0,B01
202000040777,23,9,2020,07:15,1,76.0,76540,2,1,1.0,2.0,PONT MATHILDE,"49,4306700","1,1020600",,76.076540,76540,Seine-Maritime,28.0,Normandie,70.0,3.0,3.0,3,1.0,28,Normandie,76,3,97,Rouen,114083,1556,115639.0,1.0,7,,0.0,2.0,1.0,1.0,A01
202000040777,23,9,2020,07:15,1,76.0,76540,2,1,1.0,2.0,PONT MATHILDE,"49,4306700","1,1020600",,76.076540,76540,Seine-Maritime,28.0,Normandie,70.0,3.0,3.0,3,1.0,28,Normandie,76,3,97,Rouen,114083,1556,115639.0,1.0,7,,0.0,2.0,4.0,23.0,B01
202000040779,23,9,2020,15:52,1,76.0,76351,2,1,1.0,6.0,VALLEE (RUE DE LA),"49,4981000","0,1612000",,76.076351,76351,Seine-Maritime,28.0,Normandie,50.0,4.0,2.0,2,1.0,28,Normandie,76,2,96,LeHavre,166058,1780,167838.0,3.0,7,,2.0,0.0,1.0,14.0,A01
202000040897,9,1,2020,14:30,1,76.0,76578,1,2,2.0,3.0,D1,"49,6524000","1,4276470",,76.076578,76578,Seine-Maritime,28.0,Normandie,80.0,3.0,2.0,2,2.0,28,Normandie,76,1,23,Sainte-Geneviève,264,5,269.0,1.0,7,,15.0,0.0,7.0,1.0,B01
202000040897,9,1,2020,14:30,1,76.0,76578,1,2,2.0,3.0,D1,"49,6524000","1,4276470",,76.076578,76578,Seine-Maritime,28.0,Normandie,80.0,3.0,2.0,2,2.0,28,Normandie,76,1,23,Sainte-Geneviève,264,5,269.0,2.0,7,,15.0,2.0,1.0,1.0,A01
202000041071,29,7,2020,17:00,1,76.0,76159,2,2,1.0,3.0,Avenue de Maximiliansau,"49,7916510","0,6335810",,76.076159,76159,Seine-Maritime,28.0,Normandie,50.0,4.0,2.0,2,1.0,28,Normandie,76,1,33,Cany-BarvilLe2947,46,2993,,2.0,33,,0.0,2.0,1.0,1.0,A01
202000041071,29,7,2020,17:00,1,76.0,76159,2,2,1.0,3.0,Avenue de Maximiliansau,"49,7916510","0,6335810",,76.076159,76159,Seine-Maritime,28.0,Normandie,50.0,4.0,2.0,2,1.0,28,Normandie,76,1,33,Cany-BarvilLe2947,46,2993,,1.0,7,,0.0,0.0,7.0,15.0,B01
202000041077,24,9,2020,17:35,1,76.0,76397,2,1,3.0,3.0,65 Route de Newton Longville,"49,7969120","1,1054530",,76.076397,76397,Seine-Maritime,28.0,Normandie,50.0,3.0,2.0,2,2.0,28,Normandie,76,1,20,Longueville-sur-Scie,936,15,951.0,2.0,3,,0.0,2.0,3.0,1.0,A01
202000041077,24,9,2020,17:35,1,76.0,76397,2,1,3.0,3.0,65 Route de Newton Longville,"49,7969120","1,1054530",,76.076397,76397,Seine-Maritime,28.0,Normandie,50.0,3.0,2.0,2,2.0,28,Normandie,76,1,20,Longueville-sur-Scie,936,15,951.0,0.0,1,,0.0,1.0,7.0,19.0,B01
202000041310,27,7,2020,10:25,1,76.0,76351,2,1,1.0,6.0,GUILLOT ET DEHELLY,"49,5132748","0,1679599",,76.076351,76351,Seine-Maritime,28.0,Normandie,10.0,9.0,-1.0,0,1.0,28,Normandie,76,2,96,LeHavre,166058,1780,167838.0,3.0,7,,0.0,1.0,2.0,4.0,A01
202000041312,27,7,2020,08:45,1,76.0,76351,2,1,1.0,6.0,WINSTON CHURCHILL,"49,4929800","0,1323800",,76.076351,76351,Seine-Maritime,28.0,Normandie,50.0,4.0,3.0,5,1.0,28,Normandie,76,2,96,LeHavre,166058,1780,167838.0,0.0,7,,0.0,1.0,3.0,1.0,A01
202000041313,6,1,2020,15:40,1,76.0,76116,1,1,1.0,3.0,Allée Louis Blériot,"49,3908920","1,1933390",,76.076116,76116,Seine-Maritime,28.0,Normandie,50.0,4.0,2.0,2,1.0,28,Normandie,76,3,21,Boos,3991,46,4037.0,1.0,33,,0.0,2.0,1.0,18.0,A01
202000041313,6,1,2020,15:40,1,76.0,76116,1,1,1.0,3.0,Allée Louis Blériot,"49,3908920","1,1933390",,76.076116,76116,Seine-Maritime,28.0,Normandie,50.0,4.0,2.0,2,1.0,28,Normandie,76,3,21,Boos,3991,46,4037.0,1.0,7,,0.0,2.0,2.0,1.0,B01
202000041314,25,7,2020,20:05,1,76.0,76305,1,1,2.0,6.0,RD 6382,"49,4986400","0,1979400",,76.076305,76305,Seine-Maritime,28.0,Normandie,70.0,3.0,3.0,2,2.0,28,Normandie,76,2,16,Gonfreville-l'Orcher,8961,44,9005.0,1.0,7,,4.0,0.0,3.0,13.0,A01
202000041491,26,5,2020,20:30,2,76.0,76250,2,1,1.0,7.0,Route Saint Jacques,"49,5669930","0,3111260",,76.076250,76250,Seine-Maritime,28.0,Normandie,50.0,3.0,2.0,2,1.0,28,Normandie,76,2,32,Étainhus,1210,28,1238.0,2.0,2,,0.0,0.0,8.0,1.0,A01
202000041524,25,5,2020,20:40,1,76.0,76540,2,1,1.0,6.0,LA FAYETTE. RUE,"49,4309200","1,0864200",,76.076540,76540,Seine-Maritime,28.0,Normandie,20.0,9.0,-1.0,2,1.0,28,Normandie,76,3,97,Rouen,114083,1556,115639.0,0.0,30,,0.0,1.0,0.0,1.0,A01
202000041525,26,5,2020,09:20,1,76.0,76351,2,1,1.0,3.0,BOIS AU COQ (AVENUE),"49,5197000","0,1153000",,76.076351,76351,Seine-Maritime,28.0,Normandie,50.0,4.0,3.0,4,1.0,28,Normandie,76,2,96,LeHavre,166058,1780,167838.0,3.0,7,,0.0,2.0,2.0,25.0,A01
202000041525,26,5,2020,09:20,1,76.0,76351,2,1,1.0,3.0,BOIS AU COQ (AVENUE),"49,5197000","0,1153000",,76.076351,76351,Seine-Maritime,28.0,Normandie,50.0,4.0,3.0,4,1.0,28,Normandie,76,2,96,LeHavre,166058,1780,167838.0,3.0,50,,0.0,2.0,1.0,25.0,B01
202000041526,25,5,2020,17:15,1,76.0,76351,2,2,1.0,1.0,RAYMOND GUENOT,"49,4943000","0,1037000",,76.076351,76351,Seine-Maritime,28.0,Normandie,50.0,4.0,2.0,1,1.0,28,Normandie,76,2,96,LeHavre,166058,1780,167838.0,1.0,7,,0.0,2.0,2.0,9.0,B01
202000041526,25,5,2020,17:15,1,76.0,76351,2,2,1.0,1.0,RAYMOND GUENOT,"49,4943000","0,1037000",,76.076351,76351,Seine-Maritime,28.0,Normandie,50.0,4.0,2.0,1,1.0,28,Normandie,76,2,96,LeHavre,166058,1780,167838.0,2.0,7,,1.0,0.0,2.0,1.0,A01
202000041527,23,5,2020,22:20,5,76.0,76351,1,6,1.0,6.0,LOUIS BLANC,"49,5078000","0,1338000",,76.076351,76351,Seine-Maritime,28.0,Normandie,50.0,3.0,2.0,2,1.0,28,Normandie,76,2,96,LeHavre,166058,1780,167838.0,1.0,7,,8.0,0.0,1.0,1.0,A01
202000041917,21,10,2020,11:30,1,76.0,76351,2,1,1.0,3.0,PONT VI (DU),"49,4851100","0,1624800",,76.076351,76351,Seine-Maritime,28.0,Normandie,50.0,4.0,2.0,2,1.0,28,Normandie,76,2,96,LeHavre,166058,1780,167838.0,0.0,17,,0.0,2.0,2.0,15.0,A01
202000041917,21,10,2020,11:30,1,76.0,76351,2,1,1.0,3.0,PONT VI (DU),"49,4851100","0,1624800",,76.076351,76351,Seine-Maritime,28.0,Normandie,50.0,4.0,2.0,2,1.0,28,Normandie,76,2,96,LeHavre,166058,1780,167838.0,0.0,2,,0.0,2.0,1.0,1.0,B01
202000041918,21,10,2020,18:20,1,76.0,76351,2,1,1.0,1.0,HALLATES (DES),"49,5062000","0,1442600",,76.076351,76351,Seine-Maritime,28.0,Normandie,50.0,4.0,-1.0,1,1.0,28,Normandie,76,2,96,LeHavre,166058,1780,167838.0,3.0,80,,0.0,2.0,3.0,0.0,B01
202000041918,21,10,2020,18:20,1,76.0,76351,2,1,1.0,1.0,HALLATES (DES),"49,5062000","0,1442600",,76.076351,76351,Seine-Maritime,28.0,Normandie,50.0,4.0,-1.0,1,1.0,28,Normandie,76,2,96,LeHavre,166058,1780,167838.0,3.0,7,,0.0,2.0,3.0,1.0,A01
202000041919,21,10,2020,18:05,2,76.0,76351,1,1,1.0,4.0,LENINGRAD (BD DE),"49,5002000","0,1723700",,76.076351,76351,Seine-Maritime,28.0,Normandie,50.0,3.0,3.0,5,1.0,28,Normandie,76,2,96,LeHavre,166058,1780,167838.0,1.0,7,,0.0,2.0,4.0,0.0,C01
202000041919,21,10,2020,18:05,2,76.0,76351,1,1,1.0,4.0,LENINGRAD (BD DE),"49,5002000","0,1723700",,76.076351,76351,Seine-Maritime,28.0,Normandie,50.0,3.0,3.0,5,1.0,28,Normandie,76,2,96,LeHavre,166058,1780,167838.0,1.0,7,,0.0,2.0,0.0,0.0,B01
202000041919,21,10,2020,18:05,2,76.0,76351,1,1,1.0,4.0,LENINGRAD (BD DE),"49,5002000","0,1723700",,76.076351,76351,Seine-Maritime,28.0,Normandie,50.0,3.0,3.0,5,1.0,28,Normandie,76,2,96,LeHavre,166058,1780,167838.0,1.0,7,,0.0,2.0,1.0,0.0,A01
202000042022,29,8,2020,06:58,2,76.0,76517,1,1,2.0,6.0,A28,"49,5312740","1,2081820",,76.076517,76517,Seine-Maritime,28.0,Normandie,110.0,1.0,3.0,4,2.0,28,Normandie,76,3,2,Quincampoix,3110,68,3178.0,1.0,7,,13.0,0.0,1.0,0.0,A01
202000042034,28,8,2020,14:40,1,76.0,76196,2,2,1.0,3.0,Rue des Chataîgniers,"49,6269965","0,2622293",,76.076196,76196,Seine-Maritime,28.0,Normandie,50.0,4.0,2.0,2,1.0,28,Normandie,76,2,26,Criquetot-l'Esneval,2567,82,2649.0,3.0,2,,0.0,2.0,7.0,1.0,A01
202000042034,28,8,2020,14:40,1,76.0,76196,2,2,1.0,3.0,Rue des Chataîgniers,"49,6269965","0,2622293",,76.076196,76196,Seine-Maritime,28.0,Normandie,50.0,4.0,2.0,2,1.0,28,Normandie,76,2,26,Criquetot-l'Esneval,2567,82,2649.0,3.0,7,,0.0,2.0,1.0,1.0,B01
202000042089,28,8,2020,08:45,1,76.0,76244,2,6,2.0,6.0,RD 928 RD915,"49,6943160","1,3652340",,76.076244,76244,Seine-Maritime,28.0,Normandie,70.0,3.0,1.0,1,2.0,28,Normandie,76,1,23,EsclavelLes386,6,392,,1.0,7,,0.0,1.0,1.0,1.0,A01
202000042170,10,3,2020,19:20,5,76.0,76410,1,1,2.0,7.0,D86,"49,4738100","1,0290400",,76.076410,76410,Seine-Maritime,28.0,Normandie,50.0,3.0,3.0,2,2.0,28,Normandie,76,3,4,Maromme,11024,122,11146.0,2.0,7,,0.0,1.0,1.0,6.0,A01
202000042378,21,7,2020,13:40,1,76.0,76351,2,3,1.0,6.0,SAINTE ADRESSE (DE),"49,4995300","0,0934700",,76.076351,76351,Seine-Maritime,28.0,Normandie,50.0,4.0,2.0,1,1.0,28,Normandie,76,2,96,LeHavre,166058,1780,167838.0,1.0,7,,0.0,1.0,2.0,1.0,A01
202000042399,5,1,2020,18:27,5,76.0,76351,2,2,1.0,3.0,LENINGRAD (BD DE),"49,4987400","0,1592600",,76.076351,76351,Seine-Maritime,28.0,Normandie,50.0,3.0,3.0,8,1.0,28,Normandie,76,2,96,LeHavre,166058,1780,167838.0,1.0,7,,0.0,2.0,3.0,15.0,A01
202000042399,5,1,2020,18:27,5,76.0,76351,2,2,1.0,3.0,LENINGRAD (BD DE),"49,4987400","0,1592600",,76.076351,76351,Seine-Maritime,28.0,Normandie,50.0,3.0,3.0,8,1.0,28,Normandie,76,2,96,LeHavre,166058,1780,167838.0,2.0,2,,0.0,2.0,1.0,1.0,B01
202000042403,4,1,2020,10:10,1,76.0,76351,2,3,1.0,6.0,VERDUN (RUE DE),"49,5017700","0,1542700",,76.076351,76351,Seine-Maritime,28.0,Normandie,50.0,3.0,2.0,2,1.0,28,Normandie,76,2,96,LeHavre,166058,1780,167838.0,0.0,7,,0.0,1.0,3.0,15.0,A01
202000042514,27,7,2020,21:00,3,76.0,76181,1,1,1.0,6.0,781 Route du Mont aux Roux,"49,6213620","0,6331430",,76.076181,76181,Seine-Maritime,28.0,Normandie,80.0,4.0,2.0,2,1.0,28,Normandie,76,2,33,ClévilLe144,3,147,,1.0,7,,2.0,0.0,1.0,0.0,A01
202000042517,27,7,2020,20:00,2,76.0,76395,1,1,1.0,7.0,RD 323,"49,8950210","0,9594150",,76.076395,76395,Seine-Maritime,28.0,Normandie,80.0,3.0,-1.0,2,1.0,28,Normandie,76,1,7,Longueil,526,9,535.0,2.0,33,,13.0,0.0,1.0,1.0,A01
202000042634,28,7,2020,19:20,1,76.0,76718,1,1,7.0,7.0,D6015,"49,6165220","0,7126310",,76.076718,76718,Seine-Maritime,28.0,Normandie,70.0,3.0,2.0,3,1.0,28,Normandie,76,3,35,ValliquervilLe1423,38,1461,,1.0,15,,0.0,0.0,7.0,2.0,A01
202000042755,24,9,2020,12:00,1,76.0,76400,2,3,7.0,5.0,RUE GÉNÉRAL DE GAULLE,"49,8209340","0,9112970",,76.076400,76400,Seine-Maritime,28.0,Normandie,50.0,3.0,2.0,2,1.0,28,Normandie,76,1,20,Luneray,2170,36,2206.0,2.0,10,,0.0,2.0,3.0,15.0,A01
202000042755,24,9,2020,12:00,1,76.0,76400,2,3,7.0,5.0,RUE GÉNÉRAL DE GAULLE,"49,8209340","0,9112970",,76.076400,76400,Seine-Maritime,28.0,Normandie,50.0,3.0,2.0,2,1.0,28,Normandie,76,1,20,Luneray,2170,36,2206.0,1.0,7,,0.0,2.0,1.0,23.0,B01
202000042755,24,9,2020,12:00,1,76.0,76400,2,3,7.0,5.0,RUE GÉNÉRAL DE GAULLE,"49,8209340","0,9112970",,76.076400,76400,Seine-Maritime,28.0,Normandie,50.0,3.0,2.0,2,1.0,28,Normandie,76,1,20,Luneray,2170,36,2206.0,0.0,7,,0.0,2.0,1.0,23.0,C01
202000042940,5,1,2020,06:30,3,76.0,76352,1,1,5.0,6.0,route de rouen,"49,4638800","1,4650400",,76.076352,76352,Seine-Maritime,28.0,Normandie,80.0,2.0,2.0,2,2.0,28,Normandie,76,1,12,La Haye,369,4,373.0,1.0,7,,2.0,0.0,1.0,1.0,A01
202000042942,6,1,2020,13:25,1,76.0,76111,1,1,1.0,1.0,N31,"49,4628620","1,2527020",,76.076111,76111,Seine-Maritime,28.0,Normandie,80.0,2.0,2.0,2,1.0,28,Normandie,76,3,21,Bois-l'Évêque,612,10,622.0,1.0,7,,0.0,2.0,3.0,5.0,A01
202000042942,6,1,2020,13:25,1,76.0,76111,1,1,1.0,1.0,N31,"49,4628620","1,2527020",,76.076111,76111,Seine-Maritime,28.0,Normandie,80.0,2.0,2.0,2,1.0,28,Normandie,76,3,21,Bois-l'Évêque,612,10,622.0,2.0,15,,0.0,2.0,3.0,5.0,B01