Num_Acc,jour,mois,an,hrmn,lum,dep,com,agg,int,atm,col,adr,lat,long,gps,com_insee_temp,com_insee,departmentName,regionCode,regionName,vma,catr,circ,nbv,surf,Code,Region,Departement,Arrondissement,Code_Canton,Nom_Commune,Population_municipaLe,Population_comptee_a_part,Population_Totale,senc,catv,occutc,obs,obsm,choc,manv,num_veh
202000042986,5,2,2020,12:15,1,76.0,76351,2,3,1.0,3.0,GENERAL FERRIE (AVENUE),"49,5098000","0,1744800",,76.076351,76351,Seine-Maritime,28.0,Normandie,50.0,4.0,2.0,2,1.0,28,Normandie,76,2,96,LeHavre,166058,1780,167838.0,3.0,7,,0.0,2.0,2.0,1.0,B01
202000042986,5,2,2020,12:15,1,76.0,76351,2,3,1.0,3.0,GENERAL FERRIE (AVENUE),"49,5098000","0,1744800",,76.076351,76351,Seine-Maritime,28.0,Normandie,50.0,4.0,2.0,2,1.0,28,Normandie,76,2,96,LeHavre,166058,1780,167838.0,3.0,7,,0.0,2.0,7.0,1.0,A01
202000043089,6,2,2020,19:30,5,76.0,76738,1,2,1.0,3.0,196 Route de la Gare,"49,5550130","1,2794350",,76.076738,76738,Seine-Maritime,28.0,Normandie,80.0,3.0,2.0,2,1.0,28,Normandie,76,3,21,Vieux-Manoir,771,11,782.0,1.0,7,,0.0,2.0,1.0,19.0,B01
202000043089,6,2,2020,19:30,5,76.0,76738,1,2,1.0,3.0,196 Route de la Gare,"49,5550130","1,2794350",,76.076738,76738,Seine-Maritime,28.0,Normandie,80.0,3.0,2.0,2,1.0,28,Normandie,76,3,21,Vieux-Manoir,771,11,782.0,1.0,7,,12.0,2.0,7.0,1.0,A01
202000043090,6,2,2020,10:30,1,76.0,76152,2,1,7.0,6.0,14 Rue de l'Eglise,"49,5785980","1,2283550",,76.076152,76152,Seine-Maritime,28.0,Normandie,50.0,3.0,2.0,2,1.0,28,Normandie,76,3,21,Cailly,742,4,746.0,1.0,7,,1.0,0.0,2.0,14.0,A01
202000043152,29,6,2020,15:30,1,76.0,76551,1,4,6.0,7.0,Route d'Etainhus,"49,5622890","0,3031810",,76.076551,76551,Seine-Maritime,28.0,Normandie,80.0,3.0,2.0,2,1.0,28,Normandie,76,2,32,SainnevilLe854,11,865,,1.0,33,,6.0,0.0,0.0,1.0,A01
202000043153,26,6,2020,16:50,1,76.0,76647,2,1,1.0,7.0,Route de la Cerlangue,"49,5235860","0,3673230",,76.076647,76647,Seine-Maritime,28.0,Normandie,50.0,3.0,2.0,2,1.0,28,Normandie,76,2,32,Saint-Romain-de-Colbosc,4436,43,4479.0,2.0,1,,0.0,0.0,0.0,1.0,A01
202000043175,26,6,2020,20:35,1,76.0,76575,2,2,1.0,3.0,MACE. PERIPHERIQUE JEAN,"49,3949100","1,0665200",,76.076575,76575,Seine-Maritime,28.0,Normandie,30.0,4.0,2.0,2,1.0,28,Normandie,76,3,98,Saint-Étienne-du-Rouvray,28508,225,28733.0,0.0,7,,0.0,0.0,0.0,0.0,Z01
202000043175,26,6,2020,20:35,1,76.0,76575,2,2,1.0,3.0,MACE. PERIPHERIQUE JEAN,"49,3949100","1,0665200",,76.076575,76575,Seine-Maritime,28.0,Normandie,30.0,4.0,2.0,2,1.0,28,Normandie,76,3,98,Saint-Étienne-du-Rouvray,28508,225,28733.0,0.0,32,,0.0,2.0,7.0,1.0,A01
202000043239,28,6,2020,00:45,3,76.0,76183,1,1,8.0,7.0,D68,"49,7568328","0,4616931",,76.076183,76183,Seine-Maritime,28.0,Normandie,80.0,3.0,2.0,2,2.0,28,Normandie,76,2,11,CollevilLe767,19,786,,2.0,10,,16.0,0.0,0.0,0.0,A01
202000043240,26,6,2020,23:15,3,76.0,76348,1,3,1.0,3.0,Route du Grand Tôt,"49,6767720","0,7335790",,76.076348,76348,Seine-Maritime,28.0,Normandie,80.0,4.0,2.0,2,1.0,28,Normandie,76,3,35,Hautot-Saint-Sulpice,690,8,698.0,3.0,7,,13.0,2.0,1.0,1.0,B01
202000043240,26,6,2020,23:15,3,76.0,76348,1,3,1.0,3.0,Route du Grand Tôt,"49,6767720","0,7335790",,76.076348,76348,Seine-Maritime,28.0,Normandie,80.0,4.0,2.0,2,1.0,28,Normandie,76,3,35,Hautot-Saint-Sulpice,690,8,698.0,3.0,7,,13.0,2.0,7.0,1.0,A01
202000043286,28,6,2020,12:30,1,76.0,76276,2,3,1.0,6.0,15 Avenue des Sources,"49,6111880","1,5409730",,76.076276,76276,Seine-Maritime,28.0,Normandie,50.0,3.0,2.0,2,1.0,28,Normandie,76,1,12,Forges-les-Eaux,3702,157,3859.0,1.0,33,,12.0,0.0,8.0,16.0,A01
202000043375,23,5,2020,11:15,1,76.0,76319,2,1,1.0,6.0,CLEMENCEAU. RUE GEORGES,"49,3566000","1,0075100",,76.076319,76319,Seine-Maritime,28.0,Normandie,50.0,3.0,2.0,2,1.0,28,Normandie,76,3,9,Grand-Couronne,9726,177,9903.0,1.0,7,,0.0,1.0,7.0,1.0,A01
202000043683,22,10,2020,21:10,5,76.0,76700,2,3,1.0,1.0,"D929, Rue des Forrières","49,6788480","1,0377790",,76.076700,76700,Seine-Maritime,28.0,Normandie,50.0,3.0,2.0,2,1.0,28,Normandie,76,1,20,Tôtes,1575,30,1605.0,2.0,7,,0.0,2.0,1.0,1.0,B01
202000043683,22,10,2020,21:10,5,76.0,76700,2,3,1.0,1.0,"D929, Rue des Forrières","49,6788480","1,0377790",,76.076700,76700,Seine-Maritime,28.0,Normandie,50.0,3.0,2.0,2,1.0,28,Normandie,76,1,20,Tôtes,1575,30,1605.0,1.0,7,,0.0,2.0,1.0,13.0,A01
202000043698,3,12,2020,18:00,5,76.0,76540,2,3,1.0,6.0,ECUREUIL. RUE DE L',"49,4441405","1,0946533",,76.076540,76540,Seine-Maritime,28.0,Normandie,30.0,4.0,1.0,2,2.0,28,Normandie,76,3,97,Rouen,114083,1556,115639.0,0.0,7,,0.0,1.0,1.0,1.0,A01
202000043699,3,12,2020,17:30,5,76.0,76540,2,2,2.0,2.0,PARIS. QUAI (HAUT) DE,"49,4373600","1,0963100",,76.076540,76540,Seine-Maritime,28.0,Normandie,50.0,3.0,3.0,3,2.0,28,Normandie,76,3,97,Rouen,114083,1556,115639.0,1.0,7,,0.0,2.0,4.0,2.0,B01
202000043699,3,12,2020,17:30,5,76.0,76540,2,2,2.0,2.0,PARIS. QUAI (HAUT) DE,"49,4373600","1,0963100",,76.076540,76540,Seine-Maritime,28.0,Normandie,50.0,3.0,3.0,3,2.0,28,Normandie,76,3,97,Rouen,114083,1556,115639.0,1.0,2,,0.0,2.0,1.0,2.0,A01
202000043700,3,12,2020,11:25,1,76.0,76484,2,3,1.0,3.0,GAULLE. AVENUE DU GENERAL DE,"49,3454300","1,0932600",,76.076484,76484,Seine-Maritime,28.0,Normandie,50.0,3.0,2.0,2,2.0,28,Normandie,76,3,31,Oissel,12367,83,12450.0,0.0,7,,0.0,2.0,7.0,1.0,A01
202000043700,3,12,2020,11:25,1,76.0,76484,2,3,1.0,3.0,GAULLE. AVENUE DU GENERAL DE,"49,3454300","1,0932600",,76.076484,76484,Seine-Maritime,28.0,Normandie,50.0,3.0,2.0,2,2.0,28,Normandie,76,3,31,Oissel,12367,83,12450.0,2.0,2,,0.0,2.0,8.0,1.0,B01
202000043811,4,12,2020,15:32,2,76.0,76550,1,1,1.0,2.0,route de la foret,"49,3840280","0,9698010",,76.076550,76550,Seine-Maritime,28.0,Normandie,80.0,3.0,2.0,2,1.0,28,Normandie,76,3,4,Sahurs,1219,17,1236.0,1.0,7,,0.0,2.0,2.0,1.0,A01
202000043811,4,12,2020,15:32,2,76.0,76550,1,1,1.0,2.0,route de la foret,"49,3840280","0,9698010",,76.076550,76550,Seine-Maritime,28.0,Normandie,80.0,3.0,2.0,2,1.0,28,Normandie,76,3,4,Sahurs,1219,17,1236.0,1.0,1,,0.0,2.0,4.0,0.0,B01
202000043906,22,9,2020,04:00,5,76.0,76540,2,2,1.0,3.0,CONSTANTINE. RUE DE,"49,4479400","1,0722100",,76.076540,76540,Seine-Maritime,28.0,Normandie,30.0,4.0,1.0,1,1.0,28,Normandie,76,3,97,Rouen,114083,1556,115639.0,0.0,7,,0.0,2.0,1.0,1.0,A01
202000043906,22,9,2020,04:00,5,76.0,76540,2,2,1.0,3.0,CONSTANTINE. RUE DE,"49,4479400","1,0722100",,76.076540,76540,Seine-Maritime,28.0,Normandie,30.0,4.0,1.0,1,1.0,28,Normandie,76,3,97,Rouen,114083,1556,115639.0,0.0,7,,0.0,2.0,2.0,1.0,B01
202000043907,21,9,2020,17:50,1,76.0,76540,2,2,1.0,6.0,LYONS LA FORET. RUE DE,"49,4363600","1,1270200",,76.076540,76540,Seine-Maritime,28.0,Normandie,50.0,2.0,2.0,2,1.0,28,Normandie,76,3,97,Rouen,114083,1556,115639.0,1.0,7,,0.0,1.0,1.0,16.0,Z01
202000043908,21,9,2020,18:40,1,76.0,76540,2,2,1.0,5.0,SCHUMAN. RUE ROBERT,"49,4378900","1,1020900",,76.076540,76540,Seine-Maritime,28.0,Normandie,30.0,4.0,2.0,2,1.0,28,Normandie,76,3,97,Rouen,114083,1556,115639.0,0.0,80,,0.0,2.0,1.0,1.0,B01
202000043908,21,9,2020,18:40,1,76.0,76540,2,2,1.0,5.0,SCHUMAN. RUE ROBERT,"49,4378900","1,1020900",,76.076540,76540,Seine-Maritime,28.0,Normandie,30.0,4.0,2.0,2,1.0,28,Normandie,76,3,97,Rouen,114083,1556,115639.0,0.0,7,,0.0,2.0,2.0,1.0,A01
202000043908,21,9,2020,18:40,1,76.0,76540,2,2,1.0,5.0,SCHUMAN. RUE ROBERT,"49,4378900","1,1020900",,76.076540,76540,Seine-Maritime,28.0,Normandie,30.0,4.0,2.0,2,1.0,28,Normandie,76,3,97,Rouen,114083,1556,115639.0,0.0,7,,0.0,2.0,3.0,23.0,C01
202000043909,21,9,2020,17:40,1,76.0,76157,2,1,1.0,6.0,MONTIGNY. RUE DE,"49,4503300","1,0341300",,76.076157,76157,Seine-Maritime,28.0,Normandie,30.0,5.0,1.0,1,1.0,28,Normandie,76,3,4,Canteleu,13966,360,14326.0,0.0,7,,0.0,1.0,4.0,4.0,A01
202000043910,20,9,2020,18:15,1,76.0,76351,2,3,1.0,1.0,VALMY (DES),"49,4913100","0,1455690",,76.076351,76351,Seine-Maritime,28.0,Normandie,50.0,4.0,2.0,2,1.0,28,Normandie,76,2,96,LeHavre,166058,1780,167838.0,3.0,7,,0.0,2.0,2.0,1.0,B01
202000043910,20,9,2020,18:15,1,76.0,76351,2,3,1.0,1.0,VALMY (DES),"49,4913100","0,1455690",,76.076351,76351,Seine-Maritime,28.0,Normandie,50.0,4.0,2.0,2,1.0,28,Normandie,76,2,96,LeHavre,166058,1780,167838.0,3.0,7,,0.0,2.0,3.0,16.0,A01
202000043911,21,9,2020,12:40,1,76.0,76447,1,6,1.0,2.0,PRESIDENT WILSON,"49,5346834","0,1792574",,76.076447,76447,Seine-Maritime,28.0,Normandie,50.0,3.0,2.0,2,1.0,28,Normandie,76,2,15,Montivilliers,15457,203,15660.0,1.0,7,,0.0,2.0,4.0,16.0,B01
202000043911,21,9,2020,12:40,1,76.0,76447,1,6,1.0,2.0,PRESIDENT WILSON,"49,5346834","0,1792574",,76.076447,76447,Seine-Maritime,28.0,Normandie,50.0,3.0,2.0,2,1.0,28,Normandie,76,2,15,Montivilliers,15457,203,15660.0,1.0,33,,0.0,2.0,1.0,16.0,A01
202000044026,23,9,2020,11:30,1,76.0,76159,2,1,2.0,7.0,Rue de Greenock,"49,7919380","0,6357800",,76.076159,76159,Seine-Maritime,28.0,Normandie,50.0,4.0,2.0,2,2.0,28,Normandie,76,1,33,Cany-BarvilLe2947,46,2993,,0.0,2,,0.0,0.0,8.0,2.0,A01
202000044051,20,9,2020,04:30,3,76.0,76484,1,1,1.0,6.0,A13,"49,3432510","1,0558840",,76.076484,76484,Seine-Maritime,28.0,Normandie,110.0,1.0,-1.0,5,1.0,28,Normandie,76,3,31,Oissel,12367,83,12450.0,2.0,7,,4.0,0.0,3.0,0.0,A01
202000044228,8,3,2020,13:00,1,76.0,76540,1,1,2.0,2.0,A150,"49,4520100","1,0557600",,76.076540,76540,Seine-Maritime,28.0,Normandie,110.0,1.0,3.0,4,2.0,28,Normandie,76,3,97,Rouen,114083,1556,115639.0,2.0,7,,0.0,2.0,5.0,1.0,B01
202000044228,8,3,2020,13:00,1,76.0,76540,1,1,2.0,2.0,A150,"49,4520100","1,0557600",,76.076540,76540,Seine-Maritime,28.0,Normandie,110.0,1.0,3.0,4,2.0,28,Normandie,76,3,97,Rouen,114083,1556,115639.0,2.0,7,,3.0,2.0,1.0,14.0,A01
202000044229,6,3,2020,23:45,5,76.0,76474,2,2,1.0,3.0,RD 927 (ROUTE DE DIEPPE),"49,4892230","1,0492080",,76.076474,76474,Seine-Maritime,28.0,Normandie,50.0,3.0,2.0,2,1.0,28,Normandie,76,3,24,Notre-Dame-de-BondevilLe6957,82,7039,,1.0,7,,0.0,2.0,1.0,1.0,A01
202000044229,6,3,2020,23:45,5,76.0,76474,2,2,1.0,3.0,RD 927 (ROUTE DE DIEPPE),"49,4892230","1,0492080",,76.076474,76474,Seine-Maritime,28.0,Normandie,50.0,3.0,2.0,2,1.0,28,Normandie,76,3,24,Notre-Dame-de-BondevilLe6957,82,7039,,0.0,7,,0.0,2.0,8.0,1.0,B01
202000044230,6,3,2020,14:00,1,76.0,76540,2,2,1.0,7.0,BELGES. BOULEVARD DES,"49,4434700","1,0849200",,76.076540,76540,Seine-Maritime,28.0,Normandie,50.0,3.0,2.0,5,1.0,28,Normandie,76,3,97,Rouen,114083,1556,115639.0,2.0,7,,0.0,1.0,2.0,1.0,A01
202000044231,8,3,2020,18:19,2,76.0,76351,2,1,1.0,5.0,FRISSARD (QUAI),"49,4902300","0,1269300",,76.076351,76351,Seine-Maritime,28.0,Normandie,30.0,4.0,2.0,2,2.0,28,Normandie,76,2,96,LeHavre,166058,1780,167838.0,2.0,7,,0.0,2.0,3.0,15.0,A01
202000044231,8,3,2020,18:19,2,76.0,76351,2,1,1.0,5.0,FRISSARD (QUAI),"49,4902300","0,1269300",,76.076351,76351,Seine-Maritime,28.0,Normandie,30.0,4.0,2.0,2,2.0,28,Normandie,76,2,96,LeHavre,166058,1780,167838.0,1.0,34,,0.0,2.0,8.0,1.0,B01
202000044231,8,3,2020,18:19,2,76.0,76351,2,1,1.0,5.0,FRISSARD (QUAI),"49,4902300","0,1269300",,76.076351,76351,Seine-Maritime,28.0,Normandie,30.0,4.0,2.0,2,2.0,28,Normandie,76,2,96,LeHavre,166058,1780,167838.0,1.0,7,,0.0,2.0,4.0,24.0,C01
202000044241,23,6,2020,13:38,1,76.0,76540,2,2,1.0,7.0,BETHENCOURT. QUAI (HAUT) JEAN DE,"49,4398900","1,0696000",,76.076540,76540,Seine-Maritime,28.0,Normandie,50.0,4.0,4.0,2,1.0,28,Normandie,76,3,97,Rouen,114083,1556,115639.0,3.0,33,,11.0,0.0,1.0,17.0,A01
202000044427,26,6,2020,21:50,1,76.0,76531,1,2,1.0,3.0,D131,"49,6710720","0,7183810",,76.076531,76531,Seine-Maritime,28.0,Normandie,80.0,3.0,2.0,2,1.0,28,Normandie,76,3,33,Rocquefort,326,8,334.0,2.0,7,,0.0,2.0,3.0,15.0,A01
202000044427,26,6,2020,21:50,1,76.0,76531,1,2,1.0,3.0,D131,"49,6710720","0,7183810",,76.076531,76531,Seine-Maritime,28.0,Normandie,80.0,3.0,2.0,2,1.0,28,Normandie,76,3,33,Rocquefort,326,8,334.0,2.0,7,,0.0,2.0,2.0,17.0,B01
202000044434,27,8,2020,16:15,1,76.0,76035,1,1,1.0,1.0,Départementale 929,"49,7672680","1,7627910",,76.076035,76035,Seine-Maritime,28.0,Normandie,80.0,3.0,2.0,2,1.0,28,Normandie,76,1,12,AumaLe1974,45,2019,,2.0,17,,0.0,2.0,3.0,13.0,A01
202000044434,27,8,2020,16:15,1,76.0,76035,1,1,1.0,1.0,Départementale 929,"49,7672680","1,7627910",,76.076035,76035,Seine-Maritime,28.0,Normandie,80.0,3.0,2.0,2,1.0,28,Normandie,76,1,12,AumaLe1974,45,2019,,1.0,17,,0.0,2.0,3.0,1.0,B01
202000044565,24,6,2020,18:50,1,76.0,76351,2,1,1.0,6.0,LENINGRAD (BD DE),"49,4993000","0,1636000",,76.076351,76351,Seine-Maritime,28.0,Normandie,50.0,3.0,3.0,2,1.0,28,Normandie,76,2,96,LeHavre,166058,1780,167838.0,2.0,7,,12.0,0.0,1.0,1.0,A01
202000044572,28,8,2020,06:36,2,76.0,76434,2,2,1.0,4.0,Route de Mesnil Raoul,"49,3865350","1,2709490",,76.076434,76434,Seine-Maritime,28.0,Normandie,50.0,3.0,2.0,2,2.0,28,Normandie,76,3,21,Mesnil-Raoul,1171,8,1179.0,2.0,7,,0.0,2.0,1.0,1.0,A01
202000044572,28,8,2020,06:36,2,76.0,76434,2,2,1.0,4.0,Route de Mesnil Raoul,"49,3865350","1,2709490",,76.076434,76434,Seine-Maritime,28.0,Normandie,50.0,3.0,2.0,2,2.0,28,Normandie,76,3,21,Mesnil-Raoul,1171,8,1179.0,1.0,20,,0.0,0.0,3.0,2.0,C01
202000044572,28,8,2020,06:36,2,76.0,76434,2,2,1.0,4.0,Route de Mesnil Raoul,"49,3865350","1,2709490",,76.076434,76434,Seine-Maritime,28.0,Normandie,50.0,3.0,2.0,2,2.0,28,Normandie,76,3,21,Mesnil-Raoul,1171,8,1179.0,2.0,7,,8.0,2.0,4.0,1.0,B01
202000044694,25,8,2020,16:35,1,76.0,76351,2,3,1.0,3.0,VERDUN (RUE DE),"49,5020500","0,1576000",,76.076351,76351,Seine-Maritime,28.0,Normandie,50.0,3.0,2.0,2,1.0,28,Normandie,76,2,96,LeHavre,166058,1780,167838.0,3.0,7,,0.0,2.0,3.0,9.0,A01
202000044694,25,8,2020,16:35,1,76.0,76351,2,3,1.0,3.0,VERDUN (RUE DE),"49,5020500","0,1576000",,76.076351,76351,Seine-Maritime,28.0,Normandie,50.0,3.0,2.0,2,1.0,28,Normandie,76,2,96,LeHavre,166058,1780,167838.0,2.0,2,,0.0,2.0,1.0,1.0,B01
202000044700,26,8,2020,15:30,1,76.0,76576,1,5,1.0,3.0,D6015,"49,5595900","0,4687900",,76.076576,76576,Seine-Maritime,28.0,Normandie,80.0,3.0,2.0,2,1.0,28,Normandie,76,2,3,Saint-Eustache-la-Forêt,1233,16,1249.0,1.0,7,,0.0,2.0,8.0,19.0,A01
202000044700,26,8,2020,15:30,1,76.0,76576,1,5,1.0,3.0,D6015,"49,5595900","0,4687900",,76.076576,76576,Seine-Maritime,28.0,Normandie,80.0,3.0,2.0,2,1.0,28,Normandie,76,2,3,Saint-Eustache-la-Forêt,1233,16,1249.0,1.0,33,,0.0,2.0,1.0,1.0,B01
202000044979,1,2,2020,03:00,3,76.0,76457,1,1,2.0,2.0,A13,"49,3381270","0,9755730",,76.076457,76457,Seine-Maritime,28.0,Normandie,130.0,1.0,3.0,5,2.0,28,Normandie,76,3,9,Moulineaux,932,16,948.0,1.0,7,,0.0,2.0,6.0,1.0,B01
202000044979,1,2,2020,03:00,3,76.0,76457,1,1,2.0,2.0,A13,"49,3381270","0,9755730",,76.076457,76457,Seine-Maritime,28.0,Normandie,130.0,1.0,3.0,5,2.0,28,Normandie,76,3,9,Moulineaux,932,16,948.0,1.0,7,,0.0,2.0,2.0,1.0,A01
202000045296,20,10,2020,09:43,1,76.0,76305,1,1,1.0,7.0,ESTUAIRE,"49,4563659","0,2321780",,76.076305,76305,Seine-Maritime,28.0,Normandie,50.0,4.0,2.0,2,2.0,28,Normandie,76,2,16,Gonfreville-l'Orcher,8961,44,9005.0,0.0,2,,0.0,0.0,0.0,1.0,A01
202000045300,20,10,2020,14:45,1,76.0,76351,2,3,1.0,3.0,Rue Demidoff,"49,4975900","0,1341500",,76.076351,76351,Seine-Maritime,28.0,Normandie,30.0,4.0,2.0,2,1.0,28,Normandie,76,2,96,LeHavre,166058,1780,167838.0,3.0,7,,0.0,2.0,3.0,1.0,B01
202000045300,20,10,2020,14:45,1,76.0,76351,2,3,1.0,3.0,Rue Demidoff,"49,4975900","0,1341500",,76.076351,76351,Seine-Maritime,28.0,Normandie,30.0,4.0,2.0,2,1.0,28,Normandie,76,2,96,LeHavre,166058,1780,167838.0,3.0,7,,0.0,2.0,2.0,1.0,A01
202000045364,2,12,2020,08:25,1,76.0,76497,2,6,1.0,6.0,JAURES. RUE JEAN,"49,3931400","1,0290300",,76.076497,76497,Seine-Maritime,28.0,Normandie,50.0,4.0,2.0,2,1.0,28,Normandie,76,3,13,Petit-Couronne,8688,175,8863.0,0.0,7,,0.0,1.0,1.0,1.0,A01
202000045371,28,11,2020,15:10,1,76.0,76259,2,1,7.0,6.0,DEGENETAIS ( RUE LEON),"49,7531000","0,3701000",,76.076259,76259,Seine-Maritime,28.0,Normandie,50.0,4.0,2.0,2,1.0,28,Normandie,76,2,11,Fécamp,18016,269,18285.0,1.0,7,,0.0,1.0,1.0,2.0,A01
202000045586,22,10,2020,00:00,3,76.0,76122,1,1,1.0,-1.0,A28,"49,8375950","1,5314770",,76.076122,76122,Seine-Maritime,28.0,Normandie,130.0,1.0,1.0,4,1.0,28,Normandie,76,1,23,CallengevilLe502,8,510,,2.0,15,,1.0,0.0,3.0,2.0,C01
202000045586,22,10,2020,00:00,3,76.0,76122,1,1,1.0,-1.0,A28,"49,8375950","1,5314770",,76.076122,76122,Seine-Maritime,28.0,Normandie,130.0,1.0,1.0,4,1.0,28,Normandie,76,1,23,CallengevilLe502,8,510,,2.0,10,,1.0,0.0,3.0,2.0,B01
202000045586,22,10,2020,00:00,3,76.0,76122,1,1,1.0,-1.0,A28,"49,8375950","1,5314770",,76.076122,76122,Seine-Maritime,28.0,Normandie,130.0,1.0,1.0,4,1.0,28,Normandie,76,1,23,CallengevilLe502,8,510,,2.0,7,,4.0,0.0,2.0,1.0,A01
202000045679,23,7,2020,16:30,1,76.0,76575,1,1,1.0,2.0,A 13 - D 18 E (BRETELLE D'ACCES),"49,3589000","1,0856000",,76.076575,76575,Seine-Maritime,28.0,Normandie,70.0,3.0,1.0,2,1.0,28,Normandie,76,3,98,Saint-Étienne-du-Rouvray,28508,225,28733.0,1.0,10,,0.0,2.0,1.0,1.0,A01
202000045679,23,7,2020,16:30,1,76.0,76575,1,1,1.0,2.0,A 13 - D 18 E (BRETELLE D'ACCES),"49,3589000","1,0856000",,76.076575,76575,Seine-Maritime,28.0,Normandie,70.0,3.0,1.0,2,1.0,28,Normandie,76,3,98,Saint-Étienne-du-Rouvray,28508,225,28733.0,1.0,7,,0.0,2.0,4.0,23.0,B01
202000045793,1,12,2020,07:00,3,76.0,76270,1,1,1.0,2.0,RD 6382,"49,5307700","0,1335100",,76.076270,76270,Seine-Maritime,28.0,Normandie,90.0,3.0,3.0,4,2.0,28,Normandie,76,2,26,Fontaine-la-Mallet,2635,54,2689.0,1.0,3,,0.0,2.0,4.0,1.0,B01
202000045793,1,12,2020,07:00,3,76.0,76270,1,1,1.0,2.0,RD 6382,"49,5307700","0,1335100",,76.076270,76270,Seine-Maritime,28.0,Normandie,90.0,3.0,3.0,4,2.0,28,Normandie,76,2,26,Fontaine-la-Mallet,2635,54,2689.0,1.0,7,,0.0,2.0,2.0,1.0,A01
202000045872,20,9,2020,16:30,1,76.0,76540,2,1,1.0,6.0,SAINT SEVER. QUAI (BAS),"49,4364200","1,0901600",,76.076540,76540,Seine-Maritime,28.0,Normandie,10.0,9.0,-1.0,0,1.0,28,Normandie,76,3,97,Rouen,114083,1556,115639.0,0.0,2,,0.0,1.0,1.0,1.0,Z01
202000045873,20,9,2020,17:00,1,76.0,76157,1,1,1.0,3.0,A150,"49,4565714","1,0496788",,76.076157,76157,Seine-Maritime,28.0,Normandie,110.0,1.0,3.0,4,1.0,28,Normandie,76,3,4,Canteleu,13966,360,14326.0,1.0,7,,3.0,2.0,3.0,13.0,A01
202000045873,20,9,2020,17:00,1,76.0,76157,1,1,1.0,3.0,A150,"49,4565714","1,0496788",,76.076157,76157,Seine-Maritime,28.0,Normandie,110.0,1.0,3.0,4,1.0,28,Normandie,76,3,4,Canteleu,13966,360,14326.0,1.0,34,,0.0,2.0,1.0,1.0,B01
202000045874,19,9,2020,02:45,5,76.0,76351,2,1,1.0,6.0,BELLOT,"49,4840000","0,1275000",,76.076351,76351,Seine-Maritime,28.0,Normandie,50.0,4.0,2.0,2,1.0,28,Normandie,76,2,96,LeHavre,166058,1780,167838.0,3.0,34,,0.0,0.0,1.0,25.0,A01
202000045875,20,9,2020,15:10,1,76.0,76351,2,3,1.0,2.0,GRAVILLE (BD DE),"49,4889000","0,1500600",,76.076351,76351,Seine-Maritime,28.0,Normandie,50.0,4.0,2.0,5,1.0,28,Normandie,76,2,96,LeHavre,166058,1780,167838.0,3.0,7,,0.0,2.0,7.0,15.0,B01
202000045875,20,9,2020,15:10,1,76.0,76351,2,3,1.0,2.0,GRAVILLE (BD DE),"49,4889000","0,1500600",,76.076351,76351,Seine-Maritime,28.0,Normandie,50.0,4.0,2.0,5,1.0,28,Normandie,76,2,96,LeHavre,166058,1780,167838.0,3.0,33,,0.0,2.0,1.0,17.0,A01
202000046031,10,3,2020,16:15,1,76.0,76222,1,2,2.0,3.0,Route de Saint Paer,"49,4930870","0,8741910",,76.076222,76222,Seine-Maritime,28.0,Normandie,80.0,3.0,2.0,2,2.0,28,Normandie,76,3,1,Duclair,4020,52,4072.0,2.0,7,,0.0,2.0,1.0,1.0,A01
202000046031,10,3,2020,16:15,1,76.0,76222,1,2,2.0,3.0,Route de Saint Paer,"49,4930870","0,8741910",,76.076222,76222,Seine-Maritime,28.0,Normandie,80.0,3.0,2.0,2,2.0,28,Normandie,76,3,1,Duclair,4020,52,4072.0,1.0,7,,0.0,2.0,7.0,1.0,B01
202000046379,23,6,2020,18:42,1,76.0,76682,1,3,1.0,1.0,VILLAGE RUE DU,"49,3188300","1,1139400",,76.076682,76682,Seine-Maritime,28.0,Normandie,70.0,3.0,2.0,2,1.0,28,Normandie,76,3,5,Sotteville-sous-le-Val,742,4,746.0,1.0,33,,0.0,2.0,1.0,1.0,B01
202000046379,23,6,2020,18:42,1,76.0,76682,1,3,1.0,1.0,VILLAGE RUE DU,"49,3188300","1,1139400",,76.076682,76682,Seine-Maritime,28.0,Normandie,70.0,3.0,2.0,2,1.0,28,Normandie,76,3,5,Sotteville-sous-le-Val,742,4,746.0,2.0,10,,0.0,2.0,3.0,15.0,A01
202000046411,2,2,2020,00:25,5,76.0,76351,2,3,1.0,3.0,CAVEE VERTE (RUE DE LA),"49,5022100","0,1034400",,76.076351,76351,Seine-Maritime,28.0,Normandie,50.0,3.0,2.0,2,2.0,28,Normandie,76,2,96,LeHavre,166058,1780,167838.0,2.0,7,,0.0,2.0,3.0,1.0,A01
202000046411,2,2,2020,00:25,5,76.0,76351,2,3,1.0,3.0,CAVEE VERTE (RUE DE LA),"49,5022100","0,1034400",,76.076351,76351,Seine-Maritime,28.0,Normandie,50.0,3.0,2.0,2,2.0,28,Normandie,76,2,96,LeHavre,166058,1780,167838.0,3.0,7,,0.0,2.0,2.0,1.0,B01
202000046415,3,2,2020,17:20,2,76.0,76351,2,2,2.0,3.0,Rue Pierre Curie,"49,5096100","0,1276400",,76.076351,76351,Seine-Maritime,28.0,Normandie,50.0,4.0,2.0,2,2.0,28,Normandie,76,2,96,LeHavre,166058,1780,167838.0,2.0,7,,0.0,2.0,2.0,0.0,A01
202000046415,3,2,2020,17:20,2,76.0,76351,2,2,2.0,3.0,Rue Pierre Curie,"49,5096100","0,1276400",,76.076351,76351,Seine-Maritime,28.0,Normandie,50.0,4.0,2.0,2,2.0,28,Normandie,76,2,96,LeHavre,166058,1780,167838.0,2.0,7,,0.0,2.0,1.0,1.0,B01