Num_Acc,jour,mois,an,hrmn,lum,dep,com,agg,int,atm,col,adr,lat,long,gps,com_insee_temp,com_insee,departmentName,regionCode,regionName,vma,catr,circ,nbv,surf,Code,Region,Departement,Arrondissement,Code_Canton,Nom_Commune,Population_municipaLe,Population_comptee_a_part,Population_Totale,senc,catv,occutc,obs,obsm,choc,manv,num_veh
202000046462,21,5,2020,13:35,1,76.0,76575,2,1,1.0,6.0,VAL L'ABBE. RUE DU,"49,3852400","1,0995700",,76.076575,76575,Seine-Maritime,28.0,Normandie,50.0,3.0,2.0,2,1.0,28,Normandie,76,3,98,Saint-Étienne-du-Rouvray,28508,225,28733.0,1.0,7,,0.0,1.0,7.0,1.0,A01
202000046463,21,5,2020,17:45,1,76.0,76447,2,1,1.0,3.0,PIERRE MENDES FRANCE,"49,5296900","0,1816000",,76.076447,76447,Seine-Maritime,28.0,Normandie,50.0,3.0,2.0,4,1.0,28,Normandie,76,2,15,Montivilliers,15457,203,15660.0,1.0,7,,0.0,2.0,3.0,10.0,A01
202000046463,21,5,2020,17:45,1,76.0,76447,2,1,1.0,3.0,PIERRE MENDES FRANCE,"49,5296900","0,1816000",,76.076447,76447,Seine-Maritime,28.0,Normandie,50.0,3.0,2.0,4,1.0,28,Normandie,76,2,15,Montivilliers,15457,203,15660.0,1.0,7,,0.0,2.0,2.0,1.0,B01
202000046720,23,7,2020,15:20,1,76.0,76322,2,1,1.0,6.0,LECLERC. AVENUE DU MARECHAL (CD 3),"49,4125871","1,0427735",,76.076322,76322,Seine-Maritime,28.0,Normandie,50.0,3.0,1.0,2,1.0,28,Normandie,76,3,13,LeGrand-Quevilly,25975,225,26200.0,2.0,2,,0.0,1.0,1.0,1.0,A01
202000046724,23,7,2020,09:15,1,76.0,76540,2,2,1.0,6.0,QUAI JACQUES ANQUETIL,"49,4348100","1,0937800",,76.076540,76540,Seine-Maritime,28.0,Normandie,50.0,3.0,2.0,5,1.0,28,Normandie,76,3,97,Rouen,114083,1556,115639.0,0.0,7,,0.0,1.0,7.0,1.0,A01
202000046803,25,8,2020,05:57,5,76.0,76599,2,1,2.0,6.0,PTT (ROUTE DE LYONS LA FORET),"49,4330871","1,1529744",,76.076599,76599,Seine-Maritime,28.0,Normandie,50.0,3.0,2.0,2,2.0,28,Normandie,76,3,6,Saint-Léger-du-Bourg-Denis,3641,42,3683.0,1.0,37,1.0,6.0,0.0,7.0,1.0,A01
202000046806,24,8,2020,16:30,1,76.0,76351,2,1,1.0,7.0,ARMAND BARBES,"49,5004000","0,1502000",,76.076351,76351,Seine-Maritime,28.0,Normandie,50.0,4.0,2.0,1,1.0,28,Normandie,76,2,96,LeHavre,166058,1780,167838.0,3.0,7,,0.0,2.0,4.0,1.0,B01
202000046811,23,8,2020,09:40,1,76.0,76351,2,1,3.0,6.0,FRISSARD (QUAI),"49,4893900","0,1235300",,76.076351,76351,Seine-Maritime,28.0,Normandie,50.0,4.0,2.0,2,2.0,28,Normandie,76,2,96,LeHavre,166058,1780,167838.0,3.0,30,,0.0,9.0,0.0,0.0,A01
202000046813,21,8,2020,22:45,5,76.0,76351,2,2,1.0,3.0,GUSTAVE BRINDEAU (RUE),"49,4924700","0,1396400",,76.076351,76351,Seine-Maritime,28.0,Normandie,50.0,4.0,2.0,2,1.0,28,Normandie,76,2,96,LeHavre,166058,1780,167838.0,3.0,30,,0.0,2.0,2.0,0.0,A01
202000046813,21,8,2020,22:45,5,76.0,76351,2,2,1.0,3.0,GUSTAVE BRINDEAU (RUE),"49,4924700","0,1396400",,76.076351,76351,Seine-Maritime,28.0,Normandie,50.0,4.0,2.0,2,1.0,28,Normandie,76,2,96,LeHavre,166058,1780,167838.0,3.0,7,,0.0,2.0,8.0,0.0,B01
202000046873,20,10,2020,02:40,3,76.0,76351,1,1,1.0,7.0,AMIRAL DU CHILLOU,"49,4724300","0,1796000",,76.076351,76351,Seine-Maritime,28.0,Normandie,50.0,4.0,2.0,2,1.0,28,Normandie,76,2,96,LeHavre,166058,1780,167838.0,3.0,30,,12.0,0.0,0.0,0.0,A01
202000047096,1,1,2020,18:50,3,76.0,76242,2,1,5.0,6.0,D221,"49,4591800","1,6987220",,76.076242,76242,Seine-Maritime,28.0,Normandie,50.0,3.0,2.0,2,2.0,28,Normandie,76,1,12,Ernemont-la-Villette,207,4,211.0,2.0,7,,15.0,0.0,1.0,1.0,A01
202000047216,2,2,2020,00:42,3,76.0,76165,2,1,1.0,7.0,REPUBLIQUE. RUE DE LA,"49,2790513","1,0291314",,76.076165,76165,Seine-Maritime,28.0,Normandie,50.0,3.0,2.0,2,1.0,28,Normandie,76,3,5,Caudebec-lès-Elbeuf,10135,69,10204.0,1.0,30,,0.0,9.0,0.0,0.0,A01
202000047219,2,2,2020,06:10,5,76.0,76540,2,2,1.0,3.0,GAMBETTA. BOULEVARD LEON,"49,4378400","1,1052500",,76.076540,76540,Seine-Maritime,28.0,Normandie,30.0,4.0,2.0,2,1.0,28,Normandie,76,3,97,Rouen,114083,1556,115639.0,0.0,1,,0.0,2.0,1.0,15.0,A01
202000047219,2,2,2020,06:10,5,76.0,76540,2,2,1.0,3.0,GAMBETTA. BOULEVARD LEON,"49,4378400","1,1052500",,76.076540,76540,Seine-Maritime,28.0,Normandie,30.0,4.0,2.0,2,1.0,28,Normandie,76,3,97,Rouen,114083,1556,115639.0,0.0,7,,0.0,2.0,3.0,1.0,B01
202000047224,29,1,2020,12:00,1,76.0,76561,2,1,1.0,6.0,LECLERC. RUE DU MARECHAL (CD 144),"49,3033500","1,0159300",,76.076561,76561,Seine-Maritime,28.0,Normandie,50.0,3.0,2.0,2,1.0,28,Normandie,76,3,5,Saint-Aubin-lès-Elbeuf,8428,75,8503.0,2.0,7,,0.0,1.0,0.0,1.0,A01
202000047227,2,2,2020,00:40,5,76.0,76351,2,1,2.0,2.0,ALBERT 1ER,"49,4965235","0,0933623",,76.076351,76351,Seine-Maritime,28.0,Normandie,50.0,4.0,3.0,4,2.0,28,Normandie,76,2,96,LeHavre,166058,1780,167838.0,0.0,7,,0.0,2.0,1.0,0.0,A01
202000047227,2,2,2020,00:40,5,76.0,76351,2,1,2.0,2.0,ALBERT 1ER,"49,4965235","0,0933623",,76.076351,76351,Seine-Maritime,28.0,Normandie,50.0,4.0,3.0,4,2.0,28,Normandie,76,2,96,LeHavre,166058,1780,167838.0,0.0,7,,0.0,2.0,4.0,0.0,B01
202000047231,31,1,2020,22:10,5,76.0,76351,2,1,1.0,2.0,COMMANDANT ABADIE,"49,5011900","0,1768800",,76.076351,76351,Seine-Maritime,28.0,Normandie,50.0,4.0,2.0,2,1.0,28,Normandie,76,2,96,LeHavre,166058,1780,167838.0,1.0,7,,1.0,0.0,4.0,2.0,B01
202000047231,31,1,2020,22:10,5,76.0,76351,2,1,1.0,2.0,COMMANDANT ABADIE,"49,5011900","0,1768800",,76.076351,76351,Seine-Maritime,28.0,Normandie,50.0,4.0,2.0,2,1.0,28,Normandie,76,2,96,LeHavre,166058,1780,167838.0,1.0,7,,0.0,2.0,1.0,2.0,A01
202000047288,1,1,2020,17:00,2,76.0,76644,1,1,8.0,6.0,Rue de Mont Plaisir,"50,0138550","1,3961840",,76.076644,76644,Seine-Maritime,28.0,Normandie,80.0,4.0,2.0,2,7.0,28,Normandie,76,1,10,Saint-Rémy-Boscrocourt,801,16,817.0,3.0,7,,2.0,0.0,9.0,1.0,A01
202000047589,20,10,2020,23:28,1,76.0,76758,2,3,1.0,3.0,PONT VI (DU),"49,6216790","0,7612500",,76.076758,76758,Seine-Maritime,28.0,Normandie,50.0,3.0,2.0,2,2.0,28,Normandie,76,3,35,Yvetot,11385,208,11593.0,2.0,2,,6.0,2.0,5.0,19.0,A01
202000047589,20,10,2020,23:28,1,76.0,76758,2,3,1.0,3.0,PONT VI (DU),"49,6216790","0,7612500",,76.076758,76758,Seine-Maritime,28.0,Normandie,50.0,3.0,2.0,2,2.0,28,Normandie,76,3,35,Yvetot,11385,208,11593.0,2.0,10,,0.0,2.0,2.0,1.0,B01
202000047598,21,5,2020,20:40,1,76.0,76325,1,1,1.0,2.0,route de rouen,"49,6495420","0,8381580",,76.076325,76325,Seine-Maritime,28.0,Normandie,80.0,3.0,2.0,2,1.0,28,Normandie,76,3,35,GrémonvilLe449,5,454,,1.0,33,,0.0,2.0,1.0,1.0,B01
202000047598,21,5,2020,20:40,1,76.0,76325,1,1,1.0,2.0,route de rouen,"49,6495420","0,8381580",,76.076325,76325,Seine-Maritime,28.0,Normandie,80.0,3.0,2.0,2,1.0,28,Normandie,76,3,35,GrémonvilLe449,5,454,,1.0,7,,0.0,0.0,4.0,1.0,A01
202000047621,27,11,2020,20:55,1,76.0,76351,1,3,1.0,1.0,rue de verdun,"49,5025150","0,1698510",,76.076351,76351,Seine-Maritime,28.0,Normandie,50.0,3.0,2.0,2,2.0,28,Normandie,76,2,96,LeHavre,166058,1780,167838.0,1.0,33,,0.0,2.0,3.0,1.0,B01
202000047621,27,11,2020,20:55,1,76.0,76351,1,3,1.0,1.0,rue de verdun,"49,5025150","0,1698510",,76.076351,76351,Seine-Maritime,28.0,Normandie,50.0,3.0,2.0,2,2.0,28,Normandie,76,2,96,LeHavre,166058,1780,167838.0,2.0,10,,0.0,2.0,1.0,15.0,A01
201900000033,29,11,2019,16:00,1,76.0,76026,1,1,2.0,1.0,RD 1,"49,8951000","1,1368600",,76.076026,76026,Seine-Maritime,28.0,Normandie,80.0,3.0,2.0,2,2.0,28,Normandie,76,1,8,Arques-la-BatailLe2480,44,2524,,0.0,10,,0.0,2.0,1.0,1.0,A01
201900000033,29,11,2019,16:00,1,76.0,76026,1,1,2.0,1.0,RD 1,"49,8951000","1,1368600",,76.076026,76026,Seine-Maritime,28.0,Normandie,80.0,3.0,2.0,2,2.0,28,Normandie,76,1,8,Arques-la-BatailLe2480,44,2524,,0.0,7,,0.0,2.0,2.0,13.0,B01
201900000088,21,9,2019,04:50,3,76.0,76287,1,1,1.0,7.0,d44,"49,5611360","1,0296220",,76.076287,76287,Seine-Maritime,28.0,Normandie,80.0,3.0,2.0,2,1.0,28,Normandie,76,3,24,Fresquiennes,1063,14,1077.0,1.0,2,,9.0,0.0,1.0,0.0,A01
201900000135,20,9,2019,10:10,1,76.0,76217,2,9,1.0,6.0,DE GAULLE (BOUVEVARD GENERAL),"49,9234800","1,0756000",,76.076217,76217,Seine-Maritime,28.0,Normandie,50.0,3.0,1.0,2,1.0,28,Normandie,76,1,95,Dieppe,28358,455,28813.0,1.0,7,,0.0,1.0,2.0,1.0,A01
201900000136,19,9,2019,09:00,1,76.0,76217,2,2,1.0,6.0,LIBERATION (AVENUE DE LA),"49,9246000","1,1093300",,76.076217,76217,Seine-Maritime,28.0,Normandie,50.0,4.0,2.0,2,1.0,28,Normandie,76,1,95,Dieppe,28358,455,28813.0,3.0,7,,0.0,1.0,2.0,15.0,A01
201900000192,17,2,2019,19:10,2,76.0,76660,1,1,1.0,3.0,N 1029,"49,4425301","0,2726543",,76.076660,76660,Seine-Maritime,28.0,Normandie,70.0,2.0,3.0,4,1.0,28,Normandie,76,2,32,SandouvilLe800,11,811,,1.0,1,,0.0,0.0,0.0,1.0,B01
201900000192,17,2,2019,19:10,2,76.0,76660,1,1,1.0,3.0,N 1029,"49,4425301","0,2726543",,76.076660,76660,Seine-Maritime,28.0,Normandie,70.0,2.0,3.0,4,1.0,28,Normandie,76,2,32,SandouvilLe800,11,811,,1.0,33,,0.0,0.0,0.0,0.0,A01
201900000298,28,5,2019,16:00,1,76.0,76454,1,1,1.0,6.0,route nationale,"49,7537672","1,5513468",,76.076454,76454,Seine-Maritime,28.0,Normandie,80.0,3.0,2.0,2,1.0,28,Normandie,76,1,23,Mortemer,87,0,87.0,1.0,7,,13.0,0.0,3.0,19.0,A01
201900000518,24,10,2019,11:40,1,76.0,76318,1,2,1.0,3.0,905 Route de Grandcamp,"49,5560600","0,6001730",,76.076318,76318,Seine-Maritime,28.0,Normandie,80.0,3.0,2.0,2,1.0,28,Normandie,76,2,25,Grand-Camp,763,28,791.0,1.0,7,,0.0,2.0,2.0,0.0,A01
201900000518,24,10,2019,11:40,1,76.0,76318,1,2,1.0,3.0,905 Route de Grandcamp,"49,5560600","0,6001730",,76.076318,76318,Seine-Maritime,28.0,Normandie,80.0,3.0,2.0,2,1.0,28,Normandie,76,2,25,Grand-Camp,763,28,791.0,1.0,7,,0.0,2.0,3.0,0.0,B01
201900000630,30,11,2019,07:50,2,76.0,76660,1,1,1.0,4.0,A131,"49,4860630","0,3184330",,76.076660,76660,Seine-Maritime,28.0,Normandie,130.0,1.0,1.0,2,1.0,28,Normandie,76,2,32,SandouvilLe800,11,811,,1.0,10,,0.0,2.0,2.0,13.0,A01
201900000630,30,11,2019,07:50,2,76.0,76660,1,1,1.0,4.0,A131,"49,4860630","0,3184330",,76.076660,76660,Seine-Maritime,28.0,Normandie,130.0,1.0,1.0,2,1.0,28,Normandie,76,2,32,SandouvilLe800,11,811,,1.0,17,,0.0,2.0,6.0,1.0,B01
201900000630,30,11,2019,07:50,2,76.0,76660,1,1,1.0,4.0,A131,"49,4860630","0,3184330",,76.076660,76660,Seine-Maritime,28.0,Normandie,130.0,1.0,1.0,2,1.0,28,Normandie,76,2,32,SandouvilLe800,11,811,,1.0,7,,0.0,2.0,1.0,1.0,C01
201900000630,30,11,2019,07:50,2,76.0,76660,1,1,1.0,4.0,A131,"49,4860630","0,3184330",,76.076660,76660,Seine-Maritime,28.0,Normandie,130.0,1.0,1.0,2,1.0,28,Normandie,76,2,32,SandouvilLe800,11,811,,1.0,7,,0.0,2.0,1.0,1.0,D01
201900000644,30,11,2019,03:00,3,76.0,76495,2,1,1.0,5.0,Avenue Jean Jouvenet,"49,5741200","0,9459580",,76.076495,76495,Seine-Maritime,28.0,Normandie,50.0,3.0,2.0,2,1.0,28,Normandie,76,3,24,Pavilly,6121,53,6174.0,3.0,7,,0.0,2.0,2.0,1.0,A01
201900000644,30,11,2019,03:00,3,76.0,76495,2,1,1.0,5.0,Avenue Jean Jouvenet,"49,5741200","0,9459580",,76.076495,76495,Seine-Maritime,28.0,Normandie,50.0,3.0,2.0,2,1.0,28,Normandie,76,3,24,Pavilly,6121,53,6174.0,0.0,31,,0.0,2.0,0.0,0.0,B01
201900000644,30,11,2019,03:00,3,76.0,76495,2,1,1.0,5.0,Avenue Jean Jouvenet,"49,5741200","0,9459580",,76.076495,76495,Seine-Maritime,28.0,Normandie,50.0,3.0,2.0,2,1.0,28,Normandie,76,3,24,Pavilly,6121,53,6174.0,3.0,33,,0.0,2.0,0.0,0.0,C01
201900000863,20,9,2019,22:10,3,76.0,76020,1,1,1.0,7.0,Route du Colombier,"49,4492100","0,8809090",,76.076020,76020,Seine-Maritime,28.0,Normandie,80.0,4.0,2.0,2,1.0,28,Normandie,76,3,1,Anneville-AmbourvilLe1168,18,1186,,3.0,31,,0.0,0.0,8.0,1.0,A01
201900000864,21,9,2019,05:30,3,76.0,76242,1,1,1.0,1.0,cd916,"49,4643680","1,6965340",,76.076242,76242,Seine-Maritime,28.0,Normandie,80.0,3.0,2.0,2,1.0,28,Normandie,76,1,12,Ernemont-la-Villette,207,4,211.0,2.0,7,,0.0,0.0,1.0,1.0,A01
201900000864,21,9,2019,05:30,3,76.0,76242,1,1,1.0,1.0,cd916,"49,4643680","1,6965340",,76.076242,76242,Seine-Maritime,28.0,Normandie,80.0,3.0,2.0,2,1.0,28,Normandie,76,1,12,Ernemont-la-Villette,207,4,211.0,1.0,7,,9.0,2.0,1.0,13.0,B01
201900001040,18,2,2019,11:45,1,76.0,76758,2,1,1.0,6.0,IMPASSE LÉON JACQUES,"49,6172400","0,7449050",,76.076758,76758,Seine-Maritime,28.0,Normandie,50.0,9.0,2.0,2,1.0,28,Normandie,76,3,35,Yvetot,11385,208,11593.0,3.0,7,,0.0,1.0,5.0,4.0,A01
201900001041,17,2,2019,12:48,1,76.0,76024,1,1,6.0,2.0,route de dieppe,"49,7503050","1,2846030",,76.076024,76024,Seine-Maritime,28.0,Normandie,80.0,3.0,2.0,2,1.0,28,Normandie,76,1,23,Ardouval,155,4,159.0,1.0,7,,0.0,9.0,4.0,23.0,B01
201900001041,17,2,2019,12:48,1,76.0,76024,1,1,6.0,2.0,route de dieppe,"49,7503050","1,2846030",,76.076024,76024,Seine-Maritime,28.0,Normandie,80.0,3.0,2.0,2,1.0,28,Normandie,76,1,23,Ardouval,155,4,159.0,1.0,1,,0.0,2.0,1.0,2.0,A01
201900001160,11,2,2019,16:45,1,76.0,76351,2,3,1.0,3.0,ARISTIDE BRIAND,"49,5001700","0,1335300",,76.076351,76351,Seine-Maritime,28.0,Normandie,50.0,3.0,2.0,2,1.0,28,Normandie,76,2,96,LeHavre,166058,1780,167838.0,2.0,32,,0.0,2.0,2.0,1.0,B01
201900001160,11,2,2019,16:45,1,76.0,76351,2,3,1.0,3.0,ARISTIDE BRIAND,"49,5001700","0,1335300",,76.076351,76351,Seine-Maritime,28.0,Normandie,50.0,3.0,2.0,2,1.0,28,Normandie,76,2,96,LeHavre,166058,1780,167838.0,1.0,7,,0.0,2.0,1.0,15.0,A01
201900001739,16,8,2019,13:45,1,76.0,76135,1,1,1.0,6.0,A150 pk 17+900,"49,5645474","0,9014261",,76.076135,76135,Seine-Maritime,28.0,Normandie,130.0,1.0,3.0,4,1.0,28,Normandie,76,3,1,BouvilLe1013,12,1025,,2.0,7,,4.0,0.0,3.0,13.0,A01
201900001767,24,10,2019,17:15,1,76.0,76321,2,3,3.0,3.0,route de dieppe,"49,7817170","1,2336050",,76.076321,76321,Seine-Maritime,28.0,Normandie,50.0,3.0,2.0,2,2.0,28,Normandie,76,1,23,LesGrandes-Ventes,1746,27,1773.0,1.0,33,,0.0,2.0,8.0,1.0,B01
201900001767,24,10,2019,17:15,1,76.0,76321,2,3,3.0,3.0,route de dieppe,"49,7817170","1,2336050",,76.076321,76321,Seine-Maritime,28.0,Normandie,50.0,3.0,2.0,2,2.0,28,Normandie,76,1,23,LesGrandes-Ventes,1746,27,1773.0,2.0,7,,0.0,2.0,3.0,15.0,A01
201900001889,14,10,2019,15:25,1,76.0,76245,1,1,1.0,2.0,A151,"49,5487730","1,0411350",,76.076245,76245,Seine-Maritime,28.0,Normandie,130.0,1.0,3.0,4,1.0,28,Normandie,76,3,24,Eslettes,1641,16,1657.0,2.0,7,,0.0,2.0,1.0,2.0,A01
201900001889,14,10,2019,15:25,1,76.0,76245,1,1,1.0,2.0,A151,"49,5487730","1,0411350",,76.076245,76245,Seine-Maritime,28.0,Normandie,130.0,1.0,3.0,4,1.0,28,Normandie,76,3,24,Eslettes,1641,16,1657.0,2.0,7,,3.0,2.0,4.0,2.0,B01
201900001928,28,11,2019,11:00,1,76.0,76647,2,1,1.0,6.0,Rue Félix Faure,"49,5298320","0,3578930",,76.076647,76647,Seine-Maritime,28.0,Normandie,50.0,4.0,2.0,2,2.0,28,Normandie,76,2,32,Saint-Romain-de-Colbosc,4436,43,4479.0,1.0,14,,0.0,1.0,2.0,23.0,A01
201900001967,26,11,2019,16:45,1,76.0,76498,2,1,1.0,2.0,KENNEDY. RUE DU PRESIDENT,"49,4317400","1,0702000",,76.076498,76498,Seine-Maritime,28.0,Normandie,30.0,4.0,1.0,1,1.0,28,Normandie,76,3,27,LePetit-Quevilly,21782,274,22056.0,0.0,7,,0.0,2.0,1.0,2.0,Z01
201900001967,26,11,2019,16:45,1,76.0,76498,2,1,1.0,2.0,KENNEDY. RUE DU PRESIDENT,"49,4317400","1,0702000",,76.076498,76498,Seine-Maritime,28.0,Normandie,30.0,4.0,1.0,1,1.0,28,Normandie,76,3,27,LePetit-Quevilly,21782,274,22056.0,0.0,1,,0.0,2.0,4.0,2.0,A01
201900001968,26,11,2019,11:40,1,76.0,76484,2,1,1.0,6.0,CARNOT. RUE SADI,"49,3422000","1,0912700",,76.076484,76484,Seine-Maritime,28.0,Normandie,50.0,4.0,2.0,2,1.0,28,Normandie,76,3,31,Oissel,12367,83,12450.0,3.0,10,,0.0,1.0,4.0,26.0,A01
201900001969,25,11,2019,17:30,5,76.0,76351,2,6,1.0,3.0,IRENE JOLIOT CURIE (RUE),"49,5318400","0,1031600",,76.076351,76351,Seine-Maritime,28.0,Normandie,50.0,3.0,1.0,2,1.0,28,Normandie,76,2,96,LeHavre,166058,1780,167838.0,0.0,1,,0.0,2.0,7.0,1.0,B01
201900001969,25,11,2019,17:30,5,76.0,76351,2,6,1.0,3.0,IRENE JOLIOT CURIE (RUE),"49,5318400","0,1031600",,76.076351,76351,Seine-Maritime,28.0,Normandie,50.0,3.0,1.0,2,1.0,28,Normandie,76,2,96,LeHavre,166058,1780,167838.0,0.0,7,,0.0,2.0,1.0,9.0,A01
201900002147,26,12,2019,18:00,5,76.0,76341,2,1,2.0,7.0,RESISTANCE (AVENUE DE LA),"49,4984561","0,2291518",,76.076341,76341,Seine-Maritime,28.0,Normandie,50.0,3.0,2.0,2,2.0,28,Normandie,76,2,15,Harfleur,8315,53,8368.0,1.0,10,,0.0,1.0,1.0,1.0,A01
201900002148,24,12,2019,19:50,5,76.0,76351,2,2,1.0,3.0,PAUL CLAUDEL,"49,5170100","0,1162700",,76.076351,76351,Seine-Maritime,28.0,Normandie,50.0,4.0,2.0,1,1.0,28,Normandie,76,2,96,LeHavre,166058,1780,167838.0,1.0,32,,0.0,2.0,1.0,1.0,B01
201900002148,24,12,2019,19:50,5,76.0,76351,2,2,1.0,3.0,PAUL CLAUDEL,"49,5170100","0,1162700",,76.076351,76351,Seine-Maritime,28.0,Normandie,50.0,4.0,2.0,1,1.0,28,Normandie,76,2,96,LeHavre,166058,1780,167838.0,1.0,7,,0.0,2.0,5.0,1.0,A01
201900002149,24,12,2019,10:10,1,76.0,76447,2,2,1.0,7.0,COMMUNE 1871 (DE LA),"49,5455400","0,1882000",,76.076447,76447,Seine-Maritime,28.0,Normandie,50.0,4.0,2.0,2,2.0,28,Normandie,76,2,15,Montivilliers,15457,203,15660.0,2.0,7,,0.0,1.0,3.0,15.0,A01
201900002150,19,12,2019,18:20,3,76.0,76384,2,1,2.0,7.0,HUGO VICTOR (RUE),"49,5179800","0,5367100",,76.076384,76384,Seine-Maritime,28.0,Normandie,50.0,9.0,2.0,2,2.0,28,Normandie,76,2,3,Lillebonne,8729,141,8870.0,1.0,7,,0.0,1.0,1.0,1.0,A01
201900002151,16,12,2019,13:25,1,76.0,76575,2,6,1.0,3.0,OREE DU ROUVRAY. RUE DE L',"49,3920800","1,0870400",,76.076575,76575,Seine-Maritime,28.0,Normandie,50.0,4.0,-1.0,1,1.0,28,Normandie,76,3,98,Saint-Étienne-du-Rouvray,28508,225,28733.0,3.0,7,,0.0,2.0,0.0,9.0,Z01
201900002151,16,12,2019,13:25,1,76.0,76575,2,6,1.0,3.0,OREE DU ROUVRAY. RUE DE L',"49,3920800","1,0870400",,76.076575,76575,Seine-Maritime,28.0,Normandie,50.0,4.0,-1.0,1,1.0,28,Normandie,76,3,98,Saint-Étienne-du-Rouvray,28508,225,28733.0,3.0,1,,0.0,2.0,0.0,9.0,A01
201900002152,6,12,2019,08:45,1,76.0,76351,2,4,2.0,2.0,GENERAL FERRIE (AVENUE),"49,5034575","0,1795542",,76.076351,76351,Seine-Maritime,28.0,Normandie,50.0,4.0,1.0,2,2.0,28,Normandie,76,2,96,LeHavre,166058,1780,167838.0,0.0,7,,0.0,2.0,4.0,23.0,B01
201900002152,6,12,2019,08:45,1,76.0,76351,2,4,2.0,2.0,GENERAL FERRIE (AVENUE),"49,5034575","0,1795542",,76.076351,76351,Seine-Maritime,28.0,Normandie,50.0,4.0,1.0,2,2.0,28,Normandie,76,2,96,LeHavre,166058,1780,167838.0,0.0,33,,0.0,2.0,1.0,1.0,A01
201900002153,15,12,2019,12:20,1,76.0,76305,2,1,1.0,7.0,ENTREPRISES (ROUTE DES),"49,4825000","0,1987700",,76.076305,76305,Seine-Maritime,28.0,Normandie,50.0,4.0,2.0,2,1.0,28,Normandie,76,2,16,Gonfreville-l'Orcher,8961,44,9005.0,1.0,7,,2.0,0.0,1.0,14.0,A01
201900002154,3,12,2019,16:20,1,76.0,76447,2,1,1.0,6.0,PRESIDENT WILSON,"49,5449526","0,1853192",,76.076447,76447,Seine-Maritime,28.0,Normandie,30.0,4.0,2.0,2,1.0,28,Normandie,76,2,15,Montivilliers,15457,203,15660.0,0.0,7,,0.0,1.0,1.0,1.0,A01
201900002155,3,12,2019,11:05,1,76.0,76351,2,3,1.0,6.0,PAUL MARION,"49,4847689","0,1334667",,76.076351,76351,Seine-Maritime,28.0,Normandie,50.0,3.0,2.0,2,1.0,28,Normandie,76,2,96,LeHavre,166058,1780,167838.0,0.0,7,,0.0,1.0,1.0,1.0,A01
201900002156,26,11,2019,16:00,1,76.0,76351,2,1,1.0,6.0,AMIRAL MOUCHEZ (BD),"49,4860800","0,1396300",,76.076351,76351,Seine-Maritime,28.0,Normandie,30.0,3.0,2.0,2,1.0,28,Normandie,76,2,96,LeHavre,166058,1780,167838.0,2.0,10,,0.0,1.0,3.0,1.0,A01
201900002304,18,9,2019,13:50,1,76.0,76351,2,2,1.0,3.0,STRASBOURG (BD),"49,4927000","0,1166000",,76.076351,76351,Seine-Maritime,28.0,Normandie,50.0,4.0,2.0,4,1.0,28,Normandie,76,2,96,LeHavre,166058,1780,167838.0,1.0,2,,0.0,2.0,8.0,1.0,B01
201900002304,18,9,2019,13:50,1,76.0,76351,2,2,1.0,3.0,STRASBOURG (BD),"49,4927000","0,1166000",,76.076351,76351,Seine-Maritime,28.0,Normandie,50.0,4.0,2.0,4,1.0,28,Normandie,76,2,96,LeHavre,166058,1780,167838.0,2.0,10,,0.0,2.0,2.0,15.0,A01
201900002305,18,9,2019,02:30,5,76.0,76351,2,3,1.0,6.0,JULES DURAND (BD),"49,4894000","0,1547200",,76.076351,76351,Seine-Maritime,28.0,Normandie,50.0,3.0,-1.0,2,1.0,28,Normandie,76,2,96,LeHavre,166058,1780,167838.0,1.0,15,,11.0,0.0,3.0,1.0,A01
201900002306,17,9,2019,19:45,1,76.0,76351,2,1,1.0,6.0,JULES DURAND (BD),"49,4893000","0,1540000",,76.076351,76351,Seine-Maritime,28.0,Normandie,50.0,3.0,2.0,2,1.0,28,Normandie,76,2,96,LeHavre,166058,1780,167838.0,2.0,7,,1.0,1.0,3.0,1.0,A01
201900002405,18,9,2019,11:00,1,76.0,76249,1,1,9.0,3.0,A 29,"49,6354900","1,1597470",,76.076249,76249,Seine-Maritime,28.0,Normandie,130.0,1.0,3.0,4,1.0,28,Normandie,76,1,20,Étaimpuis,850,7,857.0,1.0,10,,0.0,2.0,6.0,13.0,A01
201900002405,18,9,2019,11:00,1,76.0,76249,1,1,9.0,3.0,A 29,"49,6354900","1,1597470",,76.076249,76249,Seine-Maritime,28.0,Normandie,130.0,1.0,3.0,4,1.0,28,Normandie,76,1,20,Étaimpuis,850,7,857.0,1.0,10,,0.0,2.0,7.0,1.0,B01
201900002536,14,2,2019,16:30,1,76.0,76595,1,1,1.0,7.0,CD111,"49,6488890","0,1641260",,76.076595,76595,Seine-Maritime,28.0,Normandie,80.0,3.0,2.0,2,1.0,28,Normandie,76,2,26,Saint-Jouin-Bruneval,1829,35,1864.0,2.0,7,,13.0,0.0,1.0,1.0,A01
201900002650,8,7,2019,17:20,1,76.0,76498,1,1,1.0,6.0,SUD III (RN 338),"49,4296400","1,0566500",,76.076498,76498,Seine-Maritime,28.0,Normandie,90.0,2.0,3.0,4,1.0,28,Normandie,76,3,27,LePetit-Quevilly,21782,274,22056.0,2.0,33,,0.0,2.0,8.0,3.0,A01
201900002650,8,7,2019,17:20,1,76.0,76498,1,1,1.0,6.0,SUD III (RN 338),"49,4296400","1,0566500",,76.076498,76498,Seine-Maritime,28.0,Normandie,90.0,2.0,3.0,4,1.0,28,Normandie,76,3,27,LePetit-Quevilly,21782,274,22056.0,2.0,7,,0.0,2.0,5.0,12.0,Z01