Num_Acc,jour,mois,an,hrmn,lum,dep,com,agg,int,atm,col,adr,lat,long,gps,com_insee_temp,com_insee,departmentName,regionCode,regionName,vma,catr,circ,nbv,surf,Code,Region,Departement,Arrondissement,Code_Canton,Nom_Commune,Population_municipaLe,Population_comptee_a_part,Population_Totale,senc,catv,occutc,obs,obsm,choc,manv,num_veh
201900006464,24,4,2019,18:30,1,76.0,76351,1,6,1.0,3.0,SEIZIEME PORT (AVENUE DU),"49,4829400","0,1656000",,76.076351,76351,Seine-Maritime,28.0,Normandie,50.0,4.0,2.0,2,2.0,28,Normandie,76,2,96,LeHavre,166058,1780,167838.0,3.0,30,,0.0,2.0,2.0,1.0,B01
201900006465,23,4,2019,17:50,1,76.0,76351,2,1,1.0,3.0,LENINGRAD (BD DE),"49,4987268","0,1587484",,76.076351,76351,Seine-Maritime,28.0,Normandie,50.0,3.0,3.0,4,1.0,28,Normandie,76,2,96,LeHavre,166058,1780,167838.0,2.0,7,,0.0,2.0,3.0,23.0,B01
201900006465,23,4,2019,17:50,1,76.0,76351,2,1,1.0,3.0,LENINGRAD (BD DE),"49,4987268","0,1587484",,76.076351,76351,Seine-Maritime,28.0,Normandie,50.0,3.0,3.0,4,1.0,28,Normandie,76,2,96,LeHavre,166058,1780,167838.0,2.0,7,,0.0,2.0,2.0,1.0,A01
201900006466,20,4,2019,02:00,5,76.0,76351,2,2,1.0,2.0,PERE FLAVIGNY,"49,5119900","0,1291400",,76.076351,76351,Seine-Maritime,28.0,Normandie,50.0,4.0,2.0,2,1.0,28,Normandie,76,2,96,LeHavre,166058,1780,167838.0,2.0,7,,0.0,2.0,1.0,1.0,Z01
201900006466,20,4,2019,02:00,5,76.0,76351,2,2,1.0,2.0,PERE FLAVIGNY,"49,5119900","0,1291400",,76.076351,76351,Seine-Maritime,28.0,Normandie,50.0,4.0,2.0,2,1.0,28,Normandie,76,2,96,LeHavre,166058,1780,167838.0,2.0,7,,0.0,2.0,4.0,1.0,B01
201900006467,20,4,2019,20:15,2,76.0,76351,2,1,1.0,3.0,ARISTIDE BRIAND,"49,5004800","0,1386800",,76.076351,76351,Seine-Maritime,28.0,Normandie,50.0,4.0,2.0,2,1.0,28,Normandie,76,2,96,LeHavre,166058,1780,167838.0,1.0,7,,0.0,2.0,2.0,15.0,A01
201900006467,20,4,2019,20:15,2,76.0,76351,2,1,1.0,3.0,ARISTIDE BRIAND,"49,5004800","0,1386800",,76.076351,76351,Seine-Maritime,28.0,Normandie,50.0,4.0,2.0,2,1.0,28,Normandie,76,2,96,LeHavre,166058,1780,167838.0,2.0,33,,0.0,2.0,1.0,1.0,B01
201900006468,20,4,2019,13:45,1,76.0,76305,2,1,1.0,3.0,JACQUES DUCLOS,"49,5069700","0,2281100",,76.076305,76305,Seine-Maritime,28.0,Normandie,30.0,4.0,2.0,2,1.0,28,Normandie,76,2,16,Gonfreville-l'Orcher,8961,44,9005.0,1.0,7,,0.0,2.0,3.0,1.0,B01
201900006468,20,4,2019,13:45,1,76.0,76305,2,1,1.0,3.0,JACQUES DUCLOS,"49,5069700","0,2281100",,76.076305,76305,Seine-Maritime,28.0,Normandie,30.0,4.0,2.0,2,1.0,28,Normandie,76,2,16,Gonfreville-l'Orcher,8961,44,9005.0,1.0,1,,0.0,2.0,1.0,19.0,A01
201900006469,19,4,2019,04:50,3,76.0,76341,1,1,1.0,6.0,RD 6015,"49,5135300","0,1997800",,76.076341,76341,Seine-Maritime,28.0,Normandie,70.0,3.0,3.0,4,1.0,28,Normandie,76,2,15,Harfleur,8315,53,8368.0,2.0,7,,0.0,2.0,1.0,1.0,B01
201900006469,19,4,2019,04:50,3,76.0,76341,1,1,1.0,6.0,RD 6015,"49,5135300","0,1997800",,76.076341,76341,Seine-Maritime,28.0,Normandie,70.0,3.0,3.0,4,1.0,28,Normandie,76,2,15,Harfleur,8315,53,8368.0,2.0,7,,4.0,0.0,3.0,13.0,A01
201900006470,23,4,2019,15:05,1,76.0,76217,2,1,1.0,6.0,SAINT-JEAN,"49,9264300","1,0796200",,76.076217,76217,Seine-Maritime,28.0,Normandie,50.0,4.0,1.0,1,1.0,28,Normandie,76,1,95,Dieppe,28358,455,28813.0,3.0,7,,0.0,1.0,8.0,26.0,A01
201900006471,19,4,2019,18:45,1,76.0,76545,2,1,1.0,3.0,BOURBON (COURS),"49,9148900","1,0939500",,76.076545,76545,Seine-Maritime,28.0,Normandie,30.0,9.0,-1.0,1,1.0,28,Normandie,76,1,7,Rouxmesnil-BouteilLes1814,33,1847,,3.0,7,,0.0,2.0,0.0,0.0,B01
201900006471,19,4,2019,18:45,1,76.0,76545,2,1,1.0,3.0,BOURBON (COURS),"49,9148900","1,0939500",,76.076545,76545,Seine-Maritime,28.0,Normandie,30.0,9.0,-1.0,1,1.0,28,Normandie,76,1,7,Rouxmesnil-BouteilLes1814,33,1847,,0.0,1,,0.0,2.0,8.0,26.0,A01
201900006753,19,10,2019,07:05,5,76.0,76451,2,2,2.0,3.0,MONT AUX MALADES. AVENUE DU,"49,4660100","1,0709400",,76.076451,76451,Seine-Maritime,28.0,Normandie,50.0,4.0,2.0,2,2.0,28,Normandie,76,3,22,Mont-Saint-Aignan,20066,415,20481.0,0.0,7,,0.0,2.0,3.0,1.0,A01
201900006753,19,10,2019,07:05,5,76.0,76451,2,2,2.0,3.0,MONT AUX MALADES. AVENUE DU,"49,4660100","1,0709400",,76.076451,76451,Seine-Maritime,28.0,Normandie,50.0,4.0,2.0,2,2.0,28,Normandie,76,3,22,Mont-Saint-Aignan,20066,415,20481.0,0.0,7,,0.0,2.0,1.0,1.0,B01
201900006932,10,8,2019,05:00,3,76.0,76714,1,1,1.0,7.0,RD 6015,"49,5540130","0,4207430",,76.076714,76714,Seine-Maritime,28.0,Normandie,80.0,3.0,2.0,2,1.0,28,Normandie,76,2,32,LesTrois-Pierres,797,15,812.0,1.0,2,,0.0,6.0,0.0,0.0,A01
201900007047,10,8,2019,18:45,1,76.0,76287,1,4,1.0,2.0,Route de Montville,"49,5609240","1,0321490",,76.076287,76287,Seine-Maritime,28.0,Normandie,70.0,3.0,2.0,2,1.0,28,Normandie,76,3,24,Fresquiennes,1063,14,1077.0,1.0,33,,0.0,2.0,1.0,2.0,A01
201900007047,10,8,2019,18:45,1,76.0,76287,1,4,1.0,2.0,Route de Montville,"49,5609240","1,0321490",,76.076287,76287,Seine-Maritime,28.0,Normandie,70.0,3.0,2.0,2,1.0,28,Normandie,76,3,24,Fresquiennes,1063,14,1077.0,1.0,7,,0.0,0.0,4.0,2.0,B01
201900007161,26,11,2019,17:45,3,76.0,76289,1,1,1.0,1.0,Rue de Caudebec,"49,5632520","0,8259350",,76.076289,76289,Seine-Maritime,28.0,Normandie,80.0,3.0,2.0,2,2.0,28,Normandie,76,3,24,Saint Martin de l'If,1732,24,1756.0,2.0,7,,0.0,2.0,3.0,13.0,A01
201900007161,26,11,2019,17:45,3,76.0,76289,1,1,1.0,1.0,Rue de Caudebec,"49,5632520","0,8259350",,76.076289,76289,Seine-Maritime,28.0,Normandie,80.0,3.0,2.0,2,2.0,28,Normandie,76,3,24,Saint Martin de l'If,1732,24,1756.0,1.0,10,,0.0,2.0,3.0,1.0,B01
201900007361,8,7,2019,12:30,1,76.0,76394,1,1,1.0,7.0,D14,"49,9733560","1,5349560",,76.076394,76394,Seine-Maritime,28.0,Normandie,80.0,3.0,2.0,2,1.0,28,Normandie,76,1,10,Longroy,633,6,639.0,2.0,7,,0.0,0.0,9.0,0.0,A01
201900007416,4,7,2019,15:30,1,76.0,76552,2,3,1.0,3.0,REINE ELISABETH,"49,5027000","0,0866000",,76.076552,76552,Seine-Maritime,28.0,Normandie,50.0,3.0,2.0,2,1.0,28,Normandie,76,2,19,Sainte-Adresse,7116,188,7304.0,0.0,2,,0.0,2.0,1.0,17.0,A01
201900007416,4,7,2019,15:30,1,76.0,76552,2,3,1.0,3.0,REINE ELISABETH,"49,5027000","0,0866000",,76.076552,76552,Seine-Maritime,28.0,Normandie,50.0,3.0,2.0,2,1.0,28,Normandie,76,2,19,Sainte-Adresse,7116,188,7304.0,0.0,7,,0.0,2.0,3.0,15.0,B01
201900007601,1,12,2019,16:35,1,76.0,76429,2,1,1.0,3.0,DARNETAL. ROUTE DE,"49,4177000","1,1464400",,76.076429,76429,Seine-Maritime,28.0,Normandie,70.0,3.0,2.0,2,1.0,28,Normandie,76,3,21,LeMesnil-Esnard,7980,353,8333.0,0.0,1,,0.0,2.0,8.0,13.0,A01
201900007601,1,12,2019,16:35,1,76.0,76429,2,1,1.0,3.0,DARNETAL. ROUTE DE,"49,4177000","1,1464400",,76.076429,76429,Seine-Maritime,28.0,Normandie,70.0,3.0,2.0,2,1.0,28,Normandie,76,3,21,LeMesnil-Esnard,7980,353,8333.0,1.0,7,,0.0,2.0,7.0,1.0,B01
201900007602,15,12,2019,01:25,5,76.0,76351,1,1,2.0,6.0,CHRISTOPHE COLOMB (AVENUE),"49,4772900","0,1434500",,76.076351,76351,Seine-Maritime,28.0,Normandie,70.0,4.0,3.0,4,2.0,28,Normandie,76,2,96,LeHavre,166058,1780,167838.0,0.0,7,,9.0,0.0,7.0,13.0,A01
201900007603,15,12,2019,09:00,2,76.0,76447,2,6,1.0,3.0,BELLE ETOILE,"49,5480600","0,1683500",,76.076447,76447,Seine-Maritime,28.0,Normandie,50.0,3.0,4.0,2,2.0,28,Normandie,76,2,15,Montivilliers,15457,203,15660.0,1.0,7,,0.0,2.0,3.0,9.0,A01
201900007603,15,12,2019,09:00,2,76.0,76447,2,6,1.0,3.0,BELLE ETOILE,"49,5480600","0,1683500",,76.076447,76447,Seine-Maritime,28.0,Normandie,50.0,3.0,4.0,2,2.0,28,Normandie,76,2,15,Montivilliers,15457,203,15660.0,1.0,2,,0.0,2.0,7.0,1.0,B01
201900007604,30,11,2019,03:05,5,76.0,76351,2,2,1.0,3.0,BOIS AU COQ (RUE),"49,5110200","0,1286800",,76.076351,76351,Seine-Maritime,28.0,Normandie,50.0,4.0,2.0,4,1.0,28,Normandie,76,2,96,LeHavre,166058,1780,167838.0,1.0,7,,0.0,2.0,1.0,1.0,A01
201900007604,30,11,2019,03:05,5,76.0,76351,2,2,1.0,3.0,BOIS AU COQ (RUE),"49,5110200","0,1286800",,76.076351,76351,Seine-Maritime,28.0,Normandie,50.0,4.0,2.0,4,1.0,28,Normandie,76,2,96,LeHavre,166058,1780,167838.0,2.0,7,,0.0,2.0,2.0,1.0,B01
201900007731,15,9,2019,12:00,1,76.0,76540,2,1,1.0,6.0,BELGES. BOULEVARD DES,"49,4452200","1,0859700",,76.076540,76540,Seine-Maritime,28.0,Normandie,50.0,3.0,2.0,6,1.0,28,Normandie,76,3,97,Rouen,114083,1556,115639.0,0.0,7,,0.0,1.0,1.0,7.0,A01
201900007732,14,9,2019,14:30,1,76.0,76157,2,1,1.0,2.0,CD 51 (RUE DU CANAL),"49,4568300","1,0440800",,76.076157,76157,Seine-Maritime,28.0,Normandie,50.0,3.0,2.0,2,1.0,28,Normandie,76,3,4,Canteleu,13966,360,14326.0,0.0,1,,0.0,2.0,7.0,1.0,A01
201900007732,14,9,2019,14:30,1,76.0,76157,2,1,1.0,2.0,CD 51 (RUE DU CANAL),"49,4568300","1,0440800",,76.076157,76157,Seine-Maritime,28.0,Normandie,50.0,3.0,2.0,2,1.0,28,Normandie,76,3,4,Canteleu,13966,360,14326.0,0.0,7,,0.0,2.0,0.0,16.0,Z01
201900007733,14,9,2019,02:45,5,76.0,76474,2,1,1.0,6.0,RN 27 (ROUTE DE DIEPPE),"49,4962200","1,0485600",,76.076474,76474,Seine-Maritime,28.0,Normandie,50.0,3.0,2.0,3,1.0,28,Normandie,76,3,24,Notre-Dame-de-BondevilLe6957,82,7039,,0.0,7,,1.0,0.0,3.0,13.0,A01
201900007734,13,9,2019,08:10,1,76.0,76451,2,1,2.0,5.0,SIEGFRIED. BOULEVARD ANDRE,"49,4589300","1,0679800",,76.076451,76451,Seine-Maritime,28.0,Normandie,30.0,4.0,2.0,2,2.0,28,Normandie,76,3,22,Mont-Saint-Aignan,20066,415,20481.0,0.0,7,,0.0,2.0,1.0,2.0,A01
201900007734,13,9,2019,08:10,1,76.0,76451,2,1,2.0,5.0,SIEGFRIED. BOULEVARD ANDRE,"49,4589300","1,0679800",,76.076451,76451,Seine-Maritime,28.0,Normandie,30.0,4.0,2.0,2,2.0,28,Normandie,76,3,22,Mont-Saint-Aignan,20066,415,20481.0,0.0,31,,0.0,2.0,4.0,2.0,B01
201900007734,13,9,2019,08:10,1,76.0,76451,2,1,2.0,5.0,SIEGFRIED. BOULEVARD ANDRE,"49,4589300","1,0679800",,76.076451,76451,Seine-Maritime,28.0,Normandie,30.0,4.0,2.0,2,2.0,28,Normandie,76,3,22,Mont-Saint-Aignan,20066,415,20481.0,0.0,33,,0.0,2.0,4.0,2.0,C01
201900007735,15,9,2019,18:10,1,76.0,76341,2,3,1.0,6.0,RESISTANCE (AVENUE DE LA),"49,5047600","0,1974800",,76.076341,76341,Seine-Maritime,28.0,Normandie,50.0,3.0,2.0,2,1.0,28,Normandie,76,2,15,Harfleur,8315,53,8368.0,0.0,30,,0.0,1.0,1.0,17.0,Z01
201900007904,13,2,2019,10:25,1,76.0,76719,2,1,7.0,6.0,rue André FIQUET,"49,7438780","0,5114340",,76.076719,76719,Seine-Maritime,28.0,Normandie,50.0,3.0,2.0,2,1.0,28,Normandie,76,2,11,Valmont,867,15,882.0,1.0,7,,0.0,1.0,2.0,1.0,A01
201900007905,4,2,2019,08:25,2,76.0,76357,1,1,2.0,1.0,D925,"49,5984820","0,2711900",,76.076357,76357,Seine-Maritime,28.0,Normandie,80.0,3.0,2.0,2,2.0,28,Normandie,76,2,26,HermevilLe351,16,367,,1.0,7,,0.0,2.0,1.0,1.0,A01
201900007905,4,2,2019,08:25,2,76.0,76357,1,1,2.0,1.0,D925,"49,5984820","0,2711900",,76.076357,76357,Seine-Maritime,28.0,Normandie,80.0,3.0,2.0,2,2.0,28,Normandie,76,2,26,HermevilLe351,16,367,,2.0,7,,0.0,2.0,3.0,1.0,B01
201900008303,20,10,2019,18:00,2,76.0,76753,1,1,2.0,1.0,route départementale 6015,"49,3372970","1,1523230",,76.076753,76753,Seine-Maritime,28.0,Normandie,80.0,3.0,2.0,2,2.0,28,Normandie,76,3,6,Ymare,1212,22,1234.0,1.0,7,,0.0,2.0,1.0,0.0,A01
201900008303,20,10,2019,18:00,2,76.0,76753,1,1,2.0,1.0,route départementale 6015,"49,3372970","1,1523230",,76.076753,76753,Seine-Maritime,28.0,Normandie,80.0,3.0,2.0,2,2.0,28,Normandie,76,3,6,Ymare,1212,22,1234.0,2.0,7,,0.0,2.0,1.0,0.0,B01
201900008344,17,10,2019,14:10,1,76.0,76540,2,2,1.0,3.0,HAVRE. ROUTE DU,"49,4527000","1,0566200",,76.076540,76540,Seine-Maritime,28.0,Normandie,50.0,3.0,2.0,2,1.0,28,Normandie,76,3,97,Rouen,114083,1556,115639.0,1.0,7,,0.0,2.0,2.0,15.0,A01
201900008344,17,10,2019,14:10,1,76.0,76540,2,2,1.0,3.0,HAVRE. ROUTE DU,"49,4527000","1,0566200",,76.076540,76540,Seine-Maritime,28.0,Normandie,50.0,3.0,2.0,2,1.0,28,Normandie,76,3,97,Rouen,114083,1556,115639.0,2.0,33,,0.0,2.0,1.0,1.0,B01
201900008345,17,10,2019,18:45,1,76.0,76410,2,1,2.0,3.0,REPUBLIQUE. RUE DE LA,"49,4745900","1,0421300",,76.076410,76410,Seine-Maritime,28.0,Normandie,50.0,4.0,2.0,2,2.0,28,Normandie,76,3,4,Maromme,11024,122,11146.0,0.0,30,,0.0,2.0,1.0,1.0,B01
201900008345,17,10,2019,18:45,1,76.0,76410,2,1,2.0,3.0,REPUBLIQUE. RUE DE LA,"49,4745900","1,0421300",,76.076410,76410,Seine-Maritime,28.0,Normandie,50.0,4.0,2.0,2,2.0,28,Normandie,76,3,4,Maromme,11024,122,11146.0,0.0,7,,0.0,2.0,8.0,26.0,A01
201900008686,2,6,2019,11:45,1,76.0,76705,1,1,1.0,3.0,A 13 PK 110.020,"49,3284590","1,0889370",,76.076705,76705,Seine-Maritime,28.0,Normandie,110.0,1.0,2.0,3,1.0,28,Normandie,76,3,5,Tourville-la-Rivière,2568,19,2587.0,2.0,7,,0.0,2.0,2.0,12.0,A01
201900008686,2,6,2019,11:45,1,76.0,76705,1,1,1.0,3.0,A 13 PK 110.020,"49,3284590","1,0889370",,76.076705,76705,Seine-Maritime,28.0,Normandie,110.0,1.0,2.0,3,1.0,28,Normandie,76,3,5,Tourville-la-Rivière,2568,19,2587.0,2.0,31,,0.0,2.0,8.0,3.0,B01
201900008766,7,8,2019,08:35,1,76.0,76351,2,3,1.0,3.0,LESUEUR (RUE),"49,4948000","0,1228900",,76.076351,76351,Seine-Maritime,28.0,Normandie,50.0,4.0,2.0,2,1.0,28,Normandie,76,2,96,LeHavre,166058,1780,167838.0,3.0,7,,0.0,2.0,3.0,26.0,A01
201900008766,7,8,2019,08:35,1,76.0,76351,2,3,1.0,3.0,LESUEUR (RUE),"49,4948000","0,1228900",,76.076351,76351,Seine-Maritime,28.0,Normandie,50.0,4.0,2.0,2,1.0,28,Normandie,76,2,96,LeHavre,166058,1780,167838.0,2.0,7,,0.0,2.0,1.0,1.0,B01
201900008767,7,8,2019,04:35,3,76.0,76481,1,1,1.0,7.0,rd 940,"49,5425000","0,1047000",,76.076481,76481,Seine-Maritime,28.0,Normandie,80.0,3.0,2.0,2,1.0,28,Normandie,76,2,26,Octeville-sur-Mer,6122,119,6241.0,1.0,7,,0.0,0.0,9.0,1.0,A01
201900009073,21,11,2019,19:20,4,76.0,76575,1,1,1.0,3.0,ROUSSEAU. RUE JEAN JACQUES,"49,3811200","1,1097500",,76.076575,76575,Seine-Maritime,28.0,Normandie,50.0,4.0,2.0,2,1.0,28,Normandie,76,3,98,Saint-Étienne-du-Rouvray,28508,225,28733.0,3.0,7,,0.0,2.0,1.0,0.0,B01
201900009073,21,11,2019,19:20,4,76.0,76575,1,1,1.0,3.0,ROUSSEAU. RUE JEAN JACQUES,"49,3811200","1,1097500",,76.076575,76575,Seine-Maritime,28.0,Normandie,50.0,4.0,2.0,2,1.0,28,Normandie,76,3,98,Saint-Étienne-du-Rouvray,28508,225,28733.0,3.0,30,,0.0,2.0,1.0,17.0,A01
201900009134,5,7,2019,08:45,1,76.0,76498,2,2,1.0,3.0,DOCTEUR CHARCOT. RUE DU,"49,4298900","1,0644000",,76.076498,76498,Seine-Maritime,28.0,Normandie,50.0,4.0,1.0,1,1.0,28,Normandie,76,3,27,LePetit-Quevilly,21782,274,22056.0,0.0,7,,0.0,2.0,7.0,1.0,B01
201900009134,5,7,2019,08:45,1,76.0,76498,2,2,1.0,3.0,DOCTEUR CHARCOT. RUE DU,"49,4298900","1,0644000",,76.076498,76498,Seine-Maritime,28.0,Normandie,50.0,4.0,1.0,1,1.0,28,Normandie,76,3,27,LePetit-Quevilly,21782,274,22056.0,0.0,7,,0.0,0.0,0.0,0.0,Z01
201900009135,5,7,2019,11:20,1,76.0,76351,2,1,1.0,6.0,AUGUSTE BLANQUI (PONT),"49,4998000","0,1624000",,76.076351,76351,Seine-Maritime,28.0,Normandie,50.0,4.0,2.0,2,1.0,28,Normandie,76,2,96,LeHavre,166058,1780,167838.0,0.0,30,,0.0,1.0,1.0,1.0,Z01
201900009136,4,7,2019,07:45,1,76.0,76305,1,2,1.0,6.0,BREQUE (Route de la),"49,4877800","0,1962100",,76.076305,76305,Seine-Maritime,28.0,Normandie,70.0,4.0,2.0,3,1.0,28,Normandie,76,2,16,Gonfreville-l'Orcher,8961,44,9005.0,0.0,7,,0.0,2.0,8.0,13.0,A01
201900009136,4,7,2019,07:45,1,76.0,76305,1,2,1.0,6.0,BREQUE (Route de la),"49,4877800","0,1962100",,76.076305,76305,Seine-Maritime,28.0,Normandie,70.0,4.0,2.0,3,1.0,28,Normandie,76,2,16,Gonfreville-l'Orcher,8961,44,9005.0,0.0,7,,0.0,2.0,7.0,15.0,B01
201900009137,3,7,2019,13:30,1,76.0,76447,2,1,1.0,6.0,4 SAISONS (RUE DES ),"49,5352200","0,1855100",,76.076447,76447,Seine-Maritime,28.0,Normandie,30.0,6.0,-1.0,0,1.0,28,Normandie,76,2,15,Montivilliers,15457,203,15660.0,0.0,7,,0.0,1.0,1.0,1.0,A01
201900009138,5,7,2019,15:13,1,76.0,76217,2,1,1.0,6.0,GAMBETTA (AVENUE),"49,9151800","1,0747700",,76.076217,76217,Seine-Maritime,28.0,Normandie,50.0,3.0,2.0,3,1.0,28,Normandie,76,1,95,Dieppe,28358,455,28813.0,1.0,7,,0.0,1.0,1.0,1.0,A01
201900009452,18,12,2019,15:45,1,76.0,76351,2,3,1.0,7.0,ARISTIDE BRIAND,"49,5002300","0,1348000",,76.076351,76351,Seine-Maritime,28.0,Normandie,50.0,3.0,2.0,2,1.0,28,Normandie,76,2,96,LeHavre,166058,1780,167838.0,2.0,33,,0.0,1.0,1.0,1.0,A01
201900009593,16,9,2019,16:00,1,76.0,76536,1,1,1.0,6.0,229 Route de Darnétal,"49,4585800","1,1656270",,76.076536,76536,Seine-Maritime,28.0,Normandie,70.0,3.0,2.0,2,1.0,28,Normandie,76,3,6,Roncherolles-sur-le-Vivier,1231,23,1254.0,1.0,1,,2.0,0.0,0.0,1.0,A01
201900009736,23,3,2019,11:45,1,76.0,76307,2,1,1.0,7.0,Rue Gaston Delahais,"49,6380060","0,2183970",,76.076307,76307,Seine-Maritime,28.0,Normandie,-1.0,6.0,-1.0,-1,1.0,28,Normandie,76,2,26,Gonneville-la-Mallet,1363,13,1376.0,3.0,33,,9.0,0.0,0.0,26.0,A01
201900009737,24,3,2019,14:30,1,76.0,76179,2,1,1.0,6.0,Avenue du parc,"49,5920000","1,0990000",,76.076179,76179,Seine-Maritime,28.0,Normandie,50.0,3.0,2.0,2,1.0,28,Normandie,76,3,2,Clères,1380,15,1395.0,1.0,7,,0.0,1.0,2.0,1.0,A01
201900009738,22,3,2019,20:15,3,76.0,76038,1,1,5.0,7.0,D53,"49,5836540","1,1345130",,76.076038,76038,Seine-Maritime,28.0,Normandie,80.0,3.0,2.0,2,1.0,28,Normandie,76,3,2,Authieux-RatiévilLe403,6,409,,2.0,2,,13.0,0.0,0.0,1.0,A01
201900009739,23,3,2019,20:15,3,76.0,76517,1,1,2.0,3.0,694 Route de Dieppe,"49,5167900","1,1395130",,76.076517,76517,Seine-Maritime,28.0,Normandie,80.0,3.0,2.0,2,2.0,28,Normandie,76,3,2,Quincampoix,3110,68,3178.0,1.0,7,,0.0,2.0,3.0,9.0,A01
201900009739,23,3,2019,20:15,3,76.0,76517,1,1,2.0,3.0,694 Route de Dieppe,"49,5167900","1,1395130",,76.076517,76517,Seine-Maritime,28.0,Normandie,80.0,3.0,2.0,2,2.0,28,Normandie,76,3,2,Quincampoix,3110,68,3178.0,2.0,33,,0.0,2.0,0.0,1.0,B01
201900009955,8,2,2019,07:25,2,76.0,76563,2,1,1.0,1.0,RD 6015,"49,5207590","0,3082880",,76.076563,76563,Seine-Maritime,28.0,Normandie,50.0,3.0,2.0,2,1.0,28,Normandie,76,2,32,Saint-Aubin-Routot,1954,20,1974.0,2.0,7,,0.0,2.0,3.0,1.0,B01
201900009955,8,2,2019,07:25,2,76.0,76563,2,1,1.0,1.0,RD 6015,"49,5207590","0,3082880",,76.076563,76563,Seine-Maritime,28.0,Normandie,50.0,3.0,2.0,2,1.0,28,Normandie,76,2,32,Saint-Aubin-Routot,1954,20,1974.0,1.0,33,,16.0,2.0,1.0,5.0,A01
201900010212,15,10,2019,15:58,1,76.0,76402,2,2,1.0,6.0, (ROUTE DE DIEPPE),"49,5283600","1,0416800",,76.076402,76402,Seine-Maritime,28.0,Normandie,50.0,3.0,2.0,2,2.0,28,Normandie,76,3,24,Malaunay,6143,49,6192.0,0.0,1,,0.0,1.0,1.0,25.0,A01
201900010213,16,10,2019,15:13,1,76.0,76351,2,2,2.0,2.0,VERDUN (RUE DE),"49,5022552","0,1869219",,76.076351,76351,Seine-Maritime,28.0,Normandie,50.0,4.0,2.0,2,2.0,28,Normandie,76,2,96,LeHavre,166058,1780,167838.0,1.0,2,,0.0,2.0,1.0,2.0,A01
201900010213,16,10,2019,15:13,1,76.0,76351,2,2,2.0,2.0,VERDUN (RUE DE),"49,5022552","0,1869219",,76.076351,76351,Seine-Maritime,28.0,Normandie,50.0,4.0,2.0,2,2.0,28,Normandie,76,2,96,LeHavre,166058,1780,167838.0,1.0,7,,0.0,2.0,4.0,2.0,B01
201900010214,17,10,2019,16:25,1,76.0,76217,2,2,1.0,1.0,REPUBLIQUE (AVENUE DE LA),"49,9246000","1,1037000",,76.076217,76217,Seine-Maritime,28.0,Normandie,50.0,3.0,2.0,2,1.0,28,Normandie,76,1,95,Dieppe,28358,455,28813.0,1.0,7,,0.0,2.0,2.0,15.0,B01
201900010214,17,10,2019,16:25,1,76.0,76217,2,2,1.0,1.0,REPUBLIQUE (AVENUE DE LA),"49,9246000","1,1037000",,76.076217,76217,Seine-Maritime,28.0,Normandie,50.0,3.0,2.0,2,1.0,28,Normandie,76,1,95,Dieppe,28358,455,28813.0,2.0,30,,14.0,0.0,1.0,21.0,A01
201900010703,10,8,2019,19:30,1,76.0,76071,1,1,1.0,7.0,Rue du 31 Août 1944,"49,9163000","1,2483680",,76.076071,76071,Seine-Maritime,28.0,Normandie,80.0,3.0,-1.0,2,1.0,28,Normandie,76,1,8,BellengrevilLe472,14,486,,2.0,31,,13.0,0.0,7.0,1.0,A01
201900010704,10,8,2019,20:45,2,76.0,76743,1,9,1.0,7.0,a 150,"49,5426646","0,9279907",,76.076743,76743,Seine-Maritime,28.0,Normandie,130.0,1.0,1.0,4,1.0,28,Normandie,76,3,1,Villers-ÉcalLes1734,12,1746,,2.0,33,,0.0,0.0,3.0,2.0,A01
201900010980,6,7,2019,16:40,1,76.0,76517,1,1,1.0,6.0,Autoroute A28,"49,5334742","1,2186402",,76.076517,76517,Seine-Maritime,28.0,Normandie,110.0,1.0,3.0,4,1.0,28,Normandie,76,3,2,Quincampoix,3110,68,3178.0,2.0,7,,13.0,0.0,2.0,2.0,A01
201900011093,23,11,2019,11:40,1,76.0,76712,1,1,2.0,1.0,D34,"49,5510860","0,5681520",,76.076712,76712,Seine-Maritime,28.0,Normandie,80.0,3.0,2.0,2,2.0,28,Normandie,76,2,3,La Trinité-du-Mont,883,17,900.0,1.0,7,,0.0,2.0,3.0,1.0,B01
201900011093,23,11,2019,11:40,1,76.0,76712,1,1,2.0,1.0,D34,"49,5510860","0,5681520",,76.076712,76712,Seine-Maritime,28.0,Normandie,80.0,3.0,2.0,2,2.0,28,Normandie,76,2,3,La Trinité-du-Mont,883,17,900.0,2.0,7,,0.0,2.0,3.0,1.0,A01
201900011235,17,12,2019,09:00,1,76.0,76540,2,1,1.0,3.0,NEUFCHATEL. ROUTE DE,"49,4546702","1,1056495",,76.076540,76540,Seine-Maritime,28.0,Normandie,50.0,3.0,2.0,4,1.0,28,Normandie,76,3,97,Rouen,114083,1556,115639.0,0.0,2,,0.0,2.0,1.0,18.0,A01
201900011235,17,12,2019,09:00,1,76.0,76540,2,1,1.0,3.0,NEUFCHATEL. ROUTE DE,"49,4546702","1,1056495",,76.076540,76540,Seine-Maritime,28.0,Normandie,50.0,3.0,2.0,4,1.0,28,Normandie,76,3,97,Rouen,114083,1556,115639.0,0.0,7,,0.0,2.0,8.0,22.0,B01
201900011236,16,12,2019,07:40,5,76.0,76366,2,1,1.0,6.0,11 NOVEMBRE. RUE DU,"49,5215500","1,0333400",,76.076366,76366,Seine-Maritime,28.0,Normandie,50.0,3.0,2.0,2,2.0,28,Normandie,76,3,24,LeHoulme,4133,32,4165.0,1.0,7,,0.0,1.0,3.0,1.0,A01