Num_Acc,jour,mois,an,hrmn,lum,dep,com,agg,int,atm,col,adr,lat,long,gps,com_insee_temp,com_insee,departmentName,regionCode,regionName,vma,catr,circ,nbv,surf,Code,Region,Departement,Arrondissement,Code_Canton,Nom_Commune,Population_municipaLe,Population_comptee_a_part,Population_Totale,senc,catv,occutc,obs,obsm,choc,manv,num_veh
201900011237,13,12,2019,23:00,5,76.0,76351,2,3,2.0,3.0,MARECHAL JOFFRE (RUE),"49,4999611","0,1276892",,76.076351,76351,Seine-Maritime,28.0,Normandie,50.0,4.0,2.0,2,2.0,28,Normandie,76,2,96,LeHavre,166058,1780,167838.0,0.0,2,,0.0,2.0,1.0,1.0,B01
201900011237,13,12,2019,23:00,5,76.0,76351,2,3,2.0,3.0,MARECHAL JOFFRE (RUE),"49,4999611","0,1276892",,76.076351,76351,Seine-Maritime,28.0,Normandie,50.0,4.0,2.0,2,2.0,28,Normandie,76,2,96,LeHavre,166058,1780,167838.0,0.0,7,,0.0,2.0,3.0,10.0,A01
201900011238,13,12,2019,17:45,3,76.0,76447,1,1,2.0,2.0,RD 489,"49,5402813","0,2109128",,76.076447,76447,Seine-Maritime,28.0,Normandie,110.0,3.0,3.0,4,2.0,28,Normandie,76,2,15,Montivilliers,15457,203,15660.0,2.0,7,,0.0,2.0,4.0,2.0,B01
201900011238,13,12,2019,17:45,3,76.0,76447,1,1,2.0,2.0,RD 489,"49,5402813","0,2109128",,76.076447,76447,Seine-Maritime,28.0,Normandie,110.0,3.0,3.0,4,2.0,28,Normandie,76,2,15,Montivilliers,15457,203,15660.0,2.0,7,,0.0,2.0,1.0,2.0,A01
201900011460,15,9,2019,18:25,1,76.0,76235,2,3,7.0,3.0,72 rue des canadiens,"49,8971767","1,2596041",,76.076235,76235,Seine-Maritime,28.0,Normandie,50.0,3.0,2.0,2,1.0,28,Normandie,76,1,8,Envermeu,1978,132,2110.0,1.0,33,,0.0,2.0,8.0,1.0,B01
201900011460,15,9,2019,18:25,1,76.0,76235,2,3,7.0,3.0,72 rue des canadiens,"49,8971767","1,2596041",,76.076235,76235,Seine-Maritime,28.0,Normandie,50.0,3.0,2.0,2,1.0,28,Normandie,76,1,8,Envermeu,1978,132,2110.0,2.0,7,,0.0,2.0,3.0,15.0,A01
201900011604,18,3,2019,10:48,1,76.0,76057,2,9,7.0,6.0,Rue Saint-Hélier,"49,5449670","0,9572390",,76.076057,76057,Seine-Maritime,28.0,Normandie,50.0,3.0,2.0,2,1.0,28,Normandie,76,3,1,Barentin,12154,238,12392.0,0.0,7,,0.0,1.0,3.0,15.0,A01
201900011605,24,3,2019,11:20,1,76.0,76283,1,3,1.0,2.0,Route de pommereval - RD 915,"49,7331160","1,3267310",,76.076283,76283,Seine-Maritime,28.0,Normandie,80.0,3.0,2.0,2,1.0,28,Normandie,76,1,23,FresLes237,5,242,,1.0,33,,0.0,2.0,1.0,26.0,A01
201900011605,24,3,2019,11:20,1,76.0,76283,1,3,1.0,2.0,Route de pommereval - RD 915,"49,7331160","1,3267310",,76.076283,76283,Seine-Maritime,28.0,Normandie,80.0,3.0,2.0,2,1.0,28,Normandie,76,1,23,FresLes237,5,242,,1.0,7,,0.0,0.0,4.0,2.0,B01
201900011606,22,3,2019,20:30,5,76.0,76647,2,2,5.0,1.0,Avenue Maréchal de Lattre de Tassigny,"49,5327110","0,3543100",,76.076647,76647,Seine-Maritime,28.0,Normandie,50.0,3.0,2.0,2,1.0,28,Normandie,76,2,32,Saint-Romain-de-Colbosc,4436,43,4479.0,1.0,31,,0.0,2.0,1.0,1.0,B01
201900011606,22,3,2019,20:30,5,76.0,76647,2,2,5.0,1.0,Avenue Maréchal de Lattre de Tassigny,"49,5327110","0,3543100",,76.076647,76647,Seine-Maritime,28.0,Normandie,50.0,3.0,2.0,2,1.0,28,Normandie,76,2,32,Saint-Romain-de-Colbosc,4436,43,4479.0,2.0,7,,0.0,2.0,3.0,15.0,A01
201900011681,12,3,2019,20:25,5,76.0,76457,2,1,1.0,3.0,DEPARTEMENTALE 3,"49,3418200","0,9667700",,76.076457,76457,Seine-Maritime,28.0,Normandie,50.0,3.0,-1.0,2,1.0,28,Normandie,76,3,9,Moulineaux,932,16,948.0,3.0,7,,0.0,2.0,2.0,0.0,B01
201900011681,12,3,2019,20:25,5,76.0,76457,2,1,1.0,3.0,DEPARTEMENTALE 3,"49,3418200","0,9667700",,76.076457,76457,Seine-Maritime,28.0,Normandie,50.0,3.0,-1.0,2,1.0,28,Normandie,76,3,9,Moulineaux,932,16,948.0,3.0,7,,0.0,2.0,1.0,0.0,A01
201900011711,18,3,2019,16:25,1,76.0,76540,2,1,1.0,2.0,BRIAND. AVENUE ARISTIDE,"49,4361400","1,1013200",,76.076540,76540,Seine-Maritime,28.0,Normandie,50.0,3.0,3.0,6,2.0,28,Normandie,76,3,97,Rouen,114083,1556,115639.0,1.0,7,,0.0,2.0,4.0,2.0,A01
201900011711,18,3,2019,16:25,1,76.0,76540,2,1,1.0,2.0,BRIAND. AVENUE ARISTIDE,"49,4361400","1,1013200",,76.076540,76540,Seine-Maritime,28.0,Normandie,50.0,3.0,3.0,6,2.0,28,Normandie,76,3,97,Rouen,114083,1556,115639.0,1.0,7,,0.0,2.0,1.0,2.0,Z01
201900011712,18,3,2019,09:00,1,76.0,76481,1,1,1.0,6.0,GOLF (CHEMIN DU),"49,5664000","0,1372000",,76.076481,76481,Seine-Maritime,28.0,Normandie,80.0,4.0,2.0,2,1.0,28,Normandie,76,2,26,Octeville-sur-Mer,6122,119,6241.0,0.0,1,,0.0,2.0,3.0,1.0,A01
201900011712,18,3,2019,09:00,1,76.0,76481,1,1,1.0,6.0,GOLF (CHEMIN DU),"49,5664000","0,1372000",,76.076481,76481,Seine-Maritime,28.0,Normandie,80.0,4.0,2.0,2,1.0,28,Normandie,76,2,26,Octeville-sur-Mer,6122,119,6241.0,0.0,7,,0.0,2.0,7.0,17.0,Z01
201900011713,18,3,2019,08:42,1,76.0,76351,2,2,1.0,5.0,CAVEE VERTE (RUE DE LA),"49,5054700","0,1147400",,76.076351,76351,Seine-Maritime,28.0,Normandie,50.0,3.0,2.0,4,1.0,28,Normandie,76,2,96,LeHavre,166058,1780,167838.0,1.0,7,,0.0,2.0,1.0,1.0,A01
201900011713,18,3,2019,08:42,1,76.0,76351,2,2,1.0,5.0,CAVEE VERTE (RUE DE LA),"49,5054700","0,1147400",,76.076351,76351,Seine-Maritime,28.0,Normandie,50.0,3.0,2.0,4,1.0,28,Normandie,76,2,96,LeHavre,166058,1780,167838.0,2.0,7,,0.0,2.0,1.0,23.0,B01
201900011713,18,3,2019,08:42,1,76.0,76351,2,2,1.0,5.0,CAVEE VERTE (RUE DE LA),"49,5054700","0,1147400",,76.076351,76351,Seine-Maritime,28.0,Normandie,50.0,3.0,2.0,4,1.0,28,Normandie,76,2,96,LeHavre,166058,1780,167838.0,1.0,7,,0.0,2.0,1.0,23.0,C01
201900011713,18,3,2019,08:42,1,76.0,76351,2,2,1.0,5.0,CAVEE VERTE (RUE DE LA),"49,5054700","0,1147400",,76.076351,76351,Seine-Maritime,28.0,Normandie,50.0,3.0,2.0,4,1.0,28,Normandie,76,2,96,LeHavre,166058,1780,167838.0,1.0,10,,0.0,2.0,1.0,23.0,D01
201900011714,16,3,2019,16:00,1,76.0,76447,2,1,1.0,6.0,PIERRE MENDES FRANCE,"49,5278900","0,1837700",,76.076447,76447,Seine-Maritime,28.0,Normandie,30.0,4.0,3.0,4,1.0,28,Normandie,76,2,15,Montivilliers,15457,203,15660.0,3.0,7,,0.0,1.0,1.0,16.0,A01
201900012065,15,10,2019,10:30,1,76.0,76351,2,2,1.0,3.0,FRANCOIS 1ER (BD),"49,4872000","0,1035000",,76.076351,76351,Seine-Maritime,28.0,Normandie,50.0,7.0,2.0,2,1.0,28,Normandie,76,2,96,LeHavre,166058,1780,167838.0,2.0,30,,0.0,2.0,1.0,1.0,B01
201900012065,15,10,2019,10:30,1,76.0,76351,2,2,1.0,3.0,FRANCOIS 1ER (BD),"49,4872000","0,1035000",,76.076351,76351,Seine-Maritime,28.0,Normandie,50.0,7.0,2.0,2,1.0,28,Normandie,76,2,96,LeHavre,166058,1780,167838.0,2.0,7,,0.0,2.0,7.0,15.0,A01
201900012418,8,8,2019,18:15,1,76.0,76099,1,3,1.0,3.0,Route du Manoir,"49,5482640","0,8542750",,76.076099,76099,Seine-Maritime,28.0,Normandie,80.0,3.0,2.0,2,1.0,28,Normandie,76,3,1,BlacquevilLe707,9,716,,2.0,33,,0.0,2.0,1.0,0.0,A01
201900012418,8,8,2019,18:15,1,76.0,76099,1,3,1.0,3.0,Route du Manoir,"49,5482640","0,8542750",,76.076099,76099,Seine-Maritime,28.0,Normandie,80.0,3.0,2.0,2,1.0,28,Normandie,76,3,1,BlacquevilLe707,9,716,,1.0,7,,0.0,2.0,8.0,15.0,B01
201900012509,11,6,2019,07:35,1,76.0,76057,2,3,1.0,3.0,Rue du 11 Novembre,"49,5344560","0,9583104",,76.076057,76057,Seine-Maritime,28.0,Normandie,50.0,4.0,2.0,2,1.0,28,Normandie,76,3,1,Barentin,12154,238,12392.0,2.0,2,,0.0,2.0,8.0,1.0,B01
201900012509,11,6,2019,07:35,1,76.0,76057,2,3,1.0,3.0,Rue du 11 Novembre,"49,5344560","0,9583104",,76.076057,76057,Seine-Maritime,28.0,Normandie,50.0,4.0,2.0,2,1.0,28,Normandie,76,3,1,Barentin,12154,238,12392.0,1.0,7,,0.0,2.0,1.0,15.0,A01
201900012510,14,2,2019,09:30,1,76.0,76203,1,1,1.0,1.0,Route de Freville,"49,5924600","0,8463790",,76.076203,76203,Seine-Maritime,28.0,Normandie,80.0,3.0,2.0,2,1.0,28,Normandie,76,3,24,Croix-Mare,719,8,727.0,2.0,7,,0.0,0.0,1.0,1.0,B01
201900012510,14,2,2019,09:30,1,76.0,76203,1,1,1.0,1.0,Route de Freville,"49,5924600","0,8463790",,76.076203,76203,Seine-Maritime,28.0,Normandie,80.0,3.0,2.0,2,1.0,28,Normandie,76,3,24,Croix-Mare,719,8,727.0,1.0,10,,0.0,0.0,1.0,17.0,A01
201900012512,1,6,2019,21:50,2,76.0,76269,1,1,1.0,6.0,les tronquets,"49,6746685","1,4278579",,76.076269,76269,Seine-Maritime,28.0,Normandie,80.0,3.0,2.0,2,1.0,28,Normandie,76,1,23,Fontaine-en-Bray,168,3,171.0,2.0,7,,0.0,0.0,9.0,1.0,A01
201900012667,5,7,2019,16:20,1,76.0,76597,1,1,1.0,3.0,Rd 149,"49,7512601","0,8789053",,76.076597,76597,Seine-Maritime,28.0,Normandie,80.0,3.0,2.0,2,1.0,28,Normandie,76,3,35,Saint-Laurent-en-Caux,749,12,761.0,1.0,7,,0.0,0.0,8.0,1.0,B01
201900012667,5,7,2019,16:20,1,76.0,76597,1,1,1.0,3.0,Rd 149,"49,7512601","0,8789053",,76.076597,76597,Seine-Maritime,28.0,Normandie,80.0,3.0,2.0,2,1.0,28,Normandie,76,3,35,Saint-Laurent-en-Caux,749,12,761.0,2.0,7,,0.0,0.0,8.0,1.0,A01
201900012668,6,7,2019,18:15,1,76.0,76242,1,2,7.0,3.0,PK 004 + 900,"49,4490858","1,7259103",,76.076242,76242,Seine-Maritime,28.0,Normandie,80.0,3.0,2.0,2,1.0,28,Normandie,76,1,12,Ernemont-la-Villette,207,4,211.0,1.0,10,,0.0,2.0,3.0,15.0,B01
201900012668,6,7,2019,18:15,1,76.0,76242,1,2,7.0,3.0,PK 004 + 900,"49,4490858","1,7259103",,76.076242,76242,Seine-Maritime,28.0,Normandie,80.0,3.0,2.0,2,1.0,28,Normandie,76,1,12,Ernemont-la-Villette,207,4,211.0,2.0,7,,0.0,2.0,3.0,1.0,A01
201900012764,27,6,2019,20:45,1,76.0,76660,1,9,1.0,6.0,A131,"49,4865650","0,3152570",,76.076660,76660,Seine-Maritime,28.0,Normandie,130.0,1.0,3.0,4,1.0,28,Normandie,76,2,32,SandouvilLe800,11,811,,1.0,7,,3.0,0.0,9.0,0.0,A01
201900012843,20,11,2019,19:00,2,76.0,76540,2,1,1.0,6.0,RAFFETOT. RUE,"49,4509900","1,0835000",,76.076540,76540,Seine-Maritime,28.0,Normandie,50.0,4.0,2.0,2,1.0,28,Normandie,76,3,97,Rouen,114083,1556,115639.0,0.0,7,,0.0,1.0,3.0,1.0,A01
201900012938,22,11,2019,17:00,5,76.0,76163,2,1,1.0,2.0,Rue Saint Clair,"49,5129916","1,3308048",,76.076163,76163,Seine-Maritime,28.0,Normandie,50.0,3.0,2.0,2,1.0,28,Normandie,76,3,21,Catenay,689,14,703.0,3.0,2,,0.0,2.0,1.0,2.0,A01
201900012938,22,11,2019,17:00,5,76.0,76163,2,1,1.0,2.0,Rue Saint Clair,"49,5129916","1,3308048",,76.076163,76163,Seine-Maritime,28.0,Normandie,50.0,3.0,2.0,2,1.0,28,Normandie,76,3,21,Catenay,689,14,703.0,0.0,37,1.0,0.0,0.0,4.0,2.0,B01
201900012986,18,11,2019,07:40,2,76.0,76475,2,2,1.0,6.0,Route de Paris,"49,4012970","1,1651460",,76.076475,76475,Seine-Maritime,28.0,Normandie,50.0,3.0,2.0,2,2.0,28,Normandie,76,3,21,Franqueville-Saint-Pierre,6067,195,6262.0,2.0,7,,0.0,1.0,1.0,9.0,A01
201900013075,18,12,2019,17:45,3,76.0,76475,1,1,2.0,1.0,190 Rue de Pitres,"49,3943100","1,1720210",,76.076475,76475,Seine-Maritime,28.0,Normandie,70.0,3.0,2.0,2,2.0,28,Normandie,76,3,21,Franqueville-Saint-Pierre,6067,195,6262.0,2.0,7,,0.0,2.0,3.0,1.0,B01
201900013075,18,12,2019,17:45,3,76.0,76475,1,1,2.0,1.0,190 Rue de Pitres,"49,3943100","1,1720210",,76.076475,76475,Seine-Maritime,28.0,Normandie,70.0,3.0,2.0,2,2.0,28,Normandie,76,3,21,Franqueville-Saint-Pierre,6067,195,6262.0,1.0,7,,0.0,2.0,1.0,13.0,A01
201900013136,30,12,2019,14:25,1,76.0,76270,1,1,1.0,2.0,LOUIS LUMIERE,"49,5566000","0,1258000",,76.076270,76270,Seine-Maritime,28.0,Normandie,70.0,4.0,2.0,2,1.0,28,Normandie,76,2,26,Fontaine-la-Mallet,2635,54,2689.0,0.0,33,,0.0,2.0,1.0,1.0,A01
201900013136,30,12,2019,14:25,1,76.0,76270,1,1,1.0,2.0,LOUIS LUMIERE,"49,5566000","0,1258000",,76.076270,76270,Seine-Maritime,28.0,Normandie,70.0,4.0,2.0,2,1.0,28,Normandie,76,2,26,Fontaine-la-Mallet,2635,54,2689.0,0.0,33,,0.0,2.0,4.0,0.0,B01
201900013137,27,12,2019,17:00,1,76.0,76351,2,1,1.0,3.0,MARECHAL JOFFRE (RUE),"49,4999800","0,1274900",,76.076351,76351,Seine-Maritime,28.0,Normandie,50.0,4.0,2.0,2,1.0,28,Normandie,76,2,96,LeHavre,166058,1780,167838.0,2.0,7,,0.0,2.0,1.0,10.0,A01
201900013137,27,12,2019,17:00,1,76.0,76351,2,1,1.0,3.0,MARECHAL JOFFRE (RUE),"49,4999800","0,1274900",,76.076351,76351,Seine-Maritime,28.0,Normandie,50.0,4.0,2.0,2,1.0,28,Normandie,76,2,96,LeHavre,166058,1780,167838.0,1.0,32,,0.0,2.0,8.0,1.0,B01
201900013238,12,9,2019,12:45,1,76.0,76681,2,3,1.0,3.0,LECHEVALLIER. RUE MARCEL,"49,4055400","1,0797900",,76.076681,76681,Seine-Maritime,28.0,Normandie,50.0,4.0,2.0,2,1.0,28,Normandie,76,3,99,Sotteville-lès-Rouen,28965,475,29440.0,0.0,7,,0.0,2.0,1.0,15.0,A01
201900013238,12,9,2019,12:45,1,76.0,76681,2,3,1.0,3.0,LECHEVALLIER. RUE MARCEL,"49,4055400","1,0797900",,76.076681,76681,Seine-Maritime,28.0,Normandie,50.0,4.0,2.0,2,1.0,28,Normandie,76,3,99,Sotteville-lès-Rouen,28965,475,29440.0,0.0,7,,0.0,2.0,6.0,1.0,B01
201900013239,12,9,2019,06:05,5,76.0,76498,2,1,1.0,6.0,GAULLE. BOULEVARD CHARLES DE,"49,4199400","1,0613800",,76.076498,76498,Seine-Maritime,28.0,Normandie,50.0,4.0,1.0,2,2.0,28,Normandie,76,3,27,LePetit-Quevilly,21782,274,22056.0,0.0,32,,11.0,0.0,0.0,13.0,A01
201900013240,11,9,2019,19:30,1,76.0,76540,2,2,1.0,3.0,BELGES. BOULEVARD DES,"49,4422000","1,0838100",,76.076540,76540,Seine-Maritime,28.0,Normandie,50.0,2.0,3.0,4,1.0,28,Normandie,76,3,97,Rouen,114083,1556,115639.0,0.0,33,,0.0,2.0,8.0,15.0,B01
201900013240,11,9,2019,19:30,1,76.0,76540,2,2,1.0,3.0,BELGES. BOULEVARD DES,"49,4422000","1,0838100",,76.076540,76540,Seine-Maritime,28.0,Normandie,50.0,2.0,3.0,4,1.0,28,Normandie,76,3,97,Rouen,114083,1556,115639.0,0.0,7,,0.0,2.0,7.0,1.0,A01
201900013241,11,9,2019,18:40,1,76.0,76540,2,3,1.0,3.0,YSER. BOULEVARD DE L',"49,4479500","1,1020000",,76.076540,76540,Seine-Maritime,28.0,Normandie,50.0,3.0,2.0,4,1.0,28,Normandie,76,3,97,Rouen,114083,1556,115639.0,0.0,7,,0.0,2.0,0.0,7.0,Z01
201900013241,11,9,2019,18:40,1,76.0,76540,2,3,1.0,3.0,YSER. BOULEVARD DE L',"49,4479500","1,1020000",,76.076540,76540,Seine-Maritime,28.0,Normandie,50.0,3.0,2.0,4,1.0,28,Normandie,76,3,97,Rouen,114083,1556,115639.0,0.0,32,,0.0,2.0,7.0,15.0,A01
201900013242,13,9,2019,12:15,1,76.0,76351,2,6,2.0,7.0,MARCEAU (RUE),"49,4910000","0,1335000",,76.076351,76351,Seine-Maritime,28.0,Normandie,50.0,4.0,3.0,4,2.0,28,Normandie,76,2,96,LeHavre,166058,1780,167838.0,0.0,30,,0.0,0.0,8.0,1.0,A01
201900013515,16,3,2019,22:10,3,76.0,76351,2,9,1.0,3.0,GRAND HAMEAU (Avenue du ),"49,5230600","0,1097500",,76.076351,76351,Seine-Maritime,28.0,Normandie,10.0,6.0,-1.0,-1,1.0,28,Normandie,76,2,96,LeHavre,166058,1780,167838.0,3.0,7,,0.0,2.0,1.0,0.0,Z01
201900013515,16,3,2019,22:10,3,76.0,76351,2,9,1.0,3.0,GRAND HAMEAU (Avenue du ),"49,5230600","0,1097500",,76.076351,76351,Seine-Maritime,28.0,Normandie,10.0,6.0,-1.0,-1,1.0,28,Normandie,76,2,96,LeHavre,166058,1780,167838.0,3.0,1,,0.0,2.0,3.0,1.0,A01
201900013540,4,2,2019,08:20,1,76.0,76565,2,3,1.0,3.0,VERTUS (CHEMIN DES),"49,8950300","1,0743300",,76.076565,76565,Seine-Maritime,28.0,Normandie,50.0,4.0,2.0,2,1.0,28,Normandie,76,1,7,Saint-Aubin-sur-Scie,1202,101,1303.0,3.0,7,,0.0,2.0,3.0,0.0,B01
201900013540,4,2,2019,08:20,1,76.0,76565,2,3,1.0,3.0,VERTUS (CHEMIN DES),"49,8950300","1,0743300",,76.076565,76565,Seine-Maritime,28.0,Normandie,50.0,4.0,2.0,2,1.0,28,Normandie,76,1,7,Saint-Aubin-sur-Scie,1202,101,1303.0,1.0,7,,14.0,2.0,3.0,1.0,A01
201900013719,16,10,2019,05:23,5,76.0,76681,1,1,2.0,2.0,INDUSTRIEL. BOULEVARD (CD 18E),"49,4203100","1,1070400",,76.076681,76681,Seine-Maritime,28.0,Normandie,70.0,3.0,3.0,4,2.0,28,Normandie,76,3,99,Sotteville-lès-Rouen,28965,475,29440.0,1.0,15,,0.0,2.0,1.0,2.0,Z01
201900013719,16,10,2019,05:23,5,76.0,76681,1,1,2.0,2.0,INDUSTRIEL. BOULEVARD (CD 18E),"49,4203100","1,1070400",,76.076681,76681,Seine-Maritime,28.0,Normandie,70.0,3.0,3.0,4,2.0,28,Normandie,76,3,99,Sotteville-lès-Rouen,28965,475,29440.0,1.0,7,,4.0,2.0,4.0,2.0,A01
201900013985,20,4,2019,05:55,2,76.0,76227,1,1,1.0,6.0,Autoroute A29 pk 81 + 100 sens AMIENS - LE HAVRE,"49,6633880","0,9259870",,76.076227,76227,Seine-Maritime,28.0,Normandie,130.0,1.0,3.0,4,1.0,28,Normandie,76,3,35,Ectot-l'Auber,703,10,713.0,2.0,7,,3.0,0.0,1.0,14.0,A01
201900014126,5,8,2019,16:06,1,76.0,76351,2,3,1.0,6.0,BAYARD,"49,5068500","0,0946000",,76.076351,76351,Seine-Maritime,28.0,Normandie,50.0,4.0,2.0,2,1.0,28,Normandie,76,2,96,LeHavre,166058,1780,167838.0,1.0,7,,0.0,1.0,1.0,15.0,A01
201900014529,29,6,2019,13:50,1,76.0,76498,2,1,1.0,1.0,CANADIENS. AVENUE DES,"49,4127300","1,0728600",,76.076498,76498,Seine-Maritime,28.0,Normandie,50.0,4.0,2.0,2,1.0,28,Normandie,76,3,27,LePetit-Quevilly,21782,274,22056.0,3.0,7,,0.0,2.0,1.0,2.0,A01
201900014529,29,6,2019,13:50,1,76.0,76498,2,1,1.0,1.0,CANADIENS. AVENUE DES,"49,4127300","1,0728600",,76.076498,76498,Seine-Maritime,28.0,Normandie,50.0,4.0,2.0,2,1.0,28,Normandie,76,3,27,LePetit-Quevilly,21782,274,22056.0,3.0,7,,0.0,1.0,4.0,0.0,B01
201900014530,2,7,2019,15:00,1,76.0,76540,2,2,1.0,3.0,DARNETAL. ROUTE DE,"49,4414500","1,1204000",,76.076540,76540,Seine-Maritime,28.0,Normandie,30.0,3.0,2.0,2,1.0,28,Normandie,76,3,97,Rouen,114083,1556,115639.0,0.0,33,,0.0,0.0,8.0,1.0,B01
201900014530,2,7,2019,15:00,1,76.0,76540,2,2,1.0,3.0,DARNETAL. ROUTE DE,"49,4414500","1,1204000",,76.076540,76540,Seine-Maritime,28.0,Normandie,30.0,3.0,2.0,2,1.0,28,Normandie,76,3,97,Rouen,114083,1556,115639.0,0.0,7,,0.0,2.0,3.0,15.0,A01
201900014531,2,7,2019,08:30,1,76.0,76451,2,1,1.0,6.0,MONT AUX MALADES. AVENUE DU,"49,4641500","1,0739500",,76.076451,76451,Seine-Maritime,28.0,Normandie,50.0,4.0,2.0,2,1.0,28,Normandie,76,3,22,Mont-Saint-Aignan,20066,415,20481.0,0.0,33,,0.0,1.0,1.0,1.0,A01
201900014635,19,11,2019,17:30,5,76.0,76259,2,1,1.0,6.0,DE LATTRE DE TASSIGNY,"49,7542100","0,3781700",,76.076259,76259,Seine-Maritime,28.0,Normandie,50.0,4.0,2.0,2,1.0,28,Normandie,76,2,11,Fécamp,18016,269,18285.0,1.0,7,,0.0,9.0,3.0,9.0,A01
201900014636,20,11,2019,11:50,1,76.0,76217,2,1,1.0,7.0,CHANZY (GENERAL),"49,9131100","1,0822100",,76.076217,76217,Seine-Maritime,28.0,Normandie,30.0,3.0,2.0,2,1.0,28,Normandie,76,1,95,Dieppe,28358,455,28813.0,1.0,30,,12.0,0.0,1.0,0.0,A01
201900014856,9,12,2019,08:45,4,76.0,76231,2,1,2.0,6.0,SOLFERINO. RUE DE,"49,2897930","1,0110784",,76.076231,76231,Seine-Maritime,28.0,Normandie,50.0,4.0,2.0,2,2.0,28,Normandie,76,3,9,Elbeuf,15951,138,16089.0,3.0,7,,0.0,1.0,0.0,1.0,A01
201900014857,13,12,2019,12:10,1,76.0,76575,2,2,1.0,7.0,LENINE. BOULEVARD,"49,3811559","1,1096569",,76.076575,76575,Seine-Maritime,28.0,Normandie,70.0,3.0,3.0,2,2.0,28,Normandie,76,3,98,Saint-Étienne-du-Rouvray,28508,225,28733.0,3.0,7,,0.0,1.0,2.0,16.0,A01
201900014858,28,12,2019,07:50,2,76.0,76481,2,1,1.0,6.0,RD 940,"49,5780900","0,1221500",,76.076481,76481,Seine-Maritime,28.0,Normandie,50.0,3.0,2.0,2,1.0,28,Normandie,76,2,26,Octeville-sur-Mer,6122,119,6241.0,0.0,7,,8.0,0.0,1.0,14.0,A01
201900014935,31,12,2019,11:00,1,76.0,76483,1,1,1.0,6.0,Route du Manoir,"49,7209860","0,6834930",,76.076483,76483,Seine-Maritime,28.0,Normandie,80.0,3.0,2.0,2,2.0,28,Normandie,76,1,33,OhervilLe229,2,231,,1.0,7,,0.0,1.0,2.0,1.0,A01
201900015033,18,3,2019,15:00,1,76.0,76711,2,9,1.0,3.0,quai Cadi Sarnot,"50,0599390","1,3759870",,76.076711,76711,Seine-Maritime,28.0,Normandie,50.0,4.0,2.0,2,1.0,28,Normandie,76,1,10,LeTréport,4424,91,4515.0,1.0,7,,0.0,2.0,2.0,1.0,A01
201900015033,18,3,2019,15:00,1,76.0,76711,2,9,1.0,3.0,quai Cadi Sarnot,"50,0599390","1,3759870",,76.076711,76711,Seine-Maritime,28.0,Normandie,50.0,4.0,2.0,2,1.0,28,Normandie,76,1,10,LeTréport,4424,91,4515.0,2.0,7,,0.0,2.0,3.0,15.0,B01
201900015143,17,3,2019,10:45,1,76.0,76260,1,1,8.0,1.0,D930 - Route de Gerberoy,"49,4879730","1,7510790",,76.076260,76260,Seine-Maritime,28.0,Normandie,80.0,3.0,2.0,2,1.0,28,Normandie,76,1,12,Ferrières-en-Bray,1675,15,1690.0,1.0,7,,0.0,2.0,2.0,1.0,A01
201900015143,17,3,2019,10:45,1,76.0,76260,1,1,8.0,1.0,D930 - Route de Gerberoy,"49,4879730","1,7510790",,76.076260,76260,Seine-Maritime,28.0,Normandie,80.0,3.0,2.0,2,1.0,28,Normandie,76,1,12,Ferrières-en-Bray,1675,15,1690.0,2.0,7,,0.0,0.0,2.0,1.0,B01
201900015144,18,3,2019,07:35,1,76.0,76648,2,7,1.0,7.0,place maintenon,"49,6728170","1,2832690",,76.076648,76648,Seine-Maritime,28.0,Normandie,50.0,3.0,-1.0,2,2.0,28,Normandie,76,1,23,Saint-Saëns,2317,20,2337.0,0.0,37,1.0,0.0,1.0,2.0,20.0,A01
201900015237,7,9,2019,11:15,1,76.0,76610,2,1,1.0,3.0,1307 Rue du Mont Asselin,"49,6184900","0,7876950",,76.076610,76610,Seine-Maritime,28.0,Normandie,50.0,4.0,2.0,2,1.0,28,Normandie,76,3,35,Sainte-Marie-des-Champs,1579,13,1592.0,3.0,1,,0.0,2.0,1.0,9.0,A01
201900015237,7,9,2019,11:15,1,76.0,76610,2,1,1.0,3.0,1307 Rue du Mont Asselin,"49,6184900","0,7876950",,76.076610,76610,Seine-Maritime,28.0,Normandie,50.0,4.0,2.0,2,1.0,28,Normandie,76,3,35,Sainte-Marie-des-Champs,1579,13,1592.0,3.0,7,,0.0,9.0,3.0,1.0,B01
201900015252,12,9,2019,09:09,1,76.0,76351,2,1,1.0,6.0,BOIS AU COQ (AVENUE),"49,5115500","0,1276800",,76.076351,76351,Seine-Maritime,28.0,Normandie,50.0,4.0,3.0,4,2.0,28,Normandie,76,2,96,LeHavre,166058,1780,167838.0,3.0,50,,9.0,0.0,0.0,19.0,A01
201900015546,13,10,2019,09:30,1,76.0,76351,2,3,1.0,6.0,VALLEE (RUE DE LA),"49,4977200","0,1596500",,76.076351,76351,Seine-Maritime,28.0,Normandie,50.0,7.0,2.0,2,1.0,28,Normandie,76,2,96,LeHavre,166058,1780,167838.0,2.0,7,,8.0,0.0,2.0,16.0,A01
201900015547,12,10,2019,17:04,1,76.0,76351,2,2,1.0,3.0,MARC BLOCH,"49,5190800","0,1198200",,76.076351,76351,Seine-Maritime,28.0,Normandie,50.0,4.0,2.0,2,1.0,28,Normandie,76,2,96,LeHavre,166058,1780,167838.0,2.0,50,,0.0,2.0,7.0,19.0,B01