Num_Acc,jour,mois,an,hrmn,lum,dep,com,agg,int,atm,col,adr,lat,long,gps,com_insee_temp,com_insee,departmentName,regionCode,regionName,vma,catr,circ,nbv,surf,Code,Region,Departement,Arrondissement,Code_Canton,Nom_Commune,Population_municipaLe,Population_comptee_a_part,Population_Totale,senc,catv,occutc,obs,obsm,choc,manv,num_veh
201900015547,12,10,2019,17:04,1,76.0,76351,2,2,1.0,3.0,MARC BLOCH,"49,5190800","0,1198200",,76.076351,76351,Seine-Maritime,28.0,Normandie,50.0,4.0,2.0,2,1.0,28,Normandie,76,2,96,LeHavre,166058,1780,167838.0,1.0,7,,0.0,2.0,1.0,1.0,A01
201900015713,26,4,2019,23:25,3,76.0,76488,1,2,2.0,1.0,CD 925,"49,7842940","0,6097860",,76.076488,76488,Seine-Maritime,28.0,Normandie,80.0,3.0,2.0,2,2.0,28,Normandie,76,1,33,OuainvilLe527,12,539,,1.0,7,,0.0,2.0,1.0,1.0,A01
201900015713,26,4,2019,23:25,3,76.0,76488,1,2,2.0,1.0,CD 925,"49,7842940","0,6097860",,76.076488,76488,Seine-Maritime,28.0,Normandie,80.0,3.0,2.0,2,2.0,28,Normandie,76,1,33,OuainvilLe527,12,539,,1.0,7,,0.0,2.0,2.0,1.0,B01
201900015714,26,4,2019,10:40,1,76.0,76594,1,1,1.0,1.0,Route Départementale 90,"49,5106000","1,0203000",,76.076594,76594,Seine-Maritime,28.0,Normandie,80.0,3.0,2.0,2,1.0,28,Normandie,76,3,24,Saint-Jean-du-Cardonnay,1340,27,1367.0,1.0,7,,0.0,2.0,1.0,0.0,A01
201900015714,26,4,2019,10:40,1,76.0,76594,1,1,1.0,1.0,Route Départementale 90,"49,5106000","1,0203000",,76.076594,76594,Seine-Maritime,28.0,Normandie,80.0,3.0,2.0,2,1.0,28,Normandie,76,3,24,Saint-Jean-du-Cardonnay,1340,27,1367.0,2.0,7,,0.0,2.0,1.0,0.0,B01
201900015715,19,4,2019,17:40,1,76.0,76067,1,1,1.0,1.0,RN31,"49,4658740","1,6282120",,76.076067,76067,Seine-Maritime,28.0,Normandie,80.0,2.0,2.0,2,1.0,28,Normandie,76,1,12,Beauvoir-en-Lyons,598,15,613.0,2.0,7,,0.0,2.0,1.0,13.0,A01
201900015715,19,4,2019,17:40,1,76.0,76067,1,1,1.0,1.0,RN31,"49,4658740","1,6282120",,76.076067,76067,Seine-Maritime,28.0,Normandie,80.0,2.0,2.0,2,1.0,28,Normandie,76,1,12,Beauvoir-en-Lyons,598,15,613.0,1.0,7,,0.0,2.0,1.0,1.0,B01
201900015716,20,4,2019,14:00,1,76.0,76070,1,1,1.0,7.0,Route d'Auffay,"49,7112450","1,2041670",,76.076070,76070,Seine-Maritime,28.0,Normandie,80.0,3.0,2.0,2,1.0,28,Normandie,76,1,23,Bellencombre,588,11,599.0,2.0,33,,0.0,0.0,0.0,15.0,A01
201900015717,29,4,2019,18:55,2,76.0,76452,2,4,1.0,6.0,,"49,5475960","1,0742920",,76.076452,76452,Seine-Maritime,28.0,Normandie,50.0,3.0,2.0,2,1.0,28,Normandie,76,3,2,MontvilLe4595,51,4646,,1.0,7,,0.0,1.0,2.0,15.0,A01
201900015718,23,4,2019,18:05,1,76.0,76517,1,2,1.0,3.0,4779 route de neufchatel,"49,5350360","1,2121250",,76.076517,76517,Seine-Maritime,28.0,Normandie,80.0,3.0,2.0,2,1.0,28,Normandie,76,3,2,Quincampoix,3110,68,3178.0,2.0,7,,0.0,0.0,3.0,19.0,A01
201900015718,23,4,2019,18:05,1,76.0,76517,1,2,1.0,3.0,4779 route de neufchatel,"49,5350360","1,2121250",,76.076517,76517,Seine-Maritime,28.0,Normandie,80.0,3.0,2.0,2,1.0,28,Normandie,76,3,2,Quincampoix,3110,68,3178.0,2.0,33,,0.0,2.0,1.0,1.0,B01
201900015719,23,4,2019,10:00,1,76.0,76177,1,1,1.0,2.0,route de cailly,"49,5961460","1,1982420",,76.076177,76177,Seine-Maritime,28.0,Normandie,80.0,3.0,2.0,2,1.0,28,Normandie,76,3,2,Claville-MottevilLe267,6,273,,2.0,7,,0.0,2.0,2.0,17.0,A01
201900015719,23,4,2019,10:00,1,76.0,76177,1,1,1.0,2.0,route de cailly,"49,5961460","1,1982420",,76.076177,76177,Seine-Maritime,28.0,Normandie,80.0,3.0,2.0,2,1.0,28,Normandie,76,3,2,Claville-MottevilLe267,6,273,,2.0,1,,0.0,2.0,5.0,0.0,B01
201900015987,6,8,2019,19:00,1,76.0,76493,1,3,1.0,7.0,Route départementale 79 76460 PALUEL,"49,8506950","0,6455770",,76.076493,76493,Seine-Maritime,28.0,Normandie,80.0,3.0,2.0,2,1.0,28,Normandie,76,1,33,Paluel,395,12,407.0,2.0,2,,0.0,0.0,8.0,15.0,A01
201900015988,6,8,2019,09:50,1,76.0,76752,2,1,1.0,6.0,Rue Jacques Ferny,"49,6683930","0,8976150",,76.076752,76752,Seine-Maritime,28.0,Normandie,50.0,3.0,2.0,2,1.0,28,Normandie,76,3,35,YervilLe2584,29,2613,,1.0,7,,0.0,1.0,1.0,1.0,A01
201900015989,24,7,2019,19:41,1,76.0,76531,1,2,1.0,3.0,Route des Forrières,"49,6710540","0,7184480",,76.076531,76531,Seine-Maritime,28.0,Normandie,80.0,3.0,2.0,2,1.0,28,Normandie,76,3,33,Rocquefort,326,8,334.0,0.0,7,,0.0,2.0,2.0,1.0,A01
201900015989,24,7,2019,19:41,1,76.0,76531,1,2,1.0,3.0,Route des Forrières,"49,6710540","0,7184480",,76.076531,76531,Seine-Maritime,28.0,Normandie,80.0,3.0,2.0,2,1.0,28,Normandie,76,3,33,Rocquefort,326,8,334.0,1.0,7,,0.0,2.0,3.0,1.0,B01
201900016114,4,7,2019,16:45,1,76.0,76054,1,1,1.0,1.0,RD149,"49,9104830","1,3182550",,76.076054,76054,Seine-Maritime,28.0,Normandie,70.0,3.0,2.0,2,1.0,28,Normandie,76,1,8,Bailly-en-Rivière,518,10,528.0,2.0,38,2.0,0.0,2.0,1.0,1.0,B01
201900016114,4,7,2019,16:45,1,76.0,76054,1,1,1.0,1.0,RD149,"49,9104830","1,3182550",,76.076054,76054,Seine-Maritime,28.0,Normandie,70.0,3.0,2.0,2,1.0,28,Normandie,76,1,8,Bailly-en-Rivière,518,10,528.0,1.0,33,,0.0,2.0,9.0,17.0,A01
201900016215,1,7,2019,18:51,1,76.0,76351,2,2,1.0,6.0,DEMIDOFF (RUE),"49,4975300","0,1340900",,76.076351,76351,Seine-Maritime,28.0,Normandie,50.0,4.0,2.0,4,1.0,28,Normandie,76,2,96,LeHavre,166058,1780,167838.0,1.0,7,,0.0,2.0,1.0,1.0,B01
201900016215,1,7,2019,18:51,1,76.0,76351,2,2,1.0,6.0,DEMIDOFF (RUE),"49,4975300","0,1340900",,76.076351,76351,Seine-Maritime,28.0,Normandie,50.0,4.0,2.0,4,1.0,28,Normandie,76,2,96,LeHavre,166058,1780,167838.0,3.0,50,,0.0,2.0,8.0,19.0,A01
201900016216,2,7,2019,00:35,5,76.0,76481,2,3,1.0,6.0, FELIX FAURE (RUE ),"49,5550616","0,1161328",,76.076481,76481,Seine-Maritime,28.0,Normandie,50.0,4.0,2.0,2,1.0,28,Normandie,76,2,26,Octeville-sur-Mer,6122,119,6241.0,0.0,7,,6.0,0.0,1.0,14.0,A01
201900016217,29,6,2019,23:10,5,76.0,76351,2,1,1.0,6.0,HUIT MAI 1945 (AVENUE DU),"49,5166200","0,1680500",,76.076351,76351,Seine-Maritime,28.0,Normandie,50.0,4.0,3.0,2,1.0,28,Normandie,76,2,96,LeHavre,166058,1780,167838.0,0.0,7,,8.0,0.0,2.0,14.0,A01
201900016218,29,6,2019,09:05,1,76.0,76341,1,1,1.0,6.0,RD 6382,"49,5243600","0,1819900",,76.076341,76341,Seine-Maritime,28.0,Normandie,70.0,3.0,3.0,4,1.0,28,Normandie,76,2,15,Harfleur,8315,53,8368.0,2.0,7,,4.0,0.0,3.0,13.0,A01
201900016219,30,6,2019,00:15,5,76.0,76351,2,2,1.0,2.0,VERDUN (RUE DE),"49,5022600","0,1602600",,76.076351,76351,Seine-Maritime,28.0,Normandie,50.0,3.0,2.0,4,1.0,28,Normandie,76,2,96,LeHavre,166058,1780,167838.0,2.0,7,,0.0,2.0,1.0,2.0,A01
201900016219,30,6,2019,00:15,5,76.0,76351,2,2,1.0,2.0,VERDUN (RUE DE),"49,5022600","0,1602600",,76.076351,76351,Seine-Maritime,28.0,Normandie,50.0,3.0,2.0,4,1.0,28,Normandie,76,2,96,LeHavre,166058,1780,167838.0,2.0,7,,0.0,2.0,6.0,2.0,B01
201900016266,14,1,2019,06:50,5,76.0,76322,2,3,1.0,3.0,BROSSOLETTE. BOULEVARD PIERRE,"49,4174800","1,0348900",,76.076322,76322,Seine-Maritime,28.0,Normandie,50.0,4.0,2.0,2,1.0,28,Normandie,76,3,13,LeGrand-Quevilly,25975,225,26200.0,3.0,7,,0.0,2.0,8.0,0.0,B01
201900016266,14,1,2019,06:50,5,76.0,76322,2,3,1.0,3.0,BROSSOLETTE. BOULEVARD PIERRE,"49,4174800","1,0348900",,76.076322,76322,Seine-Maritime,28.0,Normandie,50.0,4.0,2.0,2,1.0,28,Normandie,76,3,13,LeGrand-Quevilly,25975,225,26200.0,3.0,7,,0.0,2.0,3.0,15.0,A01
201900016426,16,11,2019,19:55,3,76.0,76305,2,9,1.0,3.0,RD 6015,"49,5160300","0,2386900",,76.076305,76305,Seine-Maritime,28.0,Normandie,50.0,3.0,2.0,2,1.0,28,Normandie,76,2,16,Gonfreville-l'Orcher,8961,44,9005.0,3.0,7,,0.0,2.0,1.0,0.0,B01
201900016426,16,11,2019,19:55,3,76.0,76305,2,9,1.0,3.0,RD 6015,"49,5160300","0,2386900",,76.076305,76305,Seine-Maritime,28.0,Normandie,50.0,3.0,2.0,2,1.0,28,Normandie,76,2,16,Gonfreville-l'Orcher,8961,44,9005.0,3.0,32,,0.0,2.0,8.0,15.0,A01
201900016661,30,12,2019,16:45,1,76.0,76421,1,1,1.0,3.0,D81,"49,5302940","0,4682290",,76.076421,76421,Seine-Maritime,28.0,Normandie,80.0,3.0,2.0,2,1.0,28,Normandie,76,2,3,Mélamare,928,14,942.0,1.0,33,,0.0,2.0,3.0,17.0,A01
201900016661,30,12,2019,16:45,1,76.0,76421,1,1,1.0,3.0,D81,"49,5302940","0,4682290",,76.076421,76421,Seine-Maritime,28.0,Normandie,80.0,3.0,2.0,2,1.0,28,Normandie,76,2,3,Mélamare,928,14,942.0,2.0,7,,0.0,2.0,3.0,2.0,B01
201900016709,27,12,2019,18:00,5,76.0,76429,2,1,1.0,6.0,DUPRE. RUE MARCEL,"49,4047000","1,1486800",,76.076429,76429,Seine-Maritime,28.0,Normandie,30.0,4.0,2.0,2,1.0,28,Normandie,76,3,21,LeMesnil-Esnard,7980,353,8333.0,0.0,7,,0.0,1.0,1.0,15.0,A01
201900016913,14,3,2019,08:10,1,76.0,76681,2,1,3.0,7.0,GARIBALDI. RUE,"49,4186000","1,0911000",,76.076681,76681,Seine-Maritime,28.0,Normandie,50.0,4.0,3.0,1,2.0,28,Normandie,76,3,99,Sotteville-lès-Rouen,28965,475,29440.0,0.0,7,,0.0,1.0,1.0,1.0,A01
201900016914,14,3,2019,07:30,2,76.0,76451,2,1,3.0,7.0,MONT AUX MALADES. AVENUE DU,"49,4575200","1,0827100",,76.076451,76451,Seine-Maritime,28.0,Normandie,50.0,4.0,3.0,2,2.0,28,Normandie,76,3,22,Mont-Saint-Aignan,20066,415,20481.0,0.0,7,,0.0,1.0,1.0,1.0,A01
201900016915,13,3,2019,14:30,1,76.0,76498,2,3,1.0,6.0,PREVERT. AVENUE JACQUES,"49,4279200","1,0629000",,76.076498,76498,Seine-Maritime,28.0,Normandie,50.0,4.0,2.0,1,1.0,28,Normandie,76,3,27,LePetit-Quevilly,21782,274,22056.0,0.0,7,,0.0,1.0,2.0,16.0,A01
201900016916,13,3,2019,15:00,1,76.0,76681,2,1,1.0,2.0,CITE THUILLIER. RUE,"49,4073500","1,0998400",,76.076681,76681,Seine-Maritime,28.0,Normandie,30.0,5.0,-1.0,1,1.0,28,Normandie,76,3,99,Sotteville-lès-Rouen,28965,475,29440.0,3.0,7,,0.0,2.0,4.0,24.0,B01
201900016916,13,3,2019,15:00,1,76.0,76681,2,1,1.0,2.0,CITE THUILLIER. RUE,"49,4073500","1,0998400",,76.076681,76681,Seine-Maritime,28.0,Normandie,30.0,5.0,-1.0,1,1.0,28,Normandie,76,3,99,Sotteville-lès-Rouen,28965,475,29440.0,3.0,7,,1.0,1.0,4.0,4.0,A01
201900016917,13,3,2019,10:00,1,76.0,76351,2,2,1.0,7.0,BERNARDIN DE SAINT PIERRE,"49,4900000","0,1053000",,76.076351,76351,Seine-Maritime,28.0,Normandie,50.0,4.0,2.0,2,2.0,28,Normandie,76,2,96,LeHavre,166058,1780,167838.0,1.0,14,,0.0,1.0,3.0,15.0,A01
201900016955,29,1,2019,21:00,5,76.0,76540,2,1,1.0,6.0,LA FAYETTE. RUE,"49,4327200","1,0897200",,76.076540,76540,Seine-Maritime,28.0,Normandie,50.0,4.0,2.0,2,2.0,28,Normandie,76,3,97,Rouen,114083,1556,115639.0,0.0,7,,0.0,1.0,0.0,1.0,A01
201900016956,31,1,2019,20:15,5,76.0,76351,2,3,4.0,6.0,FORTINS (DES),"49,5141900","0,1576700",,76.076351,76351,Seine-Maritime,28.0,Normandie,50.0,4.0,2.0,2,5.0,28,Normandie,76,2,96,LeHavre,166058,1780,167838.0,0.0,7,,0.0,1.0,1.0,26.0,A01
201900016957,30,1,2019,18:00,2,76.0,76341,2,1,1.0,2.0,OUDALLE (ROUTE D'),"49,5034500","0,2064100",,76.076341,76341,Seine-Maritime,28.0,Normandie,50.0,3.0,2.0,2,1.0,28,Normandie,76,2,15,Harfleur,8315,53,8368.0,1.0,7,,0.0,2.0,3.0,15.0,B01
201900016957,30,1,2019,18:00,2,76.0,76341,2,1,1.0,2.0,OUDALLE (ROUTE D'),"49,5034500","0,2064100",,76.076341,76341,Seine-Maritime,28.0,Normandie,50.0,3.0,2.0,2,1.0,28,Normandie,76,2,15,Harfleur,8315,53,8368.0,1.0,31,,0.0,2.0,1.0,17.0,A01
201900016958,1,2,2019,18:30,5,76.0,76217,2,1,1.0,6.0,GRANDE RUE DU POLLET,"49,9274000","1,0871700",,76.076217,76217,Seine-Maritime,28.0,Normandie,50.0,3.0,2.0,2,1.0,28,Normandie,76,1,95,Dieppe,28358,455,28813.0,1.0,32,,0.0,1.0,1.0,2.0,A01
201900017222,10,9,2019,21:15,5,76.0,76351,2,2,1.0,7.0,ACACIAS (DES),"49,5091700","0,1409100",,76.076351,76351,Seine-Maritime,28.0,Normandie,50.0,4.0,2.0,2,1.0,28,Normandie,76,2,96,LeHavre,166058,1780,167838.0,0.0,32,,0.0,0.0,3.0,1.0,A01
201900017261,10,9,2019,08:31,1,76.0,76402,2,1,1.0,2.0,PELLERIN. RUE GEORGES,"49,5281600","1,0390700",,76.076402,76402,Seine-Maritime,28.0,Normandie,50.0,3.0,2.0,2,1.0,28,Normandie,76,3,24,Malaunay,6143,49,6192.0,0.0,2,,0.0,2.0,1.0,2.0,A01
201900017261,10,9,2019,08:31,1,76.0,76402,2,1,1.0,2.0,PELLERIN. RUE GEORGES,"49,5281600","1,0390700",,76.076402,76402,Seine-Maritime,28.0,Normandie,50.0,3.0,2.0,2,1.0,28,Normandie,76,3,24,Malaunay,6143,49,6192.0,0.0,7,,0.0,2.0,4.0,2.0,B01
201900017262,11,9,2019,00:05,5,76.0,76351,2,6,1.0,3.0,ROUGET DE LISLE (AVENUE) ,"49,5055700","0,1429300",,76.076351,76351,Seine-Maritime,28.0,Normandie,50.0,4.0,2.0,2,1.0,28,Normandie,76,2,96,LeHavre,166058,1780,167838.0,0.0,7,,0.0,2.0,1.0,1.0,B01
201900017262,11,9,2019,00:05,5,76.0,76351,2,6,1.0,3.0,ROUGET DE LISLE (AVENUE) ,"49,5055700","0,1429300",,76.076351,76351,Seine-Maritime,28.0,Normandie,50.0,4.0,2.0,2,1.0,28,Normandie,76,2,96,LeHavre,166058,1780,167838.0,0.0,7,,0.0,2.0,7.0,1.0,A01
201900017263,10,9,2019,10:20,1,76.0,76351,2,2,1.0,6.0,FREDERIC BELLANGER,"49,4956000","0,0966800",,76.076351,76351,Seine-Maritime,28.0,Normandie,50.0,4.0,2.0,2,1.0,28,Normandie,76,2,96,LeHavre,166058,1780,167838.0,0.0,7,,0.0,1.0,1.0,1.0,A01
201900017554,21,4,2019,15:45,1,76.0,76305,1,1,1.0,7.0,AUTOROUTE A131- PK 31+200,"49,4952094","0,2477694",,76.076305,76305,Seine-Maritime,28.0,Normandie,130.0,1.0,3.0,4,1.0,28,Normandie,76,2,16,Gonfreville-l'Orcher,8961,44,9005.0,2.0,7,,4.0,0.0,1.0,1.0,A01
201900017775,2,8,2019,08:05,1,76.0,76319,1,1,1.0,3.0,CD 13,"49,3677300","1,0148200",,76.076319,76319,Seine-Maritime,28.0,Normandie,70.0,3.0,2.0,2,1.0,28,Normandie,76,3,9,Grand-Couronne,9726,177,9903.0,1.0,7,,0.0,2.0,2.0,15.0,A01
201900017775,2,8,2019,08:05,1,76.0,76319,1,1,1.0,3.0,CD 13,"49,3677300","1,0148200",,76.076319,76319,Seine-Maritime,28.0,Normandie,70.0,3.0,2.0,2,1.0,28,Normandie,76,3,9,Grand-Couronne,9726,177,9903.0,2.0,2,,0.0,2.0,1.0,0.0,B01
201900017776,1,8,2019,22:15,2,76.0,76540,1,1,1.0,5.0,ROCADE Nord-Est,"49,4389400","1,1150500",,76.076540,76540,Seine-Maritime,28.0,Normandie,70.0,2.0,3.0,4,1.0,28,Normandie,76,3,97,Rouen,114083,1556,115639.0,2.0,7,,0.0,2.0,1.0,1.0,D01
201900017776,1,8,2019,22:15,2,76.0,76540,1,1,1.0,5.0,ROCADE Nord-Est,"49,4389400","1,1150500",,76.076540,76540,Seine-Maritime,28.0,Normandie,70.0,2.0,3.0,4,1.0,28,Normandie,76,3,97,Rouen,114083,1556,115639.0,2.0,7,,0.0,2.0,4.0,1.0,C01
201900017776,1,8,2019,22:15,2,76.0,76540,1,1,1.0,5.0,ROCADE Nord-Est,"49,4389400","1,1150500",,76.076540,76540,Seine-Maritime,28.0,Normandie,70.0,2.0,3.0,4,1.0,28,Normandie,76,3,97,Rouen,114083,1556,115639.0,2.0,7,,0.0,2.0,3.0,1.0,B01
201900017776,1,8,2019,22:15,2,76.0,76540,1,1,1.0,5.0,ROCADE Nord-Est,"49,4389400","1,1150500",,76.076540,76540,Seine-Maritime,28.0,Normandie,70.0,2.0,3.0,4,1.0,28,Normandie,76,3,97,Rouen,114083,1556,115639.0,2.0,7,,0.0,2.0,7.0,17.0,A01
201900017777,31,7,2019,15:25,1,76.0,76351,2,1,1.0,2.0,ARISTIDE BRIAND,"49,5002500","0,1355700",,76.076351,76351,Seine-Maritime,28.0,Normandie,50.0,3.0,2.0,2,1.0,28,Normandie,76,2,96,LeHavre,166058,1780,167838.0,1.0,33,,0.0,2.0,1.0,2.0,A01
201900017777,31,7,2019,15:25,1,76.0,76351,2,1,1.0,2.0,ARISTIDE BRIAND,"49,5002500","0,1355700",,76.076351,76351,Seine-Maritime,28.0,Normandie,50.0,3.0,2.0,2,1.0,28,Normandie,76,2,96,LeHavre,166058,1780,167838.0,1.0,7,,0.0,2.0,5.0,2.0,B01
201900017778,30,7,2019,15:30,1,76.0,76351,2,1,1.0,6.0,ARISTIDE BRIAND,"49,5003300","0,1354000",,76.076351,76351,Seine-Maritime,28.0,Normandie,50.0,3.0,2.0,2,1.0,28,Normandie,76,2,96,LeHavre,166058,1780,167838.0,1.0,1,,0.0,1.0,0.0,25.0,A01
201900017779,3,8,2019,14:25,1,76.0,76217,2,1,1.0,2.0,DUQUESNE (QUAI),"49,9255300","1,0803400",,76.076217,76217,Seine-Maritime,28.0,Normandie,30.0,4.0,2.0,3,1.0,28,Normandie,76,1,95,Dieppe,28358,455,28813.0,2.0,7,,0.0,2.0,1.0,2.0,A01
201900017779,3,8,2019,14:25,1,76.0,76217,2,1,1.0,2.0,DUQUESNE (QUAI),"49,9255300","1,0803400",,76.076217,76217,Seine-Maritime,28.0,Normandie,30.0,4.0,2.0,3,1.0,28,Normandie,76,1,95,Dieppe,28358,455,28813.0,2.0,7,,0.0,1.0,4.0,2.0,B01
201900017926,3,7,2019,18:30,1,76.0,76196,2,3,1.0,3.0,Route de Vergetot,"49,6410000","0,2670000",,76.076196,76196,Seine-Maritime,28.0,Normandie,50.0,3.0,2.0,2,1.0,28,Normandie,76,2,26,Criquetot-l'Esneval,2567,82,2649.0,1.0,7,,0.0,2.0,1.0,15.0,B01
201900017926,3,7,2019,18:30,1,76.0,76196,2,3,1.0,3.0,Route de Vergetot,"49,6410000","0,2670000",,76.076196,76196,Seine-Maritime,28.0,Normandie,50.0,3.0,2.0,2,1.0,28,Normandie,76,2,26,Criquetot-l'Esneval,2567,82,2649.0,1.0,31,,0.0,0.0,8.0,15.0,A01
201900017927,3,7,2019,10:25,1,76.0,76593,1,1,7.0,6.0,Route du Petit Bec,"49,5802550","0,4416380",,76.076593,76593,Seine-Maritime,28.0,Normandie,80.0,4.0,2.0,2,1.0,28,Normandie,76,2,3,Saint-Jean-de-la-NeuvilLe662,12,674,,2.0,7,,0.0,1.0,1.0,2.0,A01
201900017973,2,7,2019,07:05,1,76.0,76743,2,3,7.0,3.0,Route de Duclair,"49,5290612","0,9345619",,76.076743,76743,Seine-Maritime,28.0,Normandie,30.0,3.0,2.0,2,1.0,28,Normandie,76,3,1,Villers-ÉcalLes1734,12,1746,,0.0,33,,0.0,2.0,2.0,17.0,B01
201900017973,2,7,2019,07:05,1,76.0,76743,2,3,7.0,3.0,Route de Duclair,"49,5290612","0,9345619",,76.076743,76743,Seine-Maritime,28.0,Normandie,30.0,3.0,2.0,2,1.0,28,Normandie,76,3,1,Villers-ÉcalLes1734,12,1746,,0.0,7,,0.0,2.0,8.0,15.0,A01
201900018233,16,11,2019,22:30,5,76.0,76351,2,2,1.0,3.0,REPUBLIQUE (COURS DE LA),"49,4997400","0,1299200",,76.076351,76351,Seine-Maritime,28.0,Normandie,50.0,4.0,2.0,4,1.0,28,Normandie,76,2,96,LeHavre,166058,1780,167838.0,1.0,7,,0.0,2.0,1.0,15.0,A01
201900018233,16,11,2019,22:30,5,76.0,76351,2,2,1.0,3.0,REPUBLIQUE (COURS DE LA),"49,4997400","0,1299200",,76.076351,76351,Seine-Maritime,28.0,Normandie,50.0,4.0,2.0,4,1.0,28,Normandie,76,2,96,LeHavre,166058,1780,167838.0,2.0,31,,0.0,2.0,8.0,1.0,B01
201900018234,15,11,2019,15:45,1,76.0,76447,2,3,1.0,6.0,PRESIDENT WILSON,"49,5430000","0,1819000",,76.076447,76447,Seine-Maritime,28.0,Normandie,50.0,3.0,2.0,3,3.0,28,Normandie,76,2,15,Montivilliers,15457,203,15660.0,1.0,7,,0.0,1.0,7.0,1.0,A01
201900018235,17,11,2019,05:00,5,76.0,76351,1,1,1.0,6.0,CHRISTOPHE COLOMB (AVENUE),"49,4810000","0,1506000",,76.076351,76351,Seine-Maritime,28.0,Normandie,70.0,4.0,3.0,4,1.0,28,Normandie,76,2,96,LeHavre,166058,1780,167838.0,0.0,7,,8.0,0.0,2.0,13.0,A01
201900018236,17,11,2019,10:25,1,76.0,76447,1,1,1.0,6.0,RD 489,"49,5337400","0,1889300",,76.076447,76447,Seine-Maritime,28.0,Normandie,70.0,3.0,3.0,4,1.0,28,Normandie,76,2,15,Montivilliers,15457,203,15660.0,1.0,7,,4.0,0.0,0.0,0.0,A01
201900018338,18,11,2019,17:30,5,76.0,76255,2,3,1.0,6.0,Boulevard Faidherbe,"50,0508900","1,4229570",,76.076255,76255,Seine-Maritime,28.0,Normandie,50.0,3.0,2.0,2,1.0,28,Normandie,76,1,10,Eu,6591,197,6788.0,1.0,7,,0.0,1.0,1.0,1.0,A01
201900018637,26,12,2019,20:30,5,76.0,76231,2,1,2.0,6.0,GARE. RUE DE LA,"49,2814200","1,0072600",,76.076231,76231,Seine-Maritime,28.0,Normandie,50.0,4.0,2.0,2,2.0,28,Normandie,76,3,9,Elbeuf,15951,138,16089.0,0.0,7,,0.0,1.0,1.0,1.0,Z01
201900018730,28,12,2019,10:50,1,76.0,76169,1,1,1.0,3.0,A 131 . PK 017.500,"49,4886460","0,4300120",,76.076169,76169,Seine-Maritime,28.0,Normandie,130.0,1.0,3.0,4,1.0,28,Normandie,76,2,32,La Cerlangue,1297,116,1413.0,1.0,15,,0.0,0.0,3.0,1.0,B01
201900018730,28,12,2019,10:50,1,76.0,76169,1,1,1.0,3.0,A 131 . PK 017.500,"49,4886460","0,4300120",,76.076169,76169,Seine-Maritime,28.0,Normandie,130.0,1.0,3.0,4,1.0,28,Normandie,76,2,32,La Cerlangue,1297,116,1413.0,1.0,7,,0.0,2.0,2.0,14.0,A01
201900019108,7,9,2019,07:20,1,76.0,76351,2,1,1.0,6.0,DOCTEUR PIASCEKI,"49,4944900","0,1422300",,76.076351,76351,Seine-Maritime,28.0,Normandie,50.0,4.0,2.0,2,2.0,28,Normandie,76,2,96,LeHavre,166058,1780,167838.0,0.0,7,,15.0,0.0,3.0,13.0,A01
201900019170,12,10,2019,22:16,5,76.0,76259,2,1,9.0,7.0,COUTURIER ( RUE GUSTAVE),"49,7538600","0,3851400",,76.076259,76259,Seine-Maritime,28.0,Normandie,50.0,4.0,2.0,2,1.0,28,Normandie,76,2,11,Fécamp,18016,269,18285.0,2.0,31,,0.0,0.0,7.0,26.0,A01
201900019420,25,4,2019,05:50,3,76.0,76295,1,3,3.0,1.0,D156,"49,6266449","1,6267943",,76.076295,76295,Seine-Maritime,28.0,Normandie,80.0,3.0,2.0,2,2.0,28,Normandie,76,1,12,Gaillefontaine,1183,13,1196.0,1.0,7,,0.0,2.0,1.0,0.0,A01
201900019420,25,4,2019,05:50,3,76.0,76295,1,3,3.0,1.0,D156,"49,6266449","1,6267943",,76.076295,76295,Seine-Maritime,28.0,Normandie,80.0,3.0,2.0,2,2.0,28,Normandie,76,1,12,Gaillefontaine,1183,13,1196.0,2.0,7,,0.0,2.0,2.0,23.0,B01
201900019421,24,4,2019,08:10,1,76.0,76276,2,1,2.0,7.0,20 Rue du Chant des Oiseaux,"49,6098170","1,5478010",,76.076276,76276,Seine-Maritime,28.0,Normandie,50.0,4.0,2.0,2,2.0,28,Normandie,76,1,12,Forges-les-Eaux,3702,157,3859.0,2.0,33,,0.0,0.0,7.0,1.0,A01
201900019512,29,6,2019,20:10,1,76.0,76351,2,1,1.0,6.0,GEORGES BRAQUE (RUE),"49,4952100","0,1038900",,76.076351,76351,Seine-Maritime,28.0,Normandie,50.0,4.0,2.0,4,1.0,28,Normandie,76,2,96,LeHavre,166058,1780,167838.0,2.0,7,,0.0,1.0,1.0,1.0,A01
201900019857,3,8,2019,10:30,1,76.0,76123,1,1,1.0,7.0,Route de Dieppe,"49,5401610","1,1483530",,76.076123,76123,Seine-Maritime,28.0,Normandie,80.0,3.0,2.0,2,1.0,28,Normandie,76,3,2,Bosc-Guérard-Saint-Adrien,1070,30,1100.0,2.0,33,,0.0,0.0,8.0,1.0,A01
201900020710,19,1,2019,07:00,5,76.0,76484,1,6,1.0,6.0,CD 18E,"49,3461300","1,0772100",,76.076484,76484,Seine-Maritime,28.0,Normandie,90.0,3.0,3.0,0,1.0,28,Normandie,76,3,31,Oissel,12367,83,12450.0,0.0,7,,0.0,0.0,3.0,0.0,B01
201900020710,19,1,2019,07:00,5,76.0,76484,1,6,1.0,6.0,CD 18E,"49,3461300","1,0772100",,76.076484,76484,Seine-Maritime,28.0,Normandie,90.0,3.0,3.0,0,1.0,28,Normandie,76,3,31,Oissel,12367,83,12450.0,3.0,7,,0.0,0.0,3.0,0.0,A01