Num_Acc,jour,mois,an,hrmn,lum,dep,com,agg,int,atm,col,adr,lat,long,gps,com_insee_temp,com_insee,departmentName,regionCode,regionName,vma,catr,circ,nbv,surf,Code,Region,Departement,Arrondissement,Code_Canton,Nom_Commune,Population_municipaLe,Population_comptee_a_part,Population_Totale,senc,catv,occutc,obs,obsm,choc,manv,num_veh
201900020758,27,1,2019,03:30,5,76.0,76640,2,1,1.0,7.0,LOUVIERS. RUE DE,"49,2710400","1,0422200",,76.076640,76640,Seine-Maritime,28.0,Normandie,50.0,3.0,-1.0,2,1.0,28,Normandie,76,3,5,Saint-Pierre-lès-Elbeuf,8285,87,8372.0,3.0,33,,11.0,0.0,1.0,0.0,A01
201900020759,23,1,2019,16:53,2,76.0,76178,2,1,1.0,6.0,TOURVILLE. ROUTE DE (CD 7),"49,3064200","1,0267700",,76.076178,76178,Seine-Maritime,28.0,Normandie,50.0,3.0,2.0,4,1.0,28,Normandie,76,3,5,Cléon,4907,30,4937.0,2.0,7,,0.0,1.0,1.0,0.0,A01
201900020760,29,1,2019,12:20,1,76.0,76681,2,3,1.0,3.0,4 MARES. GRANDE RUE DE,"49,4037700","1,1033800",,76.076681,76681,Seine-Maritime,28.0,Normandie,50.0,3.0,2.0,2,1.0,28,Normandie,76,3,99,Sotteville-lès-Rouen,28965,475,29440.0,0.0,7,,2.0,2.0,5.0,19.0,A01
201900020760,29,1,2019,12:20,1,76.0,76681,2,3,1.0,3.0,4 MARES. GRANDE RUE DE,"49,4037700","1,1033800",,76.076681,76681,Seine-Maritime,28.0,Normandie,50.0,3.0,2.0,2,1.0,28,Normandie,76,3,99,Sotteville-lès-Rouen,28965,475,29440.0,0.0,7,,0.0,2.0,1.0,1.0,B01
201900020761,29,1,2019,08:05,5,76.0,76540,2,1,1.0,7.0,DUPUIS. RUE ALBERT,"49,4542400","1,1275100",,76.076540,76540,Seine-Maritime,28.0,Normandie,50.0,4.0,2.0,2,1.0,28,Normandie,76,3,97,Rouen,114083,1556,115639.0,0.0,7,,0.0,1.0,1.0,0.0,Z01
201900020762,30,1,2019,02:20,5,76.0,76351,2,3,1.0,6.0,HOTEL DE VILLE (PLACE DE),"49,4923600","0,1092300",,76.076351,76351,Seine-Maritime,28.0,Normandie,50.0,4.0,1.0,2,2.0,28,Normandie,76,2,96,LeHavre,166058,1780,167838.0,0.0,7,,8.0,0.0,1.0,14.0,A01
201900020763,29,1,2019,11:40,1,76.0,76447,2,3,1.0,6.0,BONVOISIN,"49,5455600","0,1921700",,76.076447,76447,Seine-Maritime,28.0,Normandie,30.0,4.0,1.0,1,2.0,28,Normandie,76,2,15,Montivilliers,15457,203,15660.0,0.0,7,,0.0,1.0,1.0,1.0,A01
201900020764,29,1,2019,09:05,1,76.0,76351,2,2,2.0,1.0,CAVEE VERTE (RUE DE LA),"49,5021100","0,1034900",,76.076351,76351,Seine-Maritime,28.0,Normandie,50.0,3.0,2.0,2,2.0,28,Normandie,76,2,96,LeHavre,166058,1780,167838.0,3.0,1,,0.0,2.0,0.0,1.0,A01
201900020764,29,1,2019,09:05,1,76.0,76351,2,2,2.0,1.0,CAVEE VERTE (RUE DE LA),"49,5021100","0,1034900",,76.076351,76351,Seine-Maritime,28.0,Normandie,50.0,3.0,2.0,2,2.0,28,Normandie,76,2,96,LeHavre,166058,1780,167838.0,3.0,7,,0.0,2.0,0.0,1.0,B01
201900020839,13,10,2019,05:34,3,76.0,76201,1,6,1.0,7.0,N31,"49,4553260","1,3905280",,76.076201,76201,Seine-Maritime,28.0,Normandie,30.0,2.0,-1.0,2,2.0,28,Normandie,76,1,12,Croisy-sur-AndelLe524,4,528,,2.0,7,,12.0,0.0,2.0,26.0,A01
201900021049,10,9,2019,22:20,3,76.0,76488,1,1,1.0,6.0,départemantale 71,"49,7821750","0,5944430",,76.076488,76488,Seine-Maritime,28.0,Normandie,80.0,3.0,2.0,2,1.0,28,Normandie,76,1,33,OuainvilLe527,12,539,,1.0,7,,0.0,0.0,7.0,13.0,A01
201900021119,6,9,2019,22:30,5,76.0,76540,2,1,1.0,6.0,BRETAGNE. AVENUE DE,"49,4314600","1,0821700",,76.076540,76540,Seine-Maritime,28.0,Normandie,50.0,3.0,3.0,4,1.0,28,Normandie,76,3,97,Rouen,114083,1556,115639.0,2.0,7,,6.0,0.0,1.0,14.0,A01
201900021120,8,9,2019,16:15,1,76.0,76329,1,1,1.0,1.0,FONTAINE MUREE,"49,5406500","0,5118700",,76.076329,76329,Seine-Maritime,28.0,Normandie,70.0,4.0,2.0,2,1.0,28,Normandie,76,2,3,Gruchet-le-Valasse,3074,39,3113.0,3.0,7,,0.0,2.0,3.0,13.0,B01
201900021120,8,9,2019,16:15,1,76.0,76329,1,1,1.0,1.0,FONTAINE MUREE,"49,5406500","0,5118700",,76.076329,76329,Seine-Maritime,28.0,Normandie,70.0,4.0,2.0,2,1.0,28,Normandie,76,2,3,Gruchet-le-Valasse,3074,39,3113.0,3.0,7,,0.0,2.0,3.0,14.0,A01
201900021233,16,4,2019,22:00,5,76.0,76351,2,9,1.0,2.0,REPUBLIQUE (COURS DE LA),"49,5010200","0,1304000",,76.076351,76351,Seine-Maritime,28.0,Normandie,50.0,4.0,2.0,5,1.0,28,Normandie,76,2,96,LeHavre,166058,1780,167838.0,3.0,7,,7.0,2.0,3.0,18.0,A01
201900021233,16,4,2019,22:00,5,76.0,76351,2,9,1.0,2.0,REPUBLIQUE (COURS DE LA),"49,5010200","0,1304000",,76.076351,76351,Seine-Maritime,28.0,Normandie,50.0,4.0,2.0,5,1.0,28,Normandie,76,2,96,LeHavre,166058,1780,167838.0,3.0,7,,0.0,2.0,5.0,1.0,B01
201900021396,1,7,2019,11:40,1,76.0,76197,1,1,1.0,6.0,RD 149,"49,7811910","1,0699890",,76.076197,76197,Seine-Maritime,28.0,Normandie,70.0,3.0,2.0,2,1.0,28,Normandie,76,1,20,Criquetot-sur-LonguevilLe217,2,219,,2.0,7,,13.0,0.0,8.0,19.0,A01
201900021490,2,6,2019,17:50,1,76.0,76351,2,1,1.0,3.0,DEMIDOFF (RUE),"49,4974400","0,1327500",,76.076351,76351,Seine-Maritime,28.0,Normandie,50.0,4.0,2.0,4,1.0,28,Normandie,76,2,96,LeHavre,166058,1780,167838.0,2.0,7,,0.0,2.0,3.0,15.0,B01
201900021490,2,6,2019,17:50,1,76.0,76351,2,1,1.0,3.0,DEMIDOFF (RUE),"49,4974400","0,1327500",,76.076351,76351,Seine-Maritime,28.0,Normandie,50.0,4.0,2.0,4,1.0,28,Normandie,76,2,96,LeHavre,166058,1780,167838.0,2.0,33,,0.0,2.0,1.0,17.0,A01
201900021585,1,8,2019,19:30,1,76.0,76319,1,1,1.0,3.0,A13,"49,3388070","1,0148650",,76.076319,76319,Seine-Maritime,28.0,Normandie,130.0,1.0,3.0,4,1.0,28,Normandie,76,3,9,Grand-Couronne,9726,177,9903.0,2.0,7,,0.0,2.0,1.0,1.0,B01
201900021585,1,8,2019,19:30,1,76.0,76319,1,1,1.0,3.0,A13,"49,3388070","1,0148650",,76.076319,76319,Seine-Maritime,28.0,Normandie,130.0,1.0,3.0,4,1.0,28,Normandie,76,3,9,Grand-Couronne,9726,177,9903.0,2.0,7,,6.0,2.0,1.0,1.0,A01
201900021639,3,8,2019,09:20,1,76.0,76057,2,2,1.0,6.0,54 rue Louis LESEIGNEUR,"49,5440070","0,9550686",,76.076057,76057,Seine-Maritime,28.0,Normandie,50.0,3.0,2.0,2,1.0,28,Normandie,76,3,1,Barentin,12154,238,12392.0,1.0,7,,0.0,1.0,3.0,15.0,A01
201900021671,25,6,2019,18:20,1,76.0,76575,2,1,1.0,3.0,DULLIN. RUE CHARLES,"49,3978100","1,0683700",,76.076575,76575,Seine-Maritime,28.0,Normandie,50.0,4.0,2.0,2,1.0,28,Normandie,76,3,98,Saint-Étienne-du-Rouvray,28508,225,28733.0,3.0,7,,0.0,2.0,2.0,0.0,A01
201900021671,25,6,2019,18:20,1,76.0,76575,2,1,1.0,3.0,DULLIN. RUE CHARLES,"49,3978100","1,0683700",,76.076575,76575,Seine-Maritime,28.0,Normandie,50.0,4.0,2.0,2,1.0,28,Normandie,76,3,98,Saint-Étienne-du-Rouvray,28508,225,28733.0,3.0,1,,0.0,2.0,1.0,0.0,B01
201900021672,24,6,2019,10:20,1,76.0,76575,2,1,1.0,1.0,CANADIENS. AVENUE DES,"49,4051100","1,0676300",,76.076575,76575,Seine-Maritime,28.0,Normandie,50.0,3.0,2.0,2,1.0,28,Normandie,76,3,98,Saint-Étienne-du-Rouvray,28508,225,28733.0,3.0,1,,0.0,2.0,3.0,0.0,A01
201900021672,24,6,2019,10:20,1,76.0,76575,2,1,1.0,1.0,CANADIENS. AVENUE DES,"49,4051100","1,0676300",,76.076575,76575,Seine-Maritime,28.0,Normandie,50.0,3.0,2.0,2,1.0,28,Normandie,76,3,98,Saint-Étienne-du-Rouvray,28508,225,28733.0,3.0,21,,0.0,2.0,1.0,0.0,B01
201900021955,13,3,2019,14:50,1,76.0,76557,1,1,6.0,6.0,cote de saint arnoult,"49,5277530","0,7161090",,76.076557,76557,Seine-Maritime,28.0,Normandie,80.0,3.0,2.0,2,1.0,28,Normandie,76,3,25,Saint-Arnoult,1453,23,1476.0,2.0,7,,5.0,0.0,0.0,1.0,B01
201900021955,13,3,2019,14:50,1,76.0,76557,1,1,6.0,6.0,cote de saint arnoult,"49,5277530","0,7161090",,76.076557,76557,Seine-Maritime,28.0,Normandie,80.0,3.0,2.0,2,1.0,28,Normandie,76,3,25,Saint-Arnoult,1453,23,1476.0,2.0,14,,5.0,0.0,7.0,1.0,A01
201900021970,8,3,2019,06:30,2,76.0,76351,2,2,1.0,3.0,LOUIS LUMIERE,"49,5240992","0,1229688",,76.076351,76351,Seine-Maritime,28.0,Normandie,50.0,3.0,2.0,3,2.0,28,Normandie,76,2,96,LeHavre,166058,1780,167838.0,0.0,7,,0.0,2.0,8.0,1.0,B01
201900021970,8,3,2019,06:30,2,76.0,76351,2,2,1.0,3.0,LOUIS LUMIERE,"49,5240992","0,1229688",,76.076351,76351,Seine-Maritime,28.0,Normandie,50.0,3.0,2.0,3,2.0,28,Normandie,76,2,96,LeHavre,166058,1780,167838.0,0.0,7,,0.0,2.0,1.0,1.0,A01
201900022005,11,3,2019,21:50,5,76.0,76351,2,4,1.0,3.0,PASTEUR,"49,5030100","0,1306100",,76.076351,76351,Seine-Maritime,28.0,Normandie,50.0,4.0,2.0,2,1.0,28,Normandie,76,2,96,LeHavre,166058,1780,167838.0,0.0,31,,0.0,2.0,3.0,1.0,B01
201900022005,11,3,2019,21:50,5,76.0,76351,2,4,1.0,3.0,PASTEUR,"49,5030100","0,1306100",,76.076351,76351,Seine-Maritime,28.0,Normandie,50.0,4.0,2.0,2,1.0,28,Normandie,76,2,96,LeHavre,166058,1780,167838.0,0.0,32,,0.0,2.0,1.0,15.0,A01
201900022007,9,3,2019,17:50,1,76.0,76447,2,1,1.0,1.0,HENRI MATISSE,"49,5505000","0,1748000",,76.076447,76447,Seine-Maritime,28.0,Normandie,50.0,4.0,2.0,2,1.0,28,Normandie,76,2,15,Montivilliers,15457,203,15660.0,2.0,33,,0.0,2.0,1.0,6.0,A01
201900022007,9,3,2019,17:50,1,76.0,76447,2,1,1.0,1.0,HENRI MATISSE,"49,5505000","0,1748000",,76.076447,76447,Seine-Maritime,28.0,Normandie,50.0,4.0,2.0,2,1.0,28,Normandie,76,2,15,Montivilliers,15457,203,15660.0,1.0,7,,0.0,2.0,3.0,6.0,B01
201900022009,10,3,2019,08:55,1,76.0,76351,2,3,1.0,6.0,LESUEUR (RUE),"49,4947000","0,1226900",,76.076351,76351,Seine-Maritime,28.0,Normandie,50.0,4.0,2.0,2,2.0,28,Normandie,76,2,96,LeHavre,166058,1780,167838.0,0.0,7,,0.0,1.0,1.0,1.0,A01
201900022065,14,11,2019,07:45,2,76.0,76681,2,1,1.0,2.0,ELUARD. RUE PAUL,"49,4032800","1,0989100",,76.076681,76681,Seine-Maritime,28.0,Normandie,50.0,4.0,2.0,2,1.0,28,Normandie,76,3,99,Sotteville-lès-Rouen,28965,475,29440.0,0.0,1,,0.0,2.0,4.0,2.0,B01
201900022065,14,11,2019,07:45,2,76.0,76681,2,1,1.0,2.0,ELUARD. RUE PAUL,"49,4032800","1,0989100",,76.076681,76681,Seine-Maritime,28.0,Normandie,50.0,4.0,2.0,2,1.0,28,Normandie,76,3,99,Sotteville-lès-Rouen,28965,475,29440.0,0.0,7,,0.0,2.0,2.0,2.0,A01
201900022066,14,11,2019,16:45,1,76.0,76351,2,2,1.0,6.0,GEORGES POMPIDOU (CHAUSSEE),"49,4906000","0,1166200",,76.076351,76351,Seine-Maritime,28.0,Normandie,50.0,4.0,1.0,5,1.0,28,Normandie,76,2,96,LeHavre,166058,1780,167838.0,2.0,7,,0.0,1.0,3.0,15.0,A01
201900022265,23,12,2019,18:40,5,76.0,76705,2,1,1.0,7.0,PICARD. AVENUE GUSTAVE,"49,3309792","1,0976101",,76.076705,76705,Seine-Maritime,28.0,Normandie,50.0,4.0,2.0,2,1.0,28,Normandie,76,3,5,Tourville-la-Rivière,2568,19,2587.0,3.0,7,,0.0,1.0,1.0,1.0,A01
201900022523,30,1,2019,09:15,1,76.0,76452,2,1,1.0,7.0,47 rue Baron Bigot,"49,5456865","1,0784094",,76.076452,76452,Seine-Maritime,28.0,Normandie,50.0,3.0,2.0,2,5.0,28,Normandie,76,3,2,MontvilLe4595,51,4646,,1.0,7,,13.0,0.0,1.0,1.0,A01
201900022651,10,10,2019,08:10,1,76.0,76103,2,3,2.0,3.0,RN 14 (ROUTE NEUVE),"49,4167300","1,1314600",,76.076103,76103,Seine-Maritime,28.0,Normandie,50.0,3.0,2.0,2,2.0,28,Normandie,76,3,6,Bonsecours,6455,95,6550.0,0.0,33,,0.0,2.0,0.0,17.0,A01
201900022651,10,10,2019,08:10,1,76.0,76103,2,3,2.0,3.0,RN 14 (ROUTE NEUVE),"49,4167300","1,1314600",,76.076103,76103,Seine-Maritime,28.0,Normandie,50.0,3.0,2.0,2,2.0,28,Normandie,76,3,6,Bonsecours,6455,95,6550.0,0.0,7,,0.0,2.0,3.0,15.0,B01
201900022652,3,10,2019,17:40,1,76.0,76705,1,1,1.0,2.0,CD 7,"49,3173900","1,0690200",,76.076705,76705,Seine-Maritime,28.0,Normandie,80.0,3.0,3.0,4,1.0,28,Normandie,76,3,5,Tourville-la-Rivière,2568,19,2587.0,2.0,7,,0.0,2.0,1.0,2.0,A01
201900022652,3,10,2019,17:40,1,76.0,76705,1,1,1.0,2.0,CD 7,"49,3173900","1,0690200",,76.076705,76705,Seine-Maritime,28.0,Normandie,80.0,3.0,3.0,4,1.0,28,Normandie,76,3,5,Tourville-la-Rivière,2568,19,2587.0,2.0,7,,0.0,2.0,4.0,0.0,B01
201900022653,7,10,2019,16:50,1,76.0,76486,2,1,1.0,2.0,CD 132,"49,3087400","0,9949900",,76.076486,76486,Seine-Maritime,28.0,Normandie,50.0,4.0,2.0,2,1.0,28,Normandie,76,3,9,Orival,860,5,865.0,0.0,7,,0.0,2.0,1.0,2.0,A01
201900022653,7,10,2019,16:50,1,76.0,76486,2,1,1.0,2.0,CD 132,"49,3087400","0,9949900",,76.076486,76486,Seine-Maritime,28.0,Normandie,50.0,4.0,2.0,2,1.0,28,Normandie,76,3,9,Orival,860,5,865.0,0.0,7,,0.0,1.0,1.0,23.0,B01
201900022860,10,9,2019,12:15,1,76.0,76057,2,1,1.0,1.0,Rue du 11 Novembre,"49,5343290","0,9583070",,76.076057,76057,Seine-Maritime,28.0,Normandie,50.0,4.0,2.0,2,1.0,28,Normandie,76,3,1,Barentin,12154,238,12392.0,1.0,7,,0.0,2.0,3.0,13.0,A01
201900022860,10,9,2019,12:15,1,76.0,76057,2,1,1.0,1.0,Rue du 11 Novembre,"49,5343290","0,9583070",,76.076057,76057,Seine-Maritime,28.0,Normandie,50.0,4.0,2.0,2,1.0,28,Normandie,76,3,1,Barentin,12154,238,12392.0,2.0,7,,0.0,2.0,3.0,1.0,B01
201900022861,10,8,2019,11:45,1,76.0,76065,1,3,1.0,1.0,Rue de Bernimont,"49,6771000","1,5683000",,76.076065,76065,Seine-Maritime,28.0,Normandie,80.0,3.0,2.0,2,1.0,28,Normandie,76,1,12,Beaussault,412,4,416.0,2.0,7,,0.0,2.0,1.0,1.0,B01
201900022861,10,8,2019,11:45,1,76.0,76065,1,3,1.0,1.0,Rue de Bernimont,"49,6771000","1,5683000",,76.076065,76065,Seine-Maritime,28.0,Normandie,80.0,3.0,2.0,2,1.0,28,Normandie,76,1,12,Beaussault,412,4,416.0,1.0,7,,0.0,2.0,1.0,15.0,A01
201900023206,28,6,2019,16:45,1,76.0,76540,1,1,1.0,2.0,MATHILDE. PONT,"49,4314200","1,1029200",,76.076540,76540,Seine-Maritime,28.0,Normandie,50.0,3.0,3.0,6,1.0,28,Normandie,76,3,97,Rouen,114083,1556,115639.0,0.0,33,,0.0,2.0,1.0,2.0,A01
201900023206,28,6,2019,16:45,1,76.0,76540,1,1,1.0,2.0,MATHILDE. PONT,"49,4314200","1,1029200",,76.076540,76540,Seine-Maritime,28.0,Normandie,50.0,3.0,3.0,6,1.0,28,Normandie,76,3,97,Rouen,114083,1556,115639.0,0.0,7,,0.0,2.0,4.0,2.0,B01
201900023207,13,6,2019,08:10,1,76.0,76322,2,1,1.0,4.0,LECLERC. AVENUE DU MARECHAL (CD 3),"49,4178500","1,0479400",,76.076322,76322,Seine-Maritime,28.0,Normandie,50.0,3.0,1.0,2,1.0,28,Normandie,76,3,13,LeGrand-Quevilly,25975,225,26200.0,2.0,30,,0.0,2.0,1.0,0.0,A01
201900023207,13,6,2019,08:10,1,76.0,76322,2,1,1.0,4.0,LECLERC. AVENUE DU MARECHAL (CD 3),"49,4178500","1,0479400",,76.076322,76322,Seine-Maritime,28.0,Normandie,50.0,3.0,1.0,2,1.0,28,Normandie,76,3,13,LeGrand-Quevilly,25975,225,26200.0,2.0,7,,0.0,2.0,3.0,0.0,B01
201900023207,13,6,2019,08:10,1,76.0,76322,2,1,1.0,4.0,LECLERC. AVENUE DU MARECHAL (CD 3),"49,4178500","1,0479400",,76.076322,76322,Seine-Maritime,28.0,Normandie,50.0,3.0,1.0,2,1.0,28,Normandie,76,3,13,LeGrand-Quevilly,25975,225,26200.0,2.0,7,,0.0,2.0,4.0,0.0,C01
201900023208,26,6,2019,09:52,1,76.0,76540,1,6,1.0,7.0,MADAGASCAR. RUE DE,"49,4376100","1,0671500",,76.076540,76540,Seine-Maritime,28.0,Normandie,50.0,2.0,3.0,5,1.0,28,Normandie,76,3,97,Rouen,114083,1556,115639.0,1.0,33,,0.0,2.0,1.0,17.0,A01
201900023209,28,6,2019,11:20,1,76.0,76305,2,3,1.0,3.0,Jacques EBERHARD (Avenue),"49,5044300","0,2338200",,76.076305,76305,Seine-Maritime,28.0,Normandie,50.0,4.0,2.0,2,1.0,28,Normandie,76,2,16,Gonfreville-l'Orcher,8961,44,9005.0,3.0,7,,0.0,2.0,3.0,15.0,B01
201900023209,28,6,2019,11:20,1,76.0,76305,2,3,1.0,3.0,Jacques EBERHARD (Avenue),"49,5044300","0,2338200",,76.076305,76305,Seine-Maritime,28.0,Normandie,50.0,4.0,2.0,2,1.0,28,Normandie,76,2,16,Gonfreville-l'Orcher,8961,44,9005.0,3.0,30,,0.0,2.0,1.0,1.0,A01
201900023210,26,6,2019,10:50,1,76.0,76351,2,3,1.0,6.0,NOTRE DAME (QUAI),"49,4873800","0,1106600",,76.076351,76351,Seine-Maritime,28.0,Normandie,50.0,4.0,2.0,2,1.0,28,Normandie,76,2,96,LeHavre,166058,1780,167838.0,1.0,7,,6.0,0.0,1.0,1.0,A01
201900023283,29,7,2019,13:20,1,76.0,76259,2,1,1.0,6.0,DE GAULLE ( PLACE CHARLES),"49,7575000","0,3763300",,76.076259,76259,Seine-Maritime,28.0,Normandie,50.0,3.0,2.0,2,1.0,28,Normandie,76,2,11,Fécamp,18016,269,18285.0,1.0,7,,0.0,1.0,3.0,1.0,A01
201900023346,1,8,2019,07:40,1,76.0,76735,1,2,1.0,3.0,D925,"49,8640860","0,7710190",,76.076735,76735,Seine-Maritime,28.0,Normandie,80.0,3.0,2.0,2,1.0,28,Normandie,76,1,33,Veules-les-Roses,520,13,533.0,1.0,7,,0.0,0.0,8.0,15.0,B01
201900023346,1,8,2019,07:40,1,76.0,76735,1,2,1.0,3.0,D925,"49,8640860","0,7710190",,76.076735,76735,Seine-Maritime,28.0,Normandie,80.0,3.0,2.0,2,1.0,28,Normandie,76,1,33,Veules-les-Roses,520,13,533.0,1.0,7,,7.0,2.0,1.0,17.0,A01
201900023347,1,8,2019,01:00,3,76.0,76126,1,1,1.0,7.0,RD 928,"49,6657613","1,3349230",,76.076126,76126,Seine-Maritime,28.0,Normandie,50.0,3.0,2.0,2,9.0,28,Normandie,76,1,23,Bosc-Mesnil,325,5,330.0,1.0,7,,13.0,0.0,5.0,1.0,A01
201900023382,31,7,2019,16:30,1,76.0,76608,1,3,1.0,1.0,route du hamel,"49,5140320","0,8228610",,76.076608,76608,Seine-Maritime,28.0,Normandie,70.0,3.0,2.0,2,1.0,28,Normandie,76,3,1,Sainte-Marguerite-sur-Duclair,2032,32,2064.0,2.0,33,,0.0,2.0,1.0,17.0,A01
201900023382,31,7,2019,16:30,1,76.0,76608,1,3,1.0,1.0,route du hamel,"49,5140320","0,8228610",,76.076608,76608,Seine-Maritime,28.0,Normandie,70.0,3.0,2.0,2,1.0,28,Normandie,76,3,1,Sainte-Marguerite-sur-Duclair,2032,32,2064.0,1.0,7,,0.0,2.0,1.0,16.0,B01
201900023448,28,7,2019,20:40,1,76.0,76540,2,1,1.0,2.0,EUROPE. BOULEVARD DE L',"49,4341400","1,0772000",,76.076540,76540,Seine-Maritime,28.0,Normandie,50.0,4.0,2.0,2,1.0,28,Normandie,76,3,97,Rouen,114083,1556,115639.0,0.0,33,,0.0,2.0,1.0,2.0,A01
201900023448,28,7,2019,20:40,1,76.0,76540,2,1,1.0,2.0,EUROPE. BOULEVARD DE L',"49,4341400","1,0772000",,76.076540,76540,Seine-Maritime,28.0,Normandie,50.0,4.0,2.0,2,1.0,28,Normandie,76,3,97,Rouen,114083,1556,115639.0,0.0,7,,0.0,2.0,4.0,2.0,B01
201900023449,27,7,2019,11:40,1,76.0,76108,2,2,1.0,3.0,JUIN. AVENUE DU MARECHAL,"49,4639590","1,1160900",,76.076108,76108,Seine-Maritime,28.0,Normandie,50.0,3.0,2.0,3,1.0,28,Normandie,76,3,2,Bois-Guillaume,14262,361,14623.0,0.0,7,,0.0,2.0,3.0,15.0,A01
201900023449,27,7,2019,11:40,1,76.0,76108,2,2,1.0,3.0,JUIN. AVENUE DU MARECHAL,"49,4639590","1,1160900",,76.076108,76108,Seine-Maritime,28.0,Normandie,50.0,3.0,2.0,3,1.0,28,Normandie,76,3,2,Bois-Guillaume,14262,361,14623.0,1.0,33,,0.0,2.0,1.0,1.0,B01
201900023450,26,7,2019,23:45,5,76.0,76108,1,1,1.0,7.0,BRETEQUE. CHEMIN DE LA,"49,4731900","1,1126800",,76.076108,76108,Seine-Maritime,28.0,Normandie,50.0,3.0,2.0,2,1.0,28,Normandie,76,3,2,Bois-Guillaume,14262,361,14623.0,0.0,7,,15.0,0.0,2.0,1.0,A01
201900023451,23,7,2019,07:18,1,76.0,76305,1,1,1.0,7.0,RD 6015,"49,5127800","0,2132000",,76.076305,76305,Seine-Maritime,28.0,Normandie,70.0,3.0,3.0,4,1.0,28,Normandie,76,2,16,Gonfreville-l'Orcher,8961,44,9005.0,2.0,33,,4.0,0.0,0.0,1.0,A01
201900023471,24,5,2019,21:40,3,76.0,76484,2,1,1.0,7.0,CURIE. RUE PIERRE,"49,3491000","1,0878700",,76.076484,76484,Seine-Maritime,28.0,Normandie,50.0,4.0,2.0,2,1.0,28,Normandie,76,3,31,Oissel,12367,83,12450.0,3.0,2,,0.0,0.0,0.0,0.0,A01
201900023472,24,5,2019,20:40,1,76.0,76540,2,1,1.0,7.0,GRAND MARE. AVENUE DE LA,"49,4608100","1,1328900",,76.076540,76540,Seine-Maritime,28.0,Normandie,50.0,4.0,2.0,2,1.0,28,Normandie,76,3,97,Rouen,114083,1556,115639.0,0.0,36,,2.0,0.0,1.0,1.0,A01
201900023473,18,5,2019,06:10,5,76.0,76540,1,1,1.0,7.0,LYONS LA FORET. ROUTE DE,"49,4368300","1,1280100",,76.076540,76540,Seine-Maritime,28.0,Normandie,50.0,2.0,2.0,2,1.0,28,Normandie,76,3,97,Rouen,114083,1556,115639.0,2.0,2,,0.0,0.0,7.0,1.0,A01
201900023474,16,5,2019,16:36,1,76.0,76540,2,1,1.0,6.0,MATHILDE. PONT,"49,4352500","1,1062600",,76.076540,76540,Seine-Maritime,28.0,Normandie,70.0,2.0,3.0,4,1.0,28,Normandie,76,3,97,Rouen,114083,1556,115639.0,1.0,7,,0.0,0.0,0.0,0.0,Z01
201900023474,16,5,2019,16:36,1,76.0,76540,2,1,1.0,6.0,MATHILDE. PONT,"49,4352500","1,1062600",,76.076540,76540,Seine-Maritime,28.0,Normandie,70.0,2.0,3.0,4,1.0,28,Normandie,76,3,97,Rouen,114083,1556,115639.0,1.0,33,,0.0,0.0,0.0,21.0,A01
201900023475,17,5,2019,00:25,3,76.0,76391,1,1,1.0,7.0,ROUTE FORESTIERE DE LA LOUVETERIE,"49,3329526","0,9178144",,76.076391,76391,Seine-Maritime,28.0,Normandie,80.0,3.0,2.0,2,1.0,28,Normandie,76,3,9,La Londe,2362,71,2433.0,2.0,33,,0.0,5.0,1.0,1.0,A01
201900023476,15,5,2019,19:45,1,76.0,76474,2,2,1.0,3.0,DIEPPE. ROUTE DE (RN 27),"49,4917400","1,0489000",,76.076474,76474,Seine-Maritime,28.0,Normandie,50.0,2.0,2.0,2,1.0,28,Normandie,76,3,24,Notre-Dame-de-BondevilLe6957,82,7039,,0.0,33,,0.0,2.0,1.0,1.0,A01
201900023476,15,5,2019,19:45,1,76.0,76474,2,2,1.0,3.0,DIEPPE. ROUTE DE (RN 27),"49,4917400","1,0489000",,76.076474,76474,Seine-Maritime,28.0,Normandie,50.0,2.0,2.0,2,1.0,28,Normandie,76,3,24,Notre-Dame-de-BondevilLe6957,82,7039,,0.0,7,,0.0,2.0,1.0,15.0,B01
201900023477,11,5,2019,02:00,5,76.0,76231,2,1,1.0,3.0,MOULIN SAINT ETIENNE. RUE DU,"49,2920700","0,9996500",,76.076231,76231,Seine-Maritime,28.0,Normandie,50.0,4.0,2.0,2,1.0,28,Normandie,76,3,9,Elbeuf,15951,138,16089.0,3.0,7,,0.0,2.0,6.0,22.0,A01
201900023477,11,5,2019,02:00,5,76.0,76231,2,1,1.0,3.0,MOULIN SAINT ETIENNE. RUE DU,"49,2920700","0,9996500",,76.076231,76231,Seine-Maritime,28.0,Normandie,50.0,4.0,2.0,2,1.0,28,Normandie,76,3,9,Elbeuf,15951,138,16089.0,3.0,7,,0.0,1.0,2.0,0.0,Z01
201900023478,3,5,2019,18:00,1,76.0,76575,2,1,1.0,6.0,VAL L'ABBE. RUE DU,"49,3807200","1,1004900",,76.076575,76575,Seine-Maritime,28.0,Normandie,50.0,3.0,2.0,2,1.0,28,Normandie,76,3,98,Saint-Étienne-du-Rouvray,28508,225,28733.0,2.0,7,,0.0,1.0,1.0,0.0,A01
201900023479,23,4,2019,17:00,1,76.0,76575,2,1,1.0,6.0,RUE JULIAN GRIMAU,"49,3893400","1,0921200",,76.076575,76575,Seine-Maritime,28.0,Normandie,50.0,4.0,-1.0,2,1.0,28,Normandie,76,3,98,Saint-Étienne-du-Rouvray,28508,225,28733.0,3.0,7,,0.0,1.0,1.0,0.0,A01
201900023480,27,4,2019,16:30,1,76.0,76231,2,1,1.0,2.0,GAULLE. RUE DU GENERAL DE,"49,2856500","1,0112300",,76.076231,76231,Seine-Maritime,28.0,Normandie,50.0,3.0,2.0,2,1.0,28,Normandie,76,3,9,Elbeuf,15951,138,16089.0,0.0,2,,0.0,2.0,1.0,18.0,B01