Num_Acc,jour,mois,an,hrmn,lum,dep,com,agg,int,atm,col,adr,lat,long,gps,com_insee_temp,com_insee,departmentName,regionCode,regionName,vma,catr,circ,nbv,surf,Code,Region,Departement,Arrondissement,Code_Canton,Nom_Commune,Population_municipaLe,Population_comptee_a_part,Population_Totale,senc,catv,occutc,obs,obsm,choc,manv,num_veh
201900023480,27,4,2019,16:30,1,76.0,76231,2,1,1.0,2.0,GAULLE. RUE DU GENERAL DE,"49,2856500","1,0112300",,76.076231,76231,Seine-Maritime,28.0,Normandie,50.0,3.0,2.0,2,1.0,28,Normandie,76,3,9,Elbeuf,15951,138,16089.0,0.0,7,,0.0,2.0,2.0,16.0,A01
201900023481,28,4,2019,08:19,1,76.0,76322,1,1,1.0,7.0,VOIE RAPIDE SUD 3 (RN 338),"49,4005800","1,0320700",,76.076322,76322,Seine-Maritime,28.0,Normandie,90.0,2.0,3.0,4,1.0,28,Normandie,76,3,13,LeGrand-Quevilly,25975,225,26200.0,2.0,7,,5.0,0.0,0.0,0.0,A01
201900023482,24,2,2019,15:50,1,76.0,76575,2,1,1.0,3.0,CROIZAT. AVENUE AMBROISE,"49,3741600","1,1027300",,76.076575,76575,Seine-Maritime,28.0,Normandie,50.0,3.0,2.0,2,1.0,28,Normandie,76,3,98,Saint-Étienne-du-Rouvray,28508,225,28733.0,3.0,34,,0.0,2.0,2.0,17.0,B01
201900023482,24,2,2019,15:50,1,76.0,76575,2,1,1.0,3.0,CROIZAT. AVENUE AMBROISE,"49,3741600","1,1027300",,76.076575,76575,Seine-Maritime,28.0,Normandie,50.0,3.0,2.0,2,1.0,28,Normandie,76,3,98,Saint-Étienne-du-Rouvray,28508,225,28733.0,3.0,7,,0.0,2.0,3.0,13.0,A01
201900023483,6,3,2019,13:05,1,76.0,76561,2,1,1.0,1.0,VILLERS. AVENUE LOUIS,"49,3082100","1,0385700",,76.076561,76561,Seine-Maritime,28.0,Normandie,50.0,4.0,2.0,2,1.0,28,Normandie,76,3,5,Saint-Aubin-lès-Elbeuf,8428,75,8503.0,3.0,1,,0.0,2.0,8.0,0.0,B01
201900023483,6,3,2019,13:05,1,76.0,76561,2,1,1.0,1.0,VILLERS. AVENUE LOUIS,"49,3082100","1,0385700",,76.076561,76561,Seine-Maritime,28.0,Normandie,50.0,4.0,2.0,2,1.0,28,Normandie,76,3,5,Saint-Aubin-lès-Elbeuf,8428,75,8503.0,3.0,7,,0.0,2.0,1.0,0.0,A01
201900023484,15,5,2019,01:30,5,76.0,76108,2,1,1.0,7.0,CASSIOPEE (Avenue),"49,4744700","1,1308000",,76.076108,76108,Seine-Maritime,28.0,Normandie,50.0,4.0,2.0,2,1.0,28,Normandie,76,3,2,Bois-Guillaume,14262,361,14623.0,0.0,33,,0.0,0.0,1.0,1.0,A01
201900023485,7,5,2019,23:10,5,76.0,76216,2,2,1.0,3.0,CARNOT. AVENUE,"49,4550000","1,0574600",,76.076216,76216,Seine-Maritime,28.0,Normandie,50.0,3.0,2.0,2,1.0,28,Normandie,76,3,22,Déville-lès-Rouen,10745,62,10807.0,0.0,33,,0.0,2.0,1.0,1.0,B01
201900023485,7,5,2019,23:10,5,76.0,76216,2,2,1.0,3.0,CARNOT. AVENUE,"49,4550000","1,0574600",,76.076216,76216,Seine-Maritime,28.0,Normandie,50.0,3.0,2.0,2,1.0,28,Normandie,76,3,22,Déville-lès-Rouen,10745,62,10807.0,0.0,7,,0.0,2.0,6.0,19.0,A01
201900023486,7,5,2019,13:15,1,76.0,76681,2,1,1.0,2.0,PARIS. RUE DE,"49,4078600","1,1016000",,76.076681,76681,Seine-Maritime,28.0,Normandie,50.0,3.0,2.0,0,1.0,28,Normandie,76,3,99,Sotteville-lès-Rouen,28965,475,29440.0,0.0,7,,0.0,2.0,6.0,10.0,A01
201900023486,7,5,2019,13:15,1,76.0,76681,2,1,1.0,2.0,PARIS. RUE DE,"49,4078600","1,1016000",,76.076681,76681,Seine-Maritime,28.0,Normandie,50.0,3.0,2.0,0,1.0,28,Normandie,76,3,99,Sotteville-lès-Rouen,28965,475,29440.0,0.0,33,,0.0,2.0,1.0,1.0,B01
201900023487,1,5,2019,12:10,1,76.0,76540,2,3,1.0,3.0,MARTYRS DE LA RESISTANCE. AVENUE,"49,4207400","1,0789800",,76.076540,76540,Seine-Maritime,28.0,Normandie,50.0,4.0,2.0,2,1.0,28,Normandie,76,3,97,Rouen,114083,1556,115639.0,0.0,7,,0.0,2.0,3.0,15.0,A01
201900023487,1,5,2019,12:10,1,76.0,76540,2,3,1.0,3.0,MARTYRS DE LA RESISTANCE. AVENUE,"49,4207400","1,0789800",,76.076540,76540,Seine-Maritime,28.0,Normandie,50.0,4.0,2.0,2,1.0,28,Normandie,76,3,97,Rouen,114083,1556,115639.0,0.0,34,,0.0,2.0,1.0,1.0,B01
201900023488,1,5,2019,19:30,1,76.0,76540,2,1,1.0,7.0,GUILLAUME LE CONQUERANT. RAMPE,"49,4411500","1,0814900",,76.076540,76540,Seine-Maritime,28.0,Normandie,50.0,2.0,1.0,1,1.0,28,Normandie,76,3,97,Rouen,114083,1556,115639.0,0.0,7,,4.0,0.0,9.0,1.0,A01
201900023489,25,5,2019,09:20,1,76.0,76447,2,1,1.0,3.0,PRESIDENT WILSON,"49,5397400","0,1784300",,76.076447,76447,Seine-Maritime,28.0,Normandie,50.0,4.0,2.0,3,1.0,28,Normandie,76,2,15,Montivilliers,15457,203,15660.0,1.0,33,,0.0,2.0,1.0,1.0,B01
201900023489,25,5,2019,09:20,1,76.0,76447,2,1,1.0,3.0,PRESIDENT WILSON,"49,5397400","0,1784300",,76.076447,76447,Seine-Maritime,28.0,Normandie,50.0,4.0,2.0,3,1.0,28,Normandie,76,2,15,Montivilliers,15457,203,15660.0,3.0,7,,0.0,2.0,3.0,15.0,A01
201900023490,25,5,2019,09:35,1,76.0,76351,2,2,1.0,3.0,DOCTEUR CALMETTE,"49,5123762","0,0998238",,76.076351,76351,Seine-Maritime,28.0,Normandie,50.0,4.0,2.0,2,1.0,28,Normandie,76,2,96,LeHavre,166058,1780,167838.0,0.0,7,,0.0,2.0,8.0,1.0,B01
201900023490,25,5,2019,09:35,1,76.0,76351,2,2,1.0,3.0,DOCTEUR CALMETTE,"49,5123762","0,0998238",,76.076351,76351,Seine-Maritime,28.0,Normandie,50.0,4.0,2.0,2,1.0,28,Normandie,76,2,96,LeHavre,166058,1780,167838.0,1.0,7,,0.0,2.0,2.0,1.0,A01
201900023491,21,5,2019,16:45,1,76.0,76351,2,3,1.0,2.0,JEAN JAURES (AVENUE),"49,5008739","0,1781416",,76.076351,76351,Seine-Maritime,28.0,Normandie,50.0,4.0,2.0,2,1.0,28,Normandie,76,2,96,LeHavre,166058,1780,167838.0,0.0,30,,0.0,2.0,1.0,1.0,A01
201900023491,21,5,2019,16:45,1,76.0,76351,2,3,1.0,2.0,JEAN JAURES (AVENUE),"49,5008739","0,1781416",,76.076351,76351,Seine-Maritime,28.0,Normandie,50.0,4.0,2.0,2,1.0,28,Normandie,76,2,96,LeHavre,166058,1780,167838.0,0.0,10,,0.0,2.0,4.0,23.0,B01
201900023492,20,5,2019,19:48,1,76.0,76305,2,6,1.0,3.0,OUDALLE (ROUTE),"49,5039500","0,2022200",,76.076305,76305,Seine-Maritime,28.0,Normandie,50.0,4.0,2.0,2,1.0,28,Normandie,76,2,16,Gonfreville-l'Orcher,8961,44,9005.0,3.0,30,,0.0,2.0,0.0,1.0,B01
201900023492,20,5,2019,19:48,1,76.0,76305,2,6,1.0,3.0,OUDALLE (ROUTE),"49,5039500","0,2022200",,76.076305,76305,Seine-Maritime,28.0,Normandie,50.0,4.0,2.0,2,1.0,28,Normandie,76,2,16,Gonfreville-l'Orcher,8961,44,9005.0,3.0,7,,0.0,2.0,1.0,9.0,A01
201900023493,15,5,2019,18:55,1,76.0,76351,2,2,1.0,2.0,ARMAND BARBES,"49,4998600","0,1503300",,76.076351,76351,Seine-Maritime,28.0,Normandie,50.0,4.0,2.0,2,1.0,28,Normandie,76,2,96,LeHavre,166058,1780,167838.0,1.0,7,,0.0,2.0,1.0,1.0,B01
201900023493,15,5,2019,18:55,1,76.0,76351,2,2,1.0,2.0,ARMAND BARBES,"49,4998600","0,1503300",,76.076351,76351,Seine-Maritime,28.0,Normandie,50.0,4.0,2.0,2,1.0,28,Normandie,76,2,96,LeHavre,166058,1780,167838.0,2.0,31,,0.0,2.0,3.0,1.0,A01
201900023494,16,5,2019,00:55,5,76.0,76351,2,1,1.0,6.0,GUILLEMARD,"49,4968600","0,0941200",,76.076351,76351,Seine-Maritime,28.0,Normandie,50.0,4.0,2.0,2,1.0,28,Normandie,76,2,96,LeHavre,166058,1780,167838.0,0.0,7,,8.0,0.0,2.0,14.0,A01
201900023495,14,5,2019,13:40,1,76.0,76351,2,2,1.0,6.0,RENE COTY,"49,4971700","0,1117800",,76.076351,76351,Seine-Maritime,28.0,Normandie,50.0,4.0,2.0,3,1.0,28,Normandie,76,2,96,LeHavre,166058,1780,167838.0,2.0,7,,0.0,1.0,3.0,15.0,A01
201900023496,13,5,2019,18:10,1,76.0,76351,2,9,1.0,6.0,CHARLES LAFFITTE,"49,4929200","0,1283000",,76.076351,76351,Seine-Maritime,28.0,Normandie,10.0,6.0,-1.0,-1,1.0,28,Normandie,76,2,96,LeHavre,166058,1780,167838.0,3.0,38,1.0,0.0,1.0,7.0,26.0,A01
201900023497,11,5,2019,22:35,5,76.0,76351,2,3,1.0,6.0,RAFFINERIES (DES),"49,4916800","0,1421100",,76.076351,76351,Seine-Maritime,28.0,Normandie,50.0,4.0,2.0,2,1.0,28,Normandie,76,2,96,LeHavre,166058,1780,167838.0,0.0,7,,0.0,1.0,1.0,1.0,A01
201900023498,3,5,2019,22:30,5,76.0,76351,2,2,1.0,3.0,BOIS AU COQ (RUE),"49,5110800","0,1286700",,76.076351,76351,Seine-Maritime,28.0,Normandie,50.0,4.0,3.0,2,1.0,28,Normandie,76,2,96,LeHavre,166058,1780,167838.0,1.0,7,,0.0,2.0,1.0,1.0,B01
201900023498,3,5,2019,22:30,5,76.0,76351,2,2,1.0,3.0,BOIS AU COQ (RUE),"49,5110800","0,1286700",,76.076351,76351,Seine-Maritime,28.0,Normandie,50.0,4.0,3.0,2,1.0,28,Normandie,76,2,96,LeHavre,166058,1780,167838.0,2.0,2,,0.0,2.0,3.0,1.0,A01
201900023499,3,5,2019,22:00,1,76.0,76351,2,2,1.0,3.0,VERDUN (RUE DE),"49,5023900","0,1726500",,76.076351,76351,Seine-Maritime,28.0,Normandie,50.0,3.0,2.0,2,1.0,28,Normandie,76,2,96,LeHavre,166058,1780,167838.0,1.0,7,,0.0,2.0,1.0,1.0,B01
201900023499,3,5,2019,22:00,1,76.0,76351,2,2,1.0,3.0,VERDUN (RUE DE),"49,5023900","0,1726500",,76.076351,76351,Seine-Maritime,28.0,Normandie,50.0,3.0,2.0,2,1.0,28,Normandie,76,2,96,LeHavre,166058,1780,167838.0,1.0,7,,0.0,2.0,3.0,15.0,A01
201900023500,3,5,2019,11:10,1,76.0,76351,2,3,1.0,7.0,CLEMENCEAU (BD),"49,4896900","0,0977300",,76.076351,76351,Seine-Maritime,28.0,Normandie,50.0,4.0,2.0,2,1.0,28,Normandie,76,2,96,LeHavre,166058,1780,167838.0,0.0,1,,0.0,0.0,0.0,0.0,A01
201900023501,30,4,2019,18:05,1,76.0,76351,2,1,1.0,1.0,IRENE JOLIOT CURIE (RUE),"49,5062000","0,1004100",,76.076351,76351,Seine-Maritime,28.0,Normandie,50.0,4.0,2.0,2,1.0,28,Normandie,76,2,96,LeHavre,166058,1780,167838.0,1.0,7,,0.0,2.0,1.0,13.0,A01
201900023501,30,4,2019,18:05,1,76.0,76351,2,1,1.0,1.0,IRENE JOLIOT CURIE (RUE),"49,5062000","0,1004100",,76.076351,76351,Seine-Maritime,28.0,Normandie,50.0,4.0,2.0,2,1.0,28,Normandie,76,2,96,LeHavre,166058,1780,167838.0,2.0,7,,0.0,2.0,1.0,1.0,B01
201900023502,26,4,2019,16:10,1,76.0,76351,2,1,1.0,6.0,AMIRAL MOUCHEZ (BD),"49,4861000","0,1400900",,76.076351,76351,Seine-Maritime,28.0,Normandie,50.0,3.0,2.0,3,1.0,28,Normandie,76,2,96,LeHavre,166058,1780,167838.0,1.0,7,,0.0,1.0,3.0,1.0,B01
201900023503,30,5,2019,01:55,5,76.0,76217,2,1,1.0,6.0,LIBERATION (AVENUE DE LA),"49,9243300","1,1071900",,76.076217,76217,Seine-Maritime,28.0,Normandie,50.0,3.0,2.0,-1,1.0,28,Normandie,76,1,95,Dieppe,28358,455,28813.0,2.0,7,,1.0,0.0,2.0,1.0,C01
201900023504,9,5,2019,12:05,1,76.0,76217,2,2,1.0,3.0,Normandie Sussex (Avenue),"49,9168500","1,0888600",,76.076217,76217,Seine-Maritime,28.0,Normandie,50.0,4.0,3.0,3,1.0,28,Normandie,76,1,95,Dieppe,28358,455,28813.0,2.0,7,,0.0,2.0,2.0,15.0,A01
201900023504,9,5,2019,12:05,1,76.0,76217,2,2,1.0,3.0,Normandie Sussex (Avenue),"49,9168500","1,0888600",,76.076217,76217,Seine-Maritime,28.0,Normandie,50.0,4.0,3.0,3,1.0,28,Normandie,76,1,95,Dieppe,28358,455,28813.0,1.0,33,,0.0,2.0,1.0,1.0,B01
201900023505,21,5,2019,19:40,1,76.0,76384,1,6,1.0,6.0,RADICATEL (ROUTE DE),"49,4853805","0,5332714",,76.076384,76384,Seine-Maritime,28.0,Normandie,70.0,3.0,3.0,2,1.0,28,Normandie,76,2,3,Lillebonne,8729,141,8870.0,3.0,31,,0.0,0.0,7.0,26.0,A01
201900023853,13,11,2019,18:15,2,76.0,76474,2,1,1.0,6.0,RN 27 (ROUTE DE DIEPPE),"49,4889100","1,0491000",,76.076474,76474,Seine-Maritime,28.0,Normandie,50.0,3.0,2.0,2,1.0,28,Normandie,76,3,24,Notre-Dame-de-BondevilLe6957,82,7039,,2.0,7,,0.0,1.0,2.0,1.0,A01
201900023854,13,11,2019,23:15,5,76.0,76351,2,1,2.0,6.0,PEUPLIERS (DES),"49,5063700","0,1502800",,76.076351,76351,Seine-Maritime,28.0,Normandie,50.0,4.0,-1.0,1,1.0,28,Normandie,76,2,96,LeHavre,166058,1780,167838.0,1.0,7,,1.0,0.0,1.0,1.0,A01
201900024011,26,1,2019,06:25,5,76.0,76540,2,1,1.0,1.0,EUROPE. BOULEVARD DE L',"49,4339800","1,0772800",,76.076540,76540,Seine-Maritime,28.0,Normandie,50.0,4.0,3.0,2,2.0,28,Normandie,76,3,97,Rouen,114083,1556,115639.0,0.0,7,,0.0,0.0,0.0,0.0,B01
201900024011,26,1,2019,06:25,5,76.0,76540,2,1,1.0,1.0,EUROPE. BOULEVARD DE L',"49,4339800","1,0772800",,76.076540,76540,Seine-Maritime,28.0,Normandie,50.0,4.0,3.0,2,2.0,28,Normandie,76,3,97,Rouen,114083,1556,115639.0,0.0,7,,0.0,2.0,2.0,13.0,A01
201900024012,26,1,2019,04:50,5,76.0,76351,2,1,1.0,7.0,VERDUN (RUE DE),"49,5022400","0,1695900",,76.076351,76351,Seine-Maritime,28.0,Normandie,50.0,4.0,2.0,2,2.0,28,Normandie,76,2,96,LeHavre,166058,1780,167838.0,1.0,7,,1.0,0.0,1.0,14.0,A01
201900024013,25,1,2019,16:40,1,76.0,76305,1,1,1.0,6.0,RD 6015,"49,5165000","0,2408600",,76.076305,76305,Seine-Maritime,28.0,Normandie,70.0,3.0,3.0,4,2.0,28,Normandie,76,2,16,Gonfreville-l'Orcher,8961,44,9005.0,0.0,7,,3.0,0.0,2.0,14.0,A01
201900024240,7,10,2019,17:15,1,76.0,76212,2,1,1.0,5.0,LYONS LA FORET. ROUTE DE,"49,4352700","1,1486400",,76.076212,76212,Seine-Maritime,28.0,Normandie,70.0,3.0,1.0,2,1.0,28,Normandie,76,3,6,Darnétal,9738,74,9812.0,0.0,7,,0.0,2.0,0.0,11.0,A01
201900024240,7,10,2019,17:15,1,76.0,76212,2,1,1.0,5.0,LYONS LA FORET. ROUTE DE,"49,4352700","1,1486400",,76.076212,76212,Seine-Maritime,28.0,Normandie,70.0,3.0,1.0,2,1.0,28,Normandie,76,3,6,Darnétal,9738,74,9812.0,0.0,33,,0.0,2.0,8.0,21.0,B01
201900024240,7,10,2019,17:15,1,76.0,76212,2,1,1.0,5.0,LYONS LA FORET. ROUTE DE,"49,4352700","1,1486400",,76.076212,76212,Seine-Maritime,28.0,Normandie,70.0,3.0,1.0,2,1.0,28,Normandie,76,3,6,Darnétal,9738,74,9812.0,0.0,7,,0.0,2.0,4.0,1.0,C01
201900024343,21,12,2019,21:30,5,76.0,76351,2,3,1.0,3.0,FRANCOIS MAZELINE,"49,4987800","0,1372600",,76.076351,76351,Seine-Maritime,28.0,Normandie,50.0,4.0,2.0,2,1.0,28,Normandie,76,2,96,LeHavre,166058,1780,167838.0,3.0,7,,0.0,2.0,3.0,1.0,Z01
201900024343,21,12,2019,21:30,5,76.0,76351,2,3,1.0,3.0,FRANCOIS MAZELINE,"49,4987800","0,1372600",,76.076351,76351,Seine-Maritime,28.0,Normandie,50.0,4.0,2.0,2,1.0,28,Normandie,76,2,96,LeHavre,166058,1780,167838.0,3.0,7,,0.0,2.0,7.0,1.0,A01
201900024456,17,12,2019,15:15,1,76.0,76695,1,2,2.0,1.0,Route de la Flamme Olympique,"49,6670860","0,4984190",,76.076695,76695,Seine-Maritime,28.0,Normandie,80.0,3.0,2.0,2,2.0,28,Normandie,76,2,32,Tocqueville-les-Murs,276,5,281.0,2.0,7,,0.0,2.0,3.0,26.0,A01
201900024456,17,12,2019,15:15,1,76.0,76695,1,2,2.0,1.0,Route de la Flamme Olympique,"49,6670860","0,4984190",,76.076695,76695,Seine-Maritime,28.0,Normandie,80.0,3.0,2.0,2,2.0,28,Normandie,76,2,32,Tocqueville-les-Murs,276,5,281.0,1.0,7,,0.0,2.0,1.0,1.0,B01
201900024491,20,12,2019,21:50,3,76.0,76672,1,1,2.0,6.0,685 Route de Rouen,"49,6246490","1,5254080",,76.076672,76672,Seine-Maritime,28.0,Normandie,70.0,3.0,2.0,2,2.0,28,Normandie,76,1,12,Serqueux,957,15,972.0,2.0,7,,10.0,0.0,1.0,1.0,A01
201900024601,5,9,2019,17:20,1,76.0,76540,1,1,1.0,7.0,GRAND MARE. TUNNEL DE LA,"49,4423300","1,1346400",,76.076540,76540,Seine-Maritime,28.0,Normandie,70.0,2.0,2.0,2,1.0,28,Normandie,76,3,97,Rouen,114083,1556,115639.0,1.0,30,,4.0,0.0,8.0,1.0,A01
201900024602,4,9,2019,09:10,1,76.0,76108,1,1,1.0,6.0,RN 28 (ROUTE DE NEUFCHATEL),"49,4574300","1,1440100",,76.076108,76108,Seine-Maritime,28.0,Normandie,90.0,2.0,3.0,4,1.0,28,Normandie,76,3,2,Bois-Guillaume,14262,361,14623.0,2.0,10,,14.0,0.0,1.0,1.0,A01
201900024602,4,9,2019,09:10,1,76.0,76108,1,1,1.0,6.0,RN 28 (ROUTE DE NEUFCHATEL),"49,4574300","1,1440100",,76.076108,76108,Seine-Maritime,28.0,Normandie,90.0,2.0,3.0,4,1.0,28,Normandie,76,3,2,Bois-Guillaume,14262,361,14623.0,2.0,7,,0.0,6.0,1.0,1.0,B01
201900024603,6,9,2019,06:05,2,76.0,76351,1,1,1.0,6.0,RD 6382,"49,5309918","0,1351967",,76.076351,76351,Seine-Maritime,28.0,Normandie,90.0,3.0,3.0,4,1.0,28,Normandie,76,2,96,LeHavre,166058,1780,167838.0,1.0,7,,0.0,5.0,1.0,1.0,A01
201900024749,14,4,2019,17:15,1,76.0,76410,1,1,1.0,7.0,RD 6015 (COTE DE LA VALETTE),"49,4882700","1,0312700",,76.076410,76410,Seine-Maritime,28.0,Normandie,80.0,3.0,2.0,2,1.0,28,Normandie,76,3,4,Maromme,11024,122,11146.0,1.0,33,,0.0,0.0,1.0,1.0,A01
201900024750,13,4,2019,10:20,1,76.0,76540,2,1,1.0,6.0,ECUYERE. RUE,"49,4439200","1,0908400",,76.076540,76540,Seine-Maritime,28.0,Normandie,20.0,4.0,1.0,1,1.0,28,Normandie,76,3,97,Rouen,114083,1556,115639.0,0.0,7,,0.0,1.0,4.0,4.0,A01
201900024751,14,4,2019,07:25,1,76.0,76351,2,1,1.0,6.0,CLEMENCEAU (BD),"49,4889530","0,0979543",,76.076351,76351,Seine-Maritime,28.0,Normandie,50.0,4.0,2.0,2,1.0,28,Normandie,76,2,96,LeHavre,166058,1780,167838.0,0.0,7,,1.0,0.0,2.0,9.0,A01
201900025031,26,7,2019,11:30,1,76.0,76114,2,1,1.0,7.0,JACQUES FAUQUET (RUE),"49,5722100","0,4695900",,76.076114,76114,Seine-Maritime,28.0,Normandie,30.0,4.0,2.0,2,1.0,28,Normandie,76,2,3,Bolbec,11635,147,11782.0,2.0,7,,0.0,1.0,3.0,16.0,A01
201900025247,12,3,2019,14:00,1,76.0,76260,1,1,6.0,7.0,RD930 Hameau de Laudencourt,"49,4963770","1,7700910",,76.076260,76260,Seine-Maritime,28.0,Normandie,80.0,3.0,2.0,2,1.0,28,Normandie,76,1,12,Ferrières-en-Bray,1675,15,1690.0,1.0,15,,2.0,0.0,1.0,1.0,A01
201900025364,9,3,2019,17:10,1,76.0,76130,1,1,1.0,7.0,Chemin communal des fossettes 76270 BOUELLES,"49,7213260","1,5077910",,76.076130,76130,Seine-Maritime,28.0,Normandie,80.0,9.0,-1.0,2,1.0,28,Normandie,76,1,23,BouelLes272,4,276,,3.0,33,,0.0,0.0,2.0,0.0,A01
201900025762,21,12,2019,00:25,5,76.0,76540,2,2,1.0,3.0,BETHENCOURT. BOULEVARD JEAN DE,"49,4389407","1,0799915",,76.076540,76540,Seine-Maritime,28.0,Normandie,50.0,2.0,2.0,6,1.0,28,Normandie,76,3,97,Rouen,114083,1556,115639.0,0.0,31,,0.0,2.0,8.0,1.0,A01
201900025762,21,12,2019,00:25,5,76.0,76540,2,2,1.0,3.0,BETHENCOURT. BOULEVARD JEAN DE,"49,4389407","1,0799915",,76.076540,76540,Seine-Maritime,28.0,Normandie,50.0,2.0,2.0,6,1.0,28,Normandie,76,3,97,Rouen,114083,1556,115639.0,0.0,7,,0.0,2.0,0.0,1.0,Z01
201900025837,19,12,2019,16:30,1,76.0,76021,1,2,1.0,5.0,Route de Goderville,"49,6758490","0,4373720",,76.076021,76021,Seine-Maritime,28.0,Normandie,70.0,3.0,2.0,2,1.0,28,Normandie,76,2,32,Annouville-Vilmesnil,455,3,458.0,0.0,7,,0.0,2.0,3.0,23.0,C01
201900025837,19,12,2019,16:30,1,76.0,76021,1,2,1.0,5.0,Route de Goderville,"49,6758490","0,4373720",,76.076021,76021,Seine-Maritime,28.0,Normandie,70.0,3.0,2.0,2,1.0,28,Normandie,76,2,32,Annouville-Vilmesnil,455,3,458.0,2.0,7,,0.0,2.0,1.0,1.0,B01
201900025837,19,12,2019,16:30,1,76.0,76021,1,2,1.0,5.0,Route de Goderville,"49,6758490","0,4373720",,76.076021,76021,Seine-Maritime,28.0,Normandie,70.0,3.0,2.0,2,1.0,28,Normandie,76,2,32,Annouville-Vilmesnil,455,3,458.0,1.0,7,,0.0,2.0,2.0,11.0,A01
201900025855,12,12,2019,07:45,5,76.0,76533,1,9,2.0,7.0,BRETELLE D'ACCES. SORTIE 5 . RN 1029,"49,4804032","0,2638972",,76.076533,76533,Seine-Maritime,28.0,Normandie,70.0,1.0,1.0,1,2.0,28,Normandie,76,2,16,RogervilLe1706,19,1725,,2.0,33,,14.0,0.0,1.0,1.0,A01
201900025940,10,10,2019,01:15,3,76.0,76244,1,1,3.0,6.0,A28,"49,7141810","1,4064250",,76.076244,76244,Seine-Maritime,28.0,Normandie,110.0,1.0,3.0,4,2.0,28,Normandie,76,1,23,EsclavelLes386,6,392,,2.0,7,,3.0,0.0,0.0,1.0,A01
201900026035,8,10,2019,00:45,5,76.0,76498,1,1,2.0,6.0,SUD III (RN 338),"49,4344800","1,0685900",,76.076498,76498,Seine-Maritime,28.0,Normandie,90.0,2.0,3.0,4,2.0,28,Normandie,76,3,27,LePetit-Quevilly,21782,274,22056.0,2.0,7,,6.0,0.0,1.0,1.0,A01
201900026260,24,1,2019,08:25,2,76.0,76498,2,1,5.0,7.0,BARBUSSE. PLACE HENRI,"49,4300300","1,0528100",,76.076498,76498,Seine-Maritime,28.0,Normandie,50.0,4.0,1.0,1,1.0,28,Normandie,76,3,27,LePetit-Quevilly,21782,274,22056.0,0.0,10,,0.0,1.0,4.0,20.0,A01
201900026261,24,1,2019,14:30,1,76.0,76351,1,1,1.0,6.0,RD 6382,"49,5327848","0,1162255",,76.076351,76351,Seine-Maritime,28.0,Normandie,90.0,3.0,3.0,4,1.0,28,Normandie,76,2,96,LeHavre,166058,1780,167838.0,1.0,7,,9.0,0.0,3.0,13.0,A01
201900026262,24,1,2019,21:15,5,76.0,76351,2,1,1.0,6.0,GENERAL DE GAULLE,"49,5194900","0,1570200",,76.076351,76351,Seine-Maritime,28.0,Normandie,50.0,3.0,2.0,2,2.0,28,Normandie,76,2,96,LeHavre,166058,1780,167838.0,2.0,30,,1.0,0.0,1.0,1.0,A01
201900026263,24,1,2019,11:10,1,76.0,76351,2,1,1.0,3.0,COMMANDANT ABADIE,"49,5013600","0,1807100",,76.076351,76351,Seine-Maritime,28.0,Normandie,50.0,4.0,2.0,2,1.0,28,Normandie,76,2,96,LeHavre,166058,1780,167838.0,0.0,7,,0.0,2.0,1.0,9.0,A01
201900026263,24,1,2019,11:10,1,76.0,76351,2,1,1.0,3.0,COMMANDANT ABADIE,"49,5013600","0,1807100",,76.076351,76351,Seine-Maritime,28.0,Normandie,50.0,4.0,2.0,2,1.0,28,Normandie,76,2,96,LeHavre,166058,1780,167838.0,0.0,7,,0.0,2.0,2.0,1.0,B01
201900026264,23,1,2019,08:15,5,76.0,76341,2,3,1.0,6.0,RESISTANCE (AVENUE DE LA),"49,5046300","0,2005300",,76.076341,76341,Seine-Maritime,28.0,Normandie,50.0,4.0,2.0,2,2.0,28,Normandie,76,2,15,Harfleur,8315,53,8368.0,0.0,7,,0.0,1.0,3.0,1.0,A01
201900026265,25,1,2019,18:00,5,76.0,76217,2,1,8.0,6.0,BERIGNY (BOULEVARD),"49,9235700","1,0813200",,76.076217,76217,Seine-Maritime,28.0,Normandie,30.0,4.0,1.0,1,2.0,28,Normandie,76,1,95,Dieppe,28358,455,28813.0,3.0,38,1.0,0.0,1.0,2.0,1.0,A01
201900026490,30,6,2019,20:25,1,76.0,76392,1,1,1.0,6.0,Route de Fresnoy Folny,"49,8361000","1,3995470",,76.076392,76392,Seine-Maritime,28.0,Normandie,80.0,3.0,2.0,2,1.0,28,Normandie,76,1,23,Londinières,1243,20,1263.0,2.0,7,,0.0,0.0,2.0,21.0,A01
201900026525,29,6,2019,11:00,1,76.0,76490,2,6,1.0,6.0,CD 50,"49,7281370","0,6073180",,76.076490,76490,Seine-Maritime,28.0,Normandie,50.0,3.0,2.0,2,1.0,28,Normandie,76,1,33,Ourville-en-Caux,1105,15,1120.0,2.0,7,,0.0,1.0,1.0,1.0,A01
201900026526,28,6,2019,07:25,1,76.0,76621,1,1,1.0,6.0,D 928,"49,6502880","1,3078270",,76.076621,76621,Seine-Maritime,28.0,Normandie,50.0,3.0,2.0,3,1.0,28,Normandie,76,1,23,Saint-Martin-OsmonvilLe1179,22,1201,,3.0,10,,0.0,1.0,1.0,1.0,A01
201900026692,14,4,2019,21:15,5,76.0,76192,1,1,1.0,1.0,d925,"50,0223100","1,3259370",,76.076192,76192,Seine-Maritime,28.0,Normandie,80.0,3.0,2.0,2,1.0,28,Normandie,76,1,10,Criel-sur-Mer,2596,54,2650.0,1.0,7,,0.0,2.0,1.0,1.0,A01