Num_Acc,jour,mois,an,hrmn,lum,dep,com,agg,int,atm,col,adr,lat,long,gps,com_insee_temp,com_insee,departmentName,regionCode,regionName,vma,catr,circ,nbv,surf,Code,Region,Departement,Arrondissement,Code_Canton,Nom_Commune,Population_municipaLe,Population_comptee_a_part,Population_Totale,senc,catv,occutc,obs,obsm,choc,manv,num_veh
201900026692,14,4,2019,21:15,5,76.0,76192,1,1,1.0,1.0,d925,"50,0223100","1,3259370",,76.076192,76192,Seine-Maritime,28.0,Normandie,80.0,3.0,2.0,2,1.0,28,Normandie,76,1,10,Criel-sur-Mer,2596,54,2650.0,2.0,7,,0.0,2.0,1.0,5.0,B01
201900026758,11,4,2019,21:20,2,76.0,76495,1,8,1.0,3.0,Rue du Docteur Blondel,"49,5611820","0,9507700",,76.076495,76495,Seine-Maritime,28.0,Normandie,50.0,3.0,2.0,2,1.0,28,Normandie,76,3,24,Pavilly,6121,53,6174.0,2.0,7,,0.0,4.0,2.0,1.0,A01
201900026758,11,4,2019,21:20,2,76.0,76495,1,8,1.0,3.0,Rue du Docteur Blondel,"49,5611820","0,9507700",,76.076495,76495,Seine-Maritime,28.0,Normandie,50.0,3.0,2.0,2,1.0,28,Normandie,76,3,24,Pavilly,6121,53,6174.0,1.0,39,,0.0,4.0,1.0,0.0,B01
201900027125,6,3,2019,06:58,5,76.0,76322,2,1,1.0,3.0,BRAQUE. AVENUE GEORGES,"49,4050800","1,0431200",,76.076322,76322,Seine-Maritime,28.0,Normandie,50.0,4.0,-1.0,2,1.0,28,Normandie,76,3,13,LeGrand-Quevilly,25975,225,26200.0,3.0,14,,0.0,-1.0,1.0,0.0,A01
201900027125,6,3,2019,06:58,5,76.0,76322,2,1,1.0,3.0,BRAQUE. AVENUE GEORGES,"49,4050800","1,0431200",,76.076322,76322,Seine-Maritime,28.0,Normandie,50.0,4.0,-1.0,2,1.0,28,Normandie,76,3,13,LeGrand-Quevilly,25975,225,26200.0,3.0,40,,0.0,2.0,2.0,0.0,B01
201900027126,5,3,2019,17:30,1,76.0,76351,2,1,1.0,7.0,CAVEE VERTE (RUE DE LA),"49,5037608","0,1080984",,76.076351,76351,Seine-Maritime,28.0,Normandie,50.0,3.0,2.0,4,1.0,28,Normandie,76,2,96,LeHavre,166058,1780,167838.0,1.0,7,,0.0,1.0,2.0,1.0,B01
201900027127,4,3,2019,20:20,5,76.0,76351,2,2,1.0,3.0,GRAVILLE (BD DE),"49,4963000","0,1469000",,76.076351,76351,Seine-Maritime,28.0,Normandie,50.0,3.0,2.0,4,2.0,28,Normandie,76,2,96,LeHavre,166058,1780,167838.0,0.0,7,,0.0,2.0,1.0,15.0,B01
201900027127,4,3,2019,20:20,5,76.0,76351,2,2,1.0,3.0,GRAVILLE (BD DE),"49,4963000","0,1469000",,76.076351,76351,Seine-Maritime,28.0,Normandie,50.0,3.0,2.0,4,2.0,28,Normandie,76,2,96,LeHavre,166058,1780,167838.0,0.0,30,,0.0,2.0,1.0,1.0,A01
201900027128,9,3,2019,23:40,5,76.0,76217,2,4,2.0,2.0,PUECH (JEAN),"49,9208848","1,0993531",,76.076217,76217,Seine-Maritime,28.0,Normandie,50.0,4.0,2.0,2,2.0,28,Normandie,76,1,95,Dieppe,28358,455,28813.0,1.0,7,,0.0,2.0,1.0,0.0,Z01
201900027128,9,3,2019,23:40,5,76.0,76217,2,4,2.0,2.0,PUECH (JEAN),"49,9208848","1,0993531",,76.076217,76217,Seine-Maritime,28.0,Normandie,50.0,4.0,2.0,2,2.0,28,Normandie,76,1,95,Dieppe,28358,455,28813.0,1.0,34,,0.0,0.0,4.0,23.0,A01
201900027129,6,3,2019,15:17,1,76.0,76217,2,1,2.0,3.0,GAMBETTA (AVENUE),"49,9153600","1,0748500",,76.076217,76217,Seine-Maritime,28.0,Normandie,50.0,3.0,-1.0,3,2.0,28,Normandie,76,1,95,Dieppe,28358,455,28813.0,2.0,7,,0.0,2.0,3.0,1.0,B01
201900027129,6,3,2019,15:17,1,76.0,76217,2,1,2.0,3.0,GAMBETTA (AVENUE),"49,9153600","1,0748500",,76.076217,76217,Seine-Maritime,28.0,Normandie,50.0,3.0,-1.0,3,2.0,28,Normandie,76,1,95,Dieppe,28358,455,28813.0,1.0,30,,0.0,2.0,1.0,13.0,A01
201900027366,14,11,2019,17:53,5,76.0,76711,2,1,1.0,6.0,52 Quai Francois 1er,"50,0622740","1,3701790",,76.076711,76711,Seine-Maritime,28.0,Normandie,30.0,3.0,2.0,2,1.0,28,Normandie,76,1,10,LeTréport,4424,91,4515.0,1.0,7,,0.0,1.0,3.0,1.0,A01
201900027396,14,11,2019,17:45,3,76.0,76566,1,2,8.0,3.0,Route de Langrume,"49,6080250","0,9542630",,76.076566,76566,Seine-Maritime,28.0,Normandie,80.0,3.0,2.0,2,2.0,28,Normandie,76,3,24,Sainte-Austreberthe,665,6,671.0,2.0,7,,0.0,2.0,8.0,26.0,B01
201900027396,14,11,2019,17:45,3,76.0,76566,1,2,8.0,3.0,Route de Langrume,"49,6080250","0,9542630",,76.076566,76566,Seine-Maritime,28.0,Normandie,80.0,3.0,2.0,2,2.0,28,Normandie,76,3,24,Sainte-Austreberthe,665,6,671.0,1.0,7,,0.0,2.0,1.0,1.0,A01
201900027418,11,11,2019,18:45,5,76.0,76351,2,3,3.0,6.0,AVIATEUR GUERIN,"49,4865900","0,1263200",,76.076351,76351,Seine-Maritime,28.0,Normandie,50.0,4.0,2.0,2,3.0,28,Normandie,76,2,96,LeHavre,166058,1780,167838.0,2.0,7,,12.0,0.0,0.0,0.0,A01
201900027419,9,11,2019,15:30,1,76.0,76351,2,1,3.0,7.0,EUGENE MOPIN (RUE),"49,5191400","0,1581800",,76.076351,76351,Seine-Maritime,28.0,Normandie,50.0,3.0,2.0,2,3.0,28,Normandie,76,2,96,LeHavre,166058,1780,167838.0,2.0,33,,0.0,0.0,0.0,1.0,A01
201900027448,10,11,2019,14:32,1,76.0,76498,2,1,1.0,3.0,VALLEE. RUE LUCIEN,"49,4222600","1,0568900",,76.076498,76498,Seine-Maritime,28.0,Normandie,50.0,4.0,1.0,1,1.0,28,Normandie,76,3,27,LePetit-Quevilly,21782,274,22056.0,0.0,1,,0.0,2.0,1.0,5.0,A01
201900027448,10,11,2019,14:32,1,76.0,76498,2,1,1.0,3.0,VALLEE. RUE LUCIEN,"49,4222600","1,0568900",,76.076498,76498,Seine-Maritime,28.0,Normandie,50.0,4.0,1.0,1,1.0,28,Normandie,76,3,27,LePetit-Quevilly,21782,274,22056.0,0.0,7,,0.0,2.0,3.0,16.0,B01
201900027449,9,11,2019,09:00,1,76.0,76351,2,1,1.0,6.0,rue théophile gautier,"49,5178800","0,0957700",,76.076351,76351,Seine-Maritime,28.0,Normandie,50.0,4.0,-1.0,0,1.0,28,Normandie,76,2,96,LeHavre,166058,1780,167838.0,3.0,7,,0.0,1.0,4.0,20.0,Z01
201900027450,11,11,2019,20:25,5,76.0,76351,2,1,1.0,6.0,ALBERT 1ER,"49,5007800","0,0885500",,76.076351,76351,Seine-Maritime,28.0,Normandie,30.0,3.0,2.0,2,3.0,28,Normandie,76,2,96,LeHavre,166058,1780,167838.0,1.0,33,,0.0,1.0,1.0,1.0,A01
201900027876,4,10,2019,19:55,2,76.0,76351,2,1,2.0,6.0,HUIT MAI 1945 (AVENUE DU),"49,5158900","0,1710000",,76.076351,76351,Seine-Maritime,28.0,Normandie,50.0,4.0,4.0,4,2.0,28,Normandie,76,2,96,LeHavre,166058,1780,167838.0,2.0,7,,0.0,1.0,0.0,1.0,A01
201900027877,30,9,2019,18:30,1,76.0,76259,2,3,1.0,3.0,QUEUE DE RENARD ( RUE),"49,7568600","0,3903700",,76.076259,76259,Seine-Maritime,28.0,Normandie,50.0,4.0,2.0,2,1.0,28,Normandie,76,2,11,Fécamp,18016,269,18285.0,1.0,7,,0.0,2.0,3.0,9.0,A01
201900027877,30,9,2019,18:30,1,76.0,76259,2,3,1.0,3.0,QUEUE DE RENARD ( RUE),"49,7568600","0,3903700",,76.076259,76259,Seine-Maritime,28.0,Normandie,50.0,4.0,2.0,2,1.0,28,Normandie,76,2,11,Fécamp,18016,269,18285.0,2.0,30,,0.0,2.0,1.0,1.0,B01
201900028149,6,9,2019,14:00,1,76.0,76014,2,4,1.0,3.0,600 Route du Pays de Caux,"49,5892610","0,2941430",,76.076014,76014,Seine-Maritime,28.0,Normandie,50.0,3.0,2.0,2,1.0,28,Normandie,76,2,26,Angerville-l'Orcher,1394,14,1408.0,1.0,7,,0.0,2.0,2.0,1.0,B01
201900028149,6,9,2019,14:00,1,76.0,76014,2,4,1.0,3.0,600 Route du Pays de Caux,"49,5892610","0,2941430",,76.076014,76014,Seine-Maritime,28.0,Normandie,50.0,3.0,2.0,2,1.0,28,Normandie,76,2,26,Angerville-l'Orcher,1394,14,1408.0,1.0,7,,0.0,2.0,1.0,19.0,A01
201900028150,6,9,2019,17:30,1,76.0,76224,1,2,1.0,3.0,RD 139,"49,6463290","0,3056010",,76.076224,76224,Seine-Maritime,28.0,Normandie,70.0,3.0,2.0,2,1.0,28,Normandie,76,2,32,ÉcrainvilLe969,19,988,,1.0,7,,0.0,2.0,1.0,19.0,B01
201900028150,6,9,2019,17:30,1,76.0,76224,1,2,1.0,3.0,RD 139,"49,6463290","0,3056010",,76.076224,76224,Seine-Maritime,28.0,Normandie,70.0,3.0,2.0,2,1.0,28,Normandie,76,2,32,ÉcrainvilLe969,19,988,,1.0,34,,0.0,2.0,1.0,1.0,A01
201900028479,12,4,2019,21:50,5,76.0,76319,2,1,1.0,2.0,CAEN. AVENUE DE,"49,3448000","0,9851000",,76.076319,76319,Seine-Maritime,28.0,Normandie,50.0,3.0,-1.0,2,1.0,28,Normandie,76,3,9,Grand-Couronne,9726,177,9903.0,2.0,30,,0.0,2.0,1.0,0.0,A01
201900028479,12,4,2019,21:50,5,76.0,76319,2,1,1.0,2.0,CAEN. AVENUE DE,"49,3448000","0,9851000",,76.076319,76319,Seine-Maritime,28.0,Normandie,50.0,3.0,-1.0,2,1.0,28,Normandie,76,3,9,Grand-Couronne,9726,177,9903.0,2.0,33,,0.0,2.0,1.0,0.0,B01
201900028480,1,4,2019,16:00,1,76.0,76497,1,1,1.0,6.0,RN 138,"49,3555025","1,0322350",,76.076497,76497,Seine-Maritime,28.0,Normandie,90.0,2.0,1.0,2,1.0,28,Normandie,76,3,13,Petit-Couronne,8688,175,8863.0,1.0,7,,8.0,0.0,7.0,0.0,A01
201900028481,11,4,2019,14:40,1,76.0,76351,2,3,1.0,3.0,PABLO NERUDA (RUE),"49,5043878","0,1545596",,76.076351,76351,Seine-Maritime,28.0,Normandie,50.0,4.0,2.0,3,1.0,28,Normandie,76,2,96,LeHavre,166058,1780,167838.0,1.0,33,,0.0,2.0,2.0,1.0,B01
201900028481,11,4,2019,14:40,1,76.0,76351,2,3,1.0,3.0,PABLO NERUDA (RUE),"49,5043878","0,1545596",,76.076351,76351,Seine-Maritime,28.0,Normandie,50.0,4.0,2.0,3,1.0,28,Normandie,76,2,96,LeHavre,166058,1780,167838.0,1.0,7,,0.0,2.0,3.0,15.0,A01
201900028482,10,4,2019,10:40,1,76.0,76351,2,3,1.0,3.0,LAMBLARDIE (QUAI),"49,4896200","0,1131100",,76.076351,76351,Seine-Maritime,28.0,Normandie,50.0,4.0,2.0,2,2.0,28,Normandie,76,2,96,LeHavre,166058,1780,167838.0,2.0,32,,0.0,2.0,1.0,0.0,B01
201900028482,10,4,2019,10:40,1,76.0,76351,2,3,1.0,3.0,LAMBLARDIE (QUAI),"49,4896200","0,1131100",,76.076351,76351,Seine-Maritime,28.0,Normandie,50.0,4.0,2.0,2,2.0,28,Normandie,76,2,96,LeHavre,166058,1780,167838.0,1.0,7,,0.0,2.0,3.0,9.0,A01
201900028483,9,4,2019,17:35,1,76.0,76351,2,1,1.0,6.0,REPUBLIQUE (COURS DE LA),"49,4983900","0,1285100",,76.076351,76351,Seine-Maritime,28.0,Normandie,50.0,4.0,3.0,4,1.0,28,Normandie,76,2,96,LeHavre,166058,1780,167838.0,0.0,7,,0.0,2.0,8.0,11.0,Z01
201900028483,9,4,2019,17:35,1,76.0,76351,2,1,1.0,6.0,REPUBLIQUE (COURS DE LA),"49,4983900","0,1285100",,76.076351,76351,Seine-Maritime,28.0,Normandie,50.0,4.0,3.0,4,1.0,28,Normandie,76,2,96,LeHavre,166058,1780,167838.0,0.0,32,,0.0,2.0,7.0,1.0,B01
201900028684,25,7,2019,18:25,1,76.0,76451,2,2,1.0,3.0,TRONQUET. RUE DU,"49,4674100","1,0736600",,76.076451,76451,Seine-Maritime,28.0,Normandie,50.0,4.0,2.0,2,1.0,28,Normandie,76,3,22,Mont-Saint-Aignan,20066,415,20481.0,0.0,7,,0.0,2.0,1.0,1.0,B01
201900028684,25,7,2019,18:25,1,76.0,76451,2,2,1.0,3.0,TRONQUET. RUE DU,"49,4674100","1,0736600",,76.076451,76451,Seine-Maritime,28.0,Normandie,50.0,4.0,2.0,2,1.0,28,Normandie,76,3,22,Mont-Saint-Aignan,20066,415,20481.0,0.0,7,,0.0,2.0,8.0,15.0,A01
201900028685,19,7,2019,06:09,3,76.0,76319,1,1,1.0,6.0,MUR GRENELE. RUE DU,"49,3411507","1,0228432",,76.076319,76319,Seine-Maritime,28.0,Normandie,50.0,4.0,2.0,2,1.0,28,Normandie,76,3,9,Grand-Couronne,9726,177,9903.0,3.0,7,,2.0,0.0,1.0,0.0,A01
201900028686,24,7,2019,16:15,1,76.0,76640,2,1,1.0,1.0,SAINT CYR. ROUTE DE,"49,2589300","1,0388300",,76.076640,76640,Seine-Maritime,28.0,Normandie,50.0,3.0,2.0,2,1.0,28,Normandie,76,3,5,Saint-Pierre-lès-Elbeuf,8285,87,8372.0,2.0,7,,0.0,2.0,1.0,0.0,A01
201900028686,24,7,2019,16:15,1,76.0,76640,2,1,1.0,1.0,SAINT CYR. ROUTE DE,"49,2589300","1,0388300",,76.076640,76640,Seine-Maritime,28.0,Normandie,50.0,3.0,2.0,2,1.0,28,Normandie,76,3,5,Saint-Pierre-lès-Elbeuf,8285,87,8372.0,1.0,7,,0.0,2.0,1.0,0.0,B01
201900028687,24,7,2019,07:25,1,76.0,76681,1,1,1.0,6.0,EAUPLET. RUE D',"49,4221100","1,1087300",,76.076681,76681,Seine-Maritime,28.0,Normandie,30.0,4.0,2.0,2,1.0,28,Normandie,76,3,99,Sotteville-lès-Rouen,28965,475,29440.0,0.0,7,,0.0,2.0,8.0,15.0,B01
201900028687,24,7,2019,07:25,1,76.0,76681,1,1,1.0,6.0,EAUPLET. RUE D',"49,4221100","1,1087300",,76.076681,76681,Seine-Maritime,28.0,Normandie,30.0,4.0,2.0,2,1.0,28,Normandie,76,3,99,Sotteville-lès-Rouen,28965,475,29440.0,0.0,33,,1.0,2.0,2.0,17.0,A01
201900029301,12,11,2019,07:55,1,76.0,76705,1,1,2.0,3.0,A13,"49,3249130","1,0954700",,76.076705,76705,Seine-Maritime,28.0,Normandie,110.0,1.0,1.0,3,2.0,28,Normandie,76,3,5,Tourville-la-Rivière,2568,19,2587.0,1.0,7,,0.0,0.0,8.0,17.0,A01
201900029301,12,11,2019,07:55,1,76.0,76705,1,1,2.0,3.0,A13,"49,3249130","1,0954700",,76.076705,76705,Seine-Maritime,28.0,Normandie,110.0,1.0,1.0,3,2.0,28,Normandie,76,3,5,Tourville-la-Rivière,2568,19,2587.0,1.0,33,,0.0,2.0,1.0,1.0,B01
201900029368,10,12,2019,17:20,3,76.0,76446,1,1,1.0,6.0,D982,"49,4450960","1,0096100",,76.076446,76446,Seine-Maritime,28.0,Normandie,80.0,3.0,2.0,2,1.0,28,Normandie,76,3,24,Montigny,1285,14,1299.0,1.0,7,,0.0,1.0,1.0,1.0,A01
201900029368,10,12,2019,17:20,3,76.0,76446,1,1,1.0,6.0,D982,"49,4450960","1,0096100",,76.076446,76446,Seine-Maritime,28.0,Normandie,80.0,3.0,2.0,2,1.0,28,Normandie,76,3,24,Montigny,1285,14,1299.0,1.0,7,,0.0,2.0,1.0,1.0,B01
201900029607,7,10,2019,15:20,1,76.0,76408,1,1,1.0,3.0,route des mésanges - CD10,"49,6168230","0,3507050",,76.076408,76408,Seine-Maritime,28.0,Normandie,80.0,3.0,2.0,2,1.0,28,Normandie,76,2,32,Manneville-la-Goupil,1052,14,1066.0,1.0,21,,0.0,9.0,5.0,17.0,A01
201900029607,7,10,2019,15:20,1,76.0,76408,1,1,1.0,3.0,route des mésanges - CD10,"49,6168230","0,3507050",,76.076408,76408,Seine-Maritime,28.0,Normandie,80.0,3.0,2.0,2,1.0,28,Normandie,76,2,32,Manneville-la-Goupil,1052,14,1066.0,1.0,1,,0.0,2.0,3.0,1.0,B01
201900029722,7,10,2019,02:40,3,76.0,76404,1,1,1.0,7.0,Route Departementale 925,"49,5885330","0,2575490",,76.076404,76404,Seine-Maritime,28.0,Normandie,80.0,3.0,2.0,2,2.0,28,Normandie,76,2,26,Manéglise,1264,23,1287.0,2.0,7,,0.0,0.0,2.0,1.0,A01
201900029808,24,1,2019,03:45,3,76.0,76309,2,1,1.0,6.0,CD 37,"49,7636540","0,7968020",,76.076309,76309,Seine-Maritime,28.0,Normandie,80.0,3.0,2.0,2,2.0,28,Normandie,76,3,35,GonzevilLe130,1,131,,2.0,7,,2.0,0.0,0.0,1.0,A01
201900029809,25,1,2019,18:45,5,76.0,76051,2,4,8.0,1.0,intersection RD 149 et rue aux loups,"49,7858790","1,0016960",,76.076051,76051,Seine-Maritime,28.0,Normandie,50.0,3.0,2.0,2,2.0,28,Normandie,76,1,20,Bacqueville-en-Caux,1900,35,1935.0,1.0,2,,0.0,2.0,3.0,1.0,B01
201900029809,25,1,2019,18:45,5,76.0,76051,2,4,8.0,1.0,intersection RD 149 et rue aux loups,"49,7858790","1,0016960",,76.076051,76051,Seine-Maritime,28.0,Normandie,50.0,3.0,2.0,2,2.0,28,Normandie,76,1,20,Bacqueville-en-Caux,1900,35,1935.0,2.0,7,,0.0,2.0,1.0,11.0,A01
201900029924,8,9,2019,00:30,5,76.0,76164,2,7,1.0,6.0,place du parvis,"49,5259380","0,7248210",,76.076164,76164,Seine-Maritime,28.0,Normandie,50.0,4.0,2.0,2,1.0,28,Normandie,76,3,25,Rives-en-Seine,4078,66,4144.0,0.0,36,,12.0,0.0,2.0,1.0,A01
201900030010,3,9,2019,08:10,1,76.0,76498,1,1,1.0,3.0,SUD III (RN 338),"49,4298300","1,0568800",,76.076498,76498,Seine-Maritime,28.0,Normandie,90.0,2.0,3.0,4,1.0,28,Normandie,76,3,27,LePetit-Quevilly,21782,274,22056.0,1.0,34,,0.0,2.0,6.0,1.0,A01
201900030010,3,9,2019,08:10,1,76.0,76498,1,1,1.0,3.0,SUD III (RN 338),"49,4298300","1,0568800",,76.076498,76498,Seine-Maritime,28.0,Normandie,90.0,2.0,3.0,4,1.0,28,Normandie,76,3,27,LePetit-Quevilly,21782,274,22056.0,1.0,10,,0.0,2.0,0.0,14.0,Z01
201900030011,2,9,2019,08:47,1,76.0,76540,2,1,1.0,6.0,"Jean Mullot, rue","49,4268600","1,0779200",,76.076540,76540,Seine-Maritime,28.0,Normandie,50.0,4.0,2.0,2,1.0,28,Normandie,76,3,97,Rouen,114083,1556,115639.0,0.0,10,,0.0,1.0,1.0,1.0,A01
201900030241,23,6,2019,14:20,1,76.0,76540,2,2,1.0,3.0,MARNE. BOULEVARD DE LA,"49,4469300","1,0925700",,76.076540,76540,Seine-Maritime,28.0,Normandie,50.0,3.0,3.0,5,1.0,28,Normandie,76,3,97,Rouen,114083,1556,115639.0,0.0,31,,0.0,2.0,1.0,1.0,B01
201900030241,23,6,2019,14:20,1,76.0,76540,2,2,1.0,3.0,MARNE. BOULEVARD DE LA,"49,4469300","1,0925700",,76.076540,76540,Seine-Maritime,28.0,Normandie,50.0,3.0,3.0,5,1.0,28,Normandie,76,3,97,Rouen,114083,1556,115639.0,0.0,7,,0.0,2.0,2.0,15.0,A01
201900031219,19,12,2019,07:45,3,76.0,76238,1,1,1.0,2.0,Rue de Coupeauville,"49,5588577","0,2341140",,76.076238,76238,Seine-Maritime,28.0,Normandie,80.0,3.0,2.0,2,1.0,28,Normandie,76,2,26,ÉpouvilLe2641,38,2679,,1.0,16,,0.0,9.0,2.0,1.0,A01
201900031219,19,12,2019,07:45,3,76.0,76238,1,1,1.0,2.0,Rue de Coupeauville,"49,5588577","0,2341140",,76.076238,76238,Seine-Maritime,28.0,Normandie,80.0,3.0,2.0,2,1.0,28,Normandie,76,2,26,ÉpouvilLe2641,38,2679,,1.0,1,,0.0,2.0,4.0,1.0,B01
201900031339,17,12,2019,14:15,1,76.0,76392,2,3,2.0,3.0,Rue du Maréchal Leclerc,"49,8357370","1,3978260",,76.076392,76392,Seine-Maritime,28.0,Normandie,50.0,3.0,2.0,2,2.0,28,Normandie,76,1,23,Londinières,1243,20,1263.0,2.0,7,,0.0,2.0,1.0,16.0,B01
201900031339,17,12,2019,14:15,1,76.0,76392,2,3,2.0,3.0,Rue du Maréchal Leclerc,"49,8357370","1,3978260",,76.076392,76392,Seine-Maritime,28.0,Normandie,50.0,3.0,2.0,2,2.0,28,Normandie,76,1,23,Londinières,1243,20,1263.0,1.0,10,,0.0,2.0,2.0,1.0,A01
201900031347,17,12,2019,08:15,2,76.0,76240,2,1,2.0,2.0,D925,"49,7087110","0,3649530",,76.076240,76240,Seine-Maritime,28.0,Normandie,-1.0,3.0,2.0,2,2.0,28,Normandie,76,2,11,ÉprevilLe1052,28,1080,,1.0,7,,0.0,0.0,4.0,23.0,A01
201900031347,17,12,2019,08:15,2,76.0,76240,2,1,2.0,2.0,D925,"49,7087110","0,3649530",,76.076240,76240,Seine-Maritime,28.0,Normandie,-1.0,3.0,2.0,2,2.0,28,Normandie,76,2,11,ÉprevilLe1052,28,1080,,1.0,3,,0.0,2.0,1.0,1.0,B01
201900031392,7,10,2019,06:15,3,76.0,76737,1,1,1.0,6.0,CD 142,"49,6975430","0,8898520",,76.076737,76737,Seine-Maritime,28.0,Normandie,80.0,3.0,2.0,2,1.0,28,Normandie,76,3,35,Vibeuf,614,10,624.0,1.0,7,,0.0,1.0,2.0,1.0,A01
201900031435,6,10,2019,19:00,1,76.0,76055,1,1,1.0,7.0,CD 55,"49,6374500","0,7854390",,76.076055,76055,Seine-Maritime,28.0,Normandie,70.0,3.0,2.0,2,1.0,28,Normandie,76,3,35,Baons-le-Comte,335,8,343.0,1.0,33,,0.0,0.0,0.0,1.0,A01
201900031436,6,10,2019,18:53,1,76.0,76244,1,1,1.0,2.0,RD 928,"49,7022000","1,3911000",,76.076244,76244,Seine-Maritime,28.0,Normandie,80.0,3.0,2.0,2,1.0,28,Normandie,76,1,23,EsclavelLes386,6,392,,1.0,3,,0.0,0.0,4.0,0.0,A01
201900031436,6,10,2019,18:53,1,76.0,76244,1,1,1.0,2.0,RD 928,"49,7022000","1,3911000",,76.076244,76244,Seine-Maritime,28.0,Normandie,80.0,3.0,2.0,2,1.0,28,Normandie,76,1,23,EsclavelLes386,6,392,,1.0,7,,0.0,0.0,1.0,2.0,B01
201900031549,6,10,2019,10:00,1,76.0,76592,2,6,2.0,7.0,RUE DE L'ÉGLISE,"49,5223350","0,5053250",,76.076592,76592,Seine-Maritime,28.0,Normandie,-1.0,4.0,2.0,-1,2.0,28,Normandie,76,2,3,Saint-Jean-de-FollevilLe800,26,826,,3.0,7,,0.0,0.0,0.0,15.0,A01
201900031550,5,10,2019,19:20,2,76.0,76018,1,1,1.0,3.0,Route de Varvannes,"49,6841330","0,9776140",,76.076018,76018,Seine-Maritime,28.0,Normandie,80.0,3.0,2.0,2,2.0,28,Normandie,76,1,20,Val-de-Saâne,1476,33,1509.0,1.0,7,,0.0,2.0,7.0,26.0,A01
201900031550,5,10,2019,19:20,2,76.0,76018,1,1,1.0,3.0,Route de Varvannes,"49,6841330","0,9776140",,76.076018,76018,Seine-Maritime,28.0,Normandie,80.0,3.0,2.0,2,2.0,28,Normandie,76,1,20,Val-de-Saâne,1476,33,1509.0,2.0,7,,0.0,2.0,1.0,1.0,B01
201900031569,25,1,2019,08:19,2,76.0,76753,1,1,5.0,7.0,d6015,"49,3422430","1,1497590",,76.076753,76753,Seine-Maritime,28.0,Normandie,50.0,3.0,2.0,3,2.0,28,Normandie,76,3,6,Ymare,1212,22,1234.0,1.0,7,,1.0,1.0,1.0,1.0,B01
201900031832,5,9,2019,14:12,1,76.0,76141,1,1,1.0,1.0,rd 910,"49,6164480","0,4066450",,76.076141,76141,Seine-Maritime,28.0,Normandie,80.0,3.0,2.0,2,1.0,28,Normandie,76,2,32,Bréauté,1365,13,1378.0,1.0,7,,0.0,2.0,1.0,13.0,A01
201900031832,5,9,2019,14:12,1,76.0,76141,1,1,1.0,1.0,rd 910,"49,6164480","0,4066450",,76.076141,76141,Seine-Maritime,28.0,Normandie,80.0,3.0,2.0,2,1.0,28,Normandie,76,2,32,Bréauté,1365,13,1378.0,2.0,7,,0.0,2.0,3.0,1.0,B01
201900031866,25,6,2019,15:00,1,76.0,76238,2,3,1.0,3.0,53 Rue Roger Cuvelier,"49,5630690","0,2339620",,76.076238,76238,Seine-Maritime,28.0,Normandie,50.0,3.0,2.0,2,1.0,28,Normandie,76,2,26,ÉpouvilLe2641,38,2679,,2.0,1,,0.0,2.0,8.0,15.0,B01
201900031866,25,6,2019,15:00,1,76.0,76238,2,3,1.0,3.0,53 Rue Roger Cuvelier,"49,5630690","0,2339620",,76.076238,76238,Seine-Maritime,28.0,Normandie,50.0,3.0,2.0,2,1.0,28,Normandie,76,2,26,ÉpouvilLe2641,38,2679,,1.0,7,,0.0,0.0,1.0,1.0,A01
201900031885,19,6,2019,16:40,1,76.0,76615,1,2,1.0,3.0,CD79,"49,5920190","0,1874760",,76.076615,76615,Seine-Maritime,28.0,Normandie,80.0,3.0,2.0,2,1.0,28,Normandie,76,2,26,Saint-Martin-du-Bec,643,24,667.0,1.0,7,,0.0,0.0,1.0,1.0,A01
201900031885,19,6,2019,16:40,1,76.0,76615,1,2,1.0,3.0,CD79,"49,5920190","0,1874760",,76.076615,76615,Seine-Maritime,28.0,Normandie,80.0,3.0,2.0,2,1.0,28,Normandie,76,2,26,Saint-Martin-du-Bec,643,24,667.0,3.0,21,,0.0,0.0,6.0,1.0,B01
201900031886,5,9,2019,06:50,2,76.0,76391,1,1,1.0,5.0,A13,"49,3397590","0,9448990",,76.076391,76391,Seine-Maritime,28.0,Normandie,130.0,1.0,2.0,3,1.0,28,Normandie,76,3,9,La Londe,2362,71,2433.0,2.0,7,,0.0,2.0,1.0,1.0,C01
201900031886,5,9,2019,06:50,2,76.0,76391,1,1,1.0,5.0,A13,"49,3397590","0,9448990",,76.076391,76391,Seine-Maritime,28.0,Normandie,130.0,1.0,2.0,3,1.0,28,Normandie,76,3,9,La Londe,2362,71,2433.0,2.0,7,,0.0,2.0,0.0,11.0,B01
201900031886,5,9,2019,06:50,2,76.0,76391,1,1,1.0,5.0,A13,"49,3397590","0,9448990",,76.076391,76391,Seine-Maritime,28.0,Normandie,130.0,1.0,2.0,3,1.0,28,Normandie,76,3,9,La Londe,2362,71,2433.0,2.0,15,,0.0,2.0,2.0,12.0,A01
201900032176,5,3,2019,08:00,1,76.0,76700,1,1,3.0,7.0,"N27, pk 025+000","49,6980882","1,0477567",,76.076700,76700,Seine-Maritime,28.0,Normandie,110.0,2.0,3.0,4,3.0,28,Normandie,76,1,20,Tôtes,1575,30,1605.0,1.0,10,,16.0,0.0,8.0,1.0,A01