Num_Acc,jour,mois,an,hrmn,lum,dep,com,agg,int,atm,col,adr,lat,long,gps,com_insee_temp,com_insee,departmentName,regionCode,regionName,vma,catr,circ,nbv,surf,Code,Region,Departement,Arrondissement,Code_Canton,Nom_Commune,Population_municipaLe,Population_comptee_a_part,Population_Totale,senc,catv,occutc,obs,obsm,choc,manv,num_veh
201900032353,1,3,2019,09:40,1,76.0,76351,2,1,1.0,7.0,PIERRE MENDES FRANCE,"49,5138278","0,1525864",,76.076351,76351,Seine-Maritime,28.0,Normandie,50.0,3.0,2.0,4,1.0,28,Normandie,76,2,96,LeHavre,166058,1780,167838.0,1.0,33,,9.0,0.0,7.0,1.0,A01
201900032396,9,4,2019,10:20,1,76.0,76540,2,3,1.0,6.0,HENRY II PLANTAGENET. RUE,"49,4262200","1,0969300",,76.076540,76540,Seine-Maritime,28.0,Normandie,30.0,4.0,2.0,2,1.0,28,Normandie,76,3,97,Rouen,114083,1556,115639.0,0.0,7,,0.0,1.0,1.0,17.0,A01
201900032570,27,7,2019,19:50,1,76.0,76666,1,1,1.0,6.0,"D915, PK 23+17","49,5752510","1,6027200",,76.076666,76666,Seine-Maritime,28.0,Normandie,80.0,3.0,2.0,2,1.0,28,Normandie,76,1,12,Saumont-la-Poterie,414,16,430.0,2.0,7,,2.0,0.0,9.0,1.0,A01
201900032571,28,7,2019,19:10,1,76.0,76130,1,1,1.0,7.0,1090 route de Neufchatel,"49,7071088","1,4918661",,76.076130,76130,Seine-Maritime,28.0,Normandie,50.0,3.0,2.0,2,1.0,28,Normandie,76,1,23,BouelLes272,4,276,,2.0,1,,0.0,0.0,0.0,1.0,A01
201900032572,25,7,2019,18:00,1,76.0,76454,1,1,1.0,3.0,D929,"49,7538050","1,5512860",,76.076454,76454,Seine-Maritime,28.0,Normandie,70.0,3.0,2.0,2,1.0,28,Normandie,76,1,23,Mortemer,87,0,87.0,1.0,2,,0.0,2.0,3.0,13.0,A01
201900032572,25,7,2019,18:00,1,76.0,76454,1,1,1.0,3.0,D929,"49,7538050","1,5512860",,76.076454,76454,Seine-Maritime,28.0,Normandie,70.0,3.0,2.0,2,1.0,28,Normandie,76,1,23,Mortemer,87,0,87.0,1.0,7,,0.0,2.0,2.0,1.0,B01
201900032573,23,7,2019,16:30,1,76.0,76464,1,1,1.0,2.0,Route de Paris,"49,3865720","1,2328750",,76.076464,76464,Seine-Maritime,28.0,Normandie,80.0,3.0,2.0,2,1.0,28,Normandie,76,3,21,La Neuville-Chant-d'Oisel,2377,38,2415.0,2.0,7,,0.0,2.0,4.0,1.0,B01
201900032573,23,7,2019,16:30,1,76.0,76464,1,1,1.0,2.0,Route de Paris,"49,3865720","1,2328750",,76.076464,76464,Seine-Maritime,28.0,Normandie,80.0,3.0,2.0,2,1.0,28,Normandie,76,3,21,La Neuville-Chant-d'Oisel,2377,38,2415.0,2.0,7,,0.0,2.0,2.0,1.0,A01
201900032626,23,7,2019,10:45,1,76.0,76410,1,2,1.0,3.0,D86,"49,4720800","1,0276300",,76.076410,76410,Seine-Maritime,28.0,Normandie,70.0,1.0,1.0,1,1.0,28,Normandie,76,3,4,Maromme,11024,122,11146.0,2.0,7,,0.0,2.0,1.0,15.0,A01
201900032626,23,7,2019,10:45,1,76.0,76410,1,2,1.0,3.0,D86,"49,4720800","1,0276300",,76.076410,76410,Seine-Maritime,28.0,Normandie,70.0,1.0,1.0,1,1.0,28,Normandie,76,3,4,Maromme,11024,122,11146.0,1.0,33,,0.0,2.0,1.0,1.0,B01
201900032896,7,11,2019,17:55,5,76.0,76216,2,1,1.0,3.0,HEBERT. RUE GEORGES,"49,4582900","1,0533300",,76.076216,76216,Seine-Maritime,28.0,Normandie,50.0,3.0,1.0,2,1.0,28,Normandie,76,3,22,Déville-lès-Rouen,10745,62,10807.0,0.0,7,,6.0,2.0,0.0,26.0,A01
201900032896,7,11,2019,17:55,5,76.0,76216,2,1,1.0,3.0,HEBERT. RUE GEORGES,"49,4582900","1,0533300",,76.076216,76216,Seine-Maritime,28.0,Normandie,50.0,3.0,1.0,2,1.0,28,Normandie,76,3,22,Déville-lès-Rouen,10745,62,10807.0,0.0,7,,0.0,2.0,3.0,1.0,B01
201900032898,7,11,2019,15:30,1,76.0,76498,2,1,1.0,6.0,JACQUARD. RUE,"49,4300000","1,0611000",,76.076498,76498,Seine-Maritime,28.0,Normandie,30.0,4.0,1.0,1,1.0,28,Normandie,76,3,27,LePetit-Quevilly,21782,274,22056.0,0.0,7,,0.0,1.0,3.0,1.0,A01
201900032899,7,11,2019,13:20,1,76.0,76322,2,1,1.0,3.0,VERDUN. BOULEVARD DE,"49,4150700","1,0521500",,76.076322,76322,Seine-Maritime,28.0,Normandie,50.0,3.0,2.0,2,1.0,28,Normandie,76,3,13,LeGrand-Quevilly,25975,225,26200.0,3.0,7,,0.0,2.0,5.0,0.0,A01
201900032899,7,11,2019,13:20,1,76.0,76322,2,1,1.0,3.0,VERDUN. BOULEVARD DE,"49,4150700","1,0521500",,76.076322,76322,Seine-Maritime,28.0,Normandie,50.0,3.0,2.0,2,1.0,28,Normandie,76,3,13,LeGrand-Quevilly,25975,225,26200.0,3.0,2,,0.0,2.0,0.0,0.0,B01
201900032901,7,11,2019,07:40,2,76.0,76540,2,2,1.0,3.0,NEUFCHATEL. ROUTE DE,"49,4487700","1,0995200",,76.076540,76540,Seine-Maritime,28.0,Normandie,50.0,3.0,2.0,4,2.0,28,Normandie,76,3,97,Rouen,114083,1556,115639.0,0.0,1,,0.0,2.0,1.0,1.0,B01
201900032901,7,11,2019,07:40,2,76.0,76540,2,2,1.0,3.0,NEUFCHATEL. ROUTE DE,"49,4487700","1,0995200",,76.076540,76540,Seine-Maritime,28.0,Normandie,50.0,3.0,2.0,4,2.0,28,Normandie,76,3,97,Rouen,114083,1556,115639.0,0.0,7,,0.0,2.0,2.0,16.0,A01
201900032903,7,11,2019,19:05,5,76.0,76484,1,1,1.0,3.0,ESSARTS. RUE DES,"49,3468700","1,0507900",,76.076484,76484,Seine-Maritime,28.0,Normandie,90.0,3.0,2.0,2,1.0,28,Normandie,76,3,31,Oissel,12367,83,12450.0,3.0,33,,0.0,2.0,8.0,0.0,A01
201900032903,7,11,2019,19:05,5,76.0,76484,1,1,1.0,3.0,ESSARTS. RUE DES,"49,3468700","1,0507900",,76.076484,76484,Seine-Maritime,28.0,Normandie,90.0,3.0,2.0,2,1.0,28,Normandie,76,3,31,Oissel,12367,83,12450.0,3.0,7,,0.0,2.0,1.0,0.0,B01
201900032905,7,11,2019,18:55,5,76.0,76178,2,1,1.0,3.0,CD 7 (VOIE NOUVELLE),"49,3128600","1,0553800",,76.076178,76178,Seine-Maritime,28.0,Normandie,70.0,3.0,2.0,2,1.0,28,Normandie,76,3,5,Cléon,4907,30,4937.0,2.0,7,,0.0,2.0,0.0,5.0,A01
201900032905,7,11,2019,18:55,5,76.0,76178,2,1,1.0,3.0,CD 7 (VOIE NOUVELLE),"49,3128600","1,0553800",,76.076178,76178,Seine-Maritime,28.0,Normandie,70.0,3.0,2.0,2,1.0,28,Normandie,76,3,5,Cléon,4907,30,4937.0,2.0,7,,0.0,2.0,0.0,0.0,B01
201900032909,7,11,2019,18:15,5,76.0,76351,2,2,1.0,3.0,LENINGRAD (BD DE),"49,4960000","0,1470300",,76.076351,76351,Seine-Maritime,28.0,Normandie,50.0,3.0,3.0,8,1.0,28,Normandie,76,2,96,LeHavre,166058,1780,167838.0,2.0,7,,0.0,2.0,1.0,16.0,A01
201900032909,7,11,2019,18:15,5,76.0,76351,2,2,1.0,3.0,LENINGRAD (BD DE),"49,4960000","0,1470300",,76.076351,76351,Seine-Maritime,28.0,Normandie,50.0,3.0,3.0,8,1.0,28,Normandie,76,2,96,LeHavre,166058,1780,167838.0,1.0,50,,0.0,2.0,1.0,1.0,B01
201900033178,14,12,2019,06:30,5,76.0,76540,2,1,1.0,4.0,BOISGUILBERT. QUAI DE,"49,4424300","1,0772700",,76.076540,76540,Seine-Maritime,28.0,Normandie,50.0,3.0,1.0,4,1.0,28,Normandie,76,3,97,Rouen,114083,1556,115639.0,2.0,7,,0.0,2.0,4.0,2.0,C01
201900033178,14,12,2019,06:30,5,76.0,76540,2,1,1.0,4.0,BOISGUILBERT. QUAI DE,"49,4424300","1,0772700",,76.076540,76540,Seine-Maritime,28.0,Normandie,50.0,3.0,1.0,4,1.0,28,Normandie,76,3,97,Rouen,114083,1556,115639.0,2.0,7,,0.0,2.0,4.0,2.0,B01
201900033178,14,12,2019,06:30,5,76.0,76540,2,1,1.0,4.0,BOISGUILBERT. QUAI DE,"49,4424300","1,0772700",,76.076540,76540,Seine-Maritime,28.0,Normandie,50.0,3.0,1.0,4,1.0,28,Normandie,76,3,97,Rouen,114083,1556,115639.0,2.0,7,,0.0,2.0,1.0,1.0,A01
201900033258,2,10,2019,23:30,5,76.0,76366,2,1,1.0,5.0,REPUBLIQUE. RUE DE LA,"49,5095700","1,0341300",,76.076366,76366,Seine-Maritime,28.0,Normandie,50.0,3.0,2.0,2,1.0,28,Normandie,76,3,24,LeHoulme,4133,32,4165.0,0.0,7,,0.0,0.0,0.0,0.0,C01
201900033258,2,10,2019,23:30,5,76.0,76366,2,1,1.0,5.0,REPUBLIQUE. RUE DE LA,"49,5095700","1,0341300",,76.076366,76366,Seine-Maritime,28.0,Normandie,50.0,3.0,2.0,2,1.0,28,Normandie,76,3,24,LeHoulme,4133,32,4165.0,0.0,37,1.0,0.0,2.0,1.0,1.0,B01
201900033258,2,10,2019,23:30,5,76.0,76366,2,1,1.0,5.0,REPUBLIQUE. RUE DE LA,"49,5095700","1,0341300",,76.076366,76366,Seine-Maritime,28.0,Normandie,50.0,3.0,2.0,2,1.0,28,Normandie,76,3,24,LeHoulme,4133,32,4165.0,0.0,7,,0.0,2.0,4.0,13.0,A01
201900033259,3,10,2019,10:56,1,76.0,76341,1,1,1.0,1.0,RD 6382,"49,5001700","0,1956900",,76.076341,76341,Seine-Maritime,28.0,Normandie,70.0,3.0,1.0,2,1.0,28,Normandie,76,2,15,Harfleur,8315,53,8368.0,2.0,17,,0.0,2.0,1.0,5.0,A01
201900033259,3,10,2019,10:56,1,76.0,76341,1,1,1.0,1.0,RD 6382,"49,5001700","0,1956900",,76.076341,76341,Seine-Maritime,28.0,Normandie,70.0,3.0,1.0,2,1.0,28,Normandie,76,2,15,Harfleur,8315,53,8368.0,2.0,7,,0.0,2.0,1.0,1.0,B01
201900033372,23,6,2019,18:45,1,76.0,76402,2,1,1.0,1.0, (ROUTE DE DIEPPE),"49,5205900","1,0388800",,76.076402,76402,Seine-Maritime,28.0,Normandie,50.0,3.0,2.0,2,1.0,28,Normandie,76,3,24,Malaunay,6143,49,6192.0,0.0,7,,0.0,2.0,3.0,10.0,B01
201900033372,23,6,2019,18:45,1,76.0,76402,2,1,1.0,1.0, (ROUTE DE DIEPPE),"49,5205900","1,0388800",,76.076402,76402,Seine-Maritime,28.0,Normandie,50.0,3.0,2.0,2,1.0,28,Normandie,76,3,24,Malaunay,6143,49,6192.0,0.0,2,,0.0,2.0,1.0,5.0,A01
201900033373,21,6,2019,15:15,1,76.0,76451,1,6,1.0,2.0,PERROUX. RUE FRANCOIS,"49,4721600","1,0946800",,76.076451,76451,Seine-Maritime,28.0,Normandie,50.0,4.0,1.0,2,1.0,28,Normandie,76,3,22,Mont-Saint-Aignan,20066,415,20481.0,0.0,7,,0.0,2.0,0.0,0.0,B01
201900033373,21,6,2019,15:15,1,76.0,76451,1,6,1.0,2.0,PERROUX. RUE FRANCOIS,"49,4721600","1,0946800",,76.076451,76451,Seine-Maritime,28.0,Normandie,50.0,4.0,1.0,2,1.0,28,Normandie,76,3,22,Mont-Saint-Aignan,20066,415,20481.0,0.0,2,,0.0,2.0,7.0,2.0,A01
201900033585,18,1,2019,18:00,5,76.0,76447,2,3,1.0,1.0,JEAN JAURES,"49,5439900","0,1952300",,76.076447,76447,Seine-Maritime,28.0,Normandie,50.0,4.0,2.0,2,1.0,28,Normandie,76,2,15,Montivilliers,15457,203,15660.0,0.0,7,,0.0,2.0,2.0,15.0,B01
201900033585,18,1,2019,18:00,5,76.0,76447,2,3,1.0,1.0,JEAN JAURES,"49,5439900","0,1952300",,76.076447,76447,Seine-Maritime,28.0,Normandie,50.0,4.0,2.0,2,1.0,28,Normandie,76,2,15,Montivilliers,15457,203,15660.0,0.0,7,,0.0,2.0,3.0,19.0,A01
201900033586,19,1,2019,07:50,2,76.0,76351,2,2,1.0,3.0,MARECHAL JOFFRE (RUE),"49,4985200","0,1179500",,76.076351,76351,Seine-Maritime,28.0,Normandie,50.0,4.0,2.0,2,2.0,28,Normandie,76,2,96,LeHavre,166058,1780,167838.0,1.0,7,,0.0,2.0,1.0,17.0,A01
201900033586,19,1,2019,07:50,2,76.0,76351,2,2,1.0,3.0,MARECHAL JOFFRE (RUE),"49,4985200","0,1179500",,76.076351,76351,Seine-Maritime,28.0,Normandie,50.0,4.0,2.0,2,2.0,28,Normandie,76,2,96,LeHavre,166058,1780,167838.0,2.0,7,,0.0,2.0,3.0,1.0,B01
201900033766,3,9,2019,17:15,1,76.0,76147,1,1,1.0,5.0,RD 48,"49,7331430","1,3761220",,76.076147,76147,Seine-Maritime,28.0,Normandie,80.0,3.0,2.0,2,1.0,28,Normandie,76,1,23,Bully,883,22,905.0,1.0,7,,0.0,2.0,9.0,26.0,A01
201900033766,3,9,2019,17:15,1,76.0,76147,1,1,1.0,5.0,RD 48,"49,7331430","1,3761220",,76.076147,76147,Seine-Maritime,28.0,Normandie,80.0,3.0,2.0,2,1.0,28,Normandie,76,1,23,Bully,883,22,905.0,1.0,7,,0.0,2.0,6.0,2.0,B01
201900033766,3,9,2019,17:15,1,76.0,76147,1,1,1.0,5.0,RD 48,"49,7331430","1,3761220",,76.076147,76147,Seine-Maritime,28.0,Normandie,80.0,3.0,2.0,2,1.0,28,Normandie,76,1,23,Bully,883,22,905.0,1.0,16,,0.0,2.0,1.0,26.0,C01
201900033804,1,9,2019,19:27,1,76.0,76157,1,1,1.0,1.0,SAHURS. ROUTE DE (CD 351),"49,4289300","1,0103000",,76.076157,76157,Seine-Maritime,28.0,Normandie,70.0,3.0,2.0,2,1.0,28,Normandie,76,3,4,Canteleu,13966,360,14326.0,1.0,7,,0.0,2.0,1.0,2.0,A01
201900033804,1,9,2019,19:27,1,76.0,76157,1,1,1.0,1.0,SAHURS. ROUTE DE (CD 351),"49,4289300","1,0103000",,76.076157,76157,Seine-Maritime,28.0,Normandie,70.0,3.0,2.0,2,1.0,28,Normandie,76,3,4,Canteleu,13966,360,14326.0,1.0,7,,0.0,2.0,4.0,2.0,B01
201900033805,30,8,2019,14:05,1,76.0,76351,1,6,1.0,6.0,JEAN JACQUES ROUSSEAU (PONT),"49,4919900","0,1326800",,76.076351,76351,Seine-Maritime,28.0,Normandie,50.0,4.0,3.0,6,1.0,28,Normandie,76,2,96,LeHavre,166058,1780,167838.0,0.0,7,,0.0,2.0,2.0,1.0,B01
201900033805,30,8,2019,14:05,1,76.0,76351,1,6,1.0,6.0,JEAN JACQUES ROUSSEAU (PONT),"49,4919900","0,1326800",,76.076351,76351,Seine-Maritime,28.0,Normandie,50.0,4.0,3.0,6,1.0,28,Normandie,76,2,96,LeHavre,166058,1780,167838.0,0.0,1,,0.0,2.0,1.0,13.0,A01
201900033806,31,8,2019,06:40,2,76.0,76351,2,2,1.0,4.0,LENINGRAD (BD DE),"49,4986400","0,1590300",,76.076351,76351,Seine-Maritime,28.0,Normandie,50.0,3.0,3.0,6,1.0,28,Normandie,76,2,96,LeHavre,166058,1780,167838.0,1.0,7,,0.0,2.0,4.0,23.0,C01
201900033806,31,8,2019,06:40,2,76.0,76351,2,2,1.0,4.0,LENINGRAD (BD DE),"49,4986400","0,1590300",,76.076351,76351,Seine-Maritime,28.0,Normandie,50.0,3.0,3.0,6,1.0,28,Normandie,76,2,96,LeHavre,166058,1780,167838.0,1.0,7,,0.0,2.0,4.0,23.0,B01
201900033806,31,8,2019,06:40,2,76.0,76351,2,2,1.0,4.0,LENINGRAD (BD DE),"49,4986400","0,1590300",,76.076351,76351,Seine-Maritime,28.0,Normandie,50.0,3.0,3.0,6,1.0,28,Normandie,76,2,96,LeHavre,166058,1780,167838.0,1.0,7,,0.0,2.0,1.0,2.0,A01
201900033807,31,8,2019,17:30,1,76.0,76351,2,2,1.0,3.0,MARYSE BASTIE,"49,5242800","0,0968600",,76.076351,76351,Seine-Maritime,28.0,Normandie,50.0,3.0,2.0,2,1.0,28,Normandie,76,2,96,LeHavre,166058,1780,167838.0,0.0,7,,0.0,2.0,3.0,1.0,B01
201900033807,31,8,2019,17:30,1,76.0,76351,2,2,1.0,3.0,MARYSE BASTIE,"49,5242800","0,0968600",,76.076351,76351,Seine-Maritime,28.0,Normandie,50.0,3.0,2.0,2,1.0,28,Normandie,76,2,96,LeHavre,166058,1780,167838.0,0.0,1,,0.0,2.0,1.0,19.0,A01
201900033808,31,8,2019,01:50,5,76.0,76447,2,1,1.0,6.0,René Coty,"49,5434700","0,1902300",,76.076447,76447,Seine-Maritime,28.0,Normandie,50.0,4.0,2.0,2,1.0,28,Normandie,76,2,15,Montivilliers,15457,203,15660.0,0.0,30,,1.0,0.0,1.0,13.0,A01
201900033901,3,3,2019,18:00,1,76.0,76351,2,2,1.0,2.0,VERDUN (RUE DE),"49,5024400","0,1728100",,76.076351,76351,Seine-Maritime,28.0,Normandie,50.0,3.0,2.0,2,1.0,28,Normandie,76,2,96,LeHavre,166058,1780,167838.0,2.0,7,,0.0,2.0,4.0,2.0,B01
201900033901,3,3,2019,18:00,1,76.0,76351,2,2,1.0,2.0,VERDUN (RUE DE),"49,5024400","0,1728100",,76.076351,76351,Seine-Maritime,28.0,Normandie,50.0,3.0,2.0,2,1.0,28,Normandie,76,2,96,LeHavre,166058,1780,167838.0,2.0,31,,0.0,2.0,1.0,2.0,A01
201900033902,3,3,2019,16:25,1,76.0,76351,2,3,1.0,3.0,IRENE JOLIOT CURIE (RUE),"49,5146000","0,1047800",,76.076351,76351,Seine-Maritime,28.0,Normandie,50.0,3.0,2.0,2,1.0,28,Normandie,76,2,96,LeHavre,166058,1780,167838.0,0.0,33,,0.0,2.0,1.0,17.0,B01
201900033902,3,3,2019,16:25,1,76.0,76351,2,3,1.0,3.0,IRENE JOLIOT CURIE (RUE),"49,5146000","0,1047800",,76.076351,76351,Seine-Maritime,28.0,Normandie,50.0,3.0,2.0,2,1.0,28,Normandie,76,2,96,LeHavre,166058,1780,167838.0,0.0,7,,0.0,2.0,8.0,15.0,A01
201900033903,4,3,2019,08:05,1,76.0,76565,2,1,3.0,6.0,BRUYERES (CHEMIN DES),"49,9074800","1,0683600",,76.076565,76565,Seine-Maritime,28.0,Normandie,30.0,4.0,2.0,2,2.0,28,Normandie,76,1,7,Saint-Aubin-sur-Scie,1202,101,1303.0,3.0,7,,0.0,1.0,1.0,1.0,A01
201900034011,1,3,2019,08:05,1,76.0,76057,2,1,2.0,1.0,andré malraux,"49,5475820","0,9461680",,76.076057,76057,Seine-Maritime,28.0,Normandie,50.0,4.0,2.0,2,2.0,28,Normandie,76,3,1,Barentin,12154,238,12392.0,0.0,7,,0.0,2.0,3.0,13.0,A01
201900034011,1,3,2019,08:05,1,76.0,76057,2,1,2.0,1.0,andré malraux,"49,5475820","0,9461680",,76.076057,76057,Seine-Maritime,28.0,Normandie,50.0,4.0,2.0,2,2.0,28,Normandie,76,3,1,Barentin,12154,238,12392.0,0.0,7,,0.0,2.0,3.0,1.0,B01
201900034020,1,3,2019,10:15,1,76.0,76231,2,1,1.0,3.0,MARTYRS. RUE DES,"49,2881500","1,0071800",,76.076231,76231,Seine-Maritime,28.0,Normandie,50.0,4.0,2.0,0,1.0,28,Normandie,76,3,9,Elbeuf,15951,138,16089.0,3.0,7,,0.0,2.0,4.0,0.0,B01
201900034020,1,3,2019,10:15,1,76.0,76231,2,1,1.0,3.0,MARTYRS. RUE DES,"49,2881500","1,0071800",,76.076231,76231,Seine-Maritime,28.0,Normandie,50.0,4.0,2.0,0,1.0,28,Normandie,76,3,9,Elbeuf,15951,138,16089.0,3.0,7,,1.0,2.0,1.0,0.0,A01
201900034087,20,3,2019,05:30,3,76.0,76648,1,1,1.0,6.0,Autoroute  28,"49,6587210","1,2833010",,76.076648,76648,Seine-Maritime,28.0,Normandie,130.0,1.0,3.0,4,1.0,28,Normandie,76,1,23,Saint-Saëns,2317,20,2337.0,2.0,7,,0.0,9.0,1.0,1.0,A01
201900034185,8,4,2019,11:35,1,76.0,76103,2,1,1.0,3.0,PARIS. ROUTE DE,"49,4271300","1,1188400",,76.076103,76103,Seine-Maritime,28.0,Normandie,50.0,3.0,2.0,3,1.0,28,Normandie,76,3,6,Bonsecours,6455,95,6550.0,2.0,34,,0.0,2.0,2.0,1.0,B01
201900034185,8,4,2019,11:35,1,76.0,76103,2,1,1.0,3.0,PARIS. ROUTE DE,"49,4271300","1,1188400",,76.076103,76103,Seine-Maritime,28.0,Normandie,50.0,3.0,2.0,3,1.0,28,Normandie,76,3,6,Bonsecours,6455,95,6550.0,2.0,7,,0.0,2.0,3.0,10.0,A01
201900034186,7,4,2019,19:05,1,76.0,76216,2,2,1.0,3.0,RD 6015 (ROUTE DE DIEPPE),"49,4721352","1,0493857",,76.076216,76216,Seine-Maritime,28.0,Normandie,50.0,3.0,2.0,2,1.0,28,Normandie,76,3,22,Déville-lès-Rouen,10745,62,10807.0,1.0,7,,0.0,2.0,1.0,15.0,B01
201900034186,7,4,2019,19:05,1,76.0,76216,2,2,1.0,3.0,RD 6015 (ROUTE DE DIEPPE),"49,4721352","1,0493857",,76.076216,76216,Seine-Maritime,28.0,Normandie,50.0,3.0,2.0,2,1.0,28,Normandie,76,3,22,Déville-lès-Rouen,10745,62,10807.0,2.0,2,,0.0,2.0,1.0,1.0,A01
201900034309,24,7,2019,20:05,1,76.0,76648,1,1,1.0,7.0,896 Vaudichon,"49,6897260","1,2598450",,76.076648,76648,Seine-Maritime,28.0,Normandie,50.0,3.0,2.0,2,9.0,28,Normandie,76,1,23,Saint-Saëns,2317,20,2337.0,2.0,7,,2.0,0.0,7.0,1.0,A01
201900034391,21,7,2019,06:55,1,76.0,76322,1,1,1.0,7.0,RN 338 (VOIE RAPIDE SUD 3),"49,4169000","1,0469000",,76.076322,76322,Seine-Maritime,28.0,Normandie,90.0,2.0,3.0,2,1.0,28,Normandie,76,3,13,LeGrand-Quevilly,25975,225,26200.0,1.0,33,,0.0,0.0,0.0,0.0,A01
201900034392,21,7,2019,22:00,2,76.0,76231,2,1,1.0,6.0,PUCHOT. RUE DU,"49,2912700","1,0026500",,76.076231,76231,Seine-Maritime,28.0,Normandie,50.0,3.0,2.0,2,1.0,28,Normandie,76,3,9,Elbeuf,15951,138,16089.0,3.0,7,,0.0,1.0,1.0,0.0,A01
201900034393,4,7,2019,02:00,3,76.0,76497,1,6,1.0,6.0,D938,"49,3829700","1,0523400",,76.076497,76497,Seine-Maritime,28.0,Normandie,50.0,3.0,1.0,2,1.0,28,Normandie,76,3,13,Petit-Couronne,8688,175,8863.0,1.0,7,,5.0,0.0,5.0,0.0,A01
201900034763,30,11,2019,13:45,1,76.0,76540,2,1,1.0,3.0,BONSECOURS. ROUTE DE,"49,4337200","1,1071700",,76.076540,76540,Seine-Maritime,28.0,Normandie,50.0,3.0,2.0,6,1.0,28,Normandie,76,3,97,Rouen,114083,1556,115639.0,1.0,33,,0.0,2.0,7.0,1.0,B01
201900034763,30,11,2019,13:45,1,76.0,76540,2,1,1.0,3.0,BONSECOURS. ROUTE DE,"49,4337200","1,1071700",,76.076540,76540,Seine-Maritime,28.0,Normandie,50.0,3.0,2.0,6,1.0,28,Normandie,76,3,97,Rouen,114083,1556,115639.0,2.0,7,,0.0,2.0,1.0,10.0,A01
201900034764,12,12,2019,09:20,1,76.0,76351,2,2,1.0,4.0,FRANCOIS 1ER (BD),"49,4917700","0,0992400",,76.076351,76351,Seine-Maritime,28.0,Normandie,50.0,4.0,3.0,4,2.0,28,Normandie,76,2,96,LeHavre,166058,1780,167838.0,1.0,7,,0.0,2.0,1.0,2.0,A01
201900034764,12,12,2019,09:20,1,76.0,76351,2,2,1.0,4.0,FRANCOIS 1ER (BD),"49,4917700","0,0992400",,76.076351,76351,Seine-Maritime,28.0,Normandie,50.0,4.0,3.0,4,2.0,28,Normandie,76,2,96,LeHavre,166058,1780,167838.0,1.0,7,,0.0,2.0,4.0,2.0,B01
201900034764,12,12,2019,09:20,1,76.0,76351,2,2,1.0,4.0,FRANCOIS 1ER (BD),"49,4917700","0,0992400",,76.076351,76351,Seine-Maritime,28.0,Normandie,50.0,4.0,3.0,4,2.0,28,Normandie,76,2,96,LeHavre,166058,1780,167838.0,1.0,7,,0.0,2.0,4.0,2.0,C01
201900034808,7,11,2019,17:35,2,76.0,76655,2,9,1.0,6.0,Zone Activites de Clermont,"49,8579170","0,6923980",,76.076655,76655,Seine-Maritime,28.0,Normandie,-1.0,6.0,-1.0,-1,1.0,28,Normandie,76,1,33,Saint-Valery-en-Caux,3915,162,4077.0,3.0,7,,0.0,1.0,1.0,15.0,A01
201900034904,7,11,2019,01:15,5,76.0,76366,2,1,1.0,6.0,SAINT JEAN. ROUTE DE,"49,5101215","1,0314488",,76.076366,76366,Seine-Maritime,28.0,Normandie,50.0,3.0,1.0,2,2.0,28,Normandie,76,3,24,LeHoulme,4133,32,4165.0,0.0,7,,6.0,0.0,2.0,0.0,A01
201900035174,25,8,2019,14:50,1,76.0,76126,1,1,1.0,3.0,A28 - PK 070.400,"49,6701230","1,3162600",,76.076126,76126,Seine-Maritime,28.0,Normandie,130.0,1.0,3.0,4,1.0,28,Normandie,76,1,23,Bosc-Mesnil,325,5,330.0,1.0,7,,4.0,2.0,7.0,17.0,A01
201900035174,25,8,2019,14:50,1,76.0,76126,1,1,1.0,3.0,A28 - PK 070.400,"49,6701230","1,3162600",,76.076126,76126,Seine-Maritime,28.0,Normandie,130.0,1.0,3.0,4,1.0,28,Normandie,76,1,23,Bosc-Mesnil,325,5,330.0,1.0,7,,0.0,2.0,8.0,1.0,B01
201900035268,27,9,2019,13:45,1,76.0,76705,1,1,1.0,3.0,PICARD. AVENUE GUSTAVE,"49,3280000","1,0959300",,76.076705,76705,Seine-Maritime,28.0,Normandie,20.0,6.0,-1.0,-1,1.0,28,Normandie,76,3,5,Tourville-la-Rivière,2568,19,2587.0,3.0,7,,0.0,2.0,2.0,0.0,A01
201900035268,27,9,2019,13:45,1,76.0,76705,1,1,1.0,3.0,PICARD. AVENUE GUSTAVE,"49,3280000","1,0959300",,76.076705,76705,Seine-Maritime,28.0,Normandie,20.0,6.0,-1.0,-1,1.0,28,Normandie,76,3,5,Tourville-la-Rivière,2568,19,2587.0,3.0,7,,0.0,2.0,1.0,0.0,B01
201900035269,19,9,2019,08:50,1,76.0,76319,1,1,1.0,2.0,RN 138,"49,3634900","1,0375100",,76.076319,76319,Seine-Maritime,28.0,Normandie,90.0,2.0,1.0,2,1.0,28,Normandie,76,3,9,Grand-Couronne,9726,177,9903.0,2.0,7,,0.0,2.0,4.0,2.0,B01
201900035269,19,9,2019,08:50,1,76.0,76319,1,1,1.0,2.0,RN 138,"49,3634900","1,0375100",,76.076319,76319,Seine-Maritime,28.0,Normandie,90.0,2.0,1.0,2,1.0,28,Normandie,76,3,9,Grand-Couronne,9726,177,9903.0,2.0,33,,0.0,2.0,1.0,2.0,A01
201900035270,24,9,2019,13:45,1,76.0,76231,2,1,1.0,6.0,POUSSIN. RUE NICOLAS,"49,2860400","1,0033200",,76.076231,76231,Seine-Maritime,28.0,Normandie,50.0,4.0,2.0,2,1.0,28,Normandie,76,3,9,Elbeuf,15951,138,16089.0,3.0,7,,0.0,1.0,1.0,0.0,A01
201900035271,2,10,2019,17:45,1,76.0,76410,1,5,1.0,3.0,A150,"49,4717700","1,0308500",,76.076410,76410,Seine-Maritime,28.0,Normandie,50.0,1.0,3.0,2,1.0,28,Normandie,76,3,4,Maromme,11024,122,11146.0,1.0,33,,0.0,2.0,1.0,1.0,B01