Num_Acc,jour,mois,an,hrmn,lum,dep,com,agg,int,atm,col,adr,lat,long,gps,com_insee_temp,com_insee,departmentName,regionCode,regionName,vma,catr,circ,nbv,surf,Code,Region,Departement,Arrondissement,Code_Canton,Nom_Commune,Population_municipaLe,Population_comptee_a_part,Population_Totale,senc,catv,occutc,obs,obsm,choc,manv,num_veh
201900035271,2,10,2019,17:45,1,76.0,76410,1,5,1.0,3.0,A150,"49,4717700","1,0308500",,76.076410,76410,Seine-Maritime,28.0,Normandie,50.0,1.0,3.0,2,1.0,28,Normandie,76,3,4,Maromme,11024,122,11146.0,1.0,7,,0.0,2.0,1.0,15.0,A01
201900035272,2,10,2019,10:50,1,76.0,76498,2,1,1.0,6.0,JAURES. AVENUE JEAN,"49,4272700","1,0653100",,76.076498,76498,Seine-Maritime,28.0,Normandie,50.0,3.0,2.0,2,1.0,28,Normandie,76,3,27,LePetit-Quevilly,21782,274,22056.0,0.0,7,,0.0,2.0,1.0,1.0,A01
201900035406,18,1,2019,07:45,2,76.0,76447,2,1,9.0,6.0,FAUBOURG ASSIQUET,"49,5478485","0,1969975",,76.076447,76447,Seine-Maritime,28.0,Normandie,50.0,3.0,2.0,2,7.0,28,Normandie,76,2,15,Montivilliers,15457,203,15660.0,2.0,7,,0.0,2.0,2.0,1.0,A01
201900035406,18,1,2019,07:45,2,76.0,76447,2,1,9.0,6.0,FAUBOURG ASSIQUET,"49,5478485","0,1969975",,76.076447,76447,Seine-Maritime,28.0,Normandie,50.0,3.0,2.0,2,7.0,28,Normandie,76,2,15,Montivilliers,15457,203,15660.0,2.0,50,,0.0,2.0,4.0,1.0,B01
201900035407,13,1,2019,18:00,5,76.0,76259,2,1,1.0,2.0,LORRAIN - D150 (AV),"49,7602700","0,3849800",,76.076259,76259,Seine-Maritime,28.0,Normandie,50.0,3.0,2.0,2,1.0,28,Normandie,76,2,11,Fécamp,18016,269,18285.0,2.0,7,,0.0,2.0,1.0,1.0,B01
201900035407,13,1,2019,18:00,5,76.0,76259,2,1,1.0,2.0,LORRAIN - D150 (AV),"49,7602700","0,3849800",,76.076259,76259,Seine-Maritime,28.0,Normandie,50.0,3.0,2.0,2,1.0,28,Normandie,76,2,11,Fécamp,18016,269,18285.0,2.0,7,,0.0,2.0,4.0,23.0,A01
201900035526,2,9,2019,08:29,1,76.0,76658,1,1,1.0,1.0,RD80,"49,5083330","0,3486880",,76.076658,76658,Seine-Maritime,28.0,Normandie,80.0,3.0,2.0,2,1.0,28,Normandie,76,2,32,Saint-Vincent-Cramesnil,701,21,722.0,3.0,7,,0.0,2.0,1.0,1.0,B01
201900035526,2,9,2019,08:29,1,76.0,76658,1,1,1.0,1.0,RD80,"49,5083330","0,3486880",,76.076658,76658,Seine-Maritime,28.0,Normandie,80.0,3.0,2.0,2,1.0,28,Normandie,76,2,32,Saint-Vincent-Cramesnil,701,21,722.0,3.0,38,1.0,0.0,2.0,3.0,1.0,A01
201900035545,31,8,2019,18:10,1,76.0,76707,2,1,1.0,3.0,COTEAUX (ROUTE DES),"49,8576600","1,0799000",,76.076707,76707,Seine-Maritime,28.0,Normandie,50.0,3.0,2.0,2,1.0,28,Normandie,76,1,7,Tourville-sur-Arques,1193,35,1228.0,2.0,7,,0.0,2.0,3.0,1.0,B01
201900035545,31,8,2019,18:10,1,76.0,76707,2,1,1.0,3.0,COTEAUX (ROUTE DES),"49,8576600","1,0799000",,76.076707,76707,Seine-Maritime,28.0,Normandie,50.0,3.0,2.0,2,1.0,28,Normandie,76,1,7,Tourville-sur-Arques,1193,35,1228.0,1.0,30,,0.0,2.0,3.0,13.0,A01
201900035762,24,2,2019,12:50,1,76.0,76575,2,1,1.0,6.0,CROIZAT. AVENUE AMBROISE,"49,3762600","1,1025600",,76.076575,76575,Seine-Maritime,28.0,Normandie,50.0,3.0,2.0,2,1.0,28,Normandie,76,3,98,Saint-Étienne-du-Rouvray,28508,225,28733.0,1.0,33,,8.0,0.0,1.0,13.0,A01
201900035763,27,2,2019,16:20,1,76.0,76351,2,2,1.0,6.0,RENE COTY,"49,4971700","0,1119400",,76.076351,76351,Seine-Maritime,28.0,Normandie,30.0,4.0,2.0,2,1.0,28,Normandie,76,2,96,LeHavre,166058,1780,167838.0,2.0,10,,0.0,1.0,1.0,15.0,A01
201900035764,23,2,2019,00:20,5,76.0,76351,2,1,1.0,6.0,LUCIEN CORBEAUX (AVENUE),"49,4781100","0,1327900",,76.076351,76351,Seine-Maritime,28.0,Normandie,50.0,4.0,4.0,4,1.0,28,Normandie,76,2,96,LeHavre,166058,1780,167838.0,1.0,7,,9.0,0.0,1.0,14.0,A01
201900035765,23,2,2019,15:30,1,76.0,76351,2,3,1.0,6.0,BERNARDIN DE SAINT PIERRE,"49,4910500","0,1052400",,76.076351,76351,Seine-Maritime,28.0,Normandie,50.0,4.0,2.0,2,1.0,28,Normandie,76,2,96,LeHavre,166058,1780,167838.0,0.0,7,,0.0,1.0,3.0,15.0,A01
201900035921,10,4,2019,06:20,3,76.0,76126,1,1,3.0,7.0,A28 Pk 67+500,"49,6774340","1,3387800",,76.076126,76126,Seine-Maritime,28.0,Normandie,130.0,1.0,3.0,4,2.0,28,Normandie,76,1,23,Bosc-Mesnil,325,5,330.0,2.0,7,,13.0,0.0,0.0,1.0,A01
201900035991,9,4,2019,11:50,1,76.0,76427,2,1,2.0,6.0,Rue de mesnerettes,"49,7653650","1,3695610",,76.076427,76427,Seine-Maritime,28.0,Normandie,50.0,4.0,2.0,2,2.0,28,Normandie,76,1,23,Mesnières-en-Bray,943,252,1195.0,3.0,7,,6.0,0.0,8.0,1.0,A01
201900035992,8,4,2019,23:30,5,76.0,76563,2,1,1.0,6.0,RD 6015,"49,5262460","0,3310894",,76.076563,76563,Seine-Maritime,28.0,Normandie,50.0,3.0,2.0,2,1.0,28,Normandie,76,2,32,Saint-Aubin-Routot,1954,20,1974.0,1.0,7,,2.0,0.0,1.0,1.0,A01
201900036050,22,7,2019,17:30,1,76.0,76621,1,1,1.0,7.0,autoroute a28,"49,6685930","1,3143414",,76.076621,76621,Seine-Maritime,28.0,Normandie,130.0,1.0,3.0,4,1.0,28,Normandie,76,1,23,Saint-Martin-OsmonvilLe1179,22,1201,,2.0,7,,0.0,0.0,2.0,2.0,A01
201900036116,18,7,2019,19:36,1,76.0,76351,2,1,1.0,7.0,PABLO NERUDA (RUE),"49,5043600","0,1539600",,76.076351,76351,Seine-Maritime,28.0,Normandie,50.0,4.0,2.0,2,1.0,28,Normandie,76,2,96,LeHavre,166058,1780,167838.0,0.0,30,,0.0,0.0,7.0,1.0,A01
201900036141,22,7,2019,14:30,1,76.0,76351,2,1,1.0,6.0,AMIRAL MOUCHEZ (BD),"49,4865000","0,1419800",,76.076351,76351,Seine-Maritime,28.0,Normandie,50.0,3.0,2.0,2,1.0,28,Normandie,76,2,96,LeHavre,166058,1780,167838.0,0.0,10,,0.0,2.0,7.0,17.0,Z01
201900036141,22,7,2019,14:30,1,76.0,76351,2,1,1.0,6.0,AMIRAL MOUCHEZ (BD),"49,4865000","0,1419800",,76.076351,76351,Seine-Maritime,28.0,Normandie,50.0,3.0,2.0,2,1.0,28,Normandie,76,2,96,LeHavre,166058,1780,167838.0,0.0,37,3.0,0.0,2.0,3.0,26.0,A01
201900036142,20,7,2019,01:15,5,76.0,76351,2,3,1.0,6.0,REPUBLIQUE (COURS DE LA),"49,4933500","0,1246600",,76.076351,76351,Seine-Maritime,28.0,Normandie,50.0,4.0,2.0,4,1.0,28,Normandie,76,2,96,LeHavre,166058,1780,167838.0,0.0,2,,0.0,1.0,1.0,26.0,Z01
201900036640,8,11,2019,01:30,3,76.0,76223,1,1,1.0,1.0,Route de la Grande Rue,"49,6187970","0,8291800",,76.076223,76223,Seine-Maritime,28.0,Normandie,80.0,3.0,2.0,2,1.0,28,Normandie,76,3,24,Écalles-Alix,528,6,534.0,2.0,7,,0.0,2.0,1.0,1.0,B01
201900036640,8,11,2019,01:30,3,76.0,76223,1,1,1.0,1.0,Route de la Grande Rue,"49,6187970","0,8291800",,76.076223,76223,Seine-Maritime,28.0,Normandie,80.0,3.0,2.0,2,1.0,28,Normandie,76,3,24,Écalles-Alix,528,6,534.0,1.0,7,,0.0,2.0,1.0,13.0,A01
201900036728,29,10,2019,17:00,1,76.0,76540,2,3,1.0,3.0,CAVELIER DE LA SALLE. QUAI (HAUT),"49,4381300","1,0829300",,76.076540,76540,Seine-Maritime,28.0,Normandie,50.0,4.0,2.0,4,1.0,28,Normandie,76,3,97,Rouen,114083,1556,115639.0,0.0,7,,0.0,2.0,8.0,15.0,B01
201900036728,29,10,2019,17:00,1,76.0,76540,2,3,1.0,3.0,CAVELIER DE LA SALLE. QUAI (HAUT),"49,4381300","1,0829300",,76.076540,76540,Seine-Maritime,28.0,Normandie,50.0,4.0,2.0,4,1.0,28,Normandie,76,3,97,Rouen,114083,1556,115639.0,0.0,7,,0.0,2.0,1.0,1.0,A01
201900036729,31,10,2019,12:10,1,76.0,76351,2,2,1.0,3.0,LEO LAGRANGE (AVENUE),"49,5017000","0,1666000",,76.076351,76351,Seine-Maritime,28.0,Normandie,50.0,4.0,2.0,2,1.0,28,Normandie,76,2,96,LeHavre,166058,1780,167838.0,2.0,30,,0.0,2.0,7.0,1.0,A01
201900036729,31,10,2019,12:10,1,76.0,76351,2,2,1.0,3.0,LEO LAGRANGE (AVENUE),"49,5017000","0,1666000",,76.076351,76351,Seine-Maritime,28.0,Normandie,50.0,4.0,2.0,2,1.0,28,Normandie,76,2,96,LeHavre,166058,1780,167838.0,1.0,7,,0.0,2.0,1.0,1.0,B01
201900036730,30,10,2019,14:05,1,76.0,76351,2,6,2.0,2.0,VERDUN (RUE DE),"49,5022500","0,1847200",,76.076351,76351,Seine-Maritime,28.0,Normandie,50.0,4.0,3.0,3,2.0,28,Normandie,76,2,96,LeHavre,166058,1780,167838.0,3.0,7,,0.0,2.0,3.0,1.0,A01
201900036730,30,10,2019,14:05,1,76.0,76351,2,6,2.0,2.0,VERDUN (RUE DE),"49,5022500","0,1847200",,76.076351,76351,Seine-Maritime,28.0,Normandie,50.0,4.0,3.0,3,2.0,28,Normandie,76,2,96,LeHavre,166058,1780,167838.0,3.0,7,,0.0,0.0,5.0,1.0,B01
201900036731,29,10,2019,10:20,1,76.0,76341,2,9,8.0,2.0,RD 982,"49,5046600","0,1959600",,76.076341,76341,Seine-Maritime,28.0,Normandie,50.0,3.0,3.0,3,2.0,28,Normandie,76,2,15,Harfleur,8315,53,8368.0,2.0,37,1.0,0.0,2.0,2.0,9.0,A01
201900036731,29,10,2019,10:20,1,76.0,76341,2,9,8.0,2.0,RD 982,"49,5046600","0,1959600",,76.076341,76341,Seine-Maritime,28.0,Normandie,50.0,3.0,3.0,3,2.0,28,Normandie,76,2,15,Harfleur,8315,53,8368.0,2.0,7,,0.0,2.0,6.0,1.0,B01
201900036732,29,10,2019,16:10,1,76.0,76351,2,3,2.0,6.0,VERDUN (RUE DE),"49,5022800","0,1608500",,76.076351,76351,Seine-Maritime,28.0,Normandie,50.0,3.0,2.0,2,2.0,28,Normandie,76,2,96,LeHavre,166058,1780,167838.0,0.0,7,,0.0,1.0,1.0,1.0,A01
201900036733,29,10,2019,18:55,5,76.0,76351,2,1,2.0,6.0,IRENE JOLIOT CURIE (RUE),"49,5161000","0,1058500",,76.076351,76351,Seine-Maritime,28.0,Normandie,50.0,4.0,2.0,2,2.0,28,Normandie,76,2,96,LeHavre,166058,1780,167838.0,1.0,7,,0.0,1.0,1.0,1.0,A01
201900036775,19,6,2019,12:14,1,76.0,76095,1,1,1.0,3.0,HAUTS GRIGNEUX. AVENUE DES,"49,4668900","1,1346200",,76.076095,76095,Seine-Maritime,28.0,Normandie,50.0,3.0,1.0,2,1.0,28,Normandie,76,3,2,Bihorel,8199,164,8363.0,0.0,33,,0.0,2.0,1.0,1.0,B01
201900036775,19,6,2019,12:14,1,76.0,76095,1,1,1.0,3.0,HAUTS GRIGNEUX. AVENUE DES,"49,4668900","1,1346200",,76.076095,76095,Seine-Maritime,28.0,Normandie,50.0,3.0,1.0,2,1.0,28,Normandie,76,3,2,Bihorel,8199,164,8363.0,0.0,7,,0.0,2.0,8.0,26.0,A01
201900036776,20,6,2019,20:35,1,76.0,76481,2,6,1.0,3.0,MONTIVILLIERS (ROUTE DE),"49,5558200","0,1291700",,76.076481,76481,Seine-Maritime,28.0,Normandie,50.0,4.0,2.0,2,1.0,28,Normandie,76,2,26,Octeville-sur-Mer,6122,119,6241.0,1.0,7,,0.0,2.0,8.0,1.0,B01
201900036776,20,6,2019,20:35,1,76.0,76481,2,6,1.0,3.0,MONTIVILLIERS (ROUTE DE),"49,5558200","0,1291700",,76.076481,76481,Seine-Maritime,28.0,Normandie,50.0,4.0,2.0,2,1.0,28,Normandie,76,2,26,Octeville-sur-Mer,6122,119,6241.0,2.0,7,,0.0,2.0,4.0,1.0,A01
201900036777,20,6,2019,14:46,1,76.0,76351,2,2,1.0,6.0,STRASBOURG (BD),"49,4929100","0,1142800",,76.076351,76351,Seine-Maritime,28.0,Normandie,50.0,4.0,2.0,4,1.0,28,Normandie,76,2,96,LeHavre,166058,1780,167838.0,2.0,40,,0.0,1.0,7.0,1.0,A01
201900036778,18,6,2019,21:40,2,76.0,76351,2,1,1.0,6.0,ARISTIDE BRIAND,"49,5002000","0,1346100",,76.076351,76351,Seine-Maritime,28.0,Normandie,50.0,3.0,2.0,2,1.0,28,Normandie,76,2,96,LeHavre,166058,1780,167838.0,0.0,7,,0.0,1.0,2.0,1.0,A01
201900036779,22,6,2019,02:15,3,76.0,76349,2,1,1.0,6.0,DIEPPE (ROUTE DE),"49,9055000","1,0567000",,76.076349,76349,Seine-Maritime,28.0,Normandie,50.0,3.0,2.0,2,1.0,28,Normandie,76,1,7,Hautot-sur-Mer,1887,46,1933.0,3.0,33,,6.0,0.0,3.0,13.0,A01
201900036933,2,10,2019,17:40,1,76.0,76238,2,2,1.0,3.0,Côte du Cap,"49,5648420","0,2263900",,76.076238,76238,Seine-Maritime,28.0,Normandie,50.0,3.0,2.0,2,1.0,28,Normandie,76,2,26,ÉpouvilLe2641,38,2679,,1.0,7,,14.0,0.0,3.0,15.0,A01
201900036933,2,10,2019,17:40,1,76.0,76238,2,2,1.0,3.0,Côte du Cap,"49,5648420","0,2263900",,76.076238,76238,Seine-Maritime,28.0,Normandie,50.0,3.0,2.0,2,1.0,28,Normandie,76,2,26,ÉpouvilLe2641,38,2679,,1.0,2,,0.0,2.0,1.0,17.0,B01
201900037061,2,10,2019,12:05,1,76.0,76351,2,3,1.0,6.0,LEO LAGRANGE (AVENUE),"49,5018400","0,1652000",,76.076351,76351,Seine-Maritime,28.0,Normandie,30.0,4.0,2.0,2,1.0,28,Normandie,76,2,96,LeHavre,166058,1780,167838.0,0.0,10,,0.0,1.0,7.0,1.0,A01
201900037062,2,10,2019,11:10,1,76.0,76351,2,1,1.0,6.0,HUIT MAI 1945 (AVENUE DU),"49,5157100","0,1709200",,76.076351,76351,Seine-Maritime,28.0,Normandie,30.0,4.0,2.0,2,1.0,28,Normandie,76,2,96,LeHavre,166058,1780,167838.0,3.0,7,,0.0,1.0,3.0,1.0,A01
201900037063,1,10,2019,16:25,1,76.0,76351,2,2,1.0,3.0,GRAND HAMEAU (Avenue du ),"49,5242700","0,0968600",,76.076351,76351,Seine-Maritime,28.0,Normandie,50.0,3.0,2.0,2,2.0,28,Normandie,76,2,96,LeHavre,166058,1780,167838.0,1.0,7,,0.0,2.0,3.0,1.0,A01
201900037063,1,10,2019,16:25,1,76.0,76351,2,2,1.0,3.0,GRAND HAMEAU (Avenue du ),"49,5242700","0,0968600",,76.076351,76351,Seine-Maritime,28.0,Normandie,50.0,3.0,2.0,2,2.0,28,Normandie,76,2,96,LeHavre,166058,1780,167838.0,2.0,7,,0.0,2.0,2.0,15.0,Z01
201900037348,28,8,2019,18:30,1,76.0,76575,2,1,1.0,6.0,MADRILLET. RUE DU,"49,3924400","1,0730800",,76.076575,76575,Seine-Maritime,28.0,Normandie,50.0,4.0,2.0,2,1.0,28,Normandie,76,3,98,Saint-Étienne-du-Rouvray,28508,225,28733.0,3.0,7,,0.0,1.0,2.0,0.0,A01
201900037349,27,8,2019,12:15,1,76.0,76410,1,1,1.0,3.0,VALETTE. COTE DE LA (RN 15),"49,4878700","1,0319700",,76.076410,76410,Seine-Maritime,28.0,Normandie,50.0,3.0,2.0,2,1.0,28,Normandie,76,3,4,Maromme,11024,122,11146.0,0.0,7,,0.0,2.0,5.0,17.0,A01
201900037349,27,8,2019,12:15,1,76.0,76410,1,1,1.0,3.0,VALETTE. COTE DE LA (RN 15),"49,4878700","1,0319700",,76.076410,76410,Seine-Maritime,28.0,Normandie,50.0,3.0,2.0,2,1.0,28,Normandie,76,3,4,Maromme,11024,122,11146.0,0.0,2,,0.0,2.0,8.0,0.0,B01
201900037350,26,8,2019,17:10,1,76.0,76231,2,2,1.0,6.0,RN 840 (RUE DU NEUBOURG),"49,2848000","1,0085400",,76.076231,76231,Seine-Maritime,28.0,Normandie,50.0,3.0,2.0,2,1.0,28,Normandie,76,3,9,Elbeuf,15951,138,16089.0,3.0,7,,0.0,1.0,3.0,0.0,A01
201900037351,29,8,2019,13:52,1,76.0,76270,2,6,1.0,2.0,JEAN JAURES,"49,5300900","0,1431600",,76.076270,76270,Seine-Maritime,28.0,Normandie,50.0,3.0,-1.0,2,1.0,28,Normandie,76,2,26,Fontaine-la-Mallet,2635,54,2689.0,2.0,7,,0.0,2.0,5.0,0.0,A01
201900037351,29,8,2019,13:52,1,76.0,76270,2,6,1.0,2.0,JEAN JAURES,"49,5300900","0,1431600",,76.076270,76270,Seine-Maritime,28.0,Normandie,50.0,3.0,-1.0,2,1.0,28,Normandie,76,2,26,Fontaine-la-Mallet,2635,54,2689.0,2.0,1,,0.0,2.0,6.0,1.0,B01
201900037352,27,8,2019,17:15,1,76.0,76351,2,3,1.0,5.0,GENERAL FERRIE (AVENUE),"49,5098400","0,1745500",,76.076351,76351,Seine-Maritime,28.0,Normandie,50.0,4.0,2.0,3,1.0,28,Normandie,76,2,96,LeHavre,166058,1780,167838.0,2.0,7,,0.0,2.0,4.0,2.0,C01
201900037352,27,8,2019,17:15,1,76.0,76351,2,3,1.0,5.0,GENERAL FERRIE (AVENUE),"49,5098400","0,1745500",,76.076351,76351,Seine-Maritime,28.0,Normandie,50.0,4.0,2.0,3,1.0,28,Normandie,76,2,96,LeHavre,166058,1780,167838.0,2.0,7,,0.0,2.0,4.0,2.0,B01
201900037352,27,8,2019,17:15,1,76.0,76351,2,3,1.0,5.0,GENERAL FERRIE (AVENUE),"49,5098400","0,1745500",,76.076351,76351,Seine-Maritime,28.0,Normandie,50.0,4.0,2.0,3,1.0,28,Normandie,76,2,96,LeHavre,166058,1780,167838.0,2.0,7,,0.0,2.0,1.0,2.0,A01
201900037353,22,8,2019,16:30,1,76.0,76545,1,1,1.0,1.0,RD 154E,"49,9128900","1,0958200",,76.076545,76545,Seine-Maritime,28.0,Normandie,80.0,3.0,3.0,4,1.0,28,Normandie,76,1,7,Rouxmesnil-BouteilLes1814,33,1847,,1.0,7,,0.0,2.0,2.0,13.0,A01
201900037353,22,8,2019,16:30,1,76.0,76545,1,1,1.0,1.0,RD 154E,"49,9128900","1,0958200",,76.076545,76545,Seine-Maritime,28.0,Normandie,80.0,3.0,3.0,4,1.0,28,Normandie,76,1,7,Rouxmesnil-BouteilLes1814,33,1847,,2.0,7,,0.0,2.0,3.0,1.0,B01
201900037354,24,8,2019,20:00,1,76.0,76026,1,9,1.0,1.0,RD 23,"49,8784800","1,1210700",,76.076026,76026,Seine-Maritime,28.0,Normandie,50.0,3.0,2.0,2,1.0,28,Normandie,76,1,8,Arques-la-BatailLe2480,44,2524,,2.0,7,,0.0,2.0,3.0,1.0,A01
201900037354,24,8,2019,20:00,1,76.0,76026,1,9,1.0,1.0,RD 23,"49,8784800","1,1210700",,76.076026,76026,Seine-Maritime,28.0,Normandie,50.0,3.0,2.0,2,1.0,28,Normandie,76,1,8,Arques-la-BatailLe2480,44,2524,,1.0,10,,0.0,2.0,3.0,1.0,B01
201900037690,6,4,2019,15:00,1,76.0,76396,1,1,1.0,6.0,Route départementale 206,"49,5511280","1,2842770",,76.076396,76396,Seine-Maritime,28.0,Normandie,80.0,3.0,2.0,2,1.0,28,Normandie,76,3,21,Longuerue,341,2,343.0,1.0,7,,0.0,9.0,7.0,2.0,A01
201900037690,6,4,2019,15:00,1,76.0,76396,1,1,1.0,6.0,Route départementale 206,"49,5511280","1,2842770",,76.076396,76396,Seine-Maritime,28.0,Normandie,80.0,3.0,2.0,2,1.0,28,Normandie,76,3,21,Longuerue,341,2,343.0,1.0,1,,0.0,2.0,8.0,2.0,B01
201900037690,6,4,2019,15:00,1,76.0,76396,1,1,1.0,6.0,Route départementale 206,"49,5511280","1,2842770",,76.076396,76396,Seine-Maritime,28.0,Normandie,80.0,3.0,2.0,2,1.0,28,Normandie,76,3,21,Longuerue,341,2,343.0,1.0,1,,0.0,2.0,8.0,2.0,C01
201900037885,18,7,2019,16:50,1,76.0,76259,2,7,1.0,4.0,DE GAULLE ( PLACE CHARLES),"49,7574100","0,3763100",,76.076259,76259,Seine-Maritime,28.0,Normandie,50.0,4.0,2.0,2,1.0,28,Normandie,76,2,11,Fécamp,18016,269,18285.0,3.0,10,,0.0,2.0,1.0,2.0,A01
201900037885,18,7,2019,16:50,1,76.0,76259,2,7,1.0,4.0,DE GAULLE ( PLACE CHARLES),"49,7574100","0,3763100",,76.076259,76259,Seine-Maritime,28.0,Normandie,50.0,4.0,2.0,2,1.0,28,Normandie,76,2,11,Fécamp,18016,269,18285.0,3.0,7,,0.0,2.0,4.0,23.0,B01
201900037885,18,7,2019,16:50,1,76.0,76259,2,7,1.0,4.0,DE GAULLE ( PLACE CHARLES),"49,7574100","0,3763100",,76.076259,76259,Seine-Maritime,28.0,Normandie,50.0,4.0,2.0,2,1.0,28,Normandie,76,2,11,Fécamp,18016,269,18285.0,3.0,7,,0.0,2.0,4.0,23.0,C01
201900037986,22,7,2019,12:10,1,76.0,76319,1,1,1.0,2.0,A13,"49,3390300","1,0157660",,76.076319,76319,Seine-Maritime,28.0,Normandie,130.0,1.0,3.0,3,1.0,28,Normandie,76,3,9,Grand-Couronne,9726,177,9903.0,1.0,7,,0.0,0.0,4.0,23.0,A01
201900037986,22,7,2019,12:10,1,76.0,76319,1,1,1.0,2.0,A13,"49,3390300","1,0157660",,76.076319,76319,Seine-Maritime,28.0,Normandie,130.0,1.0,3.0,3,1.0,28,Normandie,76,3,9,Grand-Couronne,9726,177,9903.0,1.0,17,,0.0,2.0,1.0,2.0,B01
201900038030,11,12,2019,22:00,5,76.0,76540,2,2,1.0,3.0,RONDEAUX. AVENUE JEAN,"49,4388700","1,0799900",,76.076540,76540,Seine-Maritime,28.0,Normandie,50.0,2.0,2.0,5,1.0,28,Normandie,76,3,97,Rouen,114083,1556,115639.0,2.0,7,,0.0,2.0,1.0,1.0,B01
201900038030,11,12,2019,22:00,5,76.0,76540,2,2,1.0,3.0,RONDEAUX. AVENUE JEAN,"49,4388700","1,0799900",,76.076540,76540,Seine-Maritime,28.0,Normandie,50.0,2.0,2.0,5,1.0,28,Normandie,76,3,97,Rouen,114083,1556,115639.0,2.0,7,,0.0,2.0,2.0,15.0,A01
201900038031,28,6,2019,15:20,1,76.0,76497,1,1,1.0,2.0,RN 138,"49,3961125","1,0332476",,76.076497,76497,Seine-Maritime,28.0,Normandie,110.0,2.0,3.0,3,1.0,28,Normandie,76,3,13,Petit-Couronne,8688,175,8863.0,1.0,7,,0.0,2.0,1.0,2.0,A01
201900038031,28,6,2019,15:20,1,76.0,76497,1,1,1.0,2.0,RN 138,"49,3961125","1,0332476",,76.076497,76497,Seine-Maritime,28.0,Normandie,110.0,2.0,3.0,3,1.0,28,Normandie,76,3,13,Petit-Couronne,8688,175,8863.0,1.0,7,,0.0,2.0,5.0,2.0,B01
201900038032,6,12,2019,11:20,1,76.0,76707,1,1,3.0,4.0,RD 915,"49,8707400","1,1024600",,76.076707,76707,Seine-Maritime,28.0,Normandie,80.0,3.0,2.0,2,2.0,28,Normandie,76,1,7,Tourville-sur-Arques,1193,35,1228.0,1.0,7,,0.0,2.0,1.0,2.0,A01
201900038032,6,12,2019,11:20,1,76.0,76707,1,1,3.0,4.0,RD 915,"49,8707400","1,1024600",,76.076707,76707,Seine-Maritime,28.0,Normandie,80.0,3.0,2.0,2,2.0,28,Normandie,76,1,7,Tourville-sur-Arques,1193,35,1228.0,1.0,7,,0.0,2.0,4.0,2.0,B01
201900038032,6,12,2019,11:20,1,76.0,76707,1,1,3.0,4.0,RD 915,"49,8707400","1,1024600",,76.076707,76707,Seine-Maritime,28.0,Normandie,80.0,3.0,2.0,2,2.0,28,Normandie,76,1,7,Tourville-sur-Arques,1193,35,1228.0,1.0,7,,0.0,2.0,4.0,2.0,C01
201900038985,18,1,2019,08:45,2,76.0,76719,1,1,1.0,1.0,rue André Fiquet RD 150,"49,7449460","0,4831870",,76.076719,76719,Seine-Maritime,28.0,Normandie,80.0,3.0,2.0,2,1.0,28,Normandie,76,2,11,Valmont,867,15,882.0,2.0,7,,0.0,2.0,1.0,1.0,B01
201900038985,18,1,2019,08:45,2,76.0,76719,1,1,1.0,1.0,rue André Fiquet RD 150,"49,7449460","0,4831870",,76.076719,76719,Seine-Maritime,28.0,Normandie,80.0,3.0,2.0,2,1.0,28,Normandie,76,2,11,Valmont,867,15,882.0,1.0,10,,0.0,2.0,1.0,13.0,A01
201900039497,4,4,2019,22:40,5,76.0,76212,1,1,1.0,6.0,LYONS LA FORET. ROUTE DE,"49,4360300","1,1420600",,76.076212,76212,Seine-Maritime,28.0,Normandie,50.0,3.0,2.0,2,1.0,28,Normandie,76,3,6,Darnétal,9738,74,9812.0,2.0,7,,9.0,0.0,0.0,13.0,A01
201900039755,19,7,2019,09:40,1,76.0,76540,2,2,1.0,3.0,BELGES. BOULEVARD DES,"49,4416900","1,0834800",,76.076540,76540,Seine-Maritime,28.0,Normandie,50.0,3.0,2.0,6,1.0,28,Normandie,76,3,97,Rouen,114083,1556,115639.0,1.0,7,,0.0,2.0,1.0,16.0,A01
201900039755,19,7,2019,09:40,1,76.0,76540,2,2,1.0,3.0,BELGES. BOULEVARD DES,"49,4416900","1,0834800",,76.076540,76540,Seine-Maritime,28.0,Normandie,50.0,3.0,2.0,6,1.0,28,Normandie,76,3,97,Rouen,114083,1556,115639.0,1.0,1,,0.0,2.0,1.0,19.0,B01
201900039756,17,7,2019,20:10,1,76.0,76103,2,1,1.0,6.0,REQUIER. RUE ARMAND,"49,4251900","1,1265700",,76.076103,76103,Seine-Maritime,28.0,Normandie,30.0,4.0,2.0,2,1.0,28,Normandie,76,3,6,Bonsecours,6455,95,6550.0,0.0,7,,0.0,1.0,1.0,1.0,Z01
201900039757,18,7,2019,09:00,1,76.0,76497,1,1,1.0,5.0,RN 138,"49,3819700","1,0516200",,76.076497,76497,Seine-Maritime,28.0,Normandie,90.0,2.0,1.0,2,1.0,28,Normandie,76,3,13,Petit-Couronne,8688,175,8863.0,1.0,7,,0.0,2.0,1.0,0.0,A01
201900039757,18,7,2019,09:00,1,76.0,76497,1,1,1.0,5.0,RN 138,"49,3819700","1,0516200",,76.076497,76497,Seine-Maritime,28.0,Normandie,90.0,2.0,1.0,2,1.0,28,Normandie,76,3,13,Petit-Couronne,8688,175,8863.0,1.0,7,,0.0,2.0,6.0,0.0,C01
201900039757,18,7,2019,09:00,1,76.0,76497,1,1,1.0,5.0,RN 138,"49,3819700","1,0516200",,76.076497,76497,Seine-Maritime,28.0,Normandie,90.0,2.0,1.0,2,1.0,28,Normandie,76,3,13,Petit-Couronne,8688,175,8863.0,1.0,33,,0.0,2.0,4.0,0.0,B01