Num_Acc,jour,mois,an,hrmn,lum,dep,com,agg,int,atm,col,adr,lat,long,gps,com_insee_temp,com_insee,departmentName,regionCode,regionName,vma,catr,circ,nbv,surf,Code,Region,Departement,Arrondissement,Code_Canton,Nom_Commune,Population_municipaLe,Population_comptee_a_part,Population_Totale,senc,catv,occutc,obs,obsm,choc,manv,num_veh
201900045384,28,11,2019,23:15,3,76.0,76456,1,1,3.0,5.0,Motteville,"49,6183660","0,8505200",,76.076456,76456,Seine-Maritime,28.0,Normandie,130.0,1.0,3.0,4,4.0,28,Normandie,76,3,35,MottevilLe771,11,782,,1.0,7,,14.0,9.0,0.0,0.0,A01
201900045384,28,11,2019,23:15,3,76.0,76456,1,1,3.0,5.0,Motteville,"49,6183660","0,8505200",,76.076456,76456,Seine-Maritime,28.0,Normandie,130.0,1.0,3.0,4,4.0,28,Normandie,76,3,35,MottevilLe771,11,782,,1.0,7,,14.0,9.0,0.0,0.0,B01
201900045384,28,11,2019,23:15,3,76.0,76456,1,1,3.0,5.0,Motteville,"49,6183660","0,8505200",,76.076456,76456,Seine-Maritime,28.0,Normandie,130.0,1.0,3.0,4,4.0,28,Normandie,76,3,35,MottevilLe771,11,782,,1.0,7,,14.0,0.0,1.0,0.0,C01
201900045797,18,6,2019,00:40,5,76.0,76540,2,2,1.0,3.0,LECANUET. RUE JEAN,"49,4447300","1,0921800",,76.076540,76540,Seine-Maritime,28.0,Normandie,50.0,4.0,2.0,2,1.0,28,Normandie,76,3,97,Rouen,114083,1556,115639.0,0.0,7,,9.0,2.0,1.0,1.0,B01
201900045797,18,6,2019,00:40,5,76.0,76540,2,2,1.0,3.0,LECANUET. RUE JEAN,"49,4447300","1,0921800",,76.076540,76540,Seine-Maritime,28.0,Normandie,50.0,4.0,2.0,2,1.0,28,Normandie,76,3,97,Rouen,114083,1556,115639.0,0.0,7,,0.0,2.0,7.0,1.0,A01
201900045798,14,6,2019,18:10,1,76.0,76540,2,1,1.0,6.0,CAEN. AVENUE DE,"49,4301600","1,0769600",,76.076540,76540,Seine-Maritime,28.0,Normandie,50.0,3.0,2.0,2,1.0,28,Normandie,76,3,97,Rouen,114083,1556,115639.0,0.0,7,,0.0,1.0,1.0,1.0,A01
201900045799,11,6,2019,09:00,1,76.0,76498,1,1,1.0,6.0,SUD III (RN 338),"49,4196900","1,0500100",,76.076498,76498,Seine-Maritime,28.0,Normandie,90.0,2.0,1.0,2,1.0,28,Normandie,76,3,27,LePetit-Quevilly,21782,274,22056.0,1.0,7,,1.0,0.0,1.0,1.0,Z01
201900045800,9,6,2019,17:30,1,76.0,76157,1,4,1.0,5.0,VALETTE. RUE DE LA (CD 51),"49,4630800","1,0411600",,76.076157,76157,Seine-Maritime,28.0,Normandie,50.0,3.0,2.0,3,1.0,28,Normandie,76,3,4,Canteleu,13966,360,14326.0,0.0,2,,0.0,2.0,3.0,1.0,C01
201900045800,9,6,2019,17:30,1,76.0,76157,1,4,1.0,5.0,VALETTE. RUE DE LA (CD 51),"49,4630800","1,0411600",,76.076157,76157,Seine-Maritime,28.0,Normandie,50.0,3.0,2.0,3,1.0,28,Normandie,76,3,4,Canteleu,13966,360,14326.0,0.0,30,,0.0,2.0,1.0,1.0,B01
201900045800,9,6,2019,17:30,1,76.0,76157,1,4,1.0,5.0,VALETTE. RUE DE LA (CD 51),"49,4630800","1,0411600",,76.076157,76157,Seine-Maritime,28.0,Normandie,50.0,3.0,2.0,3,1.0,28,Normandie,76,3,4,Canteleu,13966,360,14326.0,0.0,7,,0.0,2.0,6.0,15.0,A01
201900045801,7,6,2019,22:50,5,76.0,76540,1,1,1.0,7.0,ROCADE Nord-Est,"49,4517800","1,1456400",,76.076540,76540,Seine-Maritime,28.0,Normandie,90.0,2.0,1.0,2,2.0,28,Normandie,76,3,97,Rouen,114083,1556,115639.0,1.0,7,,13.0,0.0,9.0,1.0,A01
201900045802,7,6,2019,14:00,1,76.0,76540,2,2,1.0,6.0,LECANUET. RUE JEAN,"49,4446700","1,0921300",,76.076540,76540,Seine-Maritime,28.0,Normandie,30.0,4.0,2.0,2,1.0,28,Normandie,76,3,97,Rouen,114083,1556,115639.0,0.0,7,,0.0,1.0,1.0,15.0,A01
201900045803,5,6,2019,21:05,1,76.0,76540,2,2,1.0,2.0,GALLIENI. RUE DU MARECHAL,"49,4178600","1,0768100",,76.076540,76540,Seine-Maritime,28.0,Normandie,50.0,4.0,2.0,2,1.0,28,Normandie,76,3,97,Rouen,114083,1556,115639.0,0.0,7,,0.0,2.0,1.0,17.0,A01
201900045803,5,6,2019,21:05,1,76.0,76540,2,2,1.0,2.0,GALLIENI. RUE DU MARECHAL,"49,4178600","1,0768100",,76.076540,76540,Seine-Maritime,28.0,Normandie,50.0,4.0,2.0,2,1.0,28,Normandie,76,3,97,Rouen,114083,1556,115639.0,0.0,7,,0.0,2.0,4.0,15.0,B01
201900045804,4,6,2019,17:50,1,76.0,76108,2,2,1.0,3.0,EGLISE. RUE DE L',"49,4668600","1,1079800",,76.076108,76108,Seine-Maritime,28.0,Normandie,50.0,4.0,2.0,2,1.0,28,Normandie,76,3,2,Bois-Guillaume,14262,361,14623.0,0.0,7,,0.0,2.0,1.0,13.0,A01
201900045804,4,6,2019,17:50,1,76.0,76108,2,2,1.0,3.0,EGLISE. RUE DE L',"49,4668600","1,1079800",,76.076108,76108,Seine-Maritime,28.0,Normandie,50.0,4.0,2.0,2,1.0,28,Normandie,76,3,2,Bois-Guillaume,14262,361,14623.0,0.0,7,,0.0,2.0,3.0,0.0,B01
201900045805,1,6,2019,15:00,1,76.0,76540,2,2,1.0,3.0,SAINT SEVER. RUE,"49,4347900","1,0936000",,76.076540,76540,Seine-Maritime,28.0,Normandie,50.0,4.0,3.0,2,1.0,28,Normandie,76,3,97,Rouen,114083,1556,115639.0,0.0,32,,0.0,2.0,1.0,1.0,B01
201900045805,1,6,2019,15:00,1,76.0,76540,2,2,1.0,3.0,SAINT SEVER. RUE,"49,4347900","1,0936000",,76.076540,76540,Seine-Maritime,28.0,Normandie,50.0,4.0,3.0,2,1.0,28,Normandie,76,3,97,Rouen,114083,1556,115639.0,0.0,7,,0.0,2.0,5.0,15.0,A01
201900045806,30,5,2019,19:25,1,76.0,76540,2,2,1.0,3.0,CORNEILLE. QUAI (HAUT) PIERRE,"49,4380400","1,0918700",,76.076540,76540,Seine-Maritime,28.0,Normandie,50.0,3.0,3.0,4,1.0,28,Normandie,76,3,97,Rouen,114083,1556,115639.0,1.0,33,,0.0,2.0,0.0,1.0,B01
201900045806,30,5,2019,19:25,1,76.0,76540,2,2,1.0,3.0,CORNEILLE. QUAI (HAUT) PIERRE,"49,4380400","1,0918700",,76.076540,76540,Seine-Maritime,28.0,Normandie,50.0,3.0,3.0,4,1.0,28,Normandie,76,3,97,Rouen,114083,1556,115639.0,1.0,7,,0.0,2.0,0.0,15.0,A01
201900045807,15,6,2019,04:01,2,76.0,76351,2,1,1.0,6.0,SAONE (QUAI DE LA),"49,4828000","0,1370800",,76.076351,76351,Seine-Maritime,28.0,Normandie,20.0,4.0,2.0,2,1.0,28,Normandie,76,2,96,LeHavre,166058,1780,167838.0,3.0,2,,14.0,0.0,1.0,1.0,A01
201900045808,14,6,2019,10:50,1,76.0,76351,2,2,1.0,6.0,DEMIDOFF (RUE),"49,4975200","0,1341000",,76.076351,76351,Seine-Maritime,28.0,Normandie,50.0,4.0,2.0,2,1.0,28,Normandie,76,2,96,LeHavre,166058,1780,167838.0,0.0,7,,0.0,1.0,3.0,15.0,A01
201900045809,15,6,2019,00:45,3,76.0,76481,2,6,1.0,7.0,RD 6382,"49,5317800","0,1032500",,76.076481,76481,Seine-Maritime,28.0,Normandie,50.0,3.0,3.0,4,1.0,28,Normandie,76,2,26,Octeville-sur-Mer,6122,119,6241.0,3.0,33,,11.0,0.0,0.0,1.0,A01
201900045810,6,6,2019,08:47,1,76.0,76351,1,1,1.0,6.0,LOUIS LUMIERE,"49,5284300","0,1336700",,76.076351,76351,Seine-Maritime,28.0,Normandie,70.0,3.0,2.0,2,1.0,28,Normandie,76,2,96,LeHavre,166058,1780,167838.0,2.0,30,,0.0,2.0,1.0,1.0,A01
201900045810,6,6,2019,08:47,1,76.0,76351,1,1,1.0,6.0,LOUIS LUMIERE,"49,5284300","0,1336700",,76.076351,76351,Seine-Maritime,28.0,Normandie,70.0,3.0,2.0,2,1.0,28,Normandie,76,2,96,LeHavre,166058,1780,167838.0,2.0,7,,0.0,2.0,8.0,1.0,B01
201900045810,6,6,2019,08:47,1,76.0,76351,1,1,1.0,6.0,LOUIS LUMIERE,"49,5284300","0,1336700",,76.076351,76351,Seine-Maritime,28.0,Normandie,70.0,3.0,2.0,2,1.0,28,Normandie,76,2,96,LeHavre,166058,1780,167838.0,1.0,7,,0.0,2.0,0.0,13.0,Z01
201900045811,1,6,2019,13:25,1,76.0,76341,2,6,1.0,2.0,BREQUE,"49,5045000","0,1962000",,76.076341,76341,Seine-Maritime,28.0,Normandie,50.0,3.0,3.0,5,1.0,28,Normandie,76,2,15,Harfleur,8315,53,8368.0,1.0,7,,0.0,2.0,4.0,1.0,B01
201900045811,1,6,2019,13:25,1,76.0,76341,2,6,1.0,2.0,BREQUE,"49,5045000","0,1962000",,76.076341,76341,Seine-Maritime,28.0,Normandie,50.0,3.0,3.0,5,1.0,28,Normandie,76,2,15,Harfleur,8315,53,8368.0,1.0,1,,0.0,2.0,1.0,1.0,A01
201900045812,30,5,2019,00:00,5,76.0,76351,2,1,1.0,6.0,PAUL BERT (AVENUE).,"49,5066986","0,1696873",,76.076351,76351,Seine-Maritime,28.0,Normandie,50.0,4.0,-1.0,2,1.0,28,Normandie,76,2,96,LeHavre,166058,1780,167838.0,0.0,7,,6.0,0.0,3.0,13.0,A01
201900045813,31,5,2019,18:10,1,76.0,76351,2,2,1.0,3.0,REPUBLIQUE (COURS DE LA),"49,4960100","0,1266600",,76.076351,76351,Seine-Maritime,28.0,Normandie,50.0,4.0,2.0,4,1.0,28,Normandie,76,2,96,LeHavre,166058,1780,167838.0,2.0,7,,0.0,2.0,5.0,15.0,A01
201900045813,31,5,2019,18:10,1,76.0,76351,2,2,1.0,3.0,REPUBLIQUE (COURS DE LA),"49,4960100","0,1266600",,76.076351,76351,Seine-Maritime,28.0,Normandie,50.0,4.0,2.0,4,1.0,28,Normandie,76,2,96,LeHavre,166058,1780,167838.0,1.0,30,,0.0,2.0,1.0,1.0,B01
201900045814,29,5,2019,13:50,1,76.0,76351,2,1,1.0,1.0,EUGENE MOPIN (RUE),"49,5190300","0,1581600",,76.076351,76351,Seine-Maritime,28.0,Normandie,50.0,3.0,2.0,4,1.0,28,Normandie,76,2,96,LeHavre,166058,1780,167838.0,1.0,33,,0.0,2.0,1.0,1.0,B01
201900045814,29,5,2019,13:50,1,76.0,76351,2,1,1.0,1.0,EUGENE MOPIN (RUE),"49,5190300","0,1581600",,76.076351,76351,Seine-Maritime,28.0,Normandie,50.0,3.0,2.0,4,1.0,28,Normandie,76,2,96,LeHavre,166058,1780,167838.0,2.0,7,,0.0,2.0,1.0,15.0,A01
201900045815,30,5,2019,21:35,2,76.0,76351,2,2,1.0,2.0,GUSTAVE BRINDEAU (RUE),"49,4925700","0,1395000",,76.076351,76351,Seine-Maritime,28.0,Normandie,50.0,4.0,2.0,2,1.0,28,Normandie,76,2,96,LeHavre,166058,1780,167838.0,3.0,7,,0.0,2.0,5.0,1.0,A01
201900045815,30,5,2019,21:35,2,76.0,76351,2,2,1.0,2.0,GUSTAVE BRINDEAU (RUE),"49,4925700","0,1395000",,76.076351,76351,Seine-Maritime,28.0,Normandie,50.0,4.0,2.0,2,1.0,28,Normandie,76,2,96,LeHavre,166058,1780,167838.0,0.0,7,,0.0,2.0,1.0,1.0,B01
201900045816,28,5,2019,16:40,1,76.0,76351,2,1,1.0,3.0,BOIS AU COQ (AVENUE),"49,5102800","0,1315600",,76.076351,76351,Seine-Maritime,28.0,Normandie,50.0,4.0,3.0,2,1.0,28,Normandie,76,2,96,LeHavre,166058,1780,167838.0,0.0,2,,0.0,2.0,8.0,13.0,B01
201900045816,28,5,2019,16:40,1,76.0,76351,2,1,1.0,3.0,BOIS AU COQ (AVENUE),"49,5102800","0,1315600",,76.076351,76351,Seine-Maritime,28.0,Normandie,50.0,4.0,3.0,2,1.0,28,Normandie,76,2,96,LeHavre,166058,1780,167838.0,0.0,7,,0.0,2.0,2.0,13.0,A01
201900045817,4,6,2019,18:39,1,76.0,76565,1,3,8.0,2.0,RD 915,"49,8827300","1,0902600",,76.076565,76565,Seine-Maritime,28.0,Normandie,80.0,3.0,2.0,2,2.0,28,Normandie,76,1,7,Saint-Aubin-sur-Scie,1202,101,1303.0,2.0,7,,0.0,2.0,5.0,15.0,B01
201900045817,4,6,2019,18:39,1,76.0,76565,1,3,8.0,2.0,RD 915,"49,8827300","1,0902600",,76.076565,76565,Seine-Maritime,28.0,Normandie,80.0,3.0,2.0,2,2.0,28,Normandie,76,1,7,Saint-Aubin-sur-Scie,1202,101,1303.0,2.0,7,,0.0,2.0,3.0,1.0,A01
201900045993,22,2,2019,12:20,1,76.0,76540,2,2,1.0,3.0,EUROPE. BOULEVARD DE L',"49,4272000","1,0836200",,76.076540,76540,Seine-Maritime,28.0,Normandie,50.0,4.0,3.0,3,1.0,28,Normandie,76,3,97,Rouen,114083,1556,115639.0,0.0,33,,0.0,2.0,1.0,1.0,A01
201900045993,22,2,2019,12:20,1,76.0,76540,2,2,1.0,3.0,EUROPE. BOULEVARD DE L',"49,4272000","1,0836200",,76.076540,76540,Seine-Maritime,28.0,Normandie,50.0,4.0,3.0,3,1.0,28,Normandie,76,3,97,Rouen,114083,1556,115639.0,0.0,7,,0.0,2.0,1.0,15.0,B01
201900046239,10,1,2019,00:35,5,76.0,76540,2,1,1.0,6.0,GRAND COURS. AVENUE DU,"49,4276700","1,1029900",,76.076540,76540,Seine-Maritime,28.0,Normandie,70.0,3.0,3.0,5,2.0,28,Normandie,76,3,97,Rouen,114083,1556,115639.0,1.0,7,,2.0,0.0,3.0,26.0,A01
201900046240,8,1,2019,00:50,5,76.0,76540,2,1,2.0,6.0,LA FAYETTE. RUE,"49,4329500","1,0900900",,76.076540,76540,Seine-Maritime,28.0,Normandie,50.0,4.0,2.0,2,2.0,28,Normandie,76,3,97,Rouen,114083,1556,115639.0,0.0,2,,1.0,0.0,2.0,14.0,A01
201900046241,10,1,2019,13:00,1,76.0,76351,2,2,1.0,3.0,ALEMBERT,"49,5122100","0,1103100",,76.076351,76351,Seine-Maritime,28.0,Normandie,50.0,4.0,2.0,2,1.0,28,Normandie,76,2,96,LeHavre,166058,1780,167838.0,0.0,31,,0.0,2.0,1.0,1.0,B01
201900046241,10,1,2019,13:00,1,76.0,76351,2,2,1.0,3.0,ALEMBERT,"49,5122100","0,1103100",,76.076351,76351,Seine-Maritime,28.0,Normandie,50.0,4.0,2.0,2,1.0,28,Normandie,76,2,96,LeHavre,166058,1780,167838.0,0.0,7,,0.0,2.0,2.0,19.0,A01
201900046242,8,1,2019,20:15,5,76.0,76351,2,1,1.0,4.0,APLEMONT (AVENUE D'),"49,5030000","0,1813000",,76.076351,76351,Seine-Maritime,28.0,Normandie,50.0,4.0,2.0,2,1.0,28,Normandie,76,2,96,LeHavre,166058,1780,167838.0,1.0,7,,0.0,2.0,4.0,1.0,C01
201900046242,8,1,2019,20:15,5,76.0,76351,2,1,1.0,4.0,APLEMONT (AVENUE D'),"49,5030000","0,1813000",,76.076351,76351,Seine-Maritime,28.0,Normandie,50.0,4.0,2.0,2,1.0,28,Normandie,76,2,96,LeHavre,166058,1780,167838.0,1.0,7,,0.0,2.0,1.0,1.0,B01
201900046242,8,1,2019,20:15,5,76.0,76351,2,1,1.0,4.0,APLEMONT (AVENUE D'),"49,5030000","0,1813000",,76.076351,76351,Seine-Maritime,28.0,Normandie,50.0,4.0,2.0,2,1.0,28,Normandie,76,2,96,LeHavre,166058,1780,167838.0,1.0,7,,0.0,2.0,1.0,1.0,A01
201900046243,8,1,2019,18:30,1,76.0,76351,2,1,1.0,6.0,CLEMENT MARICAL,"49,5010900","0,0960500",,76.076351,76351,Seine-Maritime,28.0,Normandie,50.0,4.0,1.0,1,1.0,28,Normandie,76,2,96,LeHavre,166058,1780,167838.0,0.0,7,,0.0,1.0,1.0,16.0,A01
201900046244,8,1,2019,08:45,1,76.0,76324,1,1,1.0,2.0,RD 925,"49,9304300","1,1377400",,76.076324,76324,Seine-Maritime,28.0,Normandie,80.0,3.0,2.0,2,1.0,28,Normandie,76,1,8,Grèges,841,15,856.0,2.0,10,,0.0,2.0,1.0,1.0,A01
201900046244,8,1,2019,08:45,1,76.0,76324,1,1,1.0,2.0,RD 925,"49,9304300","1,1377400",,76.076324,76324,Seine-Maritime,28.0,Normandie,80.0,3.0,2.0,2,1.0,28,Normandie,76,1,8,Grèges,841,15,856.0,2.0,7,,0.0,2.0,4.0,1.0,B01
201900046448,26,9,2019,16:00,1,76.0,76402,2,1,1.0,6.0,MARTYRS DE LA RESISTANCE. RUE DES,"49,5267700","1,0404600",,76.076402,76402,Seine-Maritime,28.0,Normandie,30.0,4.0,1.0,1,1.0,28,Normandie,76,3,24,Malaunay,6143,49,6192.0,0.0,7,,0.0,1.0,1.0,1.0,A01
201900046662,26,8,2019,19:15,1,76.0,76317,1,2,1.0,3.0,Route du Fond de Grainville,"49,6511080","0,4017740",,76.076317,76317,Seine-Maritime,28.0,Normandie,80.0,3.0,2.0,2,1.0,28,Normandie,76,2,32,Grainville-YmauvilLe426,12,438,,2.0,1,,0.0,2.0,1.0,19.0,B01
201900046662,26,8,2019,19:15,1,76.0,76317,1,2,1.0,3.0,Route du Fond de Grainville,"49,6511080","0,4017740",,76.076317,76317,Seine-Maritime,28.0,Normandie,80.0,3.0,2.0,2,1.0,28,Normandie,76,2,32,Grainville-YmauvilLe426,12,438,,1.0,7,,0.0,2.0,2.0,1.0,A01
201900046663,26,8,2019,06:15,2,76.0,76419,2,1,5.0,6.0,D64,"49,4004860","0,9206040",,76.076419,76419,Seine-Maritime,28.0,Normandie,80.0,3.0,2.0,2,1.0,28,Normandie,76,3,1,Mauny,155,6,161.0,0.0,7,,8.0,0.0,1.0,1.0,A01
201900046733,20,8,2019,20:27,2,76.0,76351,2,2,1.0,3.0,VAUBAN,"49,4898200","0,1193900",,76.076351,76351,Seine-Maritime,28.0,Normandie,50.0,4.0,2.0,4,1.0,28,Normandie,76,2,96,LeHavre,166058,1780,167838.0,3.0,7,,0.0,2.0,1.0,1.0,A01
201900046733,20,8,2019,20:27,2,76.0,76351,2,2,1.0,3.0,VAUBAN,"49,4898200","0,1193900",,76.076351,76351,Seine-Maritime,28.0,Normandie,50.0,4.0,2.0,4,1.0,28,Normandie,76,2,96,LeHavre,166058,1780,167838.0,3.0,7,,0.0,2.0,3.0,1.0,B01
201900046786,11,3,2019,04:30,3,76.0,76654,2,2,1.0,7.0,Rue François Prevel,"49,6921360","1,0073107",,76.076654,76654,Seine-Maritime,28.0,Normandie,30.0,3.0,2.0,2,1.0,28,Normandie,76,1,20,Saint-Vaast-du-Val,465,10,475.0,2.0,2,,0.0,0.0,0.0,15.0,A01
201900046812,31,3,2019,12:50,1,76.0,76484,1,1,1.0,3.0,A139 PK 001+000,"49,3444830","1,0451200",,76.076484,76484,Seine-Maritime,28.0,Normandie,110.0,1.0,1.0,2,1.0,28,Normandie,76,3,31,Oissel,12367,83,12450.0,1.0,33,,0.0,0.0,2.0,1.0,B01
201900046812,31,3,2019,12:50,1,76.0,76484,1,1,1.0,3.0,A139 PK 001+000,"49,3444830","1,0451200",,76.076484,76484,Seine-Maritime,28.0,Normandie,110.0,1.0,1.0,2,1.0,28,Normandie,76,3,31,Oissel,12367,83,12450.0,1.0,7,,0.0,2.0,3.0,13.0,A01
201900046859,29,3,2019,23:00,5,76.0,76351,2,2,1.0,3.0,FRANCOIS 1ER (BD),"49,4871780","0,1033660",,76.076351,76351,Seine-Maritime,28.0,Normandie,50.0,4.0,3.0,6,1.0,28,Normandie,76,2,96,LeHavre,166058,1780,167838.0,1.0,10,,0.0,2.0,1.0,1.0,B01
201900046859,29,3,2019,23:00,5,76.0,76351,2,2,1.0,3.0,FRANCOIS 1ER (BD),"49,4871780","0,1033660",,76.076351,76351,Seine-Maritime,28.0,Normandie,50.0,4.0,3.0,6,1.0,28,Normandie,76,2,96,LeHavre,166058,1780,167838.0,1.0,33,,0.0,2.0,2.0,15.0,A01
201900046860,31,3,2019,19:20,1,76.0,76351,2,1,1.0,6.0,HUIT MAI 1945 (AVENUE DU),"49,5160400","0,1698400",,76.076351,76351,Seine-Maritime,28.0,Normandie,50.0,4.0,3.0,2,1.0,28,Normandie,76,2,96,LeHavre,166058,1780,167838.0,2.0,7,,0.0,1.0,1.0,1.0,A01
201900046861,31,3,2019,06:25,3,76.0,76349,1,1,1.0,6.0,FALAISES (ROUTE DES),"49,9171000","1,0385500",,76.076349,76349,Seine-Maritime,28.0,Normandie,70.0,3.0,2.0,2,1.0,28,Normandie,76,1,7,Hautot-sur-Mer,1887,46,1933.0,1.0,7,,0.0,1.0,2.0,14.0,Z01
201900046947,18,7,2019,09:24,1,76.0,76495,1,3,1.0,3.0,Route d'Émanville,"49,5974110","0,9536670",,76.076495,76495,Seine-Maritime,28.0,Normandie,70.0,3.0,2.0,2,1.0,28,Normandie,76,3,24,Pavilly,6121,53,6174.0,1.0,10,,0.0,2.0,6.0,15.0,B01
201900046947,18,7,2019,09:24,1,76.0,76495,1,3,1.0,3.0,Route d'Émanville,"49,5974110","0,9536670",,76.076495,76495,Seine-Maritime,28.0,Normandie,70.0,3.0,2.0,2,1.0,28,Normandie,76,3,24,Pavilly,6121,53,6174.0,1.0,33,,13.0,2.0,3.0,1.0,A01
201900046984,15,7,2019,21:40,1,76.0,76157,1,1,1.0,1.0,CANTELEU. COTE DE (CD 982),"49,4414200","1,0329100",,76.076157,76157,Seine-Maritime,28.0,Normandie,50.0,3.0,2.0,3,1.0,28,Normandie,76,3,4,Canteleu,13966,360,14326.0,0.0,7,,0.0,2.0,8.0,1.0,B01
201900046984,15,7,2019,21:40,1,76.0,76157,1,1,1.0,1.0,CANTELEU. COTE DE (CD 982),"49,4414200","1,0329100",,76.076157,76157,Seine-Maritime,28.0,Normandie,50.0,3.0,2.0,3,1.0,28,Normandie,76,3,4,Canteleu,13966,360,14326.0,0.0,33,,0.0,2.0,3.0,13.0,A01
201900046985,15,7,2019,18:20,1,76.0,76296,2,2,1.0,3.0,CHATAIGNIERS(COTE DES),"49,5235000","0,2610000",,76.076296,76296,Seine-Maritime,28.0,Normandie,50.0,3.0,2.0,2,1.0,28,Normandie,76,2,16,GainnevilLe2511,39,2550,,0.0,7,,0.0,2.0,1.0,1.0,A01
201900046985,15,7,2019,18:20,1,76.0,76296,2,2,1.0,3.0,CHATAIGNIERS(COTE DES),"49,5235000","0,2610000",,76.076296,76296,Seine-Maritime,28.0,Normandie,50.0,3.0,2.0,2,1.0,28,Normandie,76,2,16,GainnevilLe2511,39,2550,,0.0,33,,0.0,2.0,1.0,1.0,B01
201900046986,14,7,2019,13:50,1,76.0,76351,2,3,1.0,4.0,SOCRATE,"49,5143500","0,1573900",,76.076351,76351,Seine-Maritime,28.0,Normandie,50.0,4.0,2.0,2,1.0,28,Normandie,76,2,96,LeHavre,166058,1780,167838.0,0.0,7,,0.0,2.0,4.0,23.0,B01
201900046986,14,7,2019,13:50,1,76.0,76351,2,3,1.0,4.0,SOCRATE,"49,5143500","0,1573900",,76.076351,76351,Seine-Maritime,28.0,Normandie,50.0,4.0,2.0,2,1.0,28,Normandie,76,2,96,LeHavre,166058,1780,167838.0,0.0,7,,0.0,2.0,1.0,1.0,A01
201900046986,14,7,2019,13:50,1,76.0,76351,2,3,1.0,4.0,SOCRATE,"49,5143500","0,1573900",,76.076351,76351,Seine-Maritime,28.0,Normandie,50.0,4.0,2.0,2,1.0,28,Normandie,76,2,96,LeHavre,166058,1780,167838.0,0.0,7,,0.0,2.0,3.0,23.0,C01
201900047077,11,7,2019,02:00,3,76.0,76609,1,1,1.0,7.0,D940,"49,6554700","0,1944930",,76.076609,76609,Seine-Maritime,28.0,Normandie,80.0,3.0,2.0,2,1.0,28,Normandie,76,2,26,Sainte-Marie-au-Bosc,363,11,374.0,2.0,7,,0.0,0.0,1.0,14.0,A01
201900047123,7,12,2019,01:15,3,76.0,76224,1,1,1.0,6.0,Les Partages,"49,6450970","0,2959870",,76.076224,76224,Seine-Maritime,28.0,Normandie,70.0,3.0,2.0,2,2.0,28,Normandie,76,2,32,ÉcrainvilLe969,19,988,,1.0,7,,2.0,0.0,8.0,13.0,A01
201900047127,9,12,2019,13:40,1,76.0,76255,2,1,1.0,6.0,120 Chaussee de Picardie,"50,0541450","1,4226350",,76.076255,76255,Seine-Maritime,28.0,Normandie,50.0,3.0,2.0,2,1.0,28,Normandie,76,1,10,Eu,6591,197,6788.0,1.0,10,,0.0,1.0,1.0,1.0,A01
201900047335,30,5,2019,05:10,3,76.0,76288,1,1,1.0,6.0,Rue des Essarts,"49,8099639","1,2558532",,76.076288,76288,Seine-Maritime,28.0,Normandie,50.0,3.0,-1.0,2,1.0,28,Normandie,76,1,8,FreullevilLe370,6,376,,1.0,2,,2.0,0.0,1.0,17.0,A01
201900047336,9,5,2019,12:40,1,76.0,76624,2,9,2.0,7.0,Rue robert lefranc,"49,8771170","1,2310470",,76.076624,76624,Seine-Maritime,28.0,Normandie,50.0,3.0,2.0,2,2.0,28,Normandie,76,1,8,Saint-Nicolas-d'Aliermont,3764,59,3823.0,0.0,2,,0.0,0.0,0.0,25.0,A01
201900047820,22,2,2019,00:15,4,76.0,76286,2,1,5.0,6.0,Route de Londinières,"49,8875940","1,4281350",,76.076286,76286,Seine-Maritime,28.0,Normandie,50.0,3.0,2.0,2,1.0,28,Normandie,76,1,23,Fresnoy-Folny,672,8,680.0,0.0,33,,12.0,0.0,2.0,0.0,A01
201900047855,5,11,2019,07:15,2,76.0,76012,1,1,1.0,1.0,RD11,"49,6678320","0,4583370",,76.076012,76012,Seine-Maritime,28.0,Normandie,80.0,3.0,2.0,2,2.0,28,Normandie,76,2,32,Angerville-Bailleul,183,3,186.0,1.0,10,,0.0,2.0,3.0,1.0,B01
201900047855,5,11,2019,07:15,2,76.0,76012,1,1,1.0,1.0,RD11,"49,6678320","0,4583370",,76.076012,76012,Seine-Maritime,28.0,Normandie,80.0,3.0,2.0,2,2.0,28,Normandie,76,2,32,Angerville-Bailleul,183,3,186.0,2.0,2,,0.0,2.0,3.0,5.0,A01
201900048220,28,9,2019,13:00,1,76.0,76744,1,3,8.0,3.0,La Basse Belloye,"49,8346850","1,5449560",,76.076744,76744,Seine-Maritime,28.0,Normandie,80.0,3.0,2.0,2,1.0,28,Normandie,76,1,10,Villers-sous-Foucarmont,185,3,188.0,3.0,7,,0.0,2.0,8.0,9.0,B01
201900048220,28,9,2019,13:00,1,76.0,76744,1,3,8.0,3.0,La Basse Belloye,"49,8346850","1,5449560",,76.076744,76744,Seine-Maritime,28.0,Normandie,80.0,3.0,2.0,2,1.0,28,Normandie,76,1,10,Villers-sous-Foucarmont,185,3,188.0,1.0,7,,0.0,2.0,1.0,1.0,A01
201900048428,23,8,2019,01:10,5,76.0,76540,2,2,1.0,2.0,BRETAGNE. AVENUE DE,"49,4330859","1,0852094",,76.076540,76540,Seine-Maritime,28.0,Normandie,50.0,3.0,3.0,5,1.0,28,Normandie,76,3,97,Rouen,114083,1556,115639.0,1.0,2,,0.0,2.0,4.0,23.0,A01
201900048428,23,8,2019,01:10,5,76.0,76540,2,2,1.0,2.0,BRETAGNE. AVENUE DE,"49,4330859","1,0852094",,76.076540,76540,Seine-Maritime,28.0,Normandie,50.0,3.0,3.0,5,1.0,28,Normandie,76,3,97,Rouen,114083,1556,115639.0,1.0,7,,0.0,2.0,0.0,2.0,Z01