Num_Acc,jour,mois,an,hrmn,lum,dep,com,agg,int,atm,col,adr,lat,long,gps,com_insee_temp,com_insee,departmentName,regionCode,regionName,vma,catr,circ,nbv,surf,Code,Region,Departement,Arrondissement,Code_Canton,Nom_Commune,Population_municipaLe,Population_comptee_a_part,Population_Totale,senc,catv,occutc,obs,obsm,choc,manv,num_veh
201900048429,21,8,2019,01:00,5,76.0,76351,2,2,1.0,6.0,AUGUSTE BLANQUI,"49,5022300","0,1610100",,76.076351,76351,Seine-Maritime,28.0,Normandie,50.0,4.0,2.0,2,1.0,28,Normandie,76,2,96,LeHavre,166058,1780,167838.0,2.0,7,,6.0,0.0,0.0,0.0,A01
201900048634,15,7,2019,16:25,1,76.0,76351,2,3,1.0,6.0,HOTEL DE VILLE (PLACE DE),"49,4923700","0,1069500",,76.076351,76351,Seine-Maritime,28.0,Normandie,50.0,4.0,1.0,2,1.0,28,Normandie,76,2,96,LeHavre,166058,1780,167838.0,0.0,7,,0.0,1.0,7.0,1.0,A01
201900048635,13,7,2019,12:25,1,76.0,76351,2,3,1.0,3.0,GERANIUMS (DES),"49,5054000","0,1691000",,76.076351,76351,Seine-Maritime,28.0,Normandie,50.0,4.0,2.0,2,1.0,28,Normandie,76,2,96,LeHavre,166058,1780,167838.0,0.0,7,,0.0,2.0,2.0,1.0,A01
201900048635,13,7,2019,12:25,1,76.0,76351,2,3,1.0,3.0,GERANIUMS (DES),"49,5054000","0,1691000",,76.076351,76351,Seine-Maritime,28.0,Normandie,50.0,4.0,2.0,2,1.0,28,Normandie,76,2,96,LeHavre,166058,1780,167838.0,0.0,7,,0.0,2.0,3.0,15.0,B01
201900048636,12,7,2019,16:34,1,76.0,76351,2,1,1.0,7.0,RENE COTY,"49,4975700","0,1136700",,76.076351,76351,Seine-Maritime,28.0,Normandie,30.0,4.0,2.0,2,1.0,28,Normandie,76,2,96,LeHavre,166058,1780,167838.0,0.0,31,,0.0,0.0,7.0,21.0,A01
201900048760,30,3,2019,12:10,1,76.0,76192,1,1,1.0,1.0,D 925,"50,0157800","1,3160240",,76.076192,76192,Seine-Maritime,28.0,Normandie,80.0,3.0,2.0,2,1.0,28,Normandie,76,1,10,Criel-sur-Mer,2596,54,2650.0,2.0,10,,0.0,2.0,3.0,13.0,A01
201900048760,30,3,2019,12:10,1,76.0,76192,1,1,1.0,1.0,D 925,"50,0157800","1,3160240",,76.076192,76192,Seine-Maritime,28.0,Normandie,80.0,3.0,2.0,2,1.0,28,Normandie,76,1,10,Criel-sur-Mer,2596,54,2650.0,1.0,10,,0.0,2.0,3.0,1.0,B01
201900048934,30,3,2019,10:45,1,76.0,76565,1,1,1.0,2.0,RD 915,"49,8931200","1,0798200",,76.076565,76565,Seine-Maritime,28.0,Normandie,80.0,3.0,2.0,2,1.0,28,Normandie,76,1,7,Saint-Aubin-sur-Scie,1202,101,1303.0,1.0,7,,0.0,2.0,1.0,2.0,A01
201900048934,30,3,2019,10:45,1,76.0,76565,1,1,1.0,2.0,RD 915,"49,8931200","1,0798200",,76.076565,76565,Seine-Maritime,28.0,Normandie,80.0,3.0,2.0,2,1.0,28,Normandie,76,1,7,Saint-Aubin-sur-Scie,1202,101,1303.0,1.0,7,,0.0,2.0,4.0,2.0,B01
201900049012,25,5,2019,02:45,3,76.0,76686,1,2,1.0,3.0,VC1 - VC 202,"49,7545240","0,5385120",,76.076686,76686,Seine-Maritime,28.0,Normandie,80.0,4.0,2.0,2,1.0,28,Normandie,76,2,11,Theuville-aux-Maillots,530,8,538.0,3.0,7,,7.0,0.0,8.0,1.0,B01
201900049012,25,5,2019,02:45,3,76.0,76686,1,2,1.0,3.0,VC1 - VC 202,"49,7545240","0,5385120",,76.076686,76686,Seine-Maritime,28.0,Normandie,80.0,4.0,2.0,2,1.0,28,Normandie,76,2,11,Theuville-aux-Maillots,530,8,538.0,3.0,7,,0.0,2.0,1.0,19.0,A01
201900049013,5,5,2019,09:30,1,76.0,76015,2,9,1.0,6.0,Rue d'Iclon,"49,8304580","0,7941340",,76.076015,76015,Seine-Maritime,28.0,Normandie,70.0,3.0,2.0,2,1.0,28,Normandie,76,1,33,Angiens,516,9,525.0,1.0,1,,0.0,9.0,1.0,1.0,B01
201900049013,5,5,2019,09:30,1,76.0,76015,2,9,1.0,6.0,Rue d'Iclon,"49,8304580","0,7941340",,76.076015,76015,Seine-Maritime,28.0,Normandie,70.0,3.0,2.0,2,1.0,28,Normandie,76,1,33,Angiens,516,9,525.0,1.0,1,,0.0,0.0,0.0,26.0,A01
201900049014,4,5,2019,18:10,1,76.0,76219,2,2,1.0,3.0,rue de bad nenndorf,"49,7209146","0,7766152",,76.076219,76219,Seine-Maritime,28.0,Normandie,50.0,3.0,2.0,2,2.0,28,Normandie,76,3,35,DoudevilLe2460,51,2511,,2.0,10,,0.0,2.0,2.0,1.0,A01
201900049014,4,5,2019,18:10,1,76.0,76219,2,2,1.0,3.0,rue de bad nenndorf,"49,7209146","0,7766152",,76.076219,76219,Seine-Maritime,28.0,Normandie,50.0,3.0,2.0,2,2.0,28,Normandie,76,3,35,DoudevilLe2460,51,2511,,1.0,2,,0.0,2.0,1.0,1.0,B01
201900049015,1,5,2019,19:50,2,76.0,76750,1,1,1.0,6.0,D982,"49,4599890","0,8345770",,76.076750,76750,Seine-Maritime,28.0,Normandie,80.0,3.0,2.0,2,1.0,28,Normandie,76,3,1,YainvilLe1037,13,1050,,1.0,7,,13.0,0.0,1.0,0.0,A01
201900049016,28,5,2019,16:25,1,76.0,76258,1,1,1.0,1.0,Route de la Chaussée Romaine (Sainte-Marguerite-sur-Fauville),"49,6710030","0,5945470",,76.076258,76258,Seine-Maritime,28.0,Normandie,80.0,3.0,2.0,2,1.0,28,Normandie,76,2,33,Terres-de-Caux,4208,112,4320.0,1.0,2,,0.0,2.0,3.0,1.0,B01
201900049016,28,5,2019,16:25,1,76.0,76258,1,1,1.0,1.0,Route de la Chaussée Romaine (Sainte-Marguerite-sur-Fauville),"49,6710030","0,5945470",,76.076258,76258,Seine-Maritime,28.0,Normandie,80.0,3.0,2.0,2,1.0,28,Normandie,76,2,33,Terres-de-Caux,4208,112,4320.0,2.0,7,,0.0,2.0,3.0,17.0,A01
201900049017,24,5,2019,17:18,1,76.0,76126,2,1,1.0,1.0,D118 - route du village,"49,6617315","1,3467251",,76.076126,76126,Seine-Maritime,28.0,Normandie,50.0,3.0,2.0,2,1.0,28,Normandie,76,1,23,Bosc-Mesnil,325,5,330.0,1.0,21,,0.0,2.0,1.0,1.0,B01
201900049017,24,5,2019,17:18,1,76.0,76126,2,1,1.0,1.0,D118 - route du village,"49,6617315","1,3467251",,76.076126,76126,Seine-Maritime,28.0,Normandie,50.0,3.0,2.0,2,1.0,28,Normandie,76,1,23,Bosc-Mesnil,325,5,330.0,2.0,3,,0.0,2.0,1.0,13.0,A01
201900049018,11,5,2019,19:00,1,76.0,76197,1,3,1.0,1.0,CD 149,"49,7793246","1,0780738",,76.076197,76197,Seine-Maritime,28.0,Normandie,70.0,3.0,2.0,2,1.0,28,Normandie,76,1,20,Criquetot-sur-LonguevilLe217,2,219,,1.0,33,,0.0,2.0,1.0,1.0,B01
201900049018,11,5,2019,19:00,1,76.0,76197,1,3,1.0,1.0,CD 149,"49,7793246","1,0780738",,76.076197,76197,Seine-Maritime,28.0,Normandie,70.0,3.0,2.0,2,1.0,28,Normandie,76,1,20,Criquetot-sur-LonguevilLe217,2,219,,1.0,7,,0.0,2.0,3.0,15.0,A01
201900049190,5,12,2019,07:15,2,76.0,76410,1,1,1.0,4.0,A150,"49,4720470","1,0299683",,76.076410,76410,Seine-Maritime,28.0,Normandie,90.0,1.0,3.0,4,1.0,28,Normandie,76,3,4,Maromme,11024,122,11146.0,1.0,33,,0.0,2.0,1.0,1.0,A01
201900049190,5,12,2019,07:15,2,76.0,76410,1,1,1.0,4.0,A150,"49,4720470","1,0299683",,76.076410,76410,Seine-Maritime,28.0,Normandie,90.0,1.0,3.0,4,1.0,28,Normandie,76,3,4,Maromme,11024,122,11146.0,1.0,7,,0.0,2.0,4.0,2.0,B01
201900049190,5,12,2019,07:15,2,76.0,76410,1,1,1.0,4.0,A150,"49,4720470","1,0299683",,76.076410,76410,Seine-Maritime,28.0,Normandie,90.0,1.0,3.0,4,1.0,28,Normandie,76,3,4,Maromme,11024,122,11146.0,1.0,15,,0.0,2.0,0.0,0.0,C01
201900049190,5,12,2019,07:15,2,76.0,76410,1,1,1.0,4.0,A150,"49,4720470","1,0299683",,76.076410,76410,Seine-Maritime,28.0,Normandie,90.0,1.0,3.0,4,1.0,28,Normandie,76,3,4,Maromme,11024,122,11146.0,1.0,10,,0.0,2.0,0.0,1.0,D01
201900049191,5,12,2019,18:34,3,76.0,76319,1,1,1.0,6.0,RN 138,"49,3414100","0,9987300",,76.076319,76319,Seine-Maritime,28.0,Normandie,90.0,2.0,3.0,2,1.0,28,Normandie,76,3,9,Grand-Couronne,9726,177,9903.0,3.0,33,,0.0,5.0,1.0,1.0,A01
201900049192,4,12,2019,12:45,1,76.0,76540,2,1,1.0,6.0,BELGES. BOULEVARD DES,"49,4457300","1,0863800",,76.076540,76540,Seine-Maritime,28.0,Normandie,50.0,3.0,2.0,0,1.0,28,Normandie,76,3,97,Rouen,114083,1556,115639.0,1.0,7,,0.0,1.0,3.0,1.0,A01
201900049193,5,12,2019,09:00,1,76.0,76575,2,3,1.0,2.0,CROIZAT. AVENUE AMBROISE,"49,3728100","1,1030000",,76.076575,76575,Seine-Maritime,28.0,Normandie,50.0,4.0,2.0,2,1.0,28,Normandie,76,3,98,Saint-Étienne-du-Rouvray,28508,225,28733.0,0.0,7,,0.0,2.0,7.0,13.0,A01
201900049193,5,12,2019,09:00,1,76.0,76575,2,3,1.0,2.0,CROIZAT. AVENUE AMBROISE,"49,3728100","1,1030000",,76.076575,76575,Seine-Maritime,28.0,Normandie,50.0,4.0,2.0,2,1.0,28,Normandie,76,3,98,Saint-Étienne-du-Rouvray,28508,225,28733.0,0.0,33,,0.0,2.0,6.0,24.0,B01
201900049194,4,12,2019,07:40,2,76.0,76498,2,1,1.0,6.0,11 NOVEMBRE. BOULEVARD DU,"49,4171600","1,0701400",,76.076498,76498,Seine-Maritime,28.0,Normandie,50.0,3.0,2.0,4,1.0,28,Normandie,76,3,27,LePetit-Quevilly,21782,274,22056.0,2.0,7,,9.0,2.0,9.0,14.0,A01
201900049194,4,12,2019,07:40,2,76.0,76498,2,1,1.0,6.0,11 NOVEMBRE. BOULEVARD DU,"49,4171600","1,0701400",,76.076498,76498,Seine-Maritime,28.0,Normandie,50.0,3.0,2.0,4,1.0,28,Normandie,76,3,27,LePetit-Quevilly,21782,274,22056.0,2.0,7,,0.0,2.0,6.0,23.0,B01
201900049195,5,12,2019,15:50,1,76.0,76447,1,1,1.0,1.0,RD 31,"49,5484016","0,2173755",,76.076447,76447,Seine-Maritime,28.0,Normandie,80.0,3.0,2.0,0,1.0,28,Normandie,76,2,15,Montivilliers,15457,203,15660.0,2.0,7,,0.0,2.0,2.0,1.0,B01
201900049195,5,12,2019,15:50,1,76.0,76447,1,1,1.0,1.0,RD 31,"49,5484016","0,2173755",,76.076447,76447,Seine-Maritime,28.0,Normandie,80.0,3.0,2.0,0,1.0,28,Normandie,76,2,15,Montivilliers,15457,203,15660.0,1.0,7,,0.0,2.0,3.0,13.0,A01
201900049556,21,2,2019,20:00,3,76.0,76360,1,1,5.0,6.0,"N27, pk 029+300, sens DIEPPE - ROUEN","49,7346900","1,0992670",,76.076360,76360,Seine-Maritime,28.0,Normandie,110.0,2.0,3.0,4,1.0,28,Normandie,76,1,20,Heugleville-sur-Scie,648,9,657.0,2.0,7,,14.0,6.0,1.0,1.0,A01
201900049557,21,2,2019,20:00,3,76.0,76360,1,1,5.0,6.0,"N27, pk 029+400, sens ROUEN / DIEPPE","49,7366847","1,0675514",,76.076360,76360,Seine-Maritime,28.0,Normandie,110.0,2.0,3.0,4,1.0,28,Normandie,76,1,20,Heugleville-sur-Scie,648,9,657.0,1.0,7,,14.0,0.0,1.0,1.0,A01
201900049731,28,10,2019,13:15,1,76.0,76540,2,5,1.0,1.0,DUPUIS. RUE ALBERT,"49,4608800","1,1308800",,76.076540,76540,Seine-Maritime,28.0,Normandie,50.0,4.0,3.0,4,1.0,28,Normandie,76,3,97,Rouen,114083,1556,115639.0,0.0,7,,0.0,2.0,3.0,15.0,A01
201900049731,28,10,2019,13:15,1,76.0,76540,2,5,1.0,1.0,DUPUIS. RUE ALBERT,"49,4608800","1,1308800",,76.076540,76540,Seine-Maritime,28.0,Normandie,50.0,4.0,3.0,4,1.0,28,Normandie,76,3,97,Rouen,114083,1556,115639.0,0.0,7,,0.0,2.0,3.0,1.0,B01
201900049912,11,1,2019,18:10,5,76.0,76141,2,2,1.0,7.0,ROUTE DÉPARTEMENTALE D910,"49,6274420","0,3977410",,76.076141,76141,Seine-Maritime,28.0,Normandie,50.0,3.0,2.0,2,2.0,28,Normandie,76,2,32,Bréauté,1365,13,1378.0,1.0,2,,0.0,0.0,0.0,1.0,A01
201900050064,27,9,2019,16:00,1,76.0,76039,2,1,1.0,5.0,Rue de l'assemblée,"49,3512840","1,1278820",,76.076039,76039,Seine-Maritime,28.0,Normandie,50.0,3.0,-1.0,2,1.0,28,Normandie,76,3,6,Les Authieux-sur-le-Port-Saint-Ouen,1230,23,1253.0,1.0,7,,0.0,2.0,1.0,1.0,B01
201900050064,27,9,2019,16:00,1,76.0,76039,2,1,1.0,5.0,Rue de l'assemblée,"49,3512840","1,1278820",,76.076039,76039,Seine-Maritime,28.0,Normandie,50.0,3.0,-1.0,2,1.0,28,Normandie,76,3,6,Les Authieux-sur-le-Port-Saint-Ouen,1230,23,1253.0,2.0,16,,0.0,2.0,8.0,2.0,C01
201900050064,27,9,2019,16:00,1,76.0,76039,2,1,1.0,5.0,Rue de l'assemblée,"49,3512840","1,1278820",,76.076039,76039,Seine-Maritime,28.0,Normandie,50.0,3.0,-1.0,2,1.0,28,Normandie,76,3,6,Les Authieux-sur-le-Port-Saint-Ouen,1230,23,1253.0,2.0,7,,0.0,2.0,1.0,17.0,A01
201900050121,24,9,2019,09:15,1,76.0,76498,1,6,2.0,3.0,ALLIES. AVENUE DES,"49,4211300","1,0516200",,76.076498,76498,Seine-Maritime,28.0,Normandie,50.0,3.0,1.0,2,2.0,28,Normandie,76,3,27,LePetit-Quevilly,21782,274,22056.0,2.0,7,,0.0,2.0,6.0,16.0,B01
201900050121,24,9,2019,09:15,1,76.0,76498,1,6,2.0,3.0,ALLIES. AVENUE DES,"49,4211300","1,0516200",,76.076498,76498,Seine-Maritime,28.0,Normandie,50.0,3.0,1.0,2,2.0,28,Normandie,76,3,27,LePetit-Quevilly,21782,274,22056.0,2.0,7,,9.0,2.0,2.0,13.0,A01
201900050306,25,8,2019,12:15,1,76.0,76196,1,1,1.0,1.0,RD 139,"49,6428070","0,2556370",,76.076196,76196,Seine-Maritime,28.0,Normandie,80.0,3.0,2.0,2,1.0,28,Normandie,76,2,26,Criquetot-l'Esneval,2567,82,2649.0,2.0,7,,0.0,2.0,2.0,1.0,B01
201900050306,25,8,2019,12:15,1,76.0,76196,1,1,1.0,1.0,RD 139,"49,6428070","0,2556370",,76.076196,76196,Seine-Maritime,28.0,Normandie,80.0,3.0,2.0,2,1.0,28,Normandie,76,2,26,Criquetot-l'Esneval,2567,82,2649.0,1.0,7,,0.0,2.0,2.0,17.0,A01
201900050664,26,3,2019,14:00,1,76.0,76351,2,2,1.0,2.0,BOIS AU COQ (AVENUE),"49,5160200","0,1209800",,76.076351,76351,Seine-Maritime,28.0,Normandie,50.0,4.0,3.0,4,1.0,28,Normandie,76,2,96,LeHavre,166058,1780,167838.0,0.0,7,,0.0,2.0,4.0,23.0,B01
201900050664,26,3,2019,14:00,1,76.0,76351,2,2,1.0,2.0,BOIS AU COQ (AVENUE),"49,5160200","0,1209800",,76.076351,76351,Seine-Maritime,28.0,Normandie,50.0,4.0,3.0,4,1.0,28,Normandie,76,2,96,LeHavre,166058,1780,167838.0,0.0,7,,0.0,2.0,1.0,1.0,A01
201900050668,29,3,2019,17:10,1,76.0,76217,2,6,1.0,4.0,AVENUE DE BREAUTE,"49,9140300","1,0922800",,76.076217,76217,Seine-Maritime,28.0,Normandie,50.0,3.0,3.0,4,1.0,28,Normandie,76,1,95,Dieppe,28358,455,28813.0,1.0,7,,0.0,2.0,1.0,1.0,B01
201900050668,29,3,2019,17:10,1,76.0,76217,2,6,1.0,4.0,AVENUE DE BREAUTE,"49,9140300","1,0922800",,76.076217,76217,Seine-Maritime,28.0,Normandie,50.0,3.0,3.0,4,1.0,28,Normandie,76,1,95,Dieppe,28358,455,28813.0,2.0,7,,0.0,2.0,4.0,2.0,D01
201900050668,29,3,2019,17:10,1,76.0,76217,2,6,1.0,4.0,AVENUE DE BREAUTE,"49,9140300","1,0922800",,76.076217,76217,Seine-Maritime,28.0,Normandie,50.0,3.0,3.0,4,1.0,28,Normandie,76,1,95,Dieppe,28358,455,28813.0,2.0,7,,0.0,2.0,1.0,2.0,A01
201900050668,29,3,2019,17:10,1,76.0,76217,2,6,1.0,4.0,AVENUE DE BREAUTE,"49,9140300","1,0922800",,76.076217,76217,Seine-Maritime,28.0,Normandie,50.0,3.0,3.0,4,1.0,28,Normandie,76,1,95,Dieppe,28358,455,28813.0,2.0,3,,0.0,2.0,4.0,1.0,C01
201900050668,29,3,2019,17:10,1,76.0,76217,2,6,1.0,4.0,AVENUE DE BREAUTE,"49,9140300","1,0922800",,76.076217,76217,Seine-Maritime,28.0,Normandie,50.0,3.0,3.0,4,1.0,28,Normandie,76,1,95,Dieppe,28358,455,28813.0,2.0,7,,0.0,2.0,4.0,2.0,E01
201900050670,24,3,2019,20:59,5,76.0,76217,2,1,1.0,1.0,CANADIENS (AVENUE DES)  RN27,"49,9083800","1,0760500",,76.076217,76217,Seine-Maritime,28.0,Normandie,50.0,2.0,3.0,4,1.0,28,Normandie,76,1,95,Dieppe,28358,455,28813.0,2.0,1,,0.0,2.0,4.0,0.0,B01
201900050670,24,3,2019,20:59,5,76.0,76217,2,1,1.0,1.0,CANADIENS (AVENUE DES)  RN27,"49,9083800","1,0760500",,76.076217,76217,Seine-Maritime,28.0,Normandie,50.0,2.0,3.0,4,1.0,28,Normandie,76,1,95,Dieppe,28358,455,28813.0,2.0,7,,0.0,2.0,1.0,0.0,A01
201900051080,2,12,2019,08:30,1,76.0,76165,2,3,1.0,6.0,MAZAGRAN. RUE,"49,2839027","1,0123730",,76.076165,76165,Seine-Maritime,28.0,Normandie,50.0,4.0,2.0,1,1.0,28,Normandie,76,3,5,Caudebec-lès-Elbeuf,10135,69,10204.0,3.0,7,,0.0,9.0,3.0,1.0,A01
201900051080,2,12,2019,08:30,1,76.0,76165,2,3,1.0,6.0,MAZAGRAN. RUE,"49,2839027","1,0123730",,76.076165,76165,Seine-Maritime,28.0,Normandie,50.0,4.0,2.0,1,1.0,28,Normandie,76,3,5,Caudebec-lès-Elbeuf,10135,69,10204.0,3.0,1,,0.0,2.0,2.0,1.0,B01
201900051081,4,12,2019,21:20,5,76.0,76351,2,3,1.0,5.0,DEMIDOFF (RUE),"49,4975000","0,1341100",,76.076351,76351,Seine-Maritime,28.0,Normandie,50.0,4.0,2.0,2,1.0,28,Normandie,76,2,96,LeHavre,166058,1780,167838.0,3.0,32,,0.0,2.0,2.0,1.0,A01
201900051081,4,12,2019,21:20,5,76.0,76351,2,3,1.0,5.0,DEMIDOFF (RUE),"49,4975000","0,1341100",,76.076351,76351,Seine-Maritime,28.0,Normandie,50.0,4.0,2.0,2,1.0,28,Normandie,76,2,96,LeHavre,166058,1780,167838.0,3.0,32,,0.0,9.0,0.0,1.0,B01
201900051081,4,12,2019,21:20,5,76.0,76351,2,3,1.0,5.0,DEMIDOFF (RUE),"49,4975000","0,1341100",,76.076351,76351,Seine-Maritime,28.0,Normandie,50.0,4.0,2.0,2,1.0,28,Normandie,76,2,96,LeHavre,166058,1780,167838.0,3.0,7,,0.0,2.0,3.0,1.0,C01
201900051082,4,12,2019,21:25,5,76.0,76305,2,3,1.0,1.0,Jacques EBERHARD (Avenue),"49,5078500","0,2317000",,76.076305,76305,Seine-Maritime,28.0,Normandie,50.0,4.0,2.0,2,1.0,28,Normandie,76,2,16,Gonfreville-l'Orcher,8961,44,9005.0,0.0,99,,0.0,2.0,1.0,1.0,A01
201900051082,4,12,2019,21:25,5,76.0,76305,2,3,1.0,1.0,Jacques EBERHARD (Avenue),"49,5078500","0,2317000",,76.076305,76305,Seine-Maritime,28.0,Normandie,50.0,4.0,2.0,2,1.0,28,Normandie,76,2,16,Gonfreville-l'Orcher,8961,44,9005.0,3.0,7,,0.0,2.0,3.0,15.0,B01
201900051334,28,1,2019,19:05,3,76.0,76575,2,1,1.0,2.0,ROUSSILLON. RUE DU,"49,3714500","1,1074600",,76.076575,76575,Seine-Maritime,28.0,Normandie,50.0,4.0,2.0,2,1.0,28,Normandie,76,3,98,Saint-Étienne-du-Rouvray,28508,225,28733.0,3.0,7,,0.0,2.0,4.0,0.0,A01
201900051334,28,1,2019,19:05,3,76.0,76575,2,1,1.0,2.0,ROUSSILLON. RUE DU,"49,3714500","1,1074600",,76.076575,76575,Seine-Maritime,28.0,Normandie,50.0,4.0,2.0,2,1.0,28,Normandie,76,3,98,Saint-Étienne-du-Rouvray,28508,225,28733.0,3.0,7,,0.0,2.0,0.0,0.0,B01
201900051432,21,2,2019,16:45,1,76.0,76471,1,1,1.0,7.0,CD 81,"49,4758160","0,6310520",,76.076471,76471,Seine-Maritime,28.0,Normandie,80.0,3.0,2.0,2,1.0,28,Normandie,76,2,25,NorvilLe995,19,1014,,0.0,36,,0.0,0.0,0.0,0.0,A01
201900051538,26,10,2019,06:45,5,76.0,76540,2,1,1.0,3.0,CAEN. AVENUE DE,"49,4299600","1,0759600",,76.076540,76540,Seine-Maritime,28.0,Normandie,50.0,3.0,1.0,2,1.0,28,Normandie,76,3,97,Rouen,114083,1556,115639.0,2.0,33,,0.0,2.0,5.0,0.0,A01
201900051538,26,10,2019,06:45,5,76.0,76540,2,1,1.0,3.0,CAEN. AVENUE DE,"49,4299600","1,0759600",,76.076540,76540,Seine-Maritime,28.0,Normandie,50.0,3.0,1.0,2,1.0,28,Normandie,76,3,97,Rouen,114083,1556,115639.0,2.0,7,,0.0,2.0,3.0,0.0,B01
201900051539,25,10,2019,17:20,1,76.0,76351,2,1,2.0,2.0,PIERRE MENDES FRANCE,"49,5157000","0,1550000",,76.076351,76351,Seine-Maritime,28.0,Normandie,50.0,3.0,2.0,2,2.0,28,Normandie,76,2,96,LeHavre,166058,1780,167838.0,1.0,2,,0.0,2.0,1.0,1.0,A01
201900051539,25,10,2019,17:20,1,76.0,76351,2,1,2.0,2.0,PIERRE MENDES FRANCE,"49,5157000","0,1550000",,76.076351,76351,Seine-Maritime,28.0,Normandie,50.0,3.0,2.0,2,2.0,28,Normandie,76,2,96,LeHavre,166058,1780,167838.0,1.0,7,,0.0,0.0,4.0,1.0,B01
201900051620,13,1,2019,17:30,4,76.0,76057,2,1,1.0,6.0,Rue des martyrs de la résistance,"49,5428620","0,9472650",,76.076057,76057,Seine-Maritime,28.0,Normandie,50.0,3.0,2.0,2,1.0,28,Normandie,76,3,1,Barentin,12154,238,12392.0,1.0,7,,0.0,1.0,1.0,1.0,A01
201900051781,6,1,2019,02:45,5,76.0,76540,2,2,1.0,3.0,EUROPE. BOULEVARD DE L',"49,4272400","1,0836300",,76.076540,76540,Seine-Maritime,28.0,Normandie,50.0,4.0,2.0,4,1.0,28,Normandie,76,3,97,Rouen,114083,1556,115639.0,0.0,37,1.0,0.0,2.0,7.0,19.0,B01
201900051781,6,1,2019,02:45,5,76.0,76540,2,2,1.0,3.0,EUROPE. BOULEVARD DE L',"49,4272400","1,0836300",,76.076540,76540,Seine-Maritime,28.0,Normandie,50.0,4.0,2.0,4,1.0,28,Normandie,76,3,97,Rouen,114083,1556,115639.0,0.0,7,,0.0,2.0,1.0,19.0,A01
201900051782,4,1,2019,11:00,1,76.0,76351,2,1,1.0,6.0,THEOPHILE GAUTIER,"49,5169100","0,0935100",,76.076351,76351,Seine-Maritime,28.0,Normandie,50.0,4.0,2.0,2,1.0,28,Normandie,76,2,96,LeHavre,166058,1780,167838.0,0.0,7,,0.0,1.0,1.0,1.0,A01
201900051963,21,9,2019,19:15,1,76.0,76351,2,1,1.0,7.0,SAINT QUENTIN (DE),"49,5153200","0,1134700",,76.076351,76351,Seine-Maritime,28.0,Normandie,30.0,4.0,2.0,2,1.0,28,Normandie,76,2,96,LeHavre,166058,1780,167838.0,3.0,30,,0.0,0.0,0.0,1.0,A01
201900051964,21,9,2019,16:20,1,76.0,76351,2,2,1.0,3.0,ARISTIDE BRIAND,"49,5005200","0,1392000",,76.076351,76351,Seine-Maritime,28.0,Normandie,50.0,3.0,2.0,2,1.0,28,Normandie,76,2,96,LeHavre,166058,1780,167838.0,2.0,7,,0.0,2.0,1.0,1.0,B01
201900051964,21,9,2019,16:20,1,76.0,76351,2,2,1.0,3.0,ARISTIDE BRIAND,"49,5005200","0,1392000",,76.076351,76351,Seine-Maritime,28.0,Normandie,50.0,3.0,2.0,2,1.0,28,Normandie,76,2,96,LeHavre,166058,1780,167838.0,1.0,7,,0.0,2.0,8.0,1.0,A01
201900052084,24,8,2019,17:50,1,76.0,76718,1,1,1.0,1.0,Route Départementale 6015,"49,6151960","0,6890720",,76.076718,76718,Seine-Maritime,28.0,Normandie,80.0,3.0,2.0,2,1.0,28,Normandie,76,3,35,ValliquervilLe1423,38,1461,,1.0,7,,0.0,2.0,1.0,1.0,B01
201900052084,24,8,2019,17:50,1,76.0,76718,1,1,1.0,1.0,Route Départementale 6015,"49,6151960","0,6890720",,76.076718,76718,Seine-Maritime,28.0,Normandie,80.0,3.0,2.0,2,1.0,28,Normandie,76,3,35,ValliquervilLe1423,38,1461,,2.0,7,,0.0,2.0,1.0,13.0,A01
201900052361,11,7,2019,10:30,1,76.0,76322,2,2,1.0,3.0,POUDRIERE. CHEMIN DE LA,"49,3963708","1,0610175",,76.076322,76322,Seine-Maritime,28.0,Normandie,50.0,3.0,2.0,2,1.0,28,Normandie,76,3,13,LeGrand-Quevilly,25975,225,26200.0,2.0,7,,0.0,2.0,1.0,0.0,B01
201900052361,11,7,2019,10:30,1,76.0,76322,2,2,1.0,3.0,POUDRIERE. CHEMIN DE LA,"49,3963708","1,0610175",,76.076322,76322,Seine-Maritime,28.0,Normandie,50.0,3.0,2.0,2,1.0,28,Normandie,76,3,13,LeGrand-Quevilly,25975,225,26200.0,0.0,7,,0.0,2.0,7.0,0.0,A01
201900052363,11,7,2019,13:00,1,76.0,76540,2,2,1.0,3.0,MALOUET. RUE,"49,4322700","1,0913900",,76.076540,76540,Seine-Maritime,28.0,Normandie,50.0,4.0,1.0,1,1.0,28,Normandie,76,3,97,Rouen,114083,1556,115639.0,0.0,7,,0.0,2.0,2.0,19.0,A01
201900052363,11,7,2019,13:00,1,76.0,76540,2,2,1.0,3.0,MALOUET. RUE,"49,4322700","1,0913900",,76.076540,76540,Seine-Maritime,28.0,Normandie,50.0,4.0,1.0,1,1.0,28,Normandie,76,3,97,Rouen,114083,1556,115639.0,0.0,50,,0.0,2.0,7.0,19.0,B01
201900052364,10,7,2019,23:05,3,76.0,76157,1,1,1.0,7.0,MAUPASSANT. COTE GUY DE,"49,4475600","1,0439400",,76.076157,76157,Seine-Maritime,28.0,Normandie,50.0,3.0,2.0,2,1.0,28,Normandie,76,3,4,Canteleu,13966,360,14326.0,0.0,7,,8.0,0.0,7.0,14.0,A01