Num_Acc,jour,mois,an,hrmn,lum,dep,com,agg,int,atm,col,adr,lat,long,gps,com_insee_temp,com_insee,departmentName,regionCode,regionName,vma,catr,circ,nbv,surf,Code,Region,Departement,Arrondissement,Code_Canton,Nom_Commune,Population_municipaLe,Population_comptee_a_part,Population_Totale,senc,catv,occutc,obs,obsm,choc,manv,num_veh
201900052366,10,7,2019,13:35,1,76.0,76540,1,1,1.0,4.0,MATHILDE. PONT,"49,4301700","1,1010900",,76.076540,76540,Seine-Maritime,28.0,Normandie,70.0,3.0,3.0,6,1.0,28,Normandie,76,3,97,Rouen,114083,1556,115639.0,1.0,17,,0.0,2.0,4.0,2.0,C01
201900052366,10,7,2019,13:35,1,76.0,76540,1,1,1.0,4.0,MATHILDE. PONT,"49,4301700","1,1010900",,76.076540,76540,Seine-Maritime,28.0,Normandie,70.0,3.0,3.0,6,1.0,28,Normandie,76,3,97,Rouen,114083,1556,115639.0,1.0,7,,0.0,2.0,5.0,2.0,B01
201900052366,10,7,2019,13:35,1,76.0,76540,1,1,1.0,4.0,MATHILDE. PONT,"49,4301700","1,1010900",,76.076540,76540,Seine-Maritime,28.0,Normandie,70.0,3.0,3.0,6,1.0,28,Normandie,76,3,97,Rouen,114083,1556,115639.0,1.0,7,,0.0,2.0,1.0,2.0,A01
201900052714,3,12,2019,07:45,2,76.0,76351,2,2,1.0,3.0,MARECHAL JOFFRE (RUE),"49,5001100","0,1299200",,76.076351,76351,Seine-Maritime,28.0,Normandie,50.0,4.0,2.0,3,1.0,28,Normandie,76,2,96,LeHavre,166058,1780,167838.0,2.0,50,,0.0,2.0,1.0,1.0,B01
201900052714,3,12,2019,07:45,2,76.0,76351,2,2,1.0,3.0,MARECHAL JOFFRE (RUE),"49,5001100","0,1299200",,76.076351,76351,Seine-Maritime,28.0,Normandie,50.0,4.0,2.0,3,1.0,28,Normandie,76,2,96,LeHavre,166058,1780,167838.0,1.0,7,,0.0,2.0,3.0,15.0,A01
201900053219,17,2,2019,10:00,1,76.0,76457,1,1,1.0,1.0,rue du lieutenant j Hergault,"49,3406800","0,9578100",,76.076457,76457,Seine-Maritime,28.0,Normandie,80.0,3.0,-1.0,2,1.0,28,Normandie,76,3,9,Moulineaux,932,16,948.0,2.0,7,,0.0,2.0,1.0,0.0,A01
201900053219,17,2,2019,10:00,1,76.0,76457,1,1,1.0,1.0,rue du lieutenant j Hergault,"49,3406800","0,9578100",,76.076457,76457,Seine-Maritime,28.0,Normandie,80.0,3.0,-1.0,2,1.0,28,Normandie,76,3,9,Moulineaux,932,16,948.0,1.0,7,,0.0,2.0,1.0,0.0,B01
201900053498,3,1,2019,13:25,1,76.0,76351,2,1,1.0,3.0,PAUL VERLAINE (AVENUE),"49,5095100","0,1522600",,76.076351,76351,Seine-Maritime,28.0,Normandie,30.0,4.0,3.0,2,1.0,28,Normandie,76,2,96,LeHavre,166058,1780,167838.0,0.0,7,,0.0,2.0,1.0,26.0,A01
201900053498,3,1,2019,13:25,1,76.0,76351,2,1,1.0,3.0,PAUL VERLAINE (AVENUE),"49,5095100","0,1522600",,76.076351,76351,Seine-Maritime,28.0,Normandie,30.0,4.0,3.0,2,1.0,28,Normandie,76,2,96,LeHavre,166058,1780,167838.0,0.0,1,,0.0,2.0,7.0,1.0,B01
201900053500,3,1,2019,17:30,5,76.0,76351,2,6,1.0,6.0,MARCEAU (RUE),"49,4914900","0,1329700",,76.076351,76351,Seine-Maritime,28.0,Normandie,50.0,4.0,3.0,4,1.0,28,Normandie,76,2,96,LeHavre,166058,1780,167838.0,0.0,7,,0.0,1.0,1.0,1.0,Z01
201900053502,4,1,2019,11:20,1,76.0,76259,2,1,1.0,6.0,FORTS ( RUE DES),"49,7549000","0,3813000",,76.076259,76259,Seine-Maritime,28.0,Normandie,50.0,4.0,2.0,2,1.0,28,Normandie,76,2,11,Fécamp,18016,269,18285.0,3.0,7,,1.0,0.0,3.0,24.0,B01
201900053502,4,1,2019,11:20,1,76.0,76259,2,1,1.0,6.0,FORTS ( RUE DES),"49,7549000","0,3813000",,76.076259,76259,Seine-Maritime,28.0,Normandie,50.0,4.0,2.0,2,1.0,28,Normandie,76,2,11,Fécamp,18016,269,18285.0,1.0,10,,1.0,1.0,2.0,1.0,A01
201900053504,3,1,2019,14:15,1,76.0,76545,1,9,1.0,3.0,BOURBON (COURS),"49,9148600","1,0943600",,76.076545,76545,Seine-Maritime,28.0,Normandie,30.0,6.0,2.0,0,2.0,28,Normandie,76,1,7,Rouxmesnil-BouteilLes1814,33,1847,,3.0,7,,0.0,2.0,2.0,0.0,B01
201900053504,3,1,2019,14:15,1,76.0,76545,1,9,1.0,3.0,BOURBON (COURS),"49,9148600","1,0943600",,76.076545,76545,Seine-Maritime,28.0,Normandie,30.0,6.0,2.0,0,2.0,28,Normandie,76,1,7,Rouxmesnil-BouteilLes1814,33,1847,,3.0,32,,0.0,2.0,8.0,26.0,A01
201900053686,21,9,2019,21:17,5,76.0,76561,2,2,1.0,6.0,REPUBLIQUE. RUE DE LA,"49,2973700","1,0112100",,76.076561,76561,Seine-Maritime,28.0,Normandie,50.0,3.0,2.0,2,1.0,28,Normandie,76,3,5,Saint-Aubin-lès-Elbeuf,8428,75,8503.0,3.0,7,,9.0,0.0,1.0,0.0,A01
201900053687,21,9,2019,05:30,5,76.0,76351,2,1,1.0,6.0,VALLEE (RUE DE LA),"49,4932400","0,1516300",,76.076351,76351,Seine-Maritime,28.0,Normandie,50.0,4.0,2.0,2,1.0,28,Normandie,76,2,96,LeHavre,166058,1780,167838.0,0.0,7,,15.0,0.0,3.0,13.0,A01
201900053962,30,3,2019,23:30,3,76.0,76317,1,1,1.0,6.0,route de Bretteville -RD 10a,"49,6532200","0,4033840",,76.076317,76317,Seine-Maritime,28.0,Normandie,80.0,3.0,2.0,2,1.0,28,Normandie,76,2,32,Grainville-YmauvilLe426,12,438,,1.0,7,,13.0,0.0,2.0,1.0,A01
201900054213,12,7,2019,12:10,1,76.0,76748,1,1,1.0,1.0,"Le Hamel,76450","49,8096420","0,6380030",,76.076748,76748,Seine-Maritime,28.0,Normandie,80.0,3.0,2.0,2,1.0,28,Normandie,76,1,33,Vittefleur,657,8,665.0,2.0,10,,0.0,2.0,1.0,1.0,B01
201900054213,12,7,2019,12:10,1,76.0,76748,1,1,1.0,1.0,"Le Hamel,76450","49,8096420","0,6380030",,76.076748,76748,Seine-Maritime,28.0,Normandie,80.0,3.0,2.0,2,1.0,28,Normandie,76,1,33,Vittefleur,657,8,665.0,1.0,7,,0.0,2.0,1.0,13.0,A01
201900054216,13,7,2019,16:13,1,76.0,76085,2,2,7.0,1.0,Rd 308,"49,8006832","1,0528290",,76.076085,76085,Seine-Maritime,28.0,Normandie,50.0,3.0,2.0,2,1.0,28,Normandie,76,1,20,Bertreville-Saint-Ouen,331,9,340.0,3.0,33,,0.0,2.0,2.0,21.0,A01
201900054216,13,7,2019,16:13,1,76.0,76085,2,2,7.0,1.0,Rd 308,"49,8006832","1,0528290",,76.076085,76085,Seine-Maritime,28.0,Normandie,50.0,3.0,2.0,2,1.0,28,Normandie,76,1,20,Bertreville-Saint-Ouen,331,9,340.0,3.0,14,,0.0,2.0,2.0,23.0,B01
201900054389,16,8,2019,16:00,1,76.0,76351,2,1,1.0,4.0,PONT V (DU),"49,4846500","0,1519100",,76.076351,76351,Seine-Maritime,28.0,Normandie,50.0,4.0,2.0,2,1.0,28,Normandie,76,2,96,LeHavre,166058,1780,167838.0,2.0,33,,0.0,2.0,4.0,17.0,A01
201900054389,16,8,2019,16:00,1,76.0,76351,2,1,1.0,4.0,PONT V (DU),"49,4846500","0,1519100",,76.076351,76351,Seine-Maritime,28.0,Normandie,50.0,4.0,2.0,2,1.0,28,Normandie,76,2,96,LeHavre,166058,1780,167838.0,2.0,7,,0.0,2.0,6.0,1.0,B01
201900054389,16,8,2019,16:00,1,76.0,76351,2,1,1.0,4.0,PONT V (DU),"49,4846500","0,1519100",,76.076351,76351,Seine-Maritime,28.0,Normandie,50.0,4.0,2.0,2,1.0,28,Normandie,76,2,96,LeHavre,166058,1780,167838.0,1.0,13,,0.0,2.0,1.0,1.0,C01
201900054553,5,5,2019,18:55,1,76.0,76660,1,9,1.0,6.0,autoroute 131,"49,4904120","0,2928114",,76.076660,76660,Seine-Maritime,28.0,Normandie,130.0,1.0,3.0,4,1.0,28,Normandie,76,2,32,SandouvilLe800,11,811,,1.0,7,,4.0,0.0,7.0,1.0,A01
201900054756,4,12,2019,07:43,2,76.0,76272,1,1,5.0,4.0,Rue Albert Perne,"49,8085370","0,8423660",,76.076272,76272,Seine-Maritime,28.0,Normandie,70.0,3.0,2.0,2,1.0,28,Normandie,76,1,33,Fontaine-le-Dun,885,10,895.0,2.0,7,,0.0,2.0,3.0,1.0,A01
201900054756,4,12,2019,07:43,2,76.0,76272,1,1,5.0,4.0,Rue Albert Perne,"49,8085370","0,8423660",,76.076272,76272,Seine-Maritime,28.0,Normandie,70.0,3.0,2.0,2,1.0,28,Normandie,76,1,33,Fontaine-le-Dun,885,10,895.0,1.0,17,,0.0,2.0,3.0,1.0,B01
201900054756,4,12,2019,07:43,2,76.0,76272,1,1,5.0,4.0,Rue Albert Perne,"49,8085370","0,8423660",,76.076272,76272,Seine-Maritime,28.0,Normandie,70.0,3.0,2.0,2,1.0,28,Normandie,76,1,33,Fontaine-le-Dun,885,10,895.0,2.0,7,,0.0,2.0,8.0,1.0,C01
201900054757,3,12,2019,13:20,1,76.0,76312,2,3,5.0,6.0,24 Boulevard de Verdun,"49,4849540","1,7300050",,76.076312,76312,Seine-Maritime,28.0,Normandie,50.0,2.0,2.0,2,1.0,28,Normandie,76,1,12,Gournay-en-Bray,5944,85,6029.0,2.0,15,,6.0,0.0,1.0,13.0,A01
201900054776,19,2,2019,09:50,1,76.0,76669,1,2,1.0,1.0,route des loges,"49,6849082","0,3172731",,76.076669,76669,Seine-Maritime,28.0,Normandie,80.0,3.0,2.0,2,2.0,28,Normandie,76,2,32,Sausseuzemare-en-Caux,431,7,438.0,1.0,1,,0.0,2.0,1.0,2.0,B01
201900054776,19,2,2019,09:50,1,76.0,76669,1,2,1.0,1.0,route des loges,"49,6849082","0,3172731",,76.076669,76669,Seine-Maritime,28.0,Normandie,80.0,3.0,2.0,2,2.0,28,Normandie,76,2,32,Sausseuzemare-en-Caux,431,7,438.0,2.0,7,,0.0,9.0,3.0,2.0,A01
201900055078,13,2,2019,12:25,1,76.0,76540,2,2,1.0,3.0,LECLERC. RUE DU GENERAL,"49,4392163","1,0958031",,76.076540,76540,Seine-Maritime,28.0,Normandie,50.0,4.0,2.0,2,1.0,28,Normandie,76,3,97,Rouen,114083,1556,115639.0,0.0,37,5.0,0.0,2.0,2.0,1.0,A01
201900055078,13,2,2019,12:25,1,76.0,76540,2,2,1.0,3.0,LECLERC. RUE DU GENERAL,"49,4392163","1,0958031",,76.076540,76540,Seine-Maritime,28.0,Normandie,50.0,4.0,2.0,2,1.0,28,Normandie,76,3,97,Rouen,114083,1556,115639.0,0.0,7,,0.0,2.0,3.0,13.0,Z01
201900055080,14,2,2019,18:00,1,76.0,76351,2,2,1.0,3.0,THIRE ET BONFAIT (AV.),"49,5079800","0,1540600",,76.076351,76351,Seine-Maritime,28.0,Normandie,50.0,4.0,2.0,2,1.0,28,Normandie,76,2,96,LeHavre,166058,1780,167838.0,0.0,7,,0.0,2.0,1.0,1.0,A01
201900055080,14,2,2019,18:00,1,76.0,76351,2,2,1.0,3.0,THIRE ET BONFAIT (AV.),"49,5079800","0,1540600",,76.076351,76351,Seine-Maritime,28.0,Normandie,50.0,4.0,2.0,2,1.0,28,Normandie,76,2,96,LeHavre,166058,1780,167838.0,0.0,7,,0.0,2.0,8.0,1.0,B01
201900055082,13,2,2019,14:00,1,76.0,76351,2,3,1.0,3.0,ALGER,"49,4980000","0,0960400",,76.076351,76351,Seine-Maritime,28.0,Normandie,50.0,4.0,1.0,1,1.0,28,Normandie,76,2,96,LeHavre,166058,1780,167838.0,0.0,7,,0.0,2.0,6.0,26.0,A01
201900055082,13,2,2019,14:00,1,76.0,76351,2,3,1.0,3.0,ALGER,"49,4980000","0,0960400",,76.076351,76351,Seine-Maritime,28.0,Normandie,50.0,4.0,1.0,1,1.0,28,Normandie,76,2,96,LeHavre,166058,1780,167838.0,0.0,33,,0.0,2.0,1.0,1.0,B01
201900055422,24,10,2019,17:10,2,76.0,76351,2,2,2.0,3.0,FOCH (AVENUE),"49,4935700","0,1009600",,76.076351,76351,Seine-Maritime,28.0,Normandie,50.0,4.0,2.0,8,1.0,28,Normandie,76,2,96,LeHavre,166058,1780,167838.0,2.0,2,,0.0,2.0,1.0,1.0,B01
201900055422,24,10,2019,17:10,2,76.0,76351,2,2,2.0,3.0,FOCH (AVENUE),"49,4935700","0,1009600",,76.076351,76351,Seine-Maritime,28.0,Normandie,50.0,4.0,2.0,8,1.0,28,Normandie,76,2,96,LeHavre,166058,1780,167838.0,1.0,7,,0.0,2.0,7.0,15.0,A01
201900055557,24,9,2019,13:10,1,76.0,76099,1,1,2.0,3.0,Route du Manoir,"49,5509950","0,8529400",,76.076099,76099,Seine-Maritime,28.0,Normandie,70.0,3.0,2.0,2,2.0,28,Normandie,76,3,1,BlacquevilLe707,9,716,,2.0,14,,0.0,2.0,1.0,1.0,B01
201900055557,24,9,2019,13:10,1,76.0,76099,1,1,2.0,3.0,Route du Manoir,"49,5509950","0,8529400",,76.076099,76099,Seine-Maritime,28.0,Normandie,70.0,3.0,2.0,2,2.0,28,Normandie,76,3,1,BlacquevilLe707,9,716,,1.0,7,,0.0,2.0,2.0,26.0,A01
201900055622,21,9,2019,11:00,1,76.0,76217,1,1,1.0,2.0,D485,"49,9245800","1,1135200",,76.076217,76217,Seine-Maritime,28.0,Normandie,50.0,3.0,1.0,4,1.0,28,Normandie,76,1,95,Dieppe,28358,455,28813.0,1.0,7,,0.0,2.0,6.0,11.0,B01
201900055622,21,9,2019,11:00,1,76.0,76217,1,1,1.0,2.0,D485,"49,9245800","1,1135200",,76.076217,76217,Seine-Maritime,28.0,Normandie,50.0,3.0,1.0,4,1.0,28,Normandie,76,1,95,Dieppe,28358,455,28813.0,1.0,7,,0.0,2.0,2.0,17.0,A01
201900055679,12,7,2019,16:00,1,76.0,76058,1,1,1.0,3.0,Route de Mesnil Reaume,"49,9793740","1,4212310",,76.076058,76058,Seine-Maritime,28.0,Normandie,80.0,3.0,2.0,2,1.0,28,Normandie,76,1,10,Baromesnil,214,5,219.0,0.0,33,,0.0,2.0,8.0,1.0,A01
201900055679,12,7,2019,16:00,1,76.0,76058,1,1,1.0,3.0,Route de Mesnil Reaume,"49,9793740","1,4212310",,76.076058,76058,Seine-Maritime,28.0,Normandie,80.0,3.0,2.0,2,1.0,28,Normandie,76,1,10,Baromesnil,214,5,219.0,0.0,7,,0.0,2.0,8.0,13.0,B01
201900055941,26,3,2019,08:50,1,76.0,76212,2,1,1.0,6.0,CARNOT. RUE SADI,"49,4407100","1,1454300",,76.076212,76212,Seine-Maritime,28.0,Normandie,50.0,3.0,2.0,2,1.0,28,Normandie,76,3,6,Darnétal,9738,74,9812.0,0.0,7,,0.0,1.0,1.0,1.0,A01
201900056053,16,8,2019,11:25,1,76.0,76351,2,2,1.0,6.0,CASIMIR PERIER,"49,4964700","0,1103400",,76.076351,76351,Seine-Maritime,28.0,Normandie,50.0,4.0,1.0,1,1.0,28,Normandie,76,2,96,LeHavre,166058,1780,167838.0,2.0,14,,0.0,1.0,0.0,15.0,A01
201900056281,2,12,2019,19:00,3,76.0,76420,1,3,1.0,2.0,Route de Rouen,"49,6023550","1,4815060",,76.076420,76420,Seine-Maritime,28.0,Normandie,70.0,3.0,2.0,2,1.0,28,Normandie,76,1,12,Mauquenchy,363,5,368.0,1.0,7,,0.0,2.0,1.0,2.0,A01
201900056281,2,12,2019,19:00,3,76.0,76420,1,3,1.0,2.0,Route de Rouen,"49,6023550","1,4815060",,76.076420,76420,Seine-Maritime,28.0,Normandie,70.0,3.0,2.0,2,1.0,28,Normandie,76,1,12,Mauquenchy,363,5,368.0,1.0,21,,0.0,0.0,4.0,1.0,B01
201900057031,9,7,2019,17:40,1,76.0,76212,2,1,1.0,7.0,CARNOT. RUE SADI,"49,4408800","1,1478400",,76.076212,76212,Seine-Maritime,28.0,Normandie,50.0,3.0,2.0,2,1.0,28,Normandie,76,3,6,Darnétal,9738,74,9812.0,0.0,33,,1.0,0.0,7.0,1.0,A01
201900057033,9,7,2019,17:20,1,76.0,76540,1,1,1.0,3.0,A150,"49,4509200","1,0574500",,76.076540,76540,Seine-Maritime,28.0,Normandie,70.0,1.0,3.0,4,1.0,28,Normandie,76,3,97,Rouen,114083,1556,115639.0,1.0,17,,0.0,2.0,0.0,0.0,Z01
201900057033,9,7,2019,17:20,1,76.0,76540,1,1,1.0,3.0,A150,"49,4509200","1,0574500",,76.076540,76540,Seine-Maritime,28.0,Normandie,70.0,1.0,3.0,4,1.0,28,Normandie,76,3,97,Rouen,114083,1556,115639.0,1.0,7,,0.0,2.0,8.0,1.0,A01
201900057187,22,9,2019,19:45,2,76.0,76206,1,2,1.0,3.0,CD74,"49,6772610","0,2548100",,76.076206,76206,Seine-Maritime,28.0,Normandie,80.0,3.0,2.0,2,1.0,28,Normandie,76,2,26,CuvervilLe342,8,350,,2.0,33,,0.0,2.0,1.0,1.0,A01
201900057187,22,9,2019,19:45,2,76.0,76206,1,2,1.0,3.0,CD74,"49,6772610","0,2548100",,76.076206,76206,Seine-Maritime,28.0,Normandie,80.0,3.0,2.0,2,1.0,28,Normandie,76,2,26,CuvervilLe342,8,350,,3.0,7,,0.0,0.0,6.0,19.0,B01
201900057393,22,9,2019,18:45,1,76.0,76566,1,2,1.0,3.0,Route de Clères,"49,5905180","0,9922750",,76.076566,76566,Seine-Maritime,28.0,Normandie,80.0,3.0,2.0,2,1.0,28,Normandie,76,3,24,Sainte-Austreberthe,665,6,671.0,3.0,7,,0.0,2.0,3.0,15.0,B01
201900057393,22,9,2019,18:45,1,76.0,76566,1,2,1.0,3.0,Route de Clères,"49,5905180","0,9922750",,76.076566,76566,Seine-Maritime,28.0,Normandie,80.0,3.0,2.0,2,1.0,28,Normandie,76,3,24,Sainte-Austreberthe,665,6,671.0,3.0,33,,0.0,2.0,1.0,17.0,A01
201900057654,20,9,2019,18:35,1,76.0,76474,2,5,1.0,3.0,CD 43 (AVENUE DU BOIS DES DAMES),"49,4805600","1,0512900",,76.076474,76474,Seine-Maritime,28.0,Normandie,50.0,3.0,2.0,4,1.0,28,Normandie,76,3,24,Notre-Dame-de-BondevilLe6957,82,7039,,0.0,7,,0.0,2.0,7.0,15.0,A01
201900057654,20,9,2019,18:35,1,76.0,76474,2,5,1.0,3.0,CD 43 (AVENUE DU BOIS DES DAMES),"49,4805600","1,0512900",,76.076474,76474,Seine-Maritime,28.0,Normandie,50.0,3.0,2.0,4,1.0,28,Normandie,76,3,24,Notre-Dame-de-BondevilLe6957,82,7039,,0.0,33,,0.0,2.0,1.0,1.0,B01
201900057655,20,9,2019,18:30,1,76.0,76540,2,1,1.0,6.0,SAINT JULIEN. RUE,"49,4279700","1,0802900",,76.076540,76540,Seine-Maritime,28.0,Normandie,50.0,4.0,2.0,2,1.0,28,Normandie,76,3,97,Rouen,114083,1556,115639.0,0.0,7,,0.0,1.0,3.0,1.0,A01
201900057929,24,3,2019,17:10,1,76.0,76157,1,1,1.0,3.0,A150,"49,4712900","1,0316700",,76.076157,76157,Seine-Maritime,28.0,Normandie,110.0,1.0,3.0,4,1.0,28,Normandie,76,3,4,Canteleu,13966,360,14326.0,1.0,33,,0.0,2.0,7.0,14.0,B01
201900057929,24,3,2019,17:10,1,76.0,76157,1,1,1.0,3.0,A150,"49,4712900","1,0316700",,76.076157,76157,Seine-Maritime,28.0,Normandie,110.0,1.0,3.0,4,1.0,28,Normandie,76,3,4,Canteleu,13966,360,14326.0,1.0,33,,0.0,2.0,0.0,17.0,A01
201900057937,25,3,2019,21:55,5,76.0,76351,2,2,1.0,3.0,PARIS (DE),"49,4886000","0,1075100",,76.076351,76351,Seine-Maritime,28.0,Normandie,50.0,4.0,2.0,2,1.0,28,Normandie,76,2,96,LeHavre,166058,1780,167838.0,0.0,2,,0.0,2.0,3.0,13.0,B01
201900057937,25,3,2019,21:55,5,76.0,76351,2,2,1.0,3.0,PARIS (DE),"49,4886000","0,1075100",,76.076351,76351,Seine-Maritime,28.0,Normandie,50.0,4.0,2.0,2,1.0,28,Normandie,76,2,96,LeHavre,166058,1780,167838.0,0.0,7,,0.0,2.0,3.0,23.0,A01
201900057949,22,3,2019,23:45,5,76.0,76351,2,2,1.0,3.0,BALZAC (DE),"49,5045700","0,1571800",,76.076351,76351,Seine-Maritime,28.0,Normandie,50.0,4.0,2.0,2,1.0,28,Normandie,76,2,96,LeHavre,166058,1780,167838.0,0.0,7,,0.0,2.0,1.0,1.0,A01
201900057949,22,3,2019,23:45,5,76.0,76351,2,2,1.0,3.0,BALZAC (DE),"49,5045700","0,1571800",,76.076351,76351,Seine-Maritime,28.0,Normandie,50.0,4.0,2.0,2,1.0,28,Normandie,76,2,96,LeHavre,166058,1780,167838.0,0.0,7,,0.0,2.0,8.0,1.0,B01
201900058079,2,8,2019,19:15,1,76.0,76497,1,1,1.0,3.0,RN 338 (VOIE RAPIDE SUD 3),"49,4017500","1,0328300",,76.076497,76497,Seine-Maritime,28.0,Normandie,90.0,2.0,1.0,2,1.0,28,Normandie,76,3,13,Petit-Couronne,8688,175,8863.0,1.0,32,,0.0,2.0,3.0,13.0,A01
201900058079,2,8,2019,19:15,1,76.0,76497,1,1,1.0,3.0,RN 338 (VOIE RAPIDE SUD 3),"49,4017500","1,0328300",,76.076497,76497,Seine-Maritime,28.0,Normandie,90.0,2.0,1.0,2,1.0,28,Normandie,76,3,13,Petit-Couronne,8688,175,8863.0,1.0,7,,0.0,2.0,6.0,0.0,B01
201900058082,9,8,2019,20:00,1,76.0,76561,2,1,1.0,4.0,REPUBLIQUE. RUE DE LA,"49,2982800","1,0113800",,76.076561,76561,Seine-Maritime,28.0,Normandie,50.0,4.0,2.0,2,1.0,28,Normandie,76,3,5,Saint-Aubin-lès-Elbeuf,8428,75,8503.0,3.0,7,,0.0,2.0,4.0,2.0,C01
201900058082,9,8,2019,20:00,1,76.0,76561,2,1,1.0,4.0,REPUBLIQUE. RUE DE LA,"49,2982800","1,0113800",,76.076561,76561,Seine-Maritime,28.0,Normandie,50.0,4.0,2.0,2,1.0,28,Normandie,76,3,5,Saint-Aubin-lès-Elbeuf,8428,75,8503.0,3.0,7,,0.0,2.0,4.0,2.0,B01
201900058082,9,8,2019,20:00,1,76.0,76561,2,1,1.0,4.0,REPUBLIQUE. RUE DE LA,"49,2982800","1,0113800",,76.076561,76561,Seine-Maritime,28.0,Normandie,50.0,4.0,2.0,2,1.0,28,Normandie,76,3,5,Saint-Aubin-lès-Elbeuf,8428,75,8503.0,3.0,7,,0.0,2.0,1.0,2.0,A01
201900058085,7,8,2019,14:15,1,76.0,76322,2,2,1.0,3.0,BROSSOLETTE. BOULEVARD PIERRE,"49,4167500","1,0371900",,76.076322,76322,Seine-Maritime,28.0,Normandie,50.0,3.0,2.0,2,1.0,28,Normandie,76,3,13,LeGrand-Quevilly,25975,225,26200.0,2.0,7,,0.0,2.0,7.0,15.0,A01
201900058085,7,8,2019,14:15,1,76.0,76322,2,2,1.0,3.0,BROSSOLETTE. BOULEVARD PIERRE,"49,4167500","1,0371900",,76.076322,76322,Seine-Maritime,28.0,Normandie,50.0,3.0,2.0,2,1.0,28,Normandie,76,3,13,LeGrand-Quevilly,25975,225,26200.0,1.0,33,,0.0,2.0,1.0,0.0,B01
201900058103,15,2,2019,07:28,2,76.0,76318,1,2,1.0,3.0,Route de Trouville,"49,5560600","0,6001510",,76.076318,76318,Seine-Maritime,28.0,Normandie,80.0,3.0,2.0,2,1.0,28,Normandie,76,2,25,Grand-Camp,763,28,791.0,2.0,7,,0.0,0.0,1.0,1.0,A01
201900058103,15,2,2019,07:28,2,76.0,76318,1,2,1.0,3.0,Route de Trouville,"49,5560600","0,6001510",,76.076318,76318,Seine-Maritime,28.0,Normandie,80.0,3.0,2.0,2,1.0,28,Normandie,76,2,25,Grand-Camp,763,28,791.0,2.0,10,,0.0,0.0,2.0,19.0,B01
201900058108,16,2,2019,17:08,1,76.0,76334,2,1,1.0,6.0,rue des canadiens,"49,8429000","0,9665000",,76.076334,76334,Seine-Maritime,28.0,Normandie,50.0,3.0,2.0,2,1.0,28,Normandie,76,1,20,Gueures,526,17,543.0,1.0,7,,0.0,1.0,0.0,1.0,A01
201900058415,26,3,2019,19:20,2,76.0,76638,1,1,1.0,1.0,ROUTE DE SAINT PIERRE,"50,0287610","1,4334330",,76.076638,76638,Seine-Maritime,28.0,Normandie,70.0,4.0,2.0,2,1.0,28,Normandie,76,1,10,Saint-Pierre-en-Val,1090,16,1106.0,3.0,33,,0.0,2.0,1.0,5.0,A01
201900058415,26,3,2019,19:20,2,76.0,76638,1,1,1.0,1.0,ROUTE DE SAINT PIERRE,"50,0287610","1,4334330",,76.076638,76638,Seine-Maritime,28.0,Normandie,70.0,4.0,2.0,2,1.0,28,Normandie,76,1,10,Saint-Pierre-en-Val,1090,16,1106.0,3.0,7,,0.0,2.0,3.0,1.0,B01
201900058447,14,8,2019,12:10,1,76.0,76351,2,2,1.0,2.0,IRENE JOLIOT CURIE (RUE),"49,5154900","0,1054100",,76.076351,76351,Seine-Maritime,28.0,Normandie,50.0,3.0,2.0,2,1.0,28,Normandie,76,2,96,LeHavre,166058,1780,167838.0,2.0,31,,0.0,2.0,1.0,17.0,A01
201900058447,14,8,2019,12:10,1,76.0,76351,2,2,1.0,2.0,IRENE JOLIOT CURIE (RUE),"49,5154900","0,1054100",,76.076351,76351,Seine-Maritime,28.0,Normandie,50.0,3.0,2.0,2,1.0,28,Normandie,76,2,96,LeHavre,166058,1780,167838.0,2.0,7,,0.0,2.0,3.0,15.0,B01
201900058450,11,8,2019,14:35,1,76.0,76351,2,1,1.0,6.0,COCHET,"49,5010300","0,0917900",,76.076351,76351,Seine-Maritime,28.0,Normandie,50.0,3.0,2.0,2,1.0,28,Normandie,76,2,96,LeHavre,166058,1780,167838.0,2.0,7,,0.0,1.0,0.0,17.0,A01
201900058452,10,8,2019,14:15,1,76.0,76351,2,6,1.0,7.0,THEOPHILE GAUTIER,"49,5117200","0,0893600",,76.076351,76351,Seine-Maritime,28.0,Normandie,50.0,4.0,2.0,2,1.0,28,Normandie,76,2,96,LeHavre,166058,1780,167838.0,3.0,99,,9.0,0.0,0.0,0.0,A01
201900058626,2,12,2019,15:00,1,76.0,76404,1,1,1.0,1.0,D925,"49,5821800","0,2428050",,76.076404,76404,Seine-Maritime,28.0,Normandie,80.0,3.0,2.0,2,1.0,28,Normandie,76,2,26,Manéglise,1264,23,1287.0,1.0,7,,0.0,2.0,1.0,1.0,B01
201900058626,2,12,2019,15:00,1,76.0,76404,1,1,1.0,1.0,D925,"49,5821800","0,2428050",,76.076404,76404,Seine-Maritime,28.0,Normandie,80.0,3.0,2.0,2,1.0,28,Normandie,76,2,26,Manéglise,1264,23,1287.0,2.0,7,,0.0,2.0,1.0,5.0,A01
201900058736,29,11,2019,15:50,1,76.0,76157,2,2,1.0,6.0,ALLENDE. AVENUE DU PRESIDENT,"49,4488400","1,0356000",,76.076157,76157,Seine-Maritime,28.0,Normandie,50.0,3.0,2.0,2,1.0,28,Normandie,76,3,4,Canteleu,13966,360,14326.0,0.0,7,,0.0,1.0,1.0,15.0,A01
201900058833,1,12,2019,03:20,5,76.0,76462,2,1,1.0,6.0,Boulevard l'Alouette,"49,7300820","1,4459700",,76.076462,76462,Seine-Maritime,28.0,Normandie,50.0,3.0,2.0,2,1.0,28,Normandie,76,1,23,Neufchâtel-en-Bray,4680,213,4893.0,1.0,2,,1.0,0.0,1.0,1.0,A01